ISO-10303-21;
HEADER;
FILE_DESCRIPTION(('FreeCAD Model'),'2;1');
FILE_NAME('Open CASCADE Shape Model','2026-06-24T08:34:18',(''),(''),
  'Open CASCADE STEP processor 7.8','FreeCAD','Unknown');
FILE_SCHEMA(('AUTOMOTIVE_DESIGN { 1 0 10303 214 1 1 1 1 }'));
ENDSEC;
DATA;
#1 = APPLICATION_PROTOCOL_DEFINITION('international standard',
  'automotive_design',2000,#2);
#2 = APPLICATION_CONTEXT(
  'core data for automotive mechanical design processes');
#3 = SHAPE_DEFINITION_REPRESENTATION(#4,#10);
#4 = PRODUCT_DEFINITION_SHAPE('','',#5);
#5 = PRODUCT_DEFINITION('design','',#6,#9);
#6 = PRODUCT_DEFINITION_FORMATION('','',#7);
#7 = PRODUCT('Frame','Frame','',(#8));
#8 = PRODUCT_CONTEXT('',#2,'mechanical');
#9 = PRODUCT_DEFINITION_CONTEXT('part definition',#2,'design');
#10 = ADVANCED_BREP_SHAPE_REPRESENTATION('',(#11,#15),#14365);
#11 = AXIS2_PLACEMENT_3D('',#12,#13,#14);
#12 = CARTESIAN_POINT('',(0.,0.,0.));
#13 = DIRECTION('',(0.,0.,1.));
#14 = DIRECTION('',(1.,0.,-0.));
#15 = MANIFOLD_SOLID_BREP('',#16);
#16 = CLOSED_SHELL('',(#17,#2547,#2578,#2603,#2628,#2652,#2676,#2701,
    #2726,#2750,#2774,#2799,#2824,#2848,#2872,#2897,#2922,#2947,#2972,
    #2997,#3022,#3046,#3070,#3095,#3120,#3144,#3168,#3193,#3218,#3242,
    #3266,#3291,#3316,#3340,#3364,#3389,#3414,#3439,#3464,#3489,#3514,
    #3538,#3562,#3587,#3612,#3636,#3660,#3685,#3710,#3735,#3760,#3785,
    #3810,#3834,#3858,#3883,#3908,#3932,#3956,#3981,#4006,#4031,#4056,
    #4081,#4106,#4130,#4154,#4179,#4204,#4228,#4252,#4277,#4302,#4326,
    #4350,#4375,#4400,#4424,#4448,#4473,#4498,#4523,#4548,#4573,#4598,
    #4622,#4646,#4671,#4696,#4720,#4744,#4769,#4794,#4811,#4842,#4867,
    #4892,#4916,#4940,#4965,#4990,#5007,#5032,#5057,#5082,#5107,#5132,
    #5157,#5189,#5214,#5239,#5263,#5287,#5312,#5337,#5362,#5386,#5404,
    #5435,#5460,#5485,#5509,#5533,#5551,#5582,#5607,#5632,#5656,#5680,
    #5705,#5730,#5755,#5779,#5797,#5822,#5847,#5878,#5903,#5928,#5952,
    #5976,#6001,#6026,#6044,#6075,#6100,#6125,#6149,#6173,#6191,#6216,
    #6247,#6272,#6297,#6321,#6345,#6363,#6388,#6419,#6444,#6469,#6493,
    #6517,#6542,#6567,#6584,#6609,#6634,#6659,#6684,#6715,#6740,#6765,
    #6789,#6814,#6839,#6864,#6881,#6906,#6937,#6962,#6987,#7011,#7035,
    #7053,#7078,#7109,#7134,#7159,#7183,#7207,#7225,#7256,#7281,#7305,
    #7323,#7348,#7379,#7404,#7429,#7453,#7477,#7502,#7527,#7545,#7570,
    #7602,#7627,#7652,#7676,#7700,#7725,#7750,#7774,#7798,#7816,#7841,
    #7866,#7891,#7922,#7947,#7972,#7996,#8020,#8045,#8070,#8087,#8112,
    #8137,#8168,#8193,#8218,#8243,#8267,#8292,#8317,#8334,#8359,#8390,
    #8415,#8440,#8464,#8488,#8506,#8537,#8562,#8587,#8611,#8635,#8653,
    #8684,#8709,#8734,#8759,#8783,#8808,#8833,#8850,#8875,#8900,#8931,
    #8956,#8981,#9005,#9029,#9054,#9079,#9097,#9122,#9147,#9172,#9197,
    #9222,#9247,#9278,#9303,#9328,#9352,#9376,#9401,#9426,#9443,#9474,
    #9499,#9524,#9548,#9572,#9597,#9622,#9646,#9670,#9695,#9720,#9744,
    #9768,#9793,#9818,#9843,#9868,#9893,#9918,#9942,#9966,#9991,#10016,
    #10040,#10064,#10089,#10114,#10138,#10162,#10187,#10212,#10236,
    #10260,#10285,#10310,#10335,#10360,#10385,#10410,#10434,#10458,
    #10483,#10508,#10532,#10556,#10581,#10606,#10631,#10656,#10681,
    #10706,#10730,#10754,#10779,#10804,#10828,#10852,#10877,#10902,
    #10927,#10952,#10977,#11002,#11026,#11050,#11075,#11100,#11124,
    #11148,#11173,#11198,#11222,#11246,#11271,#11296,#11320,#11344,
    #11369,#11394,#11419,#11444,#11469,#11494,#11518,#11542,#11567,
    #11592,#11616,#11640,#11665,#11690,#11707,#12801,#12823,#12840,
    #12857,#12874,#12891,#12908,#12925,#12942,#12959,#12976,#12993,
    #13010,#13027,#13044,#13061,#13078,#13095,#13112,#13129,#13146,
    #13163,#13180,#13197,#13214,#13231,#13248,#13265,#13282,#13299,
    #13316,#13333,#13350,#13367,#13384,#13401,#13418,#13435,#13452,
    #13469,#13486,#13503,#13520,#13537,#13554,#13571,#13588,#13605,
    #13622,#13639,#13656,#13673,#13690,#13707,#13724,#13741,#13758,
    #13775,#13792,#13809,#13826,#13843,#13860,#13877,#13894,#13911,
    #13928,#13945,#13962,#13979,#13996,#14013,#14030,#14047,#14064,
    #14081,#14098,#14115,#14132,#14149,#14166,#14183,#14200,#14217,
    #14234,#14251,#14268,#14285,#14302,#14319,#14336,#14353));
#17 = ADVANCED_FACE('',(#18,#812,#882,#893,#904,#915,#926,#937,#948,
    #1037,#1090,#1178,#1189,#1200,#1271,#1324,#1335,#1388,#1399,#1469,
    #1480,#1491,#1502,#1513,#1584,#1595,#1648,#1659,#1712,#1748,#1759,
    #1830,#1841,#1929,#1940,#1951,#1962,#2032,#2043,#2054,#2125,#2136,
    #2189,#2242,#2313,#2324,#2335,#2406,#2417,#2428,#2439,#2450,#2461,
    #2472),#2542,.T.);
#18 = FACE_BOUND('',#19,.T.);
#19 = EDGE_LOOP('',(#20,#30,#39,#47,#56,#64,#73,#81,#90,#99,#108,#116,
    #125,#133,#142,#150,#159,#167,#176,#185,#194,#202,#211,#219,#228,
    #237,#246,#254,#263,#271,#280,#289,#298,#306,#315,#323,#332,#340,
    #349,#357,#366,#375,#384,#392,#401,#409,#418,#426,#435,#443,#452,
    #460,#469,#478,#487,#495,#504,#512,#521,#529,#538,#546,#555,#564,
    #573,#581,#590,#598,#607,#616,#625,#633,#642,#650,#659,#668,#677,
    #685,#694,#702,#711,#719,#728,#736,#745,#754,#763,#771,#780,#788,
    #797,#805));
#20 = ORIENTED_EDGE('',*,*,#21,.T.);
#21 = EDGE_CURVE('',#22,#24,#26,.T.);
#22 = VERTEX_POINT('',#23);
#23 = CARTESIAN_POINT('',(-9.415970682756,42.7,0.));
#24 = VERTEX_POINT('',#25);
#25 = CARTESIAN_POINT('',(9.415970682756,42.7,0.));
#26 = LINE('',#27,#28);
#27 = CARTESIAN_POINT('',(-9.415970682756,42.7,0.));
#28 = VECTOR('',#29,1.);
#29 = DIRECTION('',(1.,0.,0.));
#30 = ORIENTED_EDGE('',*,*,#31,.T.);
#31 = EDGE_CURVE('',#24,#32,#34,.T.);
#32 = VERTEX_POINT('',#33);
#33 = CARTESIAN_POINT('',(11.070779868923,41.389366867333,0.));
#34 = CIRCLE('',#35,1.7);
#35 = AXIS2_PLACEMENT_3D('',#36,#37,#38);
#36 = CARTESIAN_POINT('',(9.415970682756,41.,0.));
#37 = DIRECTION('',(0.,0.,-1.));
#38 = DIRECTION('',(0.,1.,0.));
#39 = ORIENTED_EDGE('',*,*,#40,.T.);
#40 = EDGE_CURVE('',#32,#41,#43,.T.);
#41 = VERTEX_POINT('',#42);
#42 = CARTESIAN_POINT('',(12.654809186167,34.657242269047,-1.E-15));
#43 = LINE('',#44,#45);
#44 = CARTESIAN_POINT('',(11.070779868923,41.389366867333,0.));
#45 = VECTOR('',#46,1.);
#46 = DIRECTION('',(0.229039333726,-0.973417168334,0.));
#47 = ORIENTED_EDGE('',*,*,#48,.T.);
#48 = EDGE_CURVE('',#41,#49,#51,.T.);
#49 = VERTEX_POINT('',#50);
#50 = CARTESIAN_POINT('',(12.7,34.267875401714,0.));
#51 = CIRCLE('',#52,1.7);
#52 = AXIS2_PLACEMENT_3D('',#53,#54,#55);
#53 = CARTESIAN_POINT('',(11.,34.267875401714,0.));
#54 = DIRECTION('',(0.,0.,-1.));
#55 = DIRECTION('',(0.973417168334,0.229039333726,0.));
#56 = ORIENTED_EDGE('',*,*,#57,.T.);
#57 = EDGE_CURVE('',#49,#58,#60,.T.);
#58 = VERTEX_POINT('',#59);
#59 = CARTESIAN_POINT('',(12.7,20.329649542917,-1.E-15));
#60 = LINE('',#61,#62);
#61 = CARTESIAN_POINT('',(12.7,34.267875401714,0.));
#62 = VECTOR('',#63,1.);
#63 = DIRECTION('',(-0.,-1.,-0.));
#64 = ORIENTED_EDGE('',*,*,#65,.T.);
#65 = EDGE_CURVE('',#58,#66,#68,.T.);
#66 = VERTEX_POINT('',#67);
#67 = CARTESIAN_POINT('',(18.027406737117,17.725878830605,0.));
#68 = CIRCLE('',#69,3.3);
#69 = AXIS2_PLACEMENT_3D('',#70,#71,#72);
#70 = CARTESIAN_POINT('',(16.,20.329649542917,0.));
#71 = DIRECTION('',(0.,0.,1.));
#72 = DIRECTION('',(-1.,0.,0.));
#73 = ORIENTED_EDGE('',*,*,#74,.T.);
#74 = EDGE_CURVE('',#66,#75,#77,.T.);
#75 = VERTEX_POINT('',#76);
#76 = CARTESIAN_POINT('',(39.334440509282,34.316442513268,2.E-15));
#77 = LINE('',#78,#79);
#78 = CARTESIAN_POINT('',(18.027406737117,17.725878830605,0.));
#79 = VECTOR('',#80,1.);
#80 = DIRECTION('',(0.789021427973,0.614365677914,0.));
#81 = ORIENTED_EDGE('',*,*,#82,.T.);
#82 = EDGE_CURVE('',#75,#83,#85,.T.);
#83 = VERTEX_POINT('',#84);
#84 = CARTESIAN_POINT('',(40.588671679663,37.267851894418,-1.E-15));
#85 = CIRCLE('',#86,3.3);
#86 = AXIS2_PLACEMENT_3D('',#87,#88,#89);
#87 = CARTESIAN_POINT('',(37.307033772165,36.92021322558,0.));
#88 = DIRECTION('',(-0.,0.,1.));
#89 = DIRECTION('',(0.614365677914,-0.789021427973,0.));
#90 = ORIENTED_EDGE('',*,*,#91,.T.);
#91 = EDGE_CURVE('',#83,#92,#94,.T.);
#92 = VERTEX_POINT('',#93);
#93 = CARTESIAN_POINT('',(40.586804457666,38.714302032372,-1.E-15));
#94 = CIRCLE('',#95,6.95);
#95 = AXIS2_PLACEMENT_3D('',#96,#97,#98);
#96 = CARTESIAN_POINT('',(47.5,38.,0.));
#97 = DIRECTION('',(0.,0.,-1.));
#98 = DIRECTION('',(-0.994435729545,-0.105345051163,-0.));
#99 = ORIENTED_EDGE('',*,*,#100,.T.);
#100 = EDGE_CURVE('',#92,#101,#103,.T.);
#101 = VERTEX_POINT('',#102);
#102 = CARTESIAN_POINT('',(41.585829694636,40.545149186587,-1.E-15));
#103 = CIRCLE('',#104,2.7);
#104 = AXIS2_PLACEMENT_3D('',#105,#106,#107);
#105 = CARTESIAN_POINT('',(43.272506323033,38.436803401091,0.));
#106 = DIRECTION('',(0.,0.,-1.));
#107 = DIRECTION('',(-0.99470439458,0.102777270845,0.));
#108 = ORIENTED_EDGE('',*,*,#109,.T.);
#109 = EDGE_CURVE('',#101,#110,#112,.T.);
#110 = VERTEX_POINT('',#111);
#111 = CARTESIAN_POINT('',(47.848972587707,45.555663501044,3.E-15));
#112 = LINE('',#113,#114);
#113 = CARTESIAN_POINT('',(41.585829694636,40.545149186587,0.));
#114 = VECTOR('',#115,1.);
#115 = DIRECTION('',(0.780868809443,0.624695047554,0.));
#116 = ORIENTED_EDGE('',*,*,#117,.T.);
#117 = EDGE_CURVE('',#110,#118,#120,.T.);
#118 = VERTEX_POINT('',#119);
#119 = CARTESIAN_POINT('',(50.295267006569,46.038259785994,-1.E-15));
#120 = CIRCLE('',#121,2.7);
#121 = AXIS2_PLACEMENT_3D('',#122,#123,#124);
#122 = CARTESIAN_POINT('',(49.535649216104,43.447317715548,0.));
#123 = DIRECTION('',(0.,0.,-1.));
#124 = DIRECTION('',(-0.624695047554,0.780868809443,0.));
#125 = ORIENTED_EDGE('',*,*,#126,.T.);
#126 = EDGE_CURVE('',#118,#127,#129,.T.);
#127 = VERTEX_POINT('',#128);
#128 = CARTESIAN_POINT('',(53.788553628867,45.014090741168,3.E-15));
#129 = LINE('',#130,#131);
#130 = CARTESIAN_POINT('',(50.295267006569,46.038259785994,0.));
#131 = VECTOR('',#132,1.);
#132 = DIRECTION('',(0.959608174239,-0.281339922394,0.));
#133 = ORIENTED_EDGE('',*,*,#134,.T.);
#134 = EDGE_CURVE('',#127,#135,#137,.T.);
#135 = VERTEX_POINT('',#136);
#136 = CARTESIAN_POINT('',(55.723429568452,42.595495816687,-1.E-15));
#137 = CIRCLE('',#138,2.7);
#138 = AXIS2_PLACEMENT_3D('',#139,#140,#141);
#139 = CARTESIAN_POINT('',(53.028935838402,42.423148670722,0.));
#140 = DIRECTION('',(0.,0.,-1.));
#141 = DIRECTION('',(0.281339922394,0.959608174239,0.));
#142 = ORIENTED_EDGE('',*,*,#143,.T.);
#143 = EDGE_CURVE('',#135,#144,#146,.T.);
#144 = VERTEX_POINT('',#145);
#145 = CARTESIAN_POINT('',(55.955799865827,38.962593711922,3.E-15));
#146 = LINE('',#147,#148);
#147 = CARTESIAN_POINT('',(55.723429568452,42.595495816687,0.));
#148 = VECTOR('',#149,1.);
#149 = DIRECTION('',(6.38322762834E-02,-0.997960640759,0.));
#150 = ORIENTED_EDGE('',*,*,#151,.T.);
#151 = EDGE_CURVE('',#144,#152,#154,.T.);
#152 = VERTEX_POINT('',#153);
#153 = CARTESIAN_POINT('',(54.947982764174,36.681900780461,-1.E-15));
#154 = CIRCLE('',#155,2.7);
#155 = AXIS2_PLACEMENT_3D('',#156,#157,#158);
#156 = CARTESIAN_POINT('',(53.261306135777,38.790246565957,0.));
#157 = DIRECTION('',(0.,0.,-1.));
#158 = DIRECTION('',(0.997960640759,6.38322762834E-02,0.));
#159 = ORIENTED_EDGE('',*,*,#160,.T.);
#160 = EDGE_CURVE('',#152,#161,#163,.T.);
#161 = VERTEX_POINT('',#162);
#162 = CARTESIAN_POINT('',(48.684839871103,31.671386466004,-4.E-15));
#163 = LINE('',#164,#165);
#164 = CARTESIAN_POINT('',(54.947982764174,36.681900780461,0.));
#165 = VECTOR('',#166,1.);
#166 = DIRECTION('',(-0.780868809443,-0.624695047554,-0.));
#167 = ORIENTED_EDGE('',*,*,#168,.T.);
#168 = EDGE_CURVE('',#161,#169,#171,.T.);
#169 = VERTEX_POINT('',#170);
#170 = CARTESIAN_POINT('',(46.679349302778,31.098620975983,-1.E-15));
#171 = CIRCLE('',#172,2.7);
#172 = AXIS2_PLACEMENT_3D('',#173,#174,#175);
#173 = CARTESIAN_POINT('',(46.998163242706,33.7797322515,0.));
#174 = DIRECTION('',(0.,0.,-1.));
#175 = DIRECTION('',(0.624695047554,-0.780868809443,0.));
#176 = ORIENTED_EDGE('',*,*,#177,.T.);
#177 = EDGE_CURVE('',#169,#178,#180,.T.);
#178 = VERTEX_POINT('',#179);
#179 = CARTESIAN_POINT('',(45.268920256695,31.417843576835,-1.E-15));
#180 = CIRCLE('',#181,6.95);
#181 = AXIS2_PLACEMENT_3D('',#182,#183,#184);
#182 = CARTESIAN_POINT('',(47.5,38.,0.));
#183 = DIRECTION('',(0.,0.,-1.));
#184 = DIRECTION('',(-0.11807923701,-0.993004176118,-0.));
#185 = ORIENTED_EDGE('',*,*,#186,.T.);
#186 = EDGE_CURVE('',#178,#187,#189,.T.);
#187 = VERTEX_POINT('',#188);
#188 = CARTESIAN_POINT('',(42.113735982138,30.841527898406,-1.E-15));
#189 = CIRCLE('',#190,3.3);
#190 = AXIS2_PLACEMENT_3D('',#191,#192,#193);
#191 = CARTESIAN_POINT('',(44.209558651961,28.292503116915,0.));
#192 = DIRECTION('',(0.,-0.,1.));
#193 = DIRECTION('',(0.321018668101,0.947072866642,0.));
#194 = ORIENTED_EDGE('',*,*,#195,.T.);
#195 = EDGE_CURVE('',#187,#196,#198,.T.);
#196 = VERTEX_POINT('',#197);
#197 = CARTESIAN_POINT('',(18.935400250434,11.784168461184,-5.E-15));
#198 = LINE('',#199,#200);
#199 = CARTESIAN_POINT('',(42.113735982138,30.841527898406,0.));
#200 = VECTOR('',#201,1.);
#201 = DIRECTION('',(-0.772431751967,-0.635097778734,-0.));
#202 = ORIENTED_EDGE('',*,*,#203,.T.);
#203 = EDGE_CURVE('',#196,#204,#206,.T.);
#204 = VERTEX_POINT('',#205);
#205 = CARTESIAN_POINT('',(17.731222920257,9.235143679693,0.));
#206 = CIRCLE('',#207,3.3);
#207 = AXIS2_PLACEMENT_3D('',#208,#209,#210);
#208 = CARTESIAN_POINT('',(21.031222920257,9.235143679693,0.));
#209 = DIRECTION('',(0.,0.,1.));
#210 = DIRECTION('',(-0.635097778734,0.772431751967,0.));
#211 = ORIENTED_EDGE('',*,*,#212,.T.);
#212 = EDGE_CURVE('',#204,#213,#215,.T.);
#213 = VERTEX_POINT('',#214);
#214 = CARTESIAN_POINT('',(17.731222920257,3.919183588453,2.E-15));
#215 = LINE('',#216,#217);
#216 = CARTESIAN_POINT('',(17.731222920257,9.235143679693,0.));
#217 = VECTOR('',#218,1.);
#218 = DIRECTION('',(0.,-1.,0.));
#219 = ORIENTED_EDGE('',*,*,#220,.T.);
#220 = EDGE_CURVE('',#213,#221,#223,.T.);
#221 = VERTEX_POINT('',#222);
#222 = CARTESIAN_POINT('',(18.985768374802,1.870519439944,0.));
#223 = CIRCLE('',#224,2.3);
#224 = AXIS2_PLACEMENT_3D('',#225,#226,#227);
#225 = CARTESIAN_POINT('',(20.031222920257,3.919183588453,0.));
#226 = DIRECTION('',(0.,0.,1.));
#227 = DIRECTION('',(-1.,6.7E-16,0.));
#228 = ORIENTED_EDGE('',*,*,#229,.T.);
#229 = EDGE_CURVE('',#221,#230,#232,.T.);
#230 = VERTEX_POINT('',#231);
#231 = CARTESIAN_POINT('',(18.985768374802,-1.870519439944,0.));
#232 = CIRCLE('',#233,2.1);
#233 = AXIS2_PLACEMENT_3D('',#234,#235,#236);
#234 = CARTESIAN_POINT('',(18.031222920257,0.,0.));
#235 = DIRECTION('',(0.,0.,-1.));
#236 = DIRECTION('',(0.454545454545,0.89072354283,0.));
#237 = ORIENTED_EDGE('',*,*,#238,.T.);
#238 = EDGE_CURVE('',#230,#239,#241,.T.);
#239 = VERTEX_POINT('',#240);
#240 = CARTESIAN_POINT('',(17.731222920257,-3.919183588453,0.));
#241 = CIRCLE('',#242,2.3);
#242 = AXIS2_PLACEMENT_3D('',#243,#244,#245);
#243 = CARTESIAN_POINT('',(20.031222920257,-3.919183588453,0.));
#244 = DIRECTION('',(0.,0.,1.));
#245 = DIRECTION('',(-0.454545454545,0.89072354283,0.));
#246 = ORIENTED_EDGE('',*,*,#247,.T.);
#247 = EDGE_CURVE('',#239,#248,#250,.T.);
#248 = VERTEX_POINT('',#249);
#249 = CARTESIAN_POINT('',(17.731222920257,-9.235143680215,2.E-15));
#250 = LINE('',#251,#252);
#251 = CARTESIAN_POINT('',(17.731222920257,-3.919183588453,0.));
#252 = VECTOR('',#253,1.);
#253 = DIRECTION('',(0.,-1.,0.));
#254 = ORIENTED_EDGE('',*,*,#255,.T.);
#255 = EDGE_CURVE('',#248,#256,#258,.T.);
#256 = VERTEX_POINT('',#257);
#257 = CARTESIAN_POINT('',(18.935400250467,-11.78416846173,0.));
#258 = CIRCLE('',#259,3.3);
#259 = AXIS2_PLACEMENT_3D('',#260,#261,#262);
#260 = CARTESIAN_POINT('',(21.031222920257,-9.235143680215,0.));
#261 = DIRECTION('',(0.,0.,1.));
#262 = DIRECTION('',(-1.,5.9E-16,0.));
#263 = ORIENTED_EDGE('',*,*,#264,.T.);
#264 = EDGE_CURVE('',#256,#265,#267,.T.);
#265 = VERTEX_POINT('',#266);
#266 = CARTESIAN_POINT('',(42.113735982144,-30.84152789844,-2.E-15));
#267 = LINE('',#268,#269);
#268 = CARTESIAN_POINT('',(18.935400250466,-11.78416846173,0.));
#269 = VECTOR('',#270,1.);
#270 = DIRECTION('',(0.772431751975,-0.635097778724,0.));
#271 = ORIENTED_EDGE('',*,*,#272,.T.);
#272 = EDGE_CURVE('',#265,#273,#275,.T.);
#273 = VERTEX_POINT('',#274);
#274 = CARTESIAN_POINT('',(45.268920256678,-31.41784357684,-1.E-15));
#275 = CIRCLE('',#276,3.3);
#276 = AXIS2_PLACEMENT_3D('',#277,#278,#279);
#277 = CARTESIAN_POINT('',(44.209558651935,-28.29250311692,0.));
#278 = DIRECTION('',(0.,0.,1.));
#279 = DIRECTION('',(-0.635097778724,-0.772431751975,0.));
#280 = ORIENTED_EDGE('',*,*,#281,.T.);
#281 = EDGE_CURVE('',#273,#282,#284,.T.);
#282 = VERTEX_POINT('',#283);
#283 = CARTESIAN_POINT('',(46.72413603412,-31.09344260094,-1.E-15));
#284 = CIRCLE('',#285,6.95);
#285 = AXIS2_PLACEMENT_3D('',#286,#287,#288);
#286 = CARTESIAN_POINT('',(47.5,-38.,0.));
#287 = DIRECTION('',(0.,0.,-1.));
#288 = DIRECTION('',(-0.321018668104,0.947072866642,0.));
#289 = ORIENTED_EDGE('',*,*,#290,.T.);
#290 = EDGE_CURVE('',#282,#291,#293,.T.);
#291 = VERTEX_POINT('',#292);
#292 = CARTESIAN_POINT('',(48.712227440629,-31.66821983378,-1.E-15));
#293 = CIRCLE('',#294,2.7);
#294 = AXIS2_PLACEMENT_3D('',#295,#296,#297);
#295 = CARTESIAN_POINT('',(47.025550812232,-33.77656561928,0.));
#296 = DIRECTION('',(0.,0.,-1.));
#297 = DIRECTION('',(-0.111635103004,0.993749266051,0.));
#298 = ORIENTED_EDGE('',*,*,#299,.T.);
#299 = EDGE_CURVE('',#291,#300,#302,.T.);
#300 = VERTEX_POINT('',#301);
#301 = CARTESIAN_POINT('',(54.949508657109,-36.65804480697,8.E-15));
#302 = LINE('',#303,#304);
#303 = CARTESIAN_POINT('',(48.712227440629,-31.66821983378,0.));
#304 = VECTOR('',#305,1.);
#305 = DIRECTION('',(0.780868809443,-0.624695047554,0.));
#306 = ORIENTED_EDGE('',*,*,#307,.T.);
#307 = EDGE_CURVE('',#300,#308,#310,.T.);
#308 = VERTEX_POINT('',#309);
#309 = CARTESIAN_POINT('',(55.957325758761,-38.93873773843,-1.E-15));
#310 = CIRCLE('',#311,2.7);
#311 = AXIS2_PLACEMENT_3D('',#312,#313,#314);
#312 = CARTESIAN_POINT('',(53.262832028712,-38.76639059246,0.));
#313 = DIRECTION('',(0.,0.,-1.));
#314 = DIRECTION('',(0.624695047554,0.780868809443,0.));
#315 = ORIENTED_EDGE('',*,*,#316,.T.);
#316 = EDGE_CURVE('',#308,#317,#319,.T.);
#317 = VERTEX_POINT('',#318);
#318 = CARTESIAN_POINT('',(55.723429568452,-42.59549581668,1.E-15));
#319 = LINE('',#320,#321);
#320 = CARTESIAN_POINT('',(55.957325758761,-38.93873773843,0.));
#321 = VECTOR('',#322,1.);
#322 = DIRECTION('',(-6.38322762834E-02,-0.997960640759,0.));
#323 = ORIENTED_EDGE('',*,*,#324,.T.);
#324 = EDGE_CURVE('',#317,#325,#327,.T.);
#325 = VERTEX_POINT('',#326);
#326 = CARTESIAN_POINT('',(53.788553628867,-45.01409074116,-1.E-15));
#327 = CIRCLE('',#328,2.7);
#328 = AXIS2_PLACEMENT_3D('',#329,#330,#331);
#329 = CARTESIAN_POINT('',(53.028935838402,-42.42314867072,0.));
#330 = DIRECTION('',(0.,0.,-1.));
#331 = DIRECTION('',(0.997960640759,-6.38322762834E-02,0.));
#332 = ORIENTED_EDGE('',*,*,#333,.T.);
#333 = EDGE_CURVE('',#325,#334,#336,.T.);
#334 = VERTEX_POINT('',#335);
#335 = CARTESIAN_POINT('',(50.272327838198,-46.04498513913,-2.E-15));
#336 = LINE('',#337,#338);
#337 = CARTESIAN_POINT('',(53.788553628867,-45.01409074116,0.));
#338 = VECTOR('',#339,1.);
#339 = DIRECTION('',(-0.959608174239,-0.281339922394,-0.));
#340 = ORIENTED_EDGE('',*,*,#341,.T.);
#341 = EDGE_CURVE('',#334,#342,#344,.T.);
#342 = VERTEX_POINT('',#343);
#343 = CARTESIAN_POINT('',(47.826033419337,-45.56238885418,-1.E-15));
#344 = CIRCLE('',#345,2.7);
#345 = AXIS2_PLACEMENT_3D('',#346,#347,#348);
#346 = CARTESIAN_POINT('',(49.512710047733,-43.45404306868,0.));
#347 = DIRECTION('',(0.,0.,-1.));
#348 = DIRECTION('',(0.281339922394,-0.959608174239,0.));
#349 = ORIENTED_EDGE('',*,*,#350,.T.);
#350 = EDGE_CURVE('',#342,#351,#353,.T.);
#351 = VERTEX_POINT('',#352);
#352 = CARTESIAN_POINT('',(41.588752202856,-40.572563881,-2.E-15));
#353 = LINE('',#354,#355);
#354 = CARTESIAN_POINT('',(47.826033419337,-45.56238885418,0.));
#355 = VECTOR('',#356,1.);
#356 = DIRECTION('',(-0.780868809443,0.624695047554,0.));
#357 = ORIENTED_EDGE('',*,*,#358,.T.);
#358 = EDGE_CURVE('',#351,#359,#361,.T.);
#359 = VERTEX_POINT('',#360);
#360 = CARTESIAN_POINT('',(40.591583618167,-38.75913312088,-1.E-15));
#361 = CIRCLE('',#362,2.7);
#362 = AXIS2_PLACEMENT_3D('',#363,#364,#365);
#363 = CARTESIAN_POINT('',(43.275428831253,-38.4642180955,0.));
#364 = DIRECTION('',(0.,0.,-1.));
#365 = DIRECTION('',(-0.624695047554,-0.780868809443,-0.));
#366 = ORIENTED_EDGE('',*,*,#367,.T.);
#367 = EDGE_CURVE('',#359,#368,#370,.T.);
#368 = VERTEX_POINT('',#369);
#369 = CARTESIAN_POINT('',(40.588671679663,-37.26785189442,-1.E-15));
#370 = CIRCLE('',#371,6.95);
#371 = AXIS2_PLACEMENT_3D('',#372,#373,#374);
#372 = CARTESIAN_POINT('',(47.5,-38.,0.));
#373 = DIRECTION('',(0.,0.,-1.));
#374 = DIRECTION('',(-0.994016745587,-0.109227787178,-0.));
#375 = ORIENTED_EDGE('',*,*,#376,.T.);
#376 = EDGE_CURVE('',#368,#377,#379,.T.);
#377 = VERTEX_POINT('',#378);
#378 = CARTESIAN_POINT('',(39.334440509273,-34.31644251326,-1.E-15));
#379 = CIRCLE('',#380,3.3);
#380 = AXIS2_PLACEMENT_3D('',#381,#382,#383);
#381 = CARTESIAN_POINT('',(37.307033772164,-36.92021322558,0.));
#382 = DIRECTION('',(-0.,0.,1.));
#383 = DIRECTION('',(0.994435729545,-0.105345051162,0.));
#384 = ORIENTED_EDGE('',*,*,#385,.T.);
#385 = EDGE_CURVE('',#377,#386,#388,.T.);
#386 = VERTEX_POINT('',#387);
#387 = CARTESIAN_POINT('',(17.236640761045,-17.11015477338,-3.E-15));
#388 = LINE('',#389,#390);
#389 = CARTESIAN_POINT('',(39.334440509273,-34.31644251326,0.));
#390 = VECTOR('',#391,1.);
#391 = DIRECTION('',(-0.789021427975,0.614365677912,0.));
#392 = ORIENTED_EDGE('',*,*,#393,.T.);
#393 = EDGE_CURVE('',#386,#394,#396,.T.);
#394 = VERTEX_POINT('',#395);
#395 = CARTESIAN_POINT('',(11.94536518115,-19.22693454421,0.));
#396 = CIRCLE('',#397,3.3);
#397 = AXIS2_PLACEMENT_3D('',#398,#399,#400);
#398 = CARTESIAN_POINT('',(15.209234023936,-19.71392548569,0.));
#399 = DIRECTION('',(0.,-0.,1.));
#400 = DIRECTION('',(0.614365677912,0.789021427975,0.));
#401 = ORIENTED_EDGE('',*,*,#402,.T.);
#402 = EDGE_CURVE('',#394,#403,#405,.T.);
#403 = VERTEX_POINT('',#404);
#404 = CARTESIAN_POINT('',(8.957660203812,-39.25087412137,-2.E-15));
#405 = LINE('',#406,#407);
#406 = CARTESIAN_POINT('',(11.94536518115,-19.22693454421,0.));
#407 = VECTOR('',#408,1.);
#408 = DIRECTION('',(-0.147573012572,-0.989051164481,-0.));
#409 = ORIENTED_EDGE('',*,*,#410,.T.);
#410 = EDGE_CURVE('',#403,#411,#413,.T.);
#411 = VERTEX_POINT('',#412);
#412 = CARTESIAN_POINT('',(7.276273224195,-40.7,0.));
#413 = CIRCLE('',#414,1.7);
#414 = AXIS2_PLACEMENT_3D('',#415,#416,#417);
#415 = CARTESIAN_POINT('',(7.276273224195,-39.,0.));
#416 = DIRECTION('',(0.,0.,-1.));
#417 = DIRECTION('',(0.989051164481,-0.147573012572,0.));
#418 = ORIENTED_EDGE('',*,*,#419,.T.);
#419 = EDGE_CURVE('',#411,#420,#422,.T.);
#420 = VERTEX_POINT('',#421);
#421 = CARTESIAN_POINT('',(-7.276273224194,-40.7,-0.));
#422 = LINE('',#423,#424);
#423 = CARTESIAN_POINT('',(7.276273224195,-40.7,0.));
#424 = VECTOR('',#425,1.);
#425 = DIRECTION('',(-1.,-0.,-0.));
#426 = ORIENTED_EDGE('',*,*,#427,.T.);
#427 = EDGE_CURVE('',#420,#428,#430,.T.);
#428 = VERTEX_POINT('',#429);
#429 = CARTESIAN_POINT('',(-8.957660203811,-39.25087412137,-0.));
#430 = CIRCLE('',#431,1.7);
#431 = AXIS2_PLACEMENT_3D('',#432,#433,#434);
#432 = CARTESIAN_POINT('',(-7.276273224194,-39.,0.));
#433 = DIRECTION('',(0.,0.,-1.));
#434 = DIRECTION('',(0.,-1.,0.));
#435 = ORIENTED_EDGE('',*,*,#436,.T.);
#436 = EDGE_CURVE('',#428,#437,#439,.T.);
#437 = VERTEX_POINT('',#438);
#438 = CARTESIAN_POINT('',(-11.94536518115,-19.22693454409,-2.E-15));
#439 = LINE('',#440,#441);
#440 = CARTESIAN_POINT('',(-8.957660203811,-39.25087412137,0.));
#441 = VECTOR('',#442,1.);
#442 = DIRECTION('',(-0.147573012571,0.989051164481,0.));
#443 = ORIENTED_EDGE('',*,*,#444,.T.);
#444 = EDGE_CURVE('',#437,#445,#447,.T.);
#445 = VERTEX_POINT('',#446);
#446 = CARTESIAN_POINT('',(-17.23664076105,-17.11015477327,0.));
#447 = CIRCLE('',#448,3.3);
#448 = AXIS2_PLACEMENT_3D('',#449,#450,#451);
#449 = CARTESIAN_POINT('',(-15.20923402393,-19.71392548558,0.));
#450 = DIRECTION('',(0.,-0.,1.));
#451 = DIRECTION('',(0.989051164481,0.147573012571,0.));
#452 = ORIENTED_EDGE('',*,*,#453,.T.);
#453 = EDGE_CURVE('',#445,#454,#456,.T.);
#454 = VERTEX_POINT('',#455);
#455 = CARTESIAN_POINT('',(-39.33444050928,-34.31644251326,2.E-15));
#456 = LINE('',#457,#458);
#457 = CARTESIAN_POINT('',(-17.23664076105,-17.11015477327,0.));
#458 = VECTOR('',#459,1.);
#459 = DIRECTION('',(-0.789021427973,-0.614365677914,-0.));
#460 = ORIENTED_EDGE('',*,*,#461,.T.);
#461 = EDGE_CURVE('',#454,#462,#464,.T.);
#462 = VERTEX_POINT('',#463);
#463 = CARTESIAN_POINT('',(-40.58867167966,-37.26785189441,-1.E-15));
#464 = CIRCLE('',#465,3.3);
#465 = AXIS2_PLACEMENT_3D('',#466,#467,#468);
#466 = CARTESIAN_POINT('',(-37.30703377216,-36.92021322558,0.));
#467 = DIRECTION('',(0.,0.,1.));
#468 = DIRECTION('',(-0.614365677914,0.789021427973,0.));
#469 = ORIENTED_EDGE('',*,*,#470,.T.);
#470 = EDGE_CURVE('',#462,#471,#473,.T.);
#471 = VERTEX_POINT('',#472);
#472 = CARTESIAN_POINT('',(-40.58680445766,-38.71430203237,-1.E-15));
#473 = CIRCLE('',#474,6.95);
#474 = AXIS2_PLACEMENT_3D('',#475,#476,#477);
#475 = CARTESIAN_POINT('',(-47.5,-38.,0.));
#476 = DIRECTION('',(0.,0.,-1.));
#477 = DIRECTION('',(0.994435729545,0.105345051163,0.));
#478 = ORIENTED_EDGE('',*,*,#479,.T.);
#479 = EDGE_CURVE('',#471,#480,#482,.T.);
#480 = VERTEX_POINT('',#481);
#481 = CARTESIAN_POINT('',(-41.58582969463,-40.54514918658,-1.E-15));
#482 = CIRCLE('',#483,2.7);
#483 = AXIS2_PLACEMENT_3D('',#484,#485,#486);
#484 = CARTESIAN_POINT('',(-43.27250632303,-38.43680340109,0.));
#485 = DIRECTION('',(0.,0.,-1.));
#486 = DIRECTION('',(0.99470439458,-0.102777270845,0.));
#487 = ORIENTED_EDGE('',*,*,#488,.T.);
#488 = EDGE_CURVE('',#480,#489,#491,.T.);
#489 = VERTEX_POINT('',#490);
#490 = CARTESIAN_POINT('',(-47.90886221775,-45.60357520508,2.E-15));
#491 = LINE('',#492,#493);
#492 = CARTESIAN_POINT('',(-41.58582969463,-40.54514918658,0.));
#493 = VECTOR('',#494,1.);
#494 = DIRECTION('',(-0.780868809443,-0.624695047554,0.));
#495 = ORIENTED_EDGE('',*,*,#496,.T.);
#496 = EDGE_CURVE('',#489,#497,#499,.T.);
#497 = VERTEX_POINT('',#498);
#498 = CARTESIAN_POINT('',(-50.12645058102,-46.14251722596,-1.E-15));
#499 = CIRCLE('',#500,2.7);
#500 = AXIS2_PLACEMENT_3D('',#501,#502,#503);
#501 = CARTESIAN_POINT('',(-49.59553884615,-43.49522941958,0.));
#502 = DIRECTION('',(0.,0.,-1.));
#503 = DIRECTION('',(0.624695047554,-0.780868809443,0.));
#504 = ORIENTED_EDGE('',*,*,#505,.T.);
#505 = EDGE_CURVE('',#497,#506,#508,.T.);
#506 = VERTEX_POINT('',#507);
#507 = CARTESIAN_POINT('',(-53.94315238285,-45.37708032476,2.E-15));
#508 = LINE('',#509,#510);
#509 = CARTESIAN_POINT('',(-50.12645058102,-46.14251722596,0.));
#510 = VECTOR('',#511,1.);
#511 = DIRECTION('',(-0.980476965324,0.196633975878,0.));
#512 = ORIENTED_EDGE('',*,*,#513,.T.);
#513 = EDGE_CURVE('',#506,#514,#516,.T.);
#514 = VERTEX_POINT('',#515);
#515 = CARTESIAN_POINT('',(-56.11150205941,-42.66664322905,-1.E-15));
#516 = CIRCLE('',#517,2.7);
#517 = AXIS2_PLACEMENT_3D('',#518,#519,#520);
#518 = CARTESIAN_POINT('',(-53.41224064798,-42.72979251838,0.));
#519 = DIRECTION('',(0.,0.,-1.));
#520 = DIRECTION('',(-0.196633975878,-0.980476965324,-0.));
#521 = ORIENTED_EDGE('',*,*,#522,.T.);
#522 = EDGE_CURVE('',#514,#523,#525,.T.);
#523 = VERTEX_POINT('',#524);
#524 = CARTESIAN_POINT('',(-56.02045717725,-38.77500898066,3.E-15));
#525 = LINE('',#526,#527);
#526 = CARTESIAN_POINT('',(-56.11150205941,-42.66664322905,0.));
#527 = VECTOR('',#528,1.);
#528 = DIRECTION('',(2.338862567765E-02,0.999726448679,0.));
#529 = ORIENTED_EDGE('',*,*,#530,.T.);
#530 = EDGE_CURVE('',#523,#531,#533,.T.);
#531 = VERTEX_POINT('',#532);
#532 = CARTESIAN_POINT('',(-55.00787239422,-36.7298124845,-1.E-15));
#533 = CIRCLE('',#534,2.7);
#534 = AXIS2_PLACEMENT_3D('',#535,#536,#537);
#535 = CARTESIAN_POINT('',(-53.32119576582,-38.83815826999,0.));
#536 = DIRECTION('',(0.,0.,-1.));
#537 = DIRECTION('',(-0.999726448679,2.338862567765E-02,0.));
#538 = ORIENTED_EDGE('',*,*,#539,.T.);
#539 = EDGE_CURVE('',#531,#540,#542,.T.);
#540 = VERTEX_POINT('',#541);
#541 = CARTESIAN_POINT('',(-48.6848398711,-31.671386466,2.E-15));
#542 = LINE('',#543,#544);
#543 = CARTESIAN_POINT('',(-55.00787239422,-36.7298124845,0.));
#544 = VECTOR('',#545,1.);
#545 = DIRECTION('',(0.780868809443,0.624695047554,0.));
#546 = ORIENTED_EDGE('',*,*,#547,.T.);
#547 = EDGE_CURVE('',#540,#548,#550,.T.);
#548 = VERTEX_POINT('',#549);
#549 = CARTESIAN_POINT('',(-46.67934930277,-31.09862097598,-1.E-15));
#550 = CIRCLE('',#551,2.7);
#551 = AXIS2_PLACEMENT_3D('',#552,#553,#554);
#552 = CARTESIAN_POINT('',(-46.9981632427,-33.7797322515,0.));
#553 = DIRECTION('',(0.,0.,-1.));
#554 = DIRECTION('',(-0.624695047554,0.780868809443,0.));
#555 = ORIENTED_EDGE('',*,*,#556,.T.);
#556 = EDGE_CURVE('',#548,#557,#559,.T.);
#557 = VERTEX_POINT('',#558);
#558 = CARTESIAN_POINT('',(-45.26892025669,-31.41784357683,-1.E-15));
#559 = CIRCLE('',#560,6.95);
#560 = AXIS2_PLACEMENT_3D('',#561,#562,#563);
#561 = CARTESIAN_POINT('',(-47.5,-38.,0.));
#562 = DIRECTION('',(0.,0.,-1.));
#563 = DIRECTION('',(0.11807923701,0.993004176118,0.));
#564 = ORIENTED_EDGE('',*,*,#565,.T.);
#565 = EDGE_CURVE('',#557,#566,#568,.T.);
#566 = VERTEX_POINT('',#567);
#567 = CARTESIAN_POINT('',(-42.11373598213,-30.8415278984,-1.E-15));
#568 = CIRCLE('',#569,3.3);
#569 = AXIS2_PLACEMENT_3D('',#570,#571,#572);
#570 = CARTESIAN_POINT('',(-44.20955865196,-28.29250311691,0.));
#571 = DIRECTION('',(0.,0.,1.));
#572 = DIRECTION('',(-0.321018668101,-0.947072866642,0.));
#573 = ORIENTED_EDGE('',*,*,#574,.T.);
#574 = EDGE_CURVE('',#566,#575,#577,.T.);
#575 = VERTEX_POINT('',#576);
#576 = CARTESIAN_POINT('',(-18.93540025043,-11.78416846118,-1.E-15));
#577 = LINE('',#578,#579);
#578 = CARTESIAN_POINT('',(-42.11373598213,-30.8415278984,0.));
#579 = VECTOR('',#580,1.);
#580 = DIRECTION('',(0.772431751967,0.635097778734,0.));
#581 = ORIENTED_EDGE('',*,*,#582,.T.);
#582 = EDGE_CURVE('',#575,#583,#585,.T.);
#583 = VERTEX_POINT('',#584);
#584 = CARTESIAN_POINT('',(-17.73122292025,-9.235143679693,0.));
#585 = CIRCLE('',#586,3.3);
#586 = AXIS2_PLACEMENT_3D('',#587,#588,#589);
#587 = CARTESIAN_POINT('',(-21.03122292025,-9.235143679693,0.));
#588 = DIRECTION('',(-0.,0.,1.));
#589 = DIRECTION('',(0.635097778734,-0.772431751967,0.));
#590 = ORIENTED_EDGE('',*,*,#591,.T.);
#591 = EDGE_CURVE('',#583,#592,#594,.T.);
#592 = VERTEX_POINT('',#593);
#593 = CARTESIAN_POINT('',(-17.73122292025,-3.919183588453,-1.E-15));
#594 = LINE('',#595,#596);
#595 = CARTESIAN_POINT('',(-17.73122292025,-9.235143679693,0.));
#596 = VECTOR('',#597,1.);
#597 = DIRECTION('',(0.,1.,0.));
#598 = ORIENTED_EDGE('',*,*,#599,.T.);
#599 = EDGE_CURVE('',#592,#600,#602,.T.);
#600 = VERTEX_POINT('',#601);
#601 = CARTESIAN_POINT('',(-18.9857683748,-1.870519439944,0.));
#602 = CIRCLE('',#603,2.3);
#603 = AXIS2_PLACEMENT_3D('',#604,#605,#606);
#604 = CARTESIAN_POINT('',(-20.03122292025,-3.919183588453,0.));
#605 = DIRECTION('',(-0.,0.,1.));
#606 = DIRECTION('',(1.,-4.4E-16,0.));
#607 = ORIENTED_EDGE('',*,*,#608,.T.);
#608 = EDGE_CURVE('',#600,#609,#611,.T.);
#609 = VERTEX_POINT('',#610);
#610 = CARTESIAN_POINT('',(-18.9857683748,1.870519439944,0.));
#611 = CIRCLE('',#612,2.1);
#612 = AXIS2_PLACEMENT_3D('',#613,#614,#615);
#613 = CARTESIAN_POINT('',(-18.03122292025,0.,0.));
#614 = DIRECTION('',(0.,0.,-1.));
#615 = DIRECTION('',(-0.454545454545,-0.89072354283,-0.));
#616 = ORIENTED_EDGE('',*,*,#617,.T.);
#617 = EDGE_CURVE('',#609,#618,#620,.T.);
#618 = VERTEX_POINT('',#619);
#619 = CARTESIAN_POINT('',(-17.73122292025,3.919183588453,0.));
#620 = CIRCLE('',#621,2.3);
#621 = AXIS2_PLACEMENT_3D('',#622,#623,#624);
#622 = CARTESIAN_POINT('',(-20.03122292025,3.919183588453,0.));
#623 = DIRECTION('',(-0.,0.,1.));
#624 = DIRECTION('',(0.454545454545,-0.89072354283,0.));
#625 = ORIENTED_EDGE('',*,*,#626,.T.);
#626 = EDGE_CURVE('',#618,#627,#629,.T.);
#627 = VERTEX_POINT('',#628);
#628 = CARTESIAN_POINT('',(-17.73122292025,9.235143679693,-1.E-15));
#629 = LINE('',#630,#631);
#630 = CARTESIAN_POINT('',(-17.73122292025,3.919183588453,0.));
#631 = VECTOR('',#632,1.);
#632 = DIRECTION('',(0.,1.,0.));
#633 = ORIENTED_EDGE('',*,*,#634,.T.);
#634 = EDGE_CURVE('',#627,#635,#637,.T.);
#635 = VERTEX_POINT('',#636);
#636 = CARTESIAN_POINT('',(-18.93540025043,11.784168461184,0.));
#637 = CIRCLE('',#638,3.3);
#638 = AXIS2_PLACEMENT_3D('',#639,#640,#641);
#639 = CARTESIAN_POINT('',(-21.03122292025,9.235143679693,0.));
#640 = DIRECTION('',(0.,0.,1.));
#641 = DIRECTION('',(1.,0.,-0.));
#642 = ORIENTED_EDGE('',*,*,#643,.T.);
#643 = EDGE_CURVE('',#635,#644,#646,.T.);
#644 = VERTEX_POINT('',#645);
#645 = CARTESIAN_POINT('',(-42.11373598213,30.841527898406,0.));
#646 = LINE('',#647,#648);
#647 = CARTESIAN_POINT('',(-18.93540025043,11.784168461184,0.));
#648 = VECTOR('',#649,1.);
#649 = DIRECTION('',(-0.772431751967,0.635097778734,0.));
#650 = ORIENTED_EDGE('',*,*,#651,.T.);
#651 = EDGE_CURVE('',#644,#652,#654,.T.);
#652 = VERTEX_POINT('',#653);
#653 = CARTESIAN_POINT('',(-45.26892025669,31.417843576835,-1.E-15));
#654 = CIRCLE('',#655,3.3);
#655 = AXIS2_PLACEMENT_3D('',#656,#657,#658);
#656 = CARTESIAN_POINT('',(-44.20955865196,28.292503116915,0.));
#657 = DIRECTION('',(0.,-0.,1.));
#658 = DIRECTION('',(0.635097778734,0.772431751967,0.));
#659 = ORIENTED_EDGE('',*,*,#660,.T.);
#660 = EDGE_CURVE('',#652,#661,#663,.T.);
#661 = VERTEX_POINT('',#662);
#662 = CARTESIAN_POINT('',(-46.72413603412,31.093442600944,-1.E-15));
#663 = CIRCLE('',#664,6.95);
#664 = AXIS2_PLACEMENT_3D('',#665,#666,#667);
#665 = CARTESIAN_POINT('',(-47.5,38.,0.));
#666 = DIRECTION('',(0.,0.,-1.));
#667 = DIRECTION('',(0.321018668101,-0.947072866642,0.));
#668 = ORIENTED_EDGE('',*,*,#669,.T.);
#669 = EDGE_CURVE('',#661,#670,#672,.T.);
#670 = VERTEX_POINT('',#671);
#671 = CARTESIAN_POINT('',(-48.71222744062,31.668219833786,-1.E-15));
#672 = CIRCLE('',#673,2.7);
#673 = AXIS2_PLACEMENT_3D('',#674,#675,#676);
#674 = CARTESIAN_POINT('',(-47.02555081223,33.776565619283,0.));
#675 = DIRECTION('',(0.,0.,-1.));
#676 = DIRECTION('',(0.111635103004,-0.993749266051,0.));
#677 = ORIENTED_EDGE('',*,*,#678,.T.);
#678 = EDGE_CURVE('',#670,#679,#681,.T.);
#679 = VERTEX_POINT('',#680);
#680 = CARTESIAN_POINT('',(-54.9495086571,36.65804480697,3.E-15));
#681 = LINE('',#682,#683);
#682 = CARTESIAN_POINT('',(-48.71222744062,31.668219833786,0.));
#683 = VECTOR('',#684,1.);
#684 = DIRECTION('',(-0.780868809443,0.624695047554,0.));
#685 = ORIENTED_EDGE('',*,*,#686,.T.);
#686 = EDGE_CURVE('',#679,#687,#689,.T.);
#687 = VERTEX_POINT('',#688);
#688 = CARTESIAN_POINT('',(-55.95732575876,38.938737738432,-1.E-15));
#689 = CIRCLE('',#690,2.7);
#690 = AXIS2_PLACEMENT_3D('',#691,#692,#693);
#691 = CARTESIAN_POINT('',(-53.26283202871,38.766390592467,0.));
#692 = DIRECTION('',(0.,0.,-1.));
#693 = DIRECTION('',(-0.624695047554,-0.780868809443,-0.));
#694 = ORIENTED_EDGE('',*,*,#695,.T.);
#695 = EDGE_CURVE('',#687,#696,#698,.T.);
#696 = VERTEX_POINT('',#697);
#697 = CARTESIAN_POINT('',(-55.72342956845,42.595495816687,1.E-15));
#698 = LINE('',#699,#700);
#699 = CARTESIAN_POINT('',(-55.95732575876,38.938737738432,0.));
#700 = VECTOR('',#701,1.);
#701 = DIRECTION('',(6.38322762834E-02,0.997960640759,0.));
#702 = ORIENTED_EDGE('',*,*,#703,.T.);
#703 = EDGE_CURVE('',#696,#704,#706,.T.);
#704 = VERTEX_POINT('',#705);
#705 = CARTESIAN_POINT('',(-53.78855362886,45.014090741168,-1.E-15));
#706 = CIRCLE('',#707,2.7);
#707 = AXIS2_PLACEMENT_3D('',#708,#709,#710);
#708 = CARTESIAN_POINT('',(-53.0289358384,42.423148670722,0.));
#709 = DIRECTION('',(0.,0.,-1.));
#710 = DIRECTION('',(-0.997960640759,6.38322762834E-02,0.));
#711 = ORIENTED_EDGE('',*,*,#712,.T.);
#712 = EDGE_CURVE('',#704,#713,#715,.T.);
#713 = VERTEX_POINT('',#714);
#714 = CARTESIAN_POINT('',(-50.27232783819,46.044985139136,2.E-15));
#715 = LINE('',#716,#717);
#716 = CARTESIAN_POINT('',(-53.78855362886,45.014090741168,0.));
#717 = VECTOR('',#718,1.);
#718 = DIRECTION('',(0.959608174239,0.281339922394,0.));
#719 = ORIENTED_EDGE('',*,*,#720,.T.);
#720 = EDGE_CURVE('',#713,#721,#723,.T.);
#721 = VERTEX_POINT('',#722);
#722 = CARTESIAN_POINT('',(-47.82603341933,45.562388854186,-1.E-15));
#723 = CIRCLE('',#724,2.7);
#724 = AXIS2_PLACEMENT_3D('',#725,#726,#727);
#725 = CARTESIAN_POINT('',(-49.51271004773,43.454043068689,0.));
#726 = DIRECTION('',(0.,0.,-1.));
#727 = DIRECTION('',(-0.281339922394,0.959608174239,0.));
#728 = ORIENTED_EDGE('',*,*,#729,.T.);
#729 = EDGE_CURVE('',#721,#730,#732,.T.);
#730 = VERTEX_POINT('',#731);
#731 = CARTESIAN_POINT('',(-41.58875220285,40.572563881002,-1.E-15));
#732 = LINE('',#733,#734);
#733 = CARTESIAN_POINT('',(-47.82603341933,45.562388854186,0.));
#734 = VECTOR('',#735,1.);
#735 = DIRECTION('',(0.780868809443,-0.624695047554,0.));
#736 = ORIENTED_EDGE('',*,*,#737,.T.);
#737 = EDGE_CURVE('',#730,#738,#740,.T.);
#738 = VERTEX_POINT('',#739);
#739 = CARTESIAN_POINT('',(-40.59158361816,38.759133120885,-1.E-15));
#740 = CIRCLE('',#741,2.7);
#741 = AXIS2_PLACEMENT_3D('',#742,#743,#744);
#742 = CARTESIAN_POINT('',(-43.27542883125,38.464218095505,0.));
#743 = DIRECTION('',(0.,0.,-1.));
#744 = DIRECTION('',(0.624695047554,0.780868809443,0.));
#745 = ORIENTED_EDGE('',*,*,#746,.T.);
#746 = EDGE_CURVE('',#738,#747,#749,.T.);
#747 = VERTEX_POINT('',#748);
#748 = CARTESIAN_POINT('',(-40.58867167966,37.267851894418,-1.E-15));
#749 = CIRCLE('',#750,6.95);
#750 = AXIS2_PLACEMENT_3D('',#751,#752,#753);
#751 = CARTESIAN_POINT('',(-47.5,38.,0.));
#752 = DIRECTION('',(0.,0.,-1.));
#753 = DIRECTION('',(0.994016745587,0.109227787178,0.));
#754 = ORIENTED_EDGE('',*,*,#755,.T.);
#755 = EDGE_CURVE('',#747,#756,#758,.T.);
#756 = VERTEX_POINT('',#757);
#757 = CARTESIAN_POINT('',(-39.33444050928,34.316442513268,-1.E-15));
#758 = CIRCLE('',#759,3.3);
#759 = AXIS2_PLACEMENT_3D('',#760,#761,#762);
#760 = CARTESIAN_POINT('',(-37.30703377216,36.92021322558,0.));
#761 = DIRECTION('',(0.,0.,1.));
#762 = DIRECTION('',(-0.994435729545,0.105345051163,0.));
#763 = ORIENTED_EDGE('',*,*,#764,.T.);
#764 = EDGE_CURVE('',#756,#765,#767,.T.);
#765 = VERTEX_POINT('',#766);
#766 = CARTESIAN_POINT('',(-18.02740673711,17.725878830605,-2.E-15));
#767 = LINE('',#768,#769);
#768 = CARTESIAN_POINT('',(-39.33444050928,34.316442513268,0.));
#769 = VECTOR('',#770,1.);
#770 = DIRECTION('',(0.789021427973,-0.614365677914,0.));
#771 = ORIENTED_EDGE('',*,*,#772,.T.);
#772 = EDGE_CURVE('',#765,#773,#775,.T.);
#773 = VERTEX_POINT('',#774);
#774 = CARTESIAN_POINT('',(-12.7,20.329649542917,0.));
#775 = CIRCLE('',#776,3.3);
#776 = AXIS2_PLACEMENT_3D('',#777,#778,#779);
#777 = CARTESIAN_POINT('',(-16.,20.329649542917,0.));
#778 = DIRECTION('',(0.,0.,1.));
#779 = DIRECTION('',(-0.614365677914,-0.789021427973,0.));
#780 = ORIENTED_EDGE('',*,*,#781,.T.);
#781 = EDGE_CURVE('',#773,#782,#784,.T.);
#782 = VERTEX_POINT('',#783);
#783 = CARTESIAN_POINT('',(-12.7,34.267875401713,0.));
#784 = LINE('',#785,#786);
#785 = CARTESIAN_POINT('',(-12.7,20.329649542917,0.));
#786 = VECTOR('',#787,1.);
#787 = DIRECTION('',(0.,1.,0.));
#788 = ORIENTED_EDGE('',*,*,#789,.T.);
#789 = EDGE_CURVE('',#782,#790,#792,.T.);
#790 = VERTEX_POINT('',#791);
#791 = CARTESIAN_POINT('',(-12.65480918616,34.657242269047,0.));
#792 = CIRCLE('',#793,1.7);
#793 = AXIS2_PLACEMENT_3D('',#794,#795,#796);
#794 = CARTESIAN_POINT('',(-11.,34.267875401713,0.));
#795 = DIRECTION('',(0.,0.,-1.));
#796 = DIRECTION('',(-1.,0.,0.));
#797 = ORIENTED_EDGE('',*,*,#798,.T.);
#798 = EDGE_CURVE('',#790,#799,#801,.T.);
#799 = VERTEX_POINT('',#800);
#800 = CARTESIAN_POINT('',(-11.07077986892,41.389366867333,-1.E-15));
#801 = LINE('',#802,#803);
#802 = CARTESIAN_POINT('',(-12.65480918616,34.657242269047,0.));
#803 = VECTOR('',#804,1.);
#804 = DIRECTION('',(0.229039333726,0.973417168334,0.));
#805 = ORIENTED_EDGE('',*,*,#806,.T.);
#806 = EDGE_CURVE('',#799,#22,#807,.T.);
#807 = CIRCLE('',#808,1.7);
#808 = AXIS2_PLACEMENT_3D('',#809,#810,#811);
#809 = CARTESIAN_POINT('',(-9.415970682756,41.,0.));
#810 = DIRECTION('',(0.,0.,-1.));
#811 = DIRECTION('',(-0.973417168334,0.229039333726,0.));
#812 = FACE_BOUND('',#813,.T.);
#813 = EDGE_LOOP('',(#814,#824,#833,#841,#850,#858,#867,#875));
#814 = ORIENTED_EDGE('',*,*,#815,.T.);
#815 = EDGE_CURVE('',#816,#818,#820,.T.);
#816 = VERTEX_POINT('',#817);
#817 = CARTESIAN_POINT('',(50.234339247179,-41.16848694588,0.));
#818 = VERTEX_POINT('',#819);
#819 = CARTESIAN_POINT('',(50.609974808222,-43.0415203996,0.));
#820 = LINE('',#821,#822);
#821 = CARTESIAN_POINT('',(50.,-40.,0.));
#822 = VECTOR('',#823,1.);
#823 = DIRECTION('',(0.196633975878,-0.980476965324,0.));
#824 = ORIENTED_EDGE('',*,*,#825,.T.);
#825 = EDGE_CURVE('',#818,#826,#828,.T.);
#826 = VERTEX_POINT('',#827);
#827 = CARTESIAN_POINT('',(51.87179169594,-43.80449459796,0.));
#828 = CIRCLE('',#829,1.);
#829 = AXIS2_PLACEMENT_3D('',#830,#831,#832);
#830 = CARTESIAN_POINT('',(51.590451773546,-42.84488642373,0.));
#831 = DIRECTION('',(-0.,0.,1.));
#832 = DIRECTION('',(0.,-1.,0.));
#833 = ORIENTED_EDGE('',*,*,#834,.T.);
#834 = EDGE_CURVE('',#826,#835,#837,.T.);
#835 = VERTEX_POINT('',#836);
#836 = CARTESIAN_POINT('',(53.310275760796,-43.38275684496,0.));
#837 = LINE('',#838,#839);
#838 = CARTESIAN_POINT('',(50.824563137697,-44.11152324696,0.));
#839 = VECTOR('',#840,1.);
#840 = DIRECTION('',(0.959608174239,0.281339922394,0.));
#841 = ORIENTED_EDGE('',*,*,#842,.T.);
#842 = EDGE_CURVE('',#835,#843,#845,.T.);
#843 = VERTEX_POINT('',#844);
#844 = CARTESIAN_POINT('',(54.026896479161,-42.486980947,0.));
#845 = CIRCLE('',#846,1.);
#846 = AXIS2_PLACEMENT_3D('',#847,#848,#849);
#847 = CARTESIAN_POINT('',(53.028935838402,-42.42314867072,0.));
#848 = DIRECTION('',(-0.,0.,1.));
#849 = DIRECTION('',(0.,-1.,0.));
#850 = ORIENTED_EDGE('',*,*,#851,.T.);
#851 = EDGE_CURVE('',#843,#852,#854,.T.);
#852 = VERTEX_POINT('',#853);
#853 = CARTESIAN_POINT('',(54.122583150786,-40.99100527941,0.));
#854 = LINE('',#855,#856);
#855 = CARTESIAN_POINT('',(53.982200638126,-43.1857605105,0.));
#856 = VECTOR('',#857,1.);
#857 = DIRECTION('',(6.38322762834E-02,0.997960640759,0.));
#858 = ORIENTED_EDGE('',*,*,#859,.F.);
#859 = EDGE_CURVE('',#860,#852,#862,.T.);
#860 = VERTEX_POINT('',#861);
#861 = CARTESIAN_POINT('',(53.101233884349,-39.92744655444,0.));
#862 = CIRCLE('',#863,1.);
#863 = AXIS2_PLACEMENT_3D('',#864,#865,#866);
#864 = CARTESIAN_POINT('',(53.124622510027,-40.92717300312,0.));
#865 = DIRECTION('',(-0.,-0.,-1.));
#866 = DIRECTION('',(0.,-1.,0.));
#867 = ORIENTED_EDGE('',*,*,#868,.T.);
#868 = EDGE_CURVE('',#860,#869,#871,.T.);
#869 = VERTEX_POINT('',#870);
#870 = CARTESIAN_POINT('',(51.191427586825,-39.97212652132,0.));
#871 = LINE('',#872,#873);
#872 = CARTESIAN_POINT('',(54.192243856537,-39.90192234841,0.));
#873 = VECTOR('',#874,1.);
#874 = DIRECTION('',(-0.999726448679,-2.338862567765E-02,0.));
#875 = ORIENTED_EDGE('',*,*,#876,.F.);
#876 = EDGE_CURVE('',#816,#869,#877,.T.);
#877 = CIRCLE('',#878,1.);
#878 = AXIS2_PLACEMENT_3D('',#879,#880,#881);
#879 = CARTESIAN_POINT('',(51.214816212503,-40.97185297,0.));
#880 = DIRECTION('',(-0.,-0.,-1.));
#881 = DIRECTION('',(0.,-1.,0.));
#882 = FACE_BOUND('',#883,.T.);
#883 = EDGE_LOOP('',(#884));
#884 = ORIENTED_EDGE('',*,*,#885,.T.);
#885 = EDGE_CURVE('',#886,#886,#888,.T.);
#886 = VERTEX_POINT('',#887);
#887 = CARTESIAN_POINT('',(49.05,-42.5,0.));
#888 = CIRCLE('',#889,1.05);
#889 = AXIS2_PLACEMENT_3D('',#890,#891,#892);
#890 = CARTESIAN_POINT('',(48.,-42.5,0.));
#891 = DIRECTION('',(0.,0.,1.));
#892 = DIRECTION('',(1.,0.,0.));
#893 = FACE_BOUND('',#894,.T.);
#894 = EDGE_LOOP('',(#895));
#895 = ORIENTED_EDGE('',*,*,#896,.T.);
#896 = EDGE_CURVE('',#897,#897,#899,.T.);
#897 = VERTEX_POINT('',#898);
#898 = CARTESIAN_POINT('',(53.05,-37.5,0.));
#899 = CIRCLE('',#900,1.05);
#900 = AXIS2_PLACEMENT_3D('',#901,#902,#903);
#901 = CARTESIAN_POINT('',(52.,-37.5,0.));
#902 = DIRECTION('',(0.,0.,1.));
#903 = DIRECTION('',(1.,0.,0.));
#904 = FACE_BOUND('',#905,.T.);
#905 = EDGE_LOOP('',(#906));
#906 = ORIENTED_EDGE('',*,*,#907,.T.);
#907 = EDGE_CURVE('',#908,#908,#910,.T.);
#908 = VERTEX_POINT('',#909);
#909 = CARTESIAN_POINT('',(49.875,-38.,0.));
#910 = CIRCLE('',#911,2.375);
#911 = AXIS2_PLACEMENT_3D('',#912,#913,#914);
#912 = CARTESIAN_POINT('',(47.5,-38.,0.));
#913 = DIRECTION('',(0.,0.,1.));
#914 = DIRECTION('',(1.,0.,0.));
#915 = FACE_BOUND('',#916,.T.);
#916 = EDGE_LOOP('',(#917));
#917 = ORIENTED_EDGE('',*,*,#918,.T.);
#918 = EDGE_CURVE('',#919,#919,#921,.T.);
#919 = VERTEX_POINT('',#920);
#920 = CARTESIAN_POINT('',(44.05,-38.5,0.));
#921 = CIRCLE('',#922,1.05);
#922 = AXIS2_PLACEMENT_3D('',#923,#924,#925);
#923 = CARTESIAN_POINT('',(43.,-38.5,0.));
#924 = DIRECTION('',(0.,0.,1.));
#925 = DIRECTION('',(1.,0.,0.));
#926 = FACE_BOUND('',#927,.T.);
#927 = EDGE_LOOP('',(#928));
#928 = ORIENTED_EDGE('',*,*,#929,.T.);
#929 = EDGE_CURVE('',#930,#930,#932,.T.);
#930 = VERTEX_POINT('',#931);
#931 = CARTESIAN_POINT('',(48.05,-33.5,0.));
#932 = CIRCLE('',#933,1.05);
#933 = AXIS2_PLACEMENT_3D('',#934,#935,#936);
#934 = CARTESIAN_POINT('',(47.,-33.5,0.));
#935 = DIRECTION('',(0.,0.,1.));
#936 = DIRECTION('',(1.,0.,0.));
#937 = FACE_BOUND('',#938,.T.);
#938 = EDGE_LOOP('',(#939));
#939 = ORIENTED_EDGE('',*,*,#940,.T.);
#940 = EDGE_CURVE('',#941,#941,#943,.T.);
#941 = VERTEX_POINT('',#942);
#942 = CARTESIAN_POINT('',(7.25,-38.,0.));
#943 = CIRCLE('',#944,1.05);
#944 = AXIS2_PLACEMENT_3D('',#945,#946,#947);
#945 = CARTESIAN_POINT('',(6.2,-38.,0.));
#946 = DIRECTION('',(0.,0.,1.));
#947 = DIRECTION('',(1.,0.,0.));
#948 = FACE_BOUND('',#949,.T.);
#949 = EDGE_LOOP('',(#950,#961,#970,#978,#987,#995,#1004,#1013,#1022,
    #1030));
#950 = ORIENTED_EDGE('',*,*,#951,.T.);
#951 = EDGE_CURVE('',#952,#954,#956,.T.);
#952 = VERTEX_POINT('',#953);
#953 = CARTESIAN_POINT('',(3.90615386222,-37.29411764705,0.));
#954 = VERTEX_POINT('',#955);
#955 = CARTESIAN_POINT('',(3.949204118893,-37.16698265228,0.));
#956 = CIRCLE('',#957,2.4);
#957 = AXIS2_PLACEMENT_3D('',#958,#959,#960);
#958 = CARTESIAN_POINT('',(6.2,-38.,0.));
#959 = DIRECTION('',(0.,0.,-1.));
#960 = DIRECTION('',(-1.,1.2E-16,0.));
#961 = ORIENTED_EDGE('',*,*,#962,.T.);
#962 = EDGE_CURVE('',#954,#963,#965,.T.);
#963 = VERTEX_POINT('',#964);
#964 = CARTESIAN_POINT('',(3.843726765598,-36.26564811966,0.));
#965 = CIRCLE('',#966,1.);
#966 = AXIS2_PLACEMENT_3D('',#967,#968,#969);
#967 = CARTESIAN_POINT('',(3.011372501765,-36.81989209074,0.));
#968 = DIRECTION('',(-0.,0.,1.));
#969 = DIRECTION('',(0.,-1.,0.));
#970 = ORIENTED_EDGE('',*,*,#971,.F.);
#971 = EDGE_CURVE('',#972,#963,#974,.T.);
#972 = VERTEX_POINT('',#973);
#973 = CARTESIAN_POINT('',(0.832354263833,-31.74321959969,0.));
#974 = LINE('',#975,#976);
#975 = CARTESIAN_POINT('',(-5.036133250772,-22.93002385935,1.1E-16));
#976 = VECTOR('',#977,1.);
#977 = DIRECTION('',(0.55424397108,-0.832354263833,0.));
#978 = ORIENTED_EDGE('',*,*,#979,.T.);
#979 = EDGE_CURVE('',#972,#980,#982,.T.);
#980 = VERTEX_POINT('',#981);
#981 = CARTESIAN_POINT('',(-0.832354263833,-31.74321959969,0.));
#982 = CIRCLE('',#983,1.);
#983 = AXIS2_PLACEMENT_3D('',#984,#985,#986);
#984 = CARTESIAN_POINT('',(-4.45E-15,-32.29746357077,0.));
#985 = DIRECTION('',(-0.,0.,1.));
#986 = DIRECTION('',(0.,-1.,0.));
#987 = ORIENTED_EDGE('',*,*,#988,.F.);
#988 = EDGE_CURVE('',#989,#980,#991,.T.);
#989 = VERTEX_POINT('',#990);
#990 = CARTESIAN_POINT('',(-3.843726765598,-36.26564811966,0.));
#991 = LINE('',#992,#993);
#992 = CARTESIAN_POINT('',(7.06652248356,-19.88081949569,0.));
#993 = VECTOR('',#994,1.);
#994 = DIRECTION('',(0.55424397108,0.832354263833,0.));
#995 = ORIENTED_EDGE('',*,*,#996,.F.);
#996 = EDGE_CURVE('',#997,#989,#999,.T.);
#997 = VERTEX_POINT('',#998);
#998 = CARTESIAN_POINT('',(-3.949204118893,-37.16698265228,0.));
#999 = CIRCLE('',#1000,1.);
#1000 = AXIS2_PLACEMENT_3D('',#1001,#1002,#1003);
#1001 = CARTESIAN_POINT('',(-3.011372501765,-36.81989209074,0.));
#1002 = DIRECTION('',(-0.,-0.,-1.));
#1003 = DIRECTION('',(0.,-1.,0.));
#1004 = ORIENTED_EDGE('',*,*,#1005,.T.);
#1005 = EDGE_CURVE('',#997,#1006,#1008,.T.);
#1006 = VERTEX_POINT('',#1007);
#1007 = CARTESIAN_POINT('',(-3.90615386222,-37.29411764705,0.));
#1008 = CIRCLE('',#1009,2.4);
#1009 = AXIS2_PLACEMENT_3D('',#1010,#1011,#1012);
#1010 = CARTESIAN_POINT('',(-6.2,-38.,0.));
#1011 = DIRECTION('',(0.,0.,-1.));
#1012 = DIRECTION('',(-1.,1.2E-16,0.));
#1013 = ORIENTED_EDGE('',*,*,#1014,.F.);
#1014 = EDGE_CURVE('',#1015,#1006,#1017,.T.);
#1015 = VERTEX_POINT('',#1016);
#1016 = CARTESIAN_POINT('',(-2.950384638146,-38.,0.));
#1017 = CIRCLE('',#1018,1.);
#1018 = AXIS2_PLACEMENT_3D('',#1019,#1020,#1021);
#1019 = CARTESIAN_POINT('',(-2.950384638146,-37.,0.));
#1020 = DIRECTION('',(-0.,-0.,-1.));
#1021 = DIRECTION('',(0.,-1.,0.));
#1022 = ORIENTED_EDGE('',*,*,#1023,.T.);
#1023 = EDGE_CURVE('',#1015,#1024,#1026,.T.);
#1024 = VERTEX_POINT('',#1025);
#1025 = CARTESIAN_POINT('',(2.950384638146,-38.,0.));
#1026 = LINE('',#1027,#1028);
#1027 = CARTESIAN_POINT('',(1.820528958347,-38.,0.));
#1028 = VECTOR('',#1029,1.);
#1029 = DIRECTION('',(1.,-1.2E-16,0.));
#1030 = ORIENTED_EDGE('',*,*,#1031,.F.);
#1031 = EDGE_CURVE('',#952,#1024,#1032,.T.);
#1032 = CIRCLE('',#1033,1.);
#1033 = AXIS2_PLACEMENT_3D('',#1034,#1035,#1036);
#1034 = CARTESIAN_POINT('',(2.950384638146,-37.,0.));
#1035 = DIRECTION('',(-0.,-0.,-1.));
#1036 = DIRECTION('',(0.,-1.,0.));
#1037 = FACE_BOUND('',#1038,.T.);
#1038 = EDGE_LOOP('',(#1039,#1049,#1058,#1066,#1075,#1083));
#1039 = ORIENTED_EDGE('',*,*,#1040,.T.);
#1040 = EDGE_CURVE('',#1041,#1043,#1045,.T.);
#1041 = VERTEX_POINT('',#1042);
#1042 = CARTESIAN_POINT('',(1.811436128065,-29.60506907844,0.));
#1043 = VERTEX_POINT('',#1044);
#1044 = CARTESIAN_POINT('',(5.107862028294,-34.55558599271,0.));
#1045 = LINE('',#1046,#1047);
#1046 = CARTESIAN_POINT('',(-3.729062048697,-21.28444220324,1.1E-16));
#1047 = VECTOR('',#1048,1.);
#1048 = DIRECTION('',(0.55424397108,-0.832354263833,0.));
#1049 = ORIENTED_EDGE('',*,*,#1050,.F.);
#1050 = EDGE_CURVE('',#1051,#1043,#1053,.T.);
#1051 = VERTEX_POINT('',#1052);
#1052 = CARTESIAN_POINT('',(6.930570401394,-34.13990153324,0.));
#1053 = CIRCLE('',#1054,1.);
#1054 = AXIS2_PLACEMENT_3D('',#1055,#1056,#1057);
#1055 = CARTESIAN_POINT('',(5.940216292127,-34.00134202163,0.));
#1056 = DIRECTION('',(0.,0.,-1.));
#1057 = DIRECTION('',(-1.,1.2E-16,0.));
#1058 = ORIENTED_EDGE('',*,*,#1059,.F.);
#1059 = EDGE_CURVE('',#1060,#1051,#1062,.T.);
#1060 = VERTEX_POINT('',#1061);
#1061 = CARTESIAN_POINT('',(8.684295236341,-21.60515327545,0.));
#1062 = LINE('',#1063,#1064);
#1063 = CARTESIAN_POINT('',(9.221937429555,-17.76235569946,0.));
#1064 = VECTOR('',#1065,1.);
#1065 = DIRECTION('',(-0.138559511615,-0.990354109267,0.));
#1066 = ORIENTED_EDGE('',*,*,#1067,.F.);
#1067 = EDGE_CURVE('',#1068,#1060,#1070,.T.);
#1068 = VERTEX_POINT('',#1069);
#1069 = CARTESIAN_POINT('',(6.861586863242,-20.91234979276,0.));
#1070 = CIRCLE('',#1071,1.);
#1071 = AXIS2_PLACEMENT_3D('',#1072,#1073,#1074);
#1072 = CARTESIAN_POINT('',(7.693941127075,-21.46659376384,0.));
#1073 = DIRECTION('',(-0.,-0.,-1.));
#1074 = DIRECTION('',(0.,-1.,0.));
#1075 = ORIENTED_EDGE('',*,*,#1076,.T.);
#1076 = EDGE_CURVE('',#1068,#1077,#1079,.T.);
#1077 = VERTEX_POINT('',#1078);
#1078 = CARTESIAN_POINT('',(1.811436128065,-28.49658113628,0.));
#1079 = LINE('',#1080,#1081);
#1080 = CARTESIAN_POINT('',(7.954657385928,-19.27079488607,0.));
#1081 = VECTOR('',#1082,1.);
#1082 = DIRECTION('',(-0.55424397108,-0.832354263833,0.));
#1083 = ORIENTED_EDGE('',*,*,#1084,.F.);
#1084 = EDGE_CURVE('',#1041,#1077,#1085,.T.);
#1085 = CIRCLE('',#1086,1.);
#1086 = AXIS2_PLACEMENT_3D('',#1087,#1088,#1089);
#1087 = CARTESIAN_POINT('',(2.643790391898,-29.05082510736,0.));
#1088 = DIRECTION('',(-0.,-0.,-1.));
#1089 = DIRECTION('',(0.,-1.,0.));
#1090 = FACE_BOUND('',#1091,.T.);
#1091 = EDGE_LOOP('',(#1092,#1102,#1111,#1119,#1128,#1136,#1145,#1154,
    #1163,#1171));
#1092 = ORIENTED_EDGE('',*,*,#1093,.T.);
#1093 = EDGE_CURVE('',#1094,#1096,#1098,.T.);
#1094 = VERTEX_POINT('',#1095);
#1095 = CARTESIAN_POINT('',(-6.231192419884,-18.25054637377,0.));
#1096 = VERTEX_POINT('',#1097);
#1097 = CARTESIAN_POINT('',(-0.832354263833,-26.35843061503,0.));
#1098 = LINE('',#1099,#1100);
#1099 = CARTESIAN_POINT('',(-6.449938528488,-17.92203715095,0.));
#1100 = VECTOR('',#1101,1.);
#1101 = DIRECTION('',(0.55424397108,-0.832354263833,0.));
#1102 = ORIENTED_EDGE('',*,*,#1103,.T.);
#1103 = EDGE_CURVE('',#1096,#1104,#1106,.T.);
#1104 = VERTEX_POINT('',#1105);
#1105 = CARTESIAN_POINT('',(0.832354263833,-26.35843061503,0.));
#1106 = CIRCLE('',#1107,1.);
#1107 = AXIS2_PLACEMENT_3D('',#1108,#1109,#1110);
#1108 = CARTESIAN_POINT('',(-3.2E-15,-25.80418664395,0.));
#1109 = DIRECTION('',(-0.,0.,1.));
#1110 = DIRECTION('',(0.,-1.,0.));
#1111 = ORIENTED_EDGE('',*,*,#1112,.F.);
#1112 = EDGE_CURVE('',#1113,#1104,#1115,.T.);
#1113 = VERTEX_POINT('',#1114);
#1114 = CARTESIAN_POINT('',(6.231192419884,-18.25054637377,0.));
#1115 = LINE('',#1116,#1117);
#1116 = CARTESIAN_POINT('',(6.40111368537,-17.99536147827,0.));
#1117 = VECTOR('',#1118,1.);
#1118 = DIRECTION('',(-0.55424397108,-0.832354263833,0.));
#1119 = ORIENTED_EDGE('',*,*,#1120,.T.);
#1120 = EDGE_CURVE('',#1113,#1121,#1123,.T.);
#1121 = VERTEX_POINT('',#1122);
#1122 = CARTESIAN_POINT('',(5.173348793609,-16.72205677277,0.));
#1123 = CIRCLE('',#1124,1.);
#1124 = AXIS2_PLACEMENT_3D('',#1125,#1126,#1127);
#1125 = CARTESIAN_POINT('',(5.398838156051,-17.69630240269,0.));
#1126 = DIRECTION('',(-0.,0.,1.));
#1127 = DIRECTION('',(0.,-1.,0.));
#1128 = ORIENTED_EDGE('',*,*,#1129,.F.);
#1129 = EDGE_CURVE('',#1130,#1121,#1132,.T.);
#1130 = VERTEX_POINT('',#1131);
#1131 = CARTESIAN_POINT('',(3.172089269286,-17.18524872391,0.));
#1132 = LINE('',#1133,#1134);
#1133 = CARTESIAN_POINT('',(5.733699018975,-16.59236359152,0.));
#1134 = VECTOR('',#1135,1.);
#1135 = DIRECTION('',(0.974245629924,0.225489362441,0.));
#1136 = ORIENTED_EDGE('',*,*,#1137,.F.);
#1137 = EDGE_CURVE('',#1138,#1130,#1140,.T.);
#1138 = VERTEX_POINT('',#1139);
#1139 = CARTESIAN_POINT('',(2.398290798867,-18.12176072035,0.));
#1140 = CIRCLE('',#1141,1.);
#1141 = AXIS2_PLACEMENT_3D('',#1142,#1143,#1144);
#1142 = CARTESIAN_POINT('',(3.397578631728,-18.15949435384,0.));
#1143 = DIRECTION('',(-0.,-0.,-1.));
#1144 = DIRECTION('',(0.,-1.,0.));
#1145 = ORIENTED_EDGE('',*,*,#1146,.T.);
#1146 = EDGE_CURVE('',#1138,#1147,#1149,.T.);
#1147 = VERTEX_POINT('',#1148);
#1148 = CARTESIAN_POINT('',(-2.398290798867,-18.12176072035,0.));
#1149 = CIRCLE('',#1150,2.4);
#1150 = AXIS2_PLACEMENT_3D('',#1151,#1152,#1153);
#1151 = CARTESIAN_POINT('',(-2.21E-15,-18.0312,0.));
#1152 = DIRECTION('',(0.,0.,-1.));
#1153 = DIRECTION('',(-1.,1.2E-16,0.));
#1154 = ORIENTED_EDGE('',*,*,#1155,.F.);
#1155 = EDGE_CURVE('',#1156,#1147,#1158,.T.);
#1156 = VERTEX_POINT('',#1157);
#1157 = CARTESIAN_POINT('',(-3.172089269286,-17.18524872391,0.));
#1158 = CIRCLE('',#1159,1.);
#1159 = AXIS2_PLACEMENT_3D('',#1160,#1161,#1162);
#1160 = CARTESIAN_POINT('',(-3.397578631728,-18.15949435384,0.));
#1161 = DIRECTION('',(-0.,-0.,-1.));
#1162 = DIRECTION('',(0.,-1.,0.));
#1163 = ORIENTED_EDGE('',*,*,#1164,.F.);
#1164 = EDGE_CURVE('',#1165,#1156,#1167,.T.);
#1165 = VERTEX_POINT('',#1166);
#1166 = CARTESIAN_POINT('',(-5.173348793609,-16.72205677277,0.));
#1167 = LINE('',#1168,#1169);
#1168 = CARTESIAN_POINT('',(-3.226599673692,-17.17263227899,1.1E-16));
#1169 = VECTOR('',#1170,1.);
#1170 = DIRECTION('',(0.974245629924,-0.225489362441,0.));
#1171 = ORIENTED_EDGE('',*,*,#1172,.F.);
#1172 = EDGE_CURVE('',#1094,#1165,#1173,.T.);
#1173 = CIRCLE('',#1174,1.);
#1174 = AXIS2_PLACEMENT_3D('',#1175,#1176,#1177);
#1175 = CARTESIAN_POINT('',(-5.398838156051,-17.69630240269,0.));
#1176 = DIRECTION('',(-0.,-0.,-1.));
#1177 = DIRECTION('',(0.,-1.,0.));
#1178 = FACE_BOUND('',#1179,.T.);
#1179 = EDGE_LOOP('',(#1180));
#1180 = ORIENTED_EDGE('',*,*,#1181,.T.);
#1181 = EDGE_CURVE('',#1182,#1182,#1184,.T.);
#1182 = VERTEX_POINT('',#1183);
#1183 = CARTESIAN_POINT('',(1.05,-18.03122292025,0.));
#1184 = CIRCLE('',#1185,1.05);
#1185 = AXIS2_PLACEMENT_3D('',#1186,#1187,#1188);
#1186 = CARTESIAN_POINT('',(0.,-18.03122292025,0.));
#1187 = DIRECTION('',(0.,0.,1.));
#1188 = DIRECTION('',(1.,0.,0.));
#1189 = FACE_BOUND('',#1190,.T.);
#1190 = EDGE_LOOP('',(#1191));
#1191 = ORIENTED_EDGE('',*,*,#1192,.T.);
#1192 = EDGE_CURVE('',#1193,#1193,#1195,.T.);
#1193 = VERTEX_POINT('',#1194);
#1194 = CARTESIAN_POINT('',(11.05,-10.,0.));
#1195 = CIRCLE('',#1196,1.05);
#1196 = AXIS2_PLACEMENT_3D('',#1197,#1198,#1199);
#1197 = CARTESIAN_POINT('',(10.,-10.,0.));
#1198 = DIRECTION('',(0.,0.,1.));
#1199 = DIRECTION('',(1.,0.,0.));
#1200 = FACE_BOUND('',#1201,.T.);
#1201 = EDGE_LOOP('',(#1202,#1212,#1221,#1229,#1238,#1247,#1256,#1264));
#1202 = ORIENTED_EDGE('',*,*,#1203,.T.);
#1203 = EDGE_CURVE('',#1204,#1206,#1208,.T.);
#1204 = VERTEX_POINT('',#1205);
#1205 = CARTESIAN_POINT('',(1.,-3.963894717035,0.));
#1206 = VERTEX_POINT('',#1207);
#1207 = CARTESIAN_POINT('',(1.,-12.76572021314,0.));
#1208 = LINE('',#1209,#1210);
#1209 = CARTESIAN_POINT('',(1.,-6.887681228164,0.));
#1210 = VECTOR('',#1211,1.);
#1211 = DIRECTION('',(-1.2E-16,-1.,0.));
#1212 = ORIENTED_EDGE('',*,*,#1213,.T.);
#1213 = EDGE_CURVE('',#1206,#1214,#1216,.T.);
#1214 = VERTEX_POINT('',#1215);
#1215 = CARTESIAN_POINT('',(2.225489362441,-13.73996584306,0.));
#1216 = CIRCLE('',#1217,1.);
#1217 = AXIS2_PLACEMENT_3D('',#1218,#1219,#1220);
#1218 = CARTESIAN_POINT('',(2.,-12.76572021314,0.));
#1219 = DIRECTION('',(-0.,0.,1.));
#1220 = DIRECTION('',(0.,-1.,0.));
#1221 = ORIENTED_EDGE('',*,*,#1222,.T.);
#1222 = EDGE_CURVE('',#1214,#1223,#1225,.T.);
#1223 = VERTEX_POINT('',#1224);
#1224 = CARTESIAN_POINT('',(7.229520767758,-12.58178168851,0.));
#1225 = LINE('',#1226,#1227);
#1226 = CARTESIAN_POINT('',(5.082239912207,-13.07877030845,0.));
#1227 = VECTOR('',#1228,1.);
#1228 = DIRECTION('',(0.974245629924,0.225489362441,0.));
#1229 = ORIENTED_EDGE('',*,*,#1230,.T.);
#1230 = EDGE_CURVE('',#1223,#1231,#1233,.T.);
#1231 = VERTEX_POINT('',#1232);
#1232 = CARTESIAN_POINT('',(7.885198639047,-11.13473133547,0.));
#1233 = CIRCLE('',#1234,1.);
#1234 = AXIS2_PLACEMENT_3D('',#1235,#1236,#1237);
#1235 = CARTESIAN_POINT('',(7.004031405317,-11.60753605859,0.));
#1236 = DIRECTION('',(0.,-0.,1.));
#1237 = DIRECTION('',(0.,1.,0.));
#1238 = ORIENTED_EDGE('',*,*,#1239,.F.);
#1239 = EDGE_CURVE('',#1240,#1231,#1242,.T.);
#1240 = VERTEX_POINT('',#1241);
#1241 = CARTESIAN_POINT('',(8.087440063396,-8.550132940957,0.));
#1242 = CIRCLE('',#1243,2.4);
#1243 = AXIS2_PLACEMENT_3D('',#1244,#1245,#1246);
#1244 = CARTESIAN_POINT('',(10.,-10.,0.));
#1245 = DIRECTION('',(0.,0.,1.));
#1246 = DIRECTION('',(1.,0.,0.));
#1247 = ORIENTED_EDGE('',*,*,#1248,.F.);
#1248 = EDGE_CURVE('',#1249,#1240,#1251,.T.);
#1249 = VERTEX_POINT('',#1250);
#1250 = CARTESIAN_POINT('',(7.891913772554,-7.147053773569,0.));
#1251 = CIRCLE('',#1252,1.);
#1252 = AXIS2_PLACEMENT_3D('',#1253,#1254,#1255);
#1253 = CARTESIAN_POINT('',(7.290540089812,-7.946021666355,0.));
#1254 = DIRECTION('',(0.,0.,-1.));
#1255 = DIRECTION('',(0.,1.,0.));
#1256 = ORIENTED_EDGE('',*,*,#1257,.F.);
#1257 = EDGE_CURVE('',#1258,#1249,#1260,.T.);
#1258 = VERTEX_POINT('',#1259);
#1259 = CARTESIAN_POINT('',(2.601373682743,-3.164926824248,0.));
#1260 = LINE('',#1261,#1262);
#1261 = CARTESIAN_POINT('',(6.228912800876,-5.89533261209,1.1E-16));
#1262 = VECTOR('',#1263,1.);
#1263 = DIRECTION('',(0.798967892787,-0.601373682743,0.));
#1264 = ORIENTED_EDGE('',*,*,#1265,.F.);
#1265 = EDGE_CURVE('',#1204,#1258,#1266,.T.);
#1266 = CIRCLE('',#1267,1.);
#1267 = AXIS2_PLACEMENT_3D('',#1268,#1269,#1270);
#1268 = CARTESIAN_POINT('',(2.,-3.963894717035,0.));
#1269 = DIRECTION('',(-0.,-0.,-1.));
#1270 = DIRECTION('',(0.,-1.,0.));
#1271 = FACE_BOUND('',#1272,.T.);
#1272 = EDGE_LOOP('',(#1273,#1283,#1292,#1300,#1309,#1317));
#1273 = ORIENTED_EDGE('',*,*,#1274,.T.);
#1274 = EDGE_CURVE('',#1275,#1277,#1279,.T.);
#1275 = VERTEX_POINT('',#1276);
#1276 = CARTESIAN_POINT('',(5.440890297264,-2.798967892787,0.));
#1277 = VERTEX_POINT('',#1278);
#1278 = CARTESIAN_POINT('',(12.859826317257,-8.38311328418,0.));
#1279 = LINE('',#1280,#1281);
#1280 = CARTESIAN_POINT('',(7.431660166361,-4.297396826516,1.1E-16));
#1281 = VECTOR('',#1282,1.);
#1282 = DIRECTION('',(0.798967892787,-0.601373682743,0.));
#1283 = ORIENTED_EDGE('',*,*,#1284,.T.);
#1284 = EDGE_CURVE('',#1277,#1285,#1287,.T.);
#1285 = VERTEX_POINT('',#1286);
#1286 = CARTESIAN_POINT('',(14.4612,-7.584145391393,0.));
#1287 = CIRCLE('',#1288,1.);
#1288 = AXIS2_PLACEMENT_3D('',#1289,#1290,#1291);
#1289 = CARTESIAN_POINT('',(13.4612,-7.584145391393,0.));
#1290 = DIRECTION('',(-0.,0.,1.));
#1291 = DIRECTION('',(0.,-1.,0.));
#1292 = ORIENTED_EDGE('',*,*,#1293,.T.);
#1293 = EDGE_CURVE('',#1285,#1294,#1296,.T.);
#1294 = VERTEX_POINT('',#1295);
#1295 = CARTESIAN_POINT('',(14.4612,-2.,0.));
#1296 = LINE('',#1297,#1298);
#1297 = CARTESIAN_POINT('',(14.4612,-0.375878417206,0.));
#1298 = VECTOR('',#1299,1.);
#1299 = DIRECTION('',(1.2E-16,1.,0.));
#1300 = ORIENTED_EDGE('',*,*,#1301,.F.);
#1301 = EDGE_CURVE('',#1302,#1294,#1304,.T.);
#1302 = VERTEX_POINT('',#1303);
#1303 = CARTESIAN_POINT('',(13.4612,-1.,0.));
#1304 = CIRCLE('',#1305,1.);
#1305 = AXIS2_PLACEMENT_3D('',#1306,#1307,#1308);
#1306 = CARTESIAN_POINT('',(13.4612,-2.,0.));
#1307 = DIRECTION('',(-0.,-0.,-1.));
#1308 = DIRECTION('',(0.,-1.,0.));
#1309 = ORIENTED_EDGE('',*,*,#1310,.F.);
#1310 = EDGE_CURVE('',#1311,#1302,#1313,.T.);
#1311 = VERTEX_POINT('',#1312);
#1312 = CARTESIAN_POINT('',(6.042263980007,-1.,0.));
#1313 = LINE('',#1314,#1315);
#1314 = CARTESIAN_POINT('',(7.151128958347,-1.,0.));
#1315 = VECTOR('',#1316,1.);
#1316 = DIRECTION('',(1.,-1.2E-16,0.));
#1317 = ORIENTED_EDGE('',*,*,#1318,.F.);
#1318 = EDGE_CURVE('',#1275,#1311,#1319,.T.);
#1319 = CIRCLE('',#1320,1.);
#1320 = AXIS2_PLACEMENT_3D('',#1321,#1322,#1323);
#1321 = CARTESIAN_POINT('',(6.042263980007,-2.,0.));
#1322 = DIRECTION('',(-0.,-0.,-1.));
#1323 = DIRECTION('',(0.,-1.,0.));
#1324 = FACE_BOUND('',#1325,.T.);
#1325 = EDGE_LOOP('',(#1326));
#1326 = ORIENTED_EDGE('',*,*,#1327,.T.);
#1327 = EDGE_CURVE('',#1328,#1328,#1330,.T.);
#1328 = VERTEX_POINT('',#1329);
#1329 = CARTESIAN_POINT('',(-5.15,-38.,0.));
#1330 = CIRCLE('',#1331,1.05);
#1331 = AXIS2_PLACEMENT_3D('',#1332,#1333,#1334);
#1332 = CARTESIAN_POINT('',(-6.2,-38.,0.));
#1333 = DIRECTION('',(0.,0.,1.));
#1334 = DIRECTION('',(1.,0.,0.));
#1335 = FACE_BOUND('',#1336,.T.);
#1336 = EDGE_LOOP('',(#1337,#1347,#1356,#1364,#1373,#1381));
#1337 = ORIENTED_EDGE('',*,*,#1338,.T.);
#1338 = EDGE_CURVE('',#1339,#1341,#1343,.T.);
#1339 = VERTEX_POINT('',#1340);
#1340 = CARTESIAN_POINT('',(-8.684295236341,-21.60515327545,0.));
#1341 = VERTEX_POINT('',#1342);
#1342 = CARTESIAN_POINT('',(-6.930570401394,-34.13990153324,0.));
#1343 = LINE('',#1344,#1345);
#1344 = CARTESIAN_POINT('',(-9.22498891701,-17.74054519287,0.));
#1345 = VECTOR('',#1346,1.);
#1346 = DIRECTION('',(0.138559511615,-0.990354109267,0.));
#1347 = ORIENTED_EDGE('',*,*,#1348,.F.);
#1348 = EDGE_CURVE('',#1349,#1341,#1351,.T.);
#1349 = VERTEX_POINT('',#1350);
#1350 = CARTESIAN_POINT('',(-5.107862028294,-34.55558599271,0.));
#1351 = CIRCLE('',#1352,1.);
#1352 = AXIS2_PLACEMENT_3D('',#1353,#1354,#1355);
#1353 = CARTESIAN_POINT('',(-5.940216292127,-34.00134202163,0.));
#1354 = DIRECTION('',(0.,0.,-1.));
#1355 = DIRECTION('',(-1.,1.2E-16,0.));
#1356 = ORIENTED_EDGE('',*,*,#1357,.T.);
#1357 = EDGE_CURVE('',#1349,#1358,#1360,.T.);
#1358 = VERTEX_POINT('',#1359);
#1359 = CARTESIAN_POINT('',(-1.811436128065,-29.60506907844,0.));
#1360 = LINE('',#1361,#1362);
#1361 = CARTESIAN_POINT('',(5.512978783002,-18.60538608788,0.));
#1362 = VECTOR('',#1363,1.);
#1363 = DIRECTION('',(0.55424397108,0.832354263833,0.));
#1364 = ORIENTED_EDGE('',*,*,#1365,.F.);
#1365 = EDGE_CURVE('',#1366,#1358,#1368,.T.);
#1366 = VERTEX_POINT('',#1367);
#1367 = CARTESIAN_POINT('',(-1.811436128065,-28.49658113628,0.));
#1368 = CIRCLE('',#1369,1.);
#1369 = AXIS2_PLACEMENT_3D('',#1370,#1371,#1372);
#1370 = CARTESIAN_POINT('',(-2.643790391898,-29.05082510736,0.));
#1371 = DIRECTION('',(-0.,-0.,-1.));
#1372 = DIRECTION('',(0.,-1.,0.));
#1373 = ORIENTED_EDGE('',*,*,#1374,.F.);
#1374 = EDGE_CURVE('',#1375,#1366,#1377,.T.);
#1375 = VERTEX_POINT('',#1376);
#1376 = CARTESIAN_POINT('',(-6.861586863242,-20.91234979276,0.));
#1377 = LINE('',#1378,#1379);
#1378 = CARTESIAN_POINT('',(-8.003482229045,-19.19747055875,0.));
#1379 = VECTOR('',#1380,1.);
#1380 = DIRECTION('',(0.55424397108,-0.832354263833,0.));
#1381 = ORIENTED_EDGE('',*,*,#1382,.F.);
#1382 = EDGE_CURVE('',#1339,#1375,#1383,.T.);
#1383 = CIRCLE('',#1384,1.);
#1384 = AXIS2_PLACEMENT_3D('',#1385,#1386,#1387);
#1385 = CARTESIAN_POINT('',(-7.693941127075,-21.46659376384,0.));
#1386 = DIRECTION('',(-0.,-0.,-1.));
#1387 = DIRECTION('',(0.,-1.,0.));
#1388 = FACE_BOUND('',#1389,.T.);
#1389 = EDGE_LOOP('',(#1390));
#1390 = ORIENTED_EDGE('',*,*,#1391,.T.);
#1391 = EDGE_CURVE('',#1392,#1392,#1394,.T.);
#1392 = VERTEX_POINT('',#1393);
#1393 = CARTESIAN_POINT('',(-46.94694186733,-42.47247680603,0.));
#1394 = CIRCLE('',#1395,1.05);
#1395 = AXIS2_PLACEMENT_3D('',#1396,#1397,#1398);
#1396 = CARTESIAN_POINT('',(-47.99694186733,-42.47247680603,0.));
#1397 = DIRECTION('',(0.,0.,1.));
#1398 = DIRECTION('',(1.,0.,0.));
#1399 = FACE_BOUND('',#1400,.T.);
#1400 = EDGE_LOOP('',(#1401,#1411,#1420,#1428,#1437,#1445,#1454,#1462));
#1401 = ORIENTED_EDGE('',*,*,#1402,.F.);
#1402 = EDGE_CURVE('',#1403,#1405,#1407,.T.);
#1403 = VERTEX_POINT('',#1404);
#1404 = CARTESIAN_POINT('',(-54.41196709666,-42.7064038927,0.));
#1405 = VERTEX_POINT('',#1406);
#1406 = CARTESIAN_POINT('',(-54.36936654557,-40.88548041332,0.));
#1407 = LINE('',#1408,#1409);
#1408 = CARTESIAN_POINT('',(-54.43159248384,-43.54527398707,0.));
#1409 = VECTOR('',#1410,1.);
#1410 = DIRECTION('',(2.338862567765E-02,0.999726448679,0.));
#1411 = ORIENTED_EDGE('',*,*,#1412,.T.);
#1412 = EDGE_CURVE('',#1403,#1413,#1415,.T.);
#1413 = VERTEX_POINT('',#1414);
#1414 = CARTESIAN_POINT('',(-53.60887462386,-43.71026948371,0.));
#1415 = CIRCLE('',#1416,1.);
#1416 = AXIS2_PLACEMENT_3D('',#1417,#1418,#1419);
#1417 = CARTESIAN_POINT('',(-53.41224064798,-42.72979251838,0.));
#1418 = DIRECTION('',(-0.,0.,1.));
#1419 = DIRECTION('',(0.,-1.,0.));
#1420 = ORIENTED_EDGE('',*,*,#1421,.F.);
#1421 = EDGE_CURVE('',#1422,#1413,#1424,.T.);
#1422 = VERTEX_POINT('',#1423);
#1423 = CARTESIAN_POINT('',(-51.82299445296,-44.06842651428,0.));
#1424 = LINE('',#1425,#1426);
#1425 = CARTESIAN_POINT('',(-50.84251748764,-44.26506049016,0.));
#1426 = VECTOR('',#1427,1.);
#1427 = DIRECTION('',(-0.980476965324,0.196633975878,0.));
#1428 = ORIENTED_EDGE('',*,*,#1429,.T.);
#1429 = EDGE_CURVE('',#1422,#1430,#1432,.T.);
#1430 = VERTEX_POINT('',#1431);
#1431 = CARTESIAN_POINT('',(-50.64588351176,-43.28458352483,0.));
#1432 = CIRCLE('',#1433,1.);
#1433 = AXIS2_PLACEMENT_3D('',#1434,#1435,#1436);
#1434 = CARTESIAN_POINT('',(-51.62636047708,-43.08794954896,0.));
#1435 = DIRECTION('',(-0.,0.,1.));
#1436 = DIRECTION('',(0.,-1.,0.));
#1437 = ORIENTED_EDGE('',*,*,#1438,.F.);
#1438 = EDGE_CURVE('',#1439,#1430,#1441,.T.);
#1439 = VERTEX_POINT('',#1440);
#1440 = CARTESIAN_POINT('',(-50.21904989162,-41.15626093614,0.));
#1441 = LINE('',#1442,#1443);
#1442 = CARTESIAN_POINT('',(-49.98470933668,-39.98776746934,0.));
#1443 = VECTOR('',#1444,1.);
#1444 = DIRECTION('',(-0.196633975878,-0.980476965324,0.));
#1445 = ORIENTED_EDGE('',*,*,#1446,.F.);
#1446 = EDGE_CURVE('',#1447,#1439,#1449,.T.);
#1447 = VERTEX_POINT('',#1448);
#1448 = CARTESIAN_POINT('',(-51.17614372562,-39.95990038306,0.));
#1449 = CIRCLE('',#1450,1.);
#1450 = AXIS2_PLACEMENT_3D('',#1451,#1452,#1453);
#1451 = CARTESIAN_POINT('',(-51.19952685695,-40.95962696026,0.));
#1452 = DIRECTION('',(-0.,-0.,-1.));
#1453 = DIRECTION('',(0.,-1.,0.));
#1454 = ORIENTED_EDGE('',*,*,#1455,.F.);
#1455 = EDGE_CURVE('',#1456,#1447,#1458,.T.);
#1456 = VERTEX_POINT('',#1457);
#1457 = CARTESIAN_POINT('',(-53.34625696557,-39.9091424618,0.));
#1458 = LINE('',#1459,#1460);
#1459 = CARTESIAN_POINT('',(-54.34597804844,-39.88575945898,0.));
#1460 = VECTOR('',#1461,1.);
#1461 = DIRECTION('',(0.999726577205,-2.338313132932E-02,0.));
#1462 = ORIENTED_EDGE('',*,*,#1463,.F.);
#1463 = EDGE_CURVE('',#1405,#1456,#1464,.T.);
#1464 = CIRCLE('',#1465,1.);
#1465 = AXIS2_PLACEMENT_3D('',#1466,#1467,#1468);
#1466 = CARTESIAN_POINT('',(-53.36964009689,-40.908869039,0.));
#1467 = DIRECTION('',(-0.,-0.,-1.));
#1468 = DIRECTION('',(0.,-1.,0.));
#1469 = FACE_BOUND('',#1470,.T.);
#1470 = EDGE_LOOP('',(#1471));
#1471 = ORIENTED_EDGE('',*,*,#1472,.T.);
#1472 = EDGE_CURVE('',#1473,#1473,#1475,.T.);
#1473 = VERTEX_POINT('',#1474);
#1474 = CARTESIAN_POINT('',(-41.97752319396,-38.49694186733,0.));
#1475 = CIRCLE('',#1476,1.05);
#1476 = AXIS2_PLACEMENT_3D('',#1477,#1478,#1479);
#1477 = CARTESIAN_POINT('',(-43.02752319396,-38.49694186733,0.));
#1478 = DIRECTION('',(0.,0.,1.));
#1479 = DIRECTION('',(1.,0.,0.));
#1480 = FACE_BOUND('',#1481,.T.);
#1481 = EDGE_LOOP('',(#1482));
#1482 = ORIENTED_EDGE('',*,*,#1483,.T.);
#1483 = EDGE_CURVE('',#1484,#1484,#1486,.T.);
#1484 = VERTEX_POINT('',#1485);
#1485 = CARTESIAN_POINT('',(-45.125,-38.,0.));
#1486 = CIRCLE('',#1487,2.375);
#1487 = AXIS2_PLACEMENT_3D('',#1488,#1489,#1490);
#1488 = CARTESIAN_POINT('',(-47.5,-38.,0.));
#1489 = DIRECTION('',(0.,0.,1.));
#1490 = DIRECTION('',(1.,0.,0.));
#1491 = FACE_BOUND('',#1492,.T.);
#1492 = EDGE_LOOP('',(#1493));
#1493 = ORIENTED_EDGE('',*,*,#1494,.T.);
#1494 = EDGE_CURVE('',#1495,#1495,#1497,.T.);
#1495 = VERTEX_POINT('',#1496);
#1496 = CARTESIAN_POINT('',(-45.95305813266,-33.52752319396,0.));
#1497 = CIRCLE('',#1498,1.05);
#1498 = AXIS2_PLACEMENT_3D('',#1499,#1500,#1501);
#1499 = CARTESIAN_POINT('',(-47.00305813266,-33.52752319396,0.));
#1500 = DIRECTION('',(0.,0.,1.));
#1501 = DIRECTION('',(1.,0.,0.));
#1502 = FACE_BOUND('',#1503,.T.);
#1503 = EDGE_LOOP('',(#1504));
#1504 = ORIENTED_EDGE('',*,*,#1505,.T.);
#1505 = EDGE_CURVE('',#1506,#1506,#1508,.T.);
#1506 = VERTEX_POINT('',#1507);
#1507 = CARTESIAN_POINT('',(-50.92247680603,-37.50305813266,0.));
#1508 = CIRCLE('',#1509,1.05);
#1509 = AXIS2_PLACEMENT_3D('',#1510,#1511,#1512);
#1510 = CARTESIAN_POINT('',(-51.97247680603,-37.50305813266,0.));
#1511 = DIRECTION('',(0.,0.,1.));
#1512 = DIRECTION('',(1.,0.,0.));
#1513 = FACE_BOUND('',#1514,.T.);
#1514 = EDGE_LOOP('',(#1515,#1525,#1534,#1543,#1552,#1560,#1569,#1577));
#1515 = ORIENTED_EDGE('',*,*,#1516,.T.);
#1516 = EDGE_CURVE('',#1517,#1519,#1521,.T.);
#1517 = VERTEX_POINT('',#1518);
#1518 = CARTESIAN_POINT('',(-2.601373682743,-3.164926824248,0.));
#1519 = VERTEX_POINT('',#1520);
#1520 = CARTESIAN_POINT('',(-7.891913772554,-7.147053773569,0.));
#1521 = LINE('',#1522,#1523);
#1522 = CARTESIAN_POINT('',(-6.33037343107,-5.971700828366,1.1E-16));
#1523 = VECTOR('',#1524,1.);
#1524 = DIRECTION('',(-0.798967892787,-0.601373682743,0.));
#1525 = ORIENTED_EDGE('',*,*,#1526,.T.);
#1526 = EDGE_CURVE('',#1519,#1527,#1529,.T.);
#1527 = VERTEX_POINT('',#1528);
#1528 = CARTESIAN_POINT('',(-8.087440063396,-8.550132940957,0.));
#1529 = CIRCLE('',#1530,1.);
#1530 = AXIS2_PLACEMENT_3D('',#1531,#1532,#1533);
#1531 = CARTESIAN_POINT('',(-7.290540089812,-7.946021666355,0.));
#1532 = DIRECTION('',(0.,-0.,1.));
#1533 = DIRECTION('',(0.,1.,0.));
#1534 = ORIENTED_EDGE('',*,*,#1535,.F.);
#1535 = EDGE_CURVE('',#1536,#1527,#1538,.T.);
#1536 = VERTEX_POINT('',#1537);
#1537 = CARTESIAN_POINT('',(-7.885198639047,-11.13473133547,0.));
#1538 = CIRCLE('',#1539,2.4);
#1539 = AXIS2_PLACEMENT_3D('',#1540,#1541,#1542);
#1540 = CARTESIAN_POINT('',(-10.,-10.,0.));
#1541 = DIRECTION('',(0.,0.,1.));
#1542 = DIRECTION('',(1.,0.,0.));
#1543 = ORIENTED_EDGE('',*,*,#1544,.T.);
#1544 = EDGE_CURVE('',#1536,#1545,#1547,.T.);
#1545 = VERTEX_POINT('',#1546);
#1546 = CARTESIAN_POINT('',(-7.229520767758,-12.58178168851,0.));
#1547 = CIRCLE('',#1548,1.);
#1548 = AXIS2_PLACEMENT_3D('',#1549,#1550,#1551);
#1549 = CARTESIAN_POINT('',(-7.004031405317,-11.60753605859,0.));
#1550 = DIRECTION('',(0.,-0.,1.));
#1551 = DIRECTION('',(0.,1.,0.));
#1552 = ORIENTED_EDGE('',*,*,#1553,.T.);
#1553 = EDGE_CURVE('',#1545,#1554,#1556,.T.);
#1554 = VERTEX_POINT('',#1555);
#1555 = CARTESIAN_POINT('',(-2.225489362441,-13.73996584306,0.));
#1556 = LINE('',#1557,#1558);
#1557 = CARTESIAN_POINT('',(-5.233100513354,-13.04385358958,0.));
#1558 = VECTOR('',#1559,1.);
#1559 = DIRECTION('',(0.974245629924,-0.225489362441,0.));
#1560 = ORIENTED_EDGE('',*,*,#1561,.F.);
#1561 = EDGE_CURVE('',#1562,#1554,#1564,.T.);
#1562 = VERTEX_POINT('',#1563);
#1563 = CARTESIAN_POINT('',(-1.,-12.76572021314,0.));
#1564 = CIRCLE('',#1565,1.);
#1565 = AXIS2_PLACEMENT_3D('',#1566,#1567,#1568);
#1566 = CARTESIAN_POINT('',(-2.,-12.76572021314,0.));
#1567 = DIRECTION('',(-0.,-0.,-1.));
#1568 = DIRECTION('',(0.,-1.,0.));
#1569 = ORIENTED_EDGE('',*,*,#1570,.F.);
#1570 = EDGE_CURVE('',#1571,#1562,#1573,.T.);
#1571 = VERTEX_POINT('',#1572);
#1572 = CARTESIAN_POINT('',(-1.,-3.963894717035,0.));
#1573 = LINE('',#1574,#1575);
#1574 = CARTESIAN_POINT('',(-1.,-6.887681228164,0.));
#1575 = VECTOR('',#1576,1.);
#1576 = DIRECTION('',(-1.2E-16,-1.,0.));
#1577 = ORIENTED_EDGE('',*,*,#1578,.F.);
#1578 = EDGE_CURVE('',#1517,#1571,#1579,.T.);
#1579 = CIRCLE('',#1580,1.);
#1580 = AXIS2_PLACEMENT_3D('',#1581,#1582,#1583);
#1581 = CARTESIAN_POINT('',(-2.,-3.963894717035,0.));
#1582 = DIRECTION('',(-0.,-0.,-1.));
#1583 = DIRECTION('',(0.,-1.,0.));
#1584 = FACE_BOUND('',#1585,.T.);
#1585 = EDGE_LOOP('',(#1586));
#1586 = ORIENTED_EDGE('',*,*,#1587,.T.);
#1587 = EDGE_CURVE('',#1588,#1588,#1590,.T.);
#1588 = VERTEX_POINT('',#1589);
#1589 = CARTESIAN_POINT('',(-8.95,-10.,0.));
#1590 = CIRCLE('',#1591,1.05);
#1591 = AXIS2_PLACEMENT_3D('',#1592,#1593,#1594);
#1592 = CARTESIAN_POINT('',(-10.,-10.,0.));
#1593 = DIRECTION('',(0.,0.,1.));
#1594 = DIRECTION('',(1.,0.,0.));
#1595 = FACE_BOUND('',#1596,.T.);
#1596 = EDGE_LOOP('',(#1597,#1607,#1616,#1624,#1633,#1641));
#1597 = ORIENTED_EDGE('',*,*,#1598,.T.);
#1598 = EDGE_CURVE('',#1599,#1601,#1603,.T.);
#1599 = VERTEX_POINT('',#1600);
#1600 = CARTESIAN_POINT('',(-6.042263980007,-1.,0.));
#1601 = VERTEX_POINT('',#1602);
#1602 = CARTESIAN_POINT('',(-13.4612,-1.,0.));
#1603 = LINE('',#1604,#1605);
#1604 = CARTESIAN_POINT('',(-7.310071041653,-1.,0.));
#1605 = VECTOR('',#1606,1.);
#1606 = DIRECTION('',(-1.,1.2E-16,0.));
#1607 = ORIENTED_EDGE('',*,*,#1608,.T.);
#1608 = EDGE_CURVE('',#1601,#1609,#1611,.T.);
#1609 = VERTEX_POINT('',#1610);
#1610 = CARTESIAN_POINT('',(-14.4612,-2.,0.));
#1611 = CIRCLE('',#1612,1.);
#1612 = AXIS2_PLACEMENT_3D('',#1613,#1614,#1615);
#1613 = CARTESIAN_POINT('',(-13.4612,-2.,0.));
#1614 = DIRECTION('',(-0.,0.,1.));
#1615 = DIRECTION('',(0.,-1.,0.));
#1616 = ORIENTED_EDGE('',*,*,#1617,.T.);
#1617 = EDGE_CURVE('',#1609,#1618,#1620,.T.);
#1618 = VERTEX_POINT('',#1619);
#1619 = CARTESIAN_POINT('',(-14.4612,-7.584145391393,0.));
#1620 = LINE('',#1621,#1622);
#1621 = CARTESIAN_POINT('',(-14.4612,-4.670102574306,0.));
#1622 = VECTOR('',#1623,1.);
#1623 = DIRECTION('',(-1.2E-16,-1.,0.));
#1624 = ORIENTED_EDGE('',*,*,#1625,.F.);
#1625 = EDGE_CURVE('',#1626,#1618,#1628,.T.);
#1626 = VERTEX_POINT('',#1627);
#1627 = CARTESIAN_POINT('',(-12.85982631725,-8.38311328418,0.));
#1628 = CIRCLE('',#1629,1.);
#1629 = AXIS2_PLACEMENT_3D('',#1630,#1631,#1632);
#1630 = CARTESIAN_POINT('',(-13.4612,-7.584145391393,0.));
#1631 = DIRECTION('',(-0.,-0.,-1.));
#1632 = DIRECTION('',(0.,-1.,0.));
#1633 = ORIENTED_EDGE('',*,*,#1634,.F.);
#1634 = EDGE_CURVE('',#1635,#1626,#1637,.T.);
#1635 = VERTEX_POINT('',#1636);
#1636 = CARTESIAN_POINT('',(-5.440890297264,-2.798967892787,0.));
#1637 = LINE('',#1638,#1639);
#1638 = CARTESIAN_POINT('',(-7.533120796556,-4.373765042792,1.1E-16));
#1639 = VECTOR('',#1640,1.);
#1640 = DIRECTION('',(-0.798967892787,-0.601373682743,0.));
#1641 = ORIENTED_EDGE('',*,*,#1642,.F.);
#1642 = EDGE_CURVE('',#1599,#1635,#1643,.T.);
#1643 = CIRCLE('',#1644,1.);
#1644 = AXIS2_PLACEMENT_3D('',#1645,#1646,#1647);
#1645 = CARTESIAN_POINT('',(-6.042263980007,-2.,0.));
#1646 = DIRECTION('',(-0.,-0.,-1.));
#1647 = DIRECTION('',(0.,-1.,0.));
#1648 = FACE_BOUND('',#1649,.T.);
#1649 = EDGE_LOOP('',(#1650));
#1650 = ORIENTED_EDGE('',*,*,#1651,.T.);
#1651 = EDGE_CURVE('',#1652,#1652,#1654,.T.);
#1652 = VERTEX_POINT('',#1653);
#1653 = CARTESIAN_POINT('',(19.081222920257,0.,0.));
#1654 = CIRCLE('',#1655,1.05);
#1655 = AXIS2_PLACEMENT_3D('',#1656,#1657,#1658);
#1656 = CARTESIAN_POINT('',(18.031222920257,0.,0.));
#1657 = DIRECTION('',(0.,0.,1.));
#1658 = DIRECTION('',(1.,0.,0.));
#1659 = FACE_BOUND('',#1660,.T.);
#1660 = EDGE_LOOP('',(#1661,#1671,#1680,#1688,#1697,#1705));
#1661 = ORIENTED_EDGE('',*,*,#1662,.T.);
#1662 = EDGE_CURVE('',#1663,#1665,#1667,.T.);
#1663 = VERTEX_POINT('',#1664);
#1664 = CARTESIAN_POINT('',(12.859826317257,8.38311328418,0.));
#1665 = VERTEX_POINT('',#1666);
#1666 = CARTESIAN_POINT('',(5.440890297264,2.798967892787,0.));
#1667 = LINE('',#1668,#1669);
#1668 = CARTESIAN_POINT('',(1.845752088628,9.294988628648E-02,1.1E-16));
#1669 = VECTOR('',#1670,1.);
#1670 = DIRECTION('',(-0.798967892787,-0.601373682743,0.));
#1671 = ORIENTED_EDGE('',*,*,#1672,.T.);
#1672 = EDGE_CURVE('',#1665,#1673,#1675,.T.);
#1673 = VERTEX_POINT('',#1674);
#1674 = CARTESIAN_POINT('',(6.042263980007,1.,0.));
#1675 = CIRCLE('',#1676,1.);
#1676 = AXIS2_PLACEMENT_3D('',#1677,#1678,#1679);
#1677 = CARTESIAN_POINT('',(6.042263980007,2.,0.));
#1678 = DIRECTION('',(-0.,0.,1.));
#1679 = DIRECTION('',(0.,-1.,0.));
#1680 = ORIENTED_EDGE('',*,*,#1681,.T.);
#1681 = EDGE_CURVE('',#1673,#1682,#1684,.T.);
#1682 = VERTEX_POINT('',#1683);
#1683 = CARTESIAN_POINT('',(13.4612,1.,0.));
#1684 = LINE('',#1685,#1686);
#1685 = CARTESIAN_POINT('',(7.151128958347,1.,0.));
#1686 = VECTOR('',#1687,1.);
#1687 = DIRECTION('',(1.,-1.2E-16,0.));
#1688 = ORIENTED_EDGE('',*,*,#1689,.F.);
#1689 = EDGE_CURVE('',#1690,#1682,#1692,.T.);
#1690 = VERTEX_POINT('',#1691);
#1691 = CARTESIAN_POINT('',(14.4612,2.,0.));
#1692 = CIRCLE('',#1693,1.);
#1693 = AXIS2_PLACEMENT_3D('',#1694,#1695,#1696);
#1694 = CARTESIAN_POINT('',(13.4612,2.,0.));
#1695 = DIRECTION('',(-0.,-0.,-1.));
#1696 = DIRECTION('',(0.,-1.,0.));
#1697 = ORIENTED_EDGE('',*,*,#1698,.F.);
#1698 = EDGE_CURVE('',#1699,#1690,#1701,.T.);
#1699 = VERTEX_POINT('',#1700);
#1700 = CARTESIAN_POINT('',(14.4612,7.584145391393,0.));
#1701 = LINE('',#1702,#1703);
#1702 = CARTESIAN_POINT('',(14.4612,0.624121582794,0.));
#1703 = VECTOR('',#1704,1.);
#1704 = DIRECTION('',(-1.2E-16,-1.,0.));
#1705 = ORIENTED_EDGE('',*,*,#1706,.F.);
#1706 = EDGE_CURVE('',#1663,#1699,#1707,.T.);
#1707 = CIRCLE('',#1708,1.);
#1708 = AXIS2_PLACEMENT_3D('',#1709,#1710,#1711);
#1709 = CARTESIAN_POINT('',(13.4612,7.584145391393,0.));
#1710 = DIRECTION('',(-0.,-0.,-1.));
#1711 = DIRECTION('',(0.,-1.,0.));
#1712 = FACE_BOUND('',#1713,.T.);
#1713 = EDGE_LOOP('',(#1714,#1724,#1733,#1741));
#1714 = ORIENTED_EDGE('',*,*,#1715,.F.);
#1715 = EDGE_CURVE('',#1716,#1718,#1720,.T.);
#1716 = VERTEX_POINT('',#1717);
#1717 = CARTESIAN_POINT('',(-2.25,1.,0.));
#1718 = VERTEX_POINT('',#1719);
#1719 = CARTESIAN_POINT('',(2.25,1.,0.));
#1720 = LINE('',#1721,#1722);
#1721 = CARTESIAN_POINT('',(-2.25,1.,0.));
#1722 = VECTOR('',#1723,1.);
#1723 = DIRECTION('',(1.,5.E-17,0.));
#1724 = ORIENTED_EDGE('',*,*,#1725,.T.);
#1725 = EDGE_CURVE('',#1716,#1726,#1728,.T.);
#1726 = VERTEX_POINT('',#1727);
#1727 = CARTESIAN_POINT('',(-2.25,-1.,0.));
#1728 = CIRCLE('',#1729,1.);
#1729 = AXIS2_PLACEMENT_3D('',#1730,#1731,#1732);
#1730 = CARTESIAN_POINT('',(-2.25,0.,0.));
#1731 = DIRECTION('',(0.,0.,1.));
#1732 = DIRECTION('',(1.,0.,0.));
#1733 = ORIENTED_EDGE('',*,*,#1734,.T.);
#1734 = EDGE_CURVE('',#1726,#1735,#1737,.T.);
#1735 = VERTEX_POINT('',#1736);
#1736 = CARTESIAN_POINT('',(2.25,-1.,0.));
#1737 = LINE('',#1738,#1739);
#1738 = CARTESIAN_POINT('',(-2.25,-1.,0.));
#1739 = VECTOR('',#1740,1.);
#1740 = DIRECTION('',(1.,0.,0.));
#1741 = ORIENTED_EDGE('',*,*,#1742,.T.);
#1742 = EDGE_CURVE('',#1735,#1718,#1743,.T.);
#1743 = CIRCLE('',#1744,1.);
#1744 = AXIS2_PLACEMENT_3D('',#1745,#1746,#1747);
#1745 = CARTESIAN_POINT('',(2.25,1.9E-16,0.));
#1746 = DIRECTION('',(0.,0.,1.));
#1747 = DIRECTION('',(1.,0.,0.));
#1748 = FACE_BOUND('',#1749,.T.);
#1749 = EDGE_LOOP('',(#1750));
#1750 = ORIENTED_EDGE('',*,*,#1751,.T.);
#1751 = EDGE_CURVE('',#1752,#1752,#1754,.T.);
#1752 = VERTEX_POINT('',#1753);
#1753 = CARTESIAN_POINT('',(11.05,10.,0.));
#1754 = CIRCLE('',#1755,1.05);
#1755 = AXIS2_PLACEMENT_3D('',#1756,#1757,#1758);
#1756 = CARTESIAN_POINT('',(10.,10.,0.));
#1757 = DIRECTION('',(0.,0.,1.));
#1758 = DIRECTION('',(1.,0.,0.));
#1759 = FACE_BOUND('',#1760,.T.);
#1760 = EDGE_LOOP('',(#1761,#1771,#1780,#1788,#1797,#1806,#1815,#1823));
#1761 = ORIENTED_EDGE('',*,*,#1762,.T.);
#1762 = EDGE_CURVE('',#1763,#1765,#1767,.T.);
#1763 = VERTEX_POINT('',#1764);
#1764 = CARTESIAN_POINT('',(1.,12.765720213145,0.));
#1765 = VERTEX_POINT('',#1766);
#1766 = CARTESIAN_POINT('',(1.,3.963894717035,0.));
#1767 = LINE('',#1768,#1769);
#1768 = CARTESIAN_POINT('',(1.,1.103917479907,0.));
#1769 = VECTOR('',#1770,1.);
#1770 = DIRECTION('',(-1.2E-16,-1.,0.));
#1771 = ORIENTED_EDGE('',*,*,#1772,.T.);
#1772 = EDGE_CURVE('',#1765,#1773,#1775,.T.);
#1773 = VERTEX_POINT('',#1774);
#1774 = CARTESIAN_POINT('',(2.601373682743,3.164926824248,0.));
#1775 = CIRCLE('',#1776,1.);
#1776 = AXIS2_PLACEMENT_3D('',#1777,#1778,#1779);
#1777 = CARTESIAN_POINT('',(2.,3.963894717035,0.));
#1778 = DIRECTION('',(-0.,0.,1.));
#1779 = DIRECTION('',(0.,-1.,0.));
#1780 = ORIENTED_EDGE('',*,*,#1781,.F.);
#1781 = EDGE_CURVE('',#1782,#1773,#1784,.T.);
#1782 = VERTEX_POINT('',#1783);
#1783 = CARTESIAN_POINT('',(7.891913772554,7.147053773569,0.));
#1784 = LINE('',#1785,#1786);
#1785 = CARTESIAN_POINT('',(0.21896192889,1.371713676187,0.));
#1786 = VECTOR('',#1787,1.);
#1787 = DIRECTION('',(-0.798967892787,-0.601373682743,0.));
#1788 = ORIENTED_EDGE('',*,*,#1789,.T.);
#1789 = EDGE_CURVE('',#1782,#1790,#1792,.T.);
#1790 = VERTEX_POINT('',#1791);
#1791 = CARTESIAN_POINT('',(8.087440063396,8.550132940957,0.));
#1792 = CIRCLE('',#1793,1.);
#1793 = AXIS2_PLACEMENT_3D('',#1794,#1795,#1796);
#1794 = CARTESIAN_POINT('',(7.290540089812,7.946021666355,0.));
#1795 = DIRECTION('',(0.,-0.,1.));
#1796 = DIRECTION('',(0.,1.,0.));
#1797 = ORIENTED_EDGE('',*,*,#1798,.F.);
#1798 = EDGE_CURVE('',#1799,#1790,#1801,.T.);
#1799 = VERTEX_POINT('',#1800);
#1800 = CARTESIAN_POINT('',(7.885198639047,11.134731335476,0.));
#1801 = CIRCLE('',#1802,2.4);
#1802 = AXIS2_PLACEMENT_3D('',#1803,#1804,#1805);
#1803 = CARTESIAN_POINT('',(10.,10.,0.));
#1804 = DIRECTION('',(0.,0.,1.));
#1805 = DIRECTION('',(1.,0.,0.));
#1806 = ORIENTED_EDGE('',*,*,#1807,.F.);
#1807 = EDGE_CURVE('',#1808,#1799,#1810,.T.);
#1808 = VERTEX_POINT('',#1809);
#1809 = CARTESIAN_POINT('',(7.229520767758,12.581781688515,0.));
#1810 = CIRCLE('',#1811,1.);
#1811 = AXIS2_PLACEMENT_3D('',#1812,#1813,#1814);
#1812 = CARTESIAN_POINT('',(7.004031405317,11.607536058591,0.));
#1813 = DIRECTION('',(0.,0.,-1.));
#1814 = DIRECTION('',(0.,1.,0.));
#1815 = ORIENTED_EDGE('',*,*,#1816,.T.);
#1816 = EDGE_CURVE('',#1808,#1817,#1819,.T.);
#1817 = VERTEX_POINT('',#1818);
#1818 = CARTESIAN_POINT('',(2.225489362441,13.739965843069,0.));
#1819 = LINE('',#1820,#1821);
#1820 = CARTESIAN_POINT('',(1.963092192033,13.800697725095,0.));
#1821 = VECTOR('',#1822,1.);
#1822 = DIRECTION('',(-0.974245629924,0.225489362441,0.));
#1823 = ORIENTED_EDGE('',*,*,#1824,.F.);
#1824 = EDGE_CURVE('',#1763,#1817,#1825,.T.);
#1825 = CIRCLE('',#1826,1.);
#1826 = AXIS2_PLACEMENT_3D('',#1827,#1828,#1829);
#1827 = CARTESIAN_POINT('',(2.,12.765720213145,0.));
#1828 = DIRECTION('',(-0.,-0.,-1.));
#1829 = DIRECTION('',(0.,-1.,0.));
#1830 = FACE_BOUND('',#1831,.T.);
#1831 = EDGE_LOOP('',(#1832));
#1832 = ORIENTED_EDGE('',*,*,#1833,.T.);
#1833 = EDGE_CURVE('',#1834,#1834,#1836,.T.);
#1834 = VERTEX_POINT('',#1835);
#1835 = CARTESIAN_POINT('',(1.05,18.031222920257,0.));
#1836 = CIRCLE('',#1837,1.05);
#1837 = AXIS2_PLACEMENT_3D('',#1838,#1839,#1840);
#1838 = CARTESIAN_POINT('',(0.,18.031222920257,0.));
#1839 = DIRECTION('',(0.,0.,1.));
#1840 = DIRECTION('',(1.,0.,0.));
#1841 = FACE_BOUND('',#1842,.T.);
#1842 = EDGE_LOOP('',(#1843,#1854,#1863,#1871,#1880,#1888,#1897,#1905,
    #1914,#1922));
#1843 = ORIENTED_EDGE('',*,*,#1844,.T.);
#1844 = EDGE_CURVE('',#1845,#1847,#1849,.T.);
#1845 = VERTEX_POINT('',#1846);
#1846 = CARTESIAN_POINT('',(-2.398290798867,18.121760720358,0.));
#1847 = VERTEX_POINT('',#1848);
#1848 = CARTESIAN_POINT('',(2.398290798867,18.121760720358,0.));
#1849 = CIRCLE('',#1850,2.4);
#1850 = AXIS2_PLACEMENT_3D('',#1851,#1852,#1853);
#1851 = CARTESIAN_POINT('',(2.21E-15,18.0312,0.));
#1852 = DIRECTION('',(0.,0.,-1.));
#1853 = DIRECTION('',(-1.,1.2E-16,0.));
#1854 = ORIENTED_EDGE('',*,*,#1855,.T.);
#1855 = EDGE_CURVE('',#1847,#1856,#1858,.T.);
#1856 = VERTEX_POINT('',#1857);
#1857 = CARTESIAN_POINT('',(3.172089269286,17.185248723917,0.));
#1858 = CIRCLE('',#1859,1.);
#1859 = AXIS2_PLACEMENT_3D('',#1860,#1861,#1862);
#1860 = CARTESIAN_POINT('',(3.397578631728,18.159494353841,0.));
#1861 = DIRECTION('',(-0.,0.,1.));
#1862 = DIRECTION('',(0.,-1.,0.));
#1863 = ORIENTED_EDGE('',*,*,#1864,.F.);
#1864 = EDGE_CURVE('',#1865,#1856,#1867,.T.);
#1865 = VERTEX_POINT('',#1866);
#1866 = CARTESIAN_POINT('',(5.456057416173,16.656623800737,0.));
#1867 = LINE('',#1868,#1869);
#1868 = CARTESIAN_POINT('',(3.021204511,17.220171033962,1.1E-16));
#1869 = VECTOR('',#1870,1.);
#1870 = DIRECTION('',(-0.974245629924,0.225489362441,0.));
#1871 = ORIENTED_EDGE('',*,*,#1872,.T.);
#1872 = EDGE_CURVE('',#1865,#1873,#1875,.T.);
#1873 = VERTEX_POINT('',#1874);
#1874 = CARTESIAN_POINT('',(6.430571656259,18.29341130305,0.));
#1875 = CIRCLE('',#1876,1.);
#1876 = AXIS2_PLACEMENT_3D('',#1877,#1878,#1879);
#1877 = CARTESIAN_POINT('',(5.681546778615,17.630869430661,0.));
#1878 = DIRECTION('',(-0.,0.,1.));
#1879 = DIRECTION('',(0.,-1.,0.));
#1880 = ORIENTED_EDGE('',*,*,#1881,.F.);
#1881 = EDGE_CURVE('',#1882,#1873,#1884,.T.);
#1882 = VERTEX_POINT('',#1883);
#1883 = CARTESIAN_POINT('',(0.749024877645,24.716582513855,0.));
#1884 = LINE('',#1885,#1886);
#1885 = CARTESIAN_POINT('',(10.497539448048,13.695573521653,0.));
#1886 = VECTOR('',#1887,1.);
#1887 = DIRECTION('',(0.662541872389,-0.749024877645,0.));
#1888 = ORIENTED_EDGE('',*,*,#1889,.F.);
#1889 = EDGE_CURVE('',#1890,#1882,#1892,.T.);
#1890 = VERTEX_POINT('',#1891);
#1891 = CARTESIAN_POINT('',(-0.749024877645,24.716582513855,0.));
#1892 = CIRCLE('',#1893,1.);
#1893 = AXIS2_PLACEMENT_3D('',#1894,#1895,#1896);
#1894 = CARTESIAN_POINT('',(7.11E-15,24.054040641466,0.));
#1895 = DIRECTION('',(-0.,-0.,-1.));
#1896 = DIRECTION('',(0.,-1.,0.));
#1897 = ORIENTED_EDGE('',*,*,#1898,.T.);
#1898 = EDGE_CURVE('',#1890,#1899,#1901,.T.);
#1899 = VERTEX_POINT('',#1900);
#1900 = CARTESIAN_POINT('',(-6.430571656259,18.29341130305,0.));
#1901 = LINE('',#1902,#1903);
#1902 = CARTESIAN_POINT('',(-10.56730894033,13.616696868573,0.));
#1903 = VECTOR('',#1904,1.);
#1904 = DIRECTION('',(-0.662541872389,-0.749024877645,0.));
#1905 = ORIENTED_EDGE('',*,*,#1906,.F.);
#1906 = EDGE_CURVE('',#1907,#1899,#1909,.T.);
#1907 = VERTEX_POINT('',#1908);
#1908 = CARTESIAN_POINT('',(-5.456057416173,16.656623800737,0.));
#1909 = CIRCLE('',#1910,1.);
#1910 = AXIS2_PLACEMENT_3D('',#1911,#1912,#1913);
#1911 = CARTESIAN_POINT('',(-5.681546778615,17.630869430661,0.));
#1912 = DIRECTION('',(-0.,-0.,-1.));
#1913 = DIRECTION('',(0.,-1.,0.));
#1914 = ORIENTED_EDGE('',*,*,#1915,.T.);
#1915 = EDGE_CURVE('',#1907,#1916,#1918,.T.);
#1916 = VERTEX_POINT('',#1917);
#1917 = CARTESIAN_POINT('',(-3.172089269286,17.185248723917,0.));
#1918 = LINE('',#1919,#1920);
#1919 = CARTESIAN_POINT('',(-3.172065112146,17.185254315093,0.));
#1920 = VECTOR('',#1921,1.);
#1921 = DIRECTION('',(0.974245629924,0.225489362441,0.));
#1922 = ORIENTED_EDGE('',*,*,#1923,.F.);
#1923 = EDGE_CURVE('',#1845,#1916,#1924,.T.);
#1924 = CIRCLE('',#1925,1.);
#1925 = AXIS2_PLACEMENT_3D('',#1926,#1927,#1928);
#1926 = CARTESIAN_POINT('',(-3.397578631728,18.159494353841,0.));
#1927 = DIRECTION('',(-0.,-0.,-1.));
#1928 = DIRECTION('',(0.,-1.,0.));
#1929 = FACE_BOUND('',#1930,.T.);
#1930 = EDGE_LOOP('',(#1931));
#1931 = ORIENTED_EDGE('',*,*,#1932,.T.);
#1932 = EDGE_CURVE('',#1933,#1933,#1935,.T.);
#1933 = VERTEX_POINT('',#1934);
#1934 = CARTESIAN_POINT('',(53.022476806031,37.503058132663,0.));
#1935 = CIRCLE('',#1936,1.05);
#1936 = AXIS2_PLACEMENT_3D('',#1937,#1938,#1939);
#1937 = CARTESIAN_POINT('',(51.972476806031,37.503058132663,0.));
#1938 = DIRECTION('',(0.,0.,1.));
#1939 = DIRECTION('',(1.,0.,0.));
#1940 = FACE_BOUND('',#1941,.T.);
#1941 = EDGE_LOOP('',(#1942));
#1942 = ORIENTED_EDGE('',*,*,#1943,.T.);
#1943 = EDGE_CURVE('',#1944,#1944,#1946,.T.);
#1944 = VERTEX_POINT('',#1945);
#1945 = CARTESIAN_POINT('',(49.875,38.,0.));
#1946 = CIRCLE('',#1947,2.375);
#1947 = AXIS2_PLACEMENT_3D('',#1948,#1949,#1950);
#1948 = CARTESIAN_POINT('',(47.5,38.,0.));
#1949 = DIRECTION('',(0.,0.,1.));
#1950 = DIRECTION('',(1.,0.,0.));
#1951 = FACE_BOUND('',#1952,.T.);
#1952 = EDGE_LOOP('',(#1953));
#1953 = ORIENTED_EDGE('',*,*,#1954,.T.);
#1954 = EDGE_CURVE('',#1955,#1955,#1957,.T.);
#1955 = VERTEX_POINT('',#1956);
#1956 = CARTESIAN_POINT('',(48.053058132663,33.527523193969,0.));
#1957 = CIRCLE('',#1958,1.05);
#1958 = AXIS2_PLACEMENT_3D('',#1959,#1960,#1961);
#1959 = CARTESIAN_POINT('',(47.003058132663,33.527523193969,0.));
#1960 = DIRECTION('',(0.,0.,1.));
#1961 = DIRECTION('',(1.,0.,0.));
#1962 = FACE_BOUND('',#1963,.T.);
#1963 = EDGE_LOOP('',(#1964,#1974,#1983,#1991,#2000,#2008,#2017,#2025));
#1964 = ORIENTED_EDGE('',*,*,#1965,.F.);
#1965 = EDGE_CURVE('',#1966,#1968,#1970,.T.);
#1966 = VERTEX_POINT('',#1967);
#1967 = CARTESIAN_POINT('',(53.102040398241,39.914837429927,0.));
#1968 = VERTEX_POINT('',#1969);
#1969 = CARTESIAN_POINT('',(51.412466671653,39.954365050205,0.));
#1970 = LINE('',#1971,#1972);
#1971 = CARTESIAN_POINT('',(54.193050370429,39.889313223896,0.));
#1972 = VECTOR('',#1973,1.);
#1973 = DIRECTION('',(-0.999726448679,2.338862567765E-02,0.));
#1974 = ORIENTED_EDGE('',*,*,#1975,.T.);
#1975 = EDGE_CURVE('',#1966,#1976,#1978,.T.);
#1976 = VERTEX_POINT('',#1977);
#1977 = CARTESIAN_POINT('',(54.123389664678,40.978396154889,0.));
#1978 = CIRCLE('',#1979,1.);
#1979 = AXIS2_PLACEMENT_3D('',#1980,#1981,#1982);
#1980 = CARTESIAN_POINT('',(53.125429023919,40.914563878606,0.));
#1981 = DIRECTION('',(-0.,0.,1.));
#1982 = DIRECTION('',(0.,-1.,0.));
#1983 = ORIENTED_EDGE('',*,*,#1984,.F.);
#1984 = EDGE_CURVE('',#1985,#1976,#1987,.T.);
#1985 = VERTEX_POINT('',#1986);
#1986 = CARTESIAN_POINT('',(54.026896479161,42.486980947005,0.));
#1987 = LINE('',#1988,#1989);
#1988 = CARTESIAN_POINT('',(53.982200638126,43.185760510501,0.));
#1989 = VECTOR('',#1990,1.);
#1990 = DIRECTION('',(6.38322762834E-02,-0.997960640759,0.));
#1991 = ORIENTED_EDGE('',*,*,#1992,.T.);
#1992 = EDGE_CURVE('',#1985,#1993,#1995,.T.);
#1993 = VERTEX_POINT('',#1994);
#1994 = CARTESIAN_POINT('',(53.310275760796,43.382756844961,0.));
#1995 = CIRCLE('',#1996,1.);
#1996 = AXIS2_PLACEMENT_3D('',#1997,#1998,#1999);
#1997 = CARTESIAN_POINT('',(53.028935838402,42.423148670722,0.));
#1998 = DIRECTION('',(-0.,0.,1.));
#1999 = DIRECTION('',(0.,-1.,0.));
#2000 = ORIENTED_EDGE('',*,*,#2001,.F.);
#2001 = EDGE_CURVE('',#2002,#1993,#2004,.T.);
#2002 = VERTEX_POINT('',#2003);
#2003 = CARTESIAN_POINT('',(52.395882353042,43.650840607982,0.));
#2004 = LINE('',#2005,#2006);
#2005 = CARTESIAN_POINT('',(51.516563468144,43.908641149367,0.));
#2006 = VECTOR('',#2007,1.);
#2007 = DIRECTION('',(0.959608174239,-0.281339922394,0.));
#2008 = ORIENTED_EDGE('',*,*,#2009,.F.);
#2009 = EDGE_CURVE('',#2010,#2002,#2012,.T.);
#2010 = VERTEX_POINT('',#2011);
#2011 = CARTESIAN_POINT('',(51.183106245125,43.055137135966,0.));
#2012 = CIRCLE('',#2013,1.);
#2013 = AXIS2_PLACEMENT_3D('',#2014,#2015,#2016);
#2014 = CARTESIAN_POINT('',(52.114542430647,42.691232433742,0.));
#2015 = DIRECTION('',(-0.,-0.,-1.));
#2016 = DIRECTION('',(0.,-1.,0.));
#2017 = ORIENTED_EDGE('',*,*,#2018,.F.);
#2018 = EDGE_CURVE('',#2019,#2010,#2021,.T.);
#2019 = VERTEX_POINT('',#2020);
#2020 = CARTESIAN_POINT('',(50.504419111808,41.317996201108,0.));
#2021 = LINE('',#2022,#2023);
#2022 = CARTESIAN_POINT('',(49.984709336684,39.987767469347,0.));
#2023 = VECTOR('',#2024,1.);
#2024 = DIRECTION('',(0.363904702223,0.931436185522,0.));
#2025 = ORIENTED_EDGE('',*,*,#2026,.F.);
#2026 = EDGE_CURVE('',#1968,#2019,#2027,.T.);
#2027 = CIRCLE('',#2028,1.);
#2028 = AXIS2_PLACEMENT_3D('',#2029,#2030,#2031);
#2029 = CARTESIAN_POINT('',(51.43585529733,40.954091498885,0.));
#2030 = DIRECTION('',(-0.,-0.,-1.));
#2031 = DIRECTION('',(0.,-1.,0.));
#2032 = FACE_BOUND('',#2033,.T.);
#2033 = EDGE_LOOP('',(#2034));
#2034 = ORIENTED_EDGE('',*,*,#2035,.T.);
#2035 = EDGE_CURVE('',#2036,#2036,#2038,.T.);
#2036 = VERTEX_POINT('',#2037);
#2037 = CARTESIAN_POINT('',(49.046941867337,42.472476806031,0.));
#2038 = CIRCLE('',#2039,1.05);
#2039 = AXIS2_PLACEMENT_3D('',#2040,#2041,#2042);
#2040 = CARTESIAN_POINT('',(47.996941867337,42.472476806031,0.));
#2041 = DIRECTION('',(0.,0.,1.));
#2042 = DIRECTION('',(1.,0.,0.));
#2043 = FACE_BOUND('',#2044,.T.);
#2044 = EDGE_LOOP('',(#2045));
#2045 = ORIENTED_EDGE('',*,*,#2046,.T.);
#2046 = EDGE_CURVE('',#2047,#2047,#2049,.T.);
#2047 = VERTEX_POINT('',#2048);
#2048 = CARTESIAN_POINT('',(44.077523193969,38.496941867337,0.));
#2049 = CIRCLE('',#2050,1.05);
#2050 = AXIS2_PLACEMENT_3D('',#2051,#2052,#2053);
#2051 = CARTESIAN_POINT('',(43.027523193969,38.496941867337,0.));
#2052 = DIRECTION('',(0.,0.,1.));
#2053 = DIRECTION('',(1.,0.,0.));
#2054 = FACE_BOUND('',#2055,.T.);
#2055 = EDGE_LOOP('',(#2056,#2066,#2075,#2084,#2093,#2101,#2110,#2118));
#2056 = ORIENTED_EDGE('',*,*,#2057,.F.);
#2057 = EDGE_CURVE('',#2058,#2060,#2062,.T.);
#2058 = VERTEX_POINT('',#2059);
#2059 = CARTESIAN_POINT('',(10.,31.207964155724,0.));
#2060 = VERTEX_POINT('',#2061);
#2061 = CARTESIAN_POINT('',(10.,19.916605691254,0.));
#2062 = LINE('',#2063,#2064);
#2063 = CARTESIAN_POINT('',(10.,8.762489077515,0.));
#2064 = VECTOR('',#2065,1.);
#2065 = DIRECTION('',(-1.2E-16,-1.,0.));
#2066 = ORIENTED_EDGE('',*,*,#2067,.T.);
#2067 = EDGE_CURVE('',#2058,#2068,#2070,.T.);
#2068 = VERTEX_POINT('',#2069);
#2069 = CARTESIAN_POINT('',(9.25,32.176209992276,0.));
#2070 = CIRCLE('',#2071,1.);
#2071 = AXIS2_PLACEMENT_3D('',#2072,#2073,#2074);
#2072 = CARTESIAN_POINT('',(9.,31.207964155724,0.));
#2073 = DIRECTION('',(-0.,0.,1.));
#2074 = DIRECTION('',(0.,-1.,0.));
#2075 = ORIENTED_EDGE('',*,*,#2076,.T.);
#2076 = EDGE_CURVE('',#2068,#2077,#2079,.T.);
#2077 = VERTEX_POINT('',#2078);
#2078 = CARTESIAN_POINT('',(8.090767745774,32.867486025882,0.));
#2079 = CIRCLE('',#2080,2.4);
#2080 = AXIS2_PLACEMENT_3D('',#2081,#2082,#2083);
#2081 = CARTESIAN_POINT('',(9.85,34.5,0.));
#2082 = DIRECTION('',(0.,0.,-1.));
#2083 = DIRECTION('',(-1.,1.2E-16,0.));
#2084 = ORIENTED_EDGE('',*,*,#2085,.T.);
#2085 = EDGE_CURVE('',#2077,#2086,#2088,.T.);
#2086 = VERTEX_POINT('',#2087);
#2087 = CARTESIAN_POINT('',(6.608729428869,32.849813742388,0.));
#2088 = CIRCLE('',#2089,1.);
#2089 = AXIS2_PLACEMENT_3D('',#2090,#2091,#2092);
#2090 = CARTESIAN_POINT('',(7.357754306514,32.187271869999,0.));
#2091 = DIRECTION('',(-0.,0.,1.));
#2092 = DIRECTION('',(0.,-1.,0.));
#2093 = ORIENTED_EDGE('',*,*,#2094,.T.);
#2094 = EDGE_CURVE('',#2086,#2095,#2097,.T.);
#2095 = VERTEX_POINT('',#2096);
#2096 = CARTESIAN_POINT('',(2.002909601095,27.642786418197,0.));
#2097 = LINE('',#2098,#2099);
#2098 = CARTESIAN_POINT('',(-5.562010352645,19.09040131036,0.));
#2099 = VECTOR('',#2100,1.);
#2100 = DIRECTION('',(-0.662541872389,-0.749024877645,0.));
#2101 = ORIENTED_EDGE('',*,*,#2102,.F.);
#2102 = EDGE_CURVE('',#2103,#2095,#2105,.T.);
#2103 = VERTEX_POINT('',#2104);
#2104 = CARTESIAN_POINT('',(2.002909601095,26.317702673418,0.));
#2105 = CIRCLE('',#2106,1.);
#2106 = AXIS2_PLACEMENT_3D('',#2107,#2108,#2109);
#2107 = CARTESIAN_POINT('',(2.751934478739,26.980244545808,0.));
#2108 = DIRECTION('',(-0.,-0.,-1.));
#2109 = DIRECTION('',(0.,-1.,0.));
#2110 = ORIENTED_EDGE('',*,*,#2111,.F.);
#2111 = EDGE_CURVE('',#2112,#2103,#2114,.T.);
#2112 = VERTEX_POINT('',#2113);
#2113 = CARTESIAN_POINT('',(8.250975122355,19.254063818865,0.));
#2114 = LINE('',#2115,#2116);
#2115 = CARTESIAN_POINT('',(7.704021872197,19.872412044615,1.1E-16));
#2116 = VECTOR('',#2117,1.);
#2117 = DIRECTION('',(-0.662541872389,0.749024877645,0.));
#2118 = ORIENTED_EDGE('',*,*,#2119,.F.);
#2119 = EDGE_CURVE('',#2060,#2112,#2120,.T.);
#2120 = CIRCLE('',#2121,1.);
#2121 = AXIS2_PLACEMENT_3D('',#2122,#2123,#2124);
#2122 = CARTESIAN_POINT('',(9.,19.916605691254,0.));
#2123 = DIRECTION('',(-0.,-0.,-1.));
#2124 = DIRECTION('',(0.,-1.,0.));
#2125 = FACE_BOUND('',#2126,.T.);
#2126 = EDGE_LOOP('',(#2127));
#2127 = ORIENTED_EDGE('',*,*,#2128,.T.);
#2128 = EDGE_CURVE('',#2129,#2129,#2131,.T.);
#2129 = VERTEX_POINT('',#2130);
#2130 = CARTESIAN_POINT('',(10.9,34.5,0.));
#2131 = CIRCLE('',#2132,1.05);
#2132 = AXIS2_PLACEMENT_3D('',#2133,#2134,#2135);
#2133 = CARTESIAN_POINT('',(9.85,34.5,0.));
#2134 = DIRECTION('',(0.,0.,1.));
#2135 = DIRECTION('',(1.,0.,0.));
#2136 = FACE_BOUND('',#2137,.T.);
#2137 = EDGE_LOOP('',(#2138,#2148,#2157,#2165,#2174,#2182));
#2138 = ORIENTED_EDGE('',*,*,#2139,.T.);
#2139 = EDGE_CURVE('',#2140,#2142,#2144,.T.);
#2140 = VERTEX_POINT('',#2141);
#2141 = CARTESIAN_POINT('',(0.749024877645,29.24390657776,0.));
#2142 = VERTEX_POINT('',#2143);
#2143 = CARTESIAN_POINT('',(7.908088559187,37.337458127611,0.));
#2144 = LINE('',#2145,#2146);
#2145 = CARTESIAN_POINT('',(-2.330131883637,25.762820909845,0.));
#2146 = VECTOR('',#2147,1.);
#2147 = DIRECTION('',(0.662541872389,0.749024877645,0.));
#2148 = ORIENTED_EDGE('',*,*,#2149,.T.);
#2149 = EDGE_CURVE('',#2142,#2150,#2152,.T.);
#2150 = VERTEX_POINT('',#2151);
#2151 = CARTESIAN_POINT('',(7.159063681542,39.,0.));
#2152 = CIRCLE('',#2153,1.);
#2153 = AXIS2_PLACEMENT_3D('',#2154,#2155,#2156);
#2154 = CARTESIAN_POINT('',(7.159063681542,38.,0.));
#2155 = DIRECTION('',(-0.,0.,1.));
#2156 = DIRECTION('',(0.,-1.,0.));
#2157 = ORIENTED_EDGE('',*,*,#2158,.F.);
#2158 = EDGE_CURVE('',#2159,#2150,#2161,.T.);
#2159 = VERTEX_POINT('',#2160);
#2160 = CARTESIAN_POINT('',(-7.159063681542,39.,0.));
#2161 = LINE('',#2162,#2163);
#2162 = CARTESIAN_POINT('',(4.609864973859,39.,0.));
#2163 = VECTOR('',#2164,1.);
#2164 = DIRECTION('',(1.,-1.2E-16,0.));
#2165 = ORIENTED_EDGE('',*,*,#2166,.F.);
#2166 = EDGE_CURVE('',#2167,#2159,#2169,.T.);
#2167 = VERTEX_POINT('',#2168);
#2168 = CARTESIAN_POINT('',(-7.908088559187,37.337458127611,0.));
#2169 = CIRCLE('',#2170,1.);
#2170 = AXIS2_PLACEMENT_3D('',#2171,#2172,#2173);
#2171 = CARTESIAN_POINT('',(-7.159063681542,38.,0.));
#2172 = DIRECTION('',(-0.,-0.,-1.));
#2173 = DIRECTION('',(0.,-1.,0.));
#2174 = ORIENTED_EDGE('',*,*,#2175,.F.);
#2175 = EDGE_CURVE('',#2176,#2167,#2178,.T.);
#2176 = VERTEX_POINT('',#2177);
#2177 = CARTESIAN_POINT('',(-0.749024877645,29.24390657776,0.));
#2178 = LINE('',#2179,#2180);
#2179 = CARTESIAN_POINT('',(2.260362391356,25.841697562926,0.));
#2180 = VECTOR('',#2181,1.);
#2181 = DIRECTION('',(-0.662541872389,0.749024877645,0.));
#2182 = ORIENTED_EDGE('',*,*,#2183,.F.);
#2183 = EDGE_CURVE('',#2140,#2176,#2184,.T.);
#2184 = CIRCLE('',#2185,1.);
#2185 = AXIS2_PLACEMENT_3D('',#2186,#2187,#2188);
#2186 = CARTESIAN_POINT('',(1.78E-15,29.90644845015,0.));
#2187 = DIRECTION('',(-0.,-0.,-1.));
#2188 = DIRECTION('',(0.,-1.,0.));
#2189 = FACE_BOUND('',#2190,.T.);
#2190 = EDGE_LOOP('',(#2191,#2201,#2210,#2218,#2227,#2235));
#2191 = ORIENTED_EDGE('',*,*,#2192,.F.);
#2192 = EDGE_CURVE('',#2193,#2195,#2197,.T.);
#2193 = VERTEX_POINT('',#2194);
#2194 = CARTESIAN_POINT('',(-12.85982631725,8.38311328418,0.));
#2195 = VERTEX_POINT('',#2196);
#2196 = CARTESIAN_POINT('',(-5.440890297264,2.798967892787,0.));
#2197 = LINE('',#2198,#2199);
#2198 = CARTESIAN_POINT('',(-1.947212718822,0.169318102562,0.));
#2199 = VECTOR('',#2200,1.);
#2200 = DIRECTION('',(0.798967892787,-0.601373682743,0.));
#2201 = ORIENTED_EDGE('',*,*,#2202,.T.);
#2202 = EDGE_CURVE('',#2193,#2203,#2205,.T.);
#2203 = VERTEX_POINT('',#2204);
#2204 = CARTESIAN_POINT('',(-14.4612,7.584145391393,0.));
#2205 = CIRCLE('',#2206,1.);
#2206 = AXIS2_PLACEMENT_3D('',#2207,#2208,#2209);
#2207 = CARTESIAN_POINT('',(-13.4612,7.584145391393,0.));
#2208 = DIRECTION('',(-0.,0.,1.));
#2209 = DIRECTION('',(0.,-1.,0.));
#2210 = ORIENTED_EDGE('',*,*,#2211,.T.);
#2211 = EDGE_CURVE('',#2203,#2212,#2214,.T.);
#2212 = VERTEX_POINT('',#2213);
#2213 = CARTESIAN_POINT('',(-14.4612,2.,0.));
#2214 = LINE('',#2215,#2216);
#2215 = CARTESIAN_POINT('',(-14.4612,0.624121582794,0.));
#2216 = VECTOR('',#2217,1.);
#2217 = DIRECTION('',(-1.2E-16,-1.,0.));
#2218 = ORIENTED_EDGE('',*,*,#2219,.T.);
#2219 = EDGE_CURVE('',#2212,#2220,#2222,.T.);
#2220 = VERTEX_POINT('',#2221);
#2221 = CARTESIAN_POINT('',(-13.4612,1.,0.));
#2222 = CIRCLE('',#2223,1.);
#2223 = AXIS2_PLACEMENT_3D('',#2224,#2225,#2226);
#2224 = CARTESIAN_POINT('',(-13.4612,2.,0.));
#2225 = DIRECTION('',(-0.,0.,1.));
#2226 = DIRECTION('',(0.,-1.,0.));
#2227 = ORIENTED_EDGE('',*,*,#2228,.F.);
#2228 = EDGE_CURVE('',#2229,#2220,#2231,.T.);
#2229 = VERTEX_POINT('',#2230);
#2230 = CARTESIAN_POINT('',(-6.042263980007,1.,0.));
#2231 = LINE('',#2232,#2233);
#2232 = CARTESIAN_POINT('',(-7.310071041653,1.,0.));
#2233 = VECTOR('',#2234,1.);
#2234 = DIRECTION('',(-1.,1.2E-16,0.));
#2235 = ORIENTED_EDGE('',*,*,#2236,.F.);
#2236 = EDGE_CURVE('',#2195,#2229,#2237,.T.);
#2237 = CIRCLE('',#2238,1.);
#2238 = AXIS2_PLACEMENT_3D('',#2239,#2240,#2241);
#2239 = CARTESIAN_POINT('',(-6.042263980007,2.,0.));
#2240 = DIRECTION('',(-0.,-0.,-1.));
#2241 = DIRECTION('',(0.,-1.,0.));
#2242 = FACE_BOUND('',#2243,.T.);
#2243 = EDGE_LOOP('',(#2244,#2254,#2263,#2271,#2280,#2288,#2297,#2306));
#2244 = ORIENTED_EDGE('',*,*,#2245,.T.);
#2245 = EDGE_CURVE('',#2246,#2248,#2250,.T.);
#2246 = VERTEX_POINT('',#2247);
#2247 = CARTESIAN_POINT('',(-7.891913772554,7.147053773569,0.));
#2248 = VERTEX_POINT('',#2249);
#2249 = CARTESIAN_POINT('',(-2.601373682743,3.164926824248,0.));
#2250 = LINE('',#2251,#2252);
#2251 = CARTESIAN_POINT('',(-0.320422559085,1.448081892462,1.1E-16));
#2252 = VECTOR('',#2253,1.);
#2253 = DIRECTION('',(0.798967892787,-0.601373682743,0.));
#2254 = ORIENTED_EDGE('',*,*,#2255,.T.);
#2255 = EDGE_CURVE('',#2248,#2256,#2258,.T.);
#2256 = VERTEX_POINT('',#2257);
#2257 = CARTESIAN_POINT('',(-1.,3.963894717035,0.));
#2258 = CIRCLE('',#2259,1.);
#2259 = AXIS2_PLACEMENT_3D('',#2260,#2261,#2262);
#2260 = CARTESIAN_POINT('',(-2.,3.963894717035,0.));
#2261 = DIRECTION('',(-0.,0.,1.));
#2262 = DIRECTION('',(0.,-1.,0.));
#2263 = ORIENTED_EDGE('',*,*,#2264,.F.);
#2264 = EDGE_CURVE('',#2265,#2256,#2267,.T.);
#2265 = VERTEX_POINT('',#2266);
#2266 = CARTESIAN_POINT('',(-1.,12.765720213145,0.));
#2267 = LINE('',#2268,#2269);
#2268 = CARTESIAN_POINT('',(-1.,1.103917479907,0.));
#2269 = VECTOR('',#2270,1.);
#2270 = DIRECTION('',(-1.2E-16,-1.,0.));
#2271 = ORIENTED_EDGE('',*,*,#2272,.T.);
#2272 = EDGE_CURVE('',#2265,#2273,#2275,.T.);
#2273 = VERTEX_POINT('',#2274);
#2274 = CARTESIAN_POINT('',(-2.225489362441,13.739965843069,0.));
#2275 = CIRCLE('',#2276,1.);
#2276 = AXIS2_PLACEMENT_3D('',#2277,#2278,#2279);
#2277 = CARTESIAN_POINT('',(-2.,12.765720213145,0.));
#2278 = DIRECTION('',(-0.,0.,1.));
#2279 = DIRECTION('',(0.,-1.,0.));
#2280 = ORIENTED_EDGE('',*,*,#2281,.F.);
#2281 = EDGE_CURVE('',#2282,#2273,#2284,.T.);
#2282 = VERTEX_POINT('',#2283);
#2283 = CARTESIAN_POINT('',(-7.229520767758,12.581781688515,0.));
#2284 = LINE('',#2285,#2286);
#2285 = CARTESIAN_POINT('',(-2.11395279318,13.765781006226,1.1E-16));
#2286 = VECTOR('',#2287,1.);
#2287 = DIRECTION('',(0.974245629924,0.225489362441,0.));
#2288 = ORIENTED_EDGE('',*,*,#2289,.F.);
#2289 = EDGE_CURVE('',#2290,#2282,#2292,.T.);
#2290 = VERTEX_POINT('',#2291);
#2291 = CARTESIAN_POINT('',(-7.885198639047,11.134731335476,0.));
#2292 = CIRCLE('',#2293,1.);
#2293 = AXIS2_PLACEMENT_3D('',#2294,#2295,#2296);
#2294 = CARTESIAN_POINT('',(-7.004031405317,11.607536058591,0.));
#2295 = DIRECTION('',(0.,0.,-1.));
#2296 = DIRECTION('',(0.,1.,0.));
#2297 = ORIENTED_EDGE('',*,*,#2298,.F.);
#2298 = EDGE_CURVE('',#2299,#2290,#2301,.T.);
#2299 = VERTEX_POINT('',#2300);
#2300 = CARTESIAN_POINT('',(-8.087440063396,8.550132940957,0.));
#2301 = CIRCLE('',#2302,2.4);
#2302 = AXIS2_PLACEMENT_3D('',#2303,#2304,#2305);
#2303 = CARTESIAN_POINT('',(-10.,10.,0.));
#2304 = DIRECTION('',(0.,0.,1.));
#2305 = DIRECTION('',(1.,0.,0.));
#2306 = ORIENTED_EDGE('',*,*,#2307,.F.);
#2307 = EDGE_CURVE('',#2246,#2299,#2308,.T.);
#2308 = CIRCLE('',#2309,1.);
#2309 = AXIS2_PLACEMENT_3D('',#2310,#2311,#2312);
#2310 = CARTESIAN_POINT('',(-7.290540089812,7.946021666355,0.));
#2311 = DIRECTION('',(0.,0.,-1.));
#2312 = DIRECTION('',(0.,1.,0.));
#2313 = FACE_BOUND('',#2314,.T.);
#2314 = EDGE_LOOP('',(#2315));
#2315 = ORIENTED_EDGE('',*,*,#2316,.T.);
#2316 = EDGE_CURVE('',#2317,#2317,#2319,.T.);
#2317 = VERTEX_POINT('',#2318);
#2318 = CARTESIAN_POINT('',(-8.95,10.,0.));
#2319 = CIRCLE('',#2320,1.05);
#2320 = AXIS2_PLACEMENT_3D('',#2321,#2322,#2323);
#2321 = CARTESIAN_POINT('',(-10.,10.,0.));
#2322 = DIRECTION('',(0.,0.,1.));
#2323 = DIRECTION('',(1.,0.,0.));
#2324 = FACE_BOUND('',#2325,.T.);
#2325 = EDGE_LOOP('',(#2326));
#2326 = ORIENTED_EDGE('',*,*,#2327,.T.);
#2327 = EDGE_CURVE('',#2328,#2328,#2330,.T.);
#2328 = VERTEX_POINT('',#2329);
#2329 = CARTESIAN_POINT('',(-16.98122292025,0.,0.));
#2330 = CIRCLE('',#2331,1.05);
#2331 = AXIS2_PLACEMENT_3D('',#2332,#2333,#2334);
#2332 = CARTESIAN_POINT('',(-18.03122292025,0.,0.));
#2333 = DIRECTION('',(0.,0.,1.));
#2334 = DIRECTION('',(1.,0.,0.));
#2335 = FACE_BOUND('',#2336,.T.);
#2336 = EDGE_LOOP('',(#2337,#2347,#2356,#2364,#2373,#2382,#2391,#2399));
#2337 = ORIENTED_EDGE('',*,*,#2338,.T.);
#2338 = EDGE_CURVE('',#2339,#2341,#2343,.T.);
#2339 = VERTEX_POINT('',#2340);
#2340 = CARTESIAN_POINT('',(-8.250975122355,19.254063818865,0.));
#2341 = VERTEX_POINT('',#2342);
#2342 = CARTESIAN_POINT('',(-2.002909601095,26.317702673418,0.));
#2343 = LINE('',#2344,#2345);
#2344 = CARTESIAN_POINT('',(-7.773791364479,19.793535391535,0.));
#2345 = VECTOR('',#2346,1.);
#2346 = DIRECTION('',(0.662541872389,0.749024877645,0.));
#2347 = ORIENTED_EDGE('',*,*,#2348,.T.);
#2348 = EDGE_CURVE('',#2341,#2349,#2351,.T.);
#2349 = VERTEX_POINT('',#2350);
#2350 = CARTESIAN_POINT('',(-2.002909601095,27.642786418197,0.));
#2351 = CIRCLE('',#2352,1.);
#2352 = AXIS2_PLACEMENT_3D('',#2353,#2354,#2355);
#2353 = CARTESIAN_POINT('',(-2.751934478739,26.980244545808,0.));
#2354 = DIRECTION('',(-0.,0.,1.));
#2355 = DIRECTION('',(0.,-1.,0.));
#2356 = ORIENTED_EDGE('',*,*,#2357,.F.);
#2357 = EDGE_CURVE('',#2358,#2349,#2360,.T.);
#2358 = VERTEX_POINT('',#2359);
#2359 = CARTESIAN_POINT('',(-6.608729428869,32.849813742388,0.));
#2360 = LINE('',#2361,#2362);
#2361 = CARTESIAN_POINT('',(5.492240860363,19.16927796344,1.1E-16));
#2362 = VECTOR('',#2363,1.);
#2363 = DIRECTION('',(0.662541872389,-0.749024877645,0.));
#2364 = ORIENTED_EDGE('',*,*,#2365,.T.);
#2365 = EDGE_CURVE('',#2358,#2366,#2368,.T.);
#2366 = VERTEX_POINT('',#2367);
#2367 = CARTESIAN_POINT('',(-8.090767745774,32.867486025882,0.));
#2368 = CIRCLE('',#2369,1.);
#2369 = AXIS2_PLACEMENT_3D('',#2370,#2371,#2372);
#2370 = CARTESIAN_POINT('',(-7.357754306514,32.187271869999,0.));
#2371 = DIRECTION('',(-0.,0.,1.));
#2372 = DIRECTION('',(0.,-1.,0.));
#2373 = ORIENTED_EDGE('',*,*,#2374,.T.);
#2374 = EDGE_CURVE('',#2366,#2375,#2377,.T.);
#2375 = VERTEX_POINT('',#2376);
#2376 = CARTESIAN_POINT('',(-9.25,32.176209992276,0.));
#2377 = CIRCLE('',#2378,2.4);
#2378 = AXIS2_PLACEMENT_3D('',#2379,#2380,#2381);
#2379 = CARTESIAN_POINT('',(-9.85,34.5,0.));
#2380 = DIRECTION('',(0.,0.,-1.));
#2381 = DIRECTION('',(-1.,1.2E-16,0.));
#2382 = ORIENTED_EDGE('',*,*,#2383,.F.);
#2383 = EDGE_CURVE('',#2384,#2375,#2386,.T.);
#2384 = VERTEX_POINT('',#2385);
#2385 = CARTESIAN_POINT('',(-10.,31.207964155724,0.));
#2386 = CIRCLE('',#2387,1.);
#2387 = AXIS2_PLACEMENT_3D('',#2388,#2389,#2390);
#2388 = CARTESIAN_POINT('',(-9.,31.207964155724,0.));
#2389 = DIRECTION('',(-0.,-0.,-1.));
#2390 = DIRECTION('',(0.,-1.,0.));
#2391 = ORIENTED_EDGE('',*,*,#2392,.T.);
#2392 = EDGE_CURVE('',#2384,#2393,#2395,.T.);
#2393 = VERTEX_POINT('',#2394);
#2394 = CARTESIAN_POINT('',(-10.,19.916605691254,0.));
#2395 = LINE('',#2396,#2397);
#2396 = CARTESIAN_POINT('',(-10.,8.762489077515,0.));
#2397 = VECTOR('',#2398,1.);
#2398 = DIRECTION('',(-1.2E-16,-1.,0.));
#2399 = ORIENTED_EDGE('',*,*,#2400,.F.);
#2400 = EDGE_CURVE('',#2339,#2393,#2401,.T.);
#2401 = CIRCLE('',#2402,1.);
#2402 = AXIS2_PLACEMENT_3D('',#2403,#2404,#2405);
#2403 = CARTESIAN_POINT('',(-9.,19.916605691254,0.));
#2404 = DIRECTION('',(-0.,-0.,-1.));
#2405 = DIRECTION('',(0.,-1.,0.));
#2406 = FACE_BOUND('',#2407,.T.);
#2407 = EDGE_LOOP('',(#2408));
#2408 = ORIENTED_EDGE('',*,*,#2409,.T.);
#2409 = EDGE_CURVE('',#2410,#2410,#2412,.T.);
#2410 = VERTEX_POINT('',#2411);
#2411 = CARTESIAN_POINT('',(-8.8,34.5,0.));
#2412 = CIRCLE('',#2413,1.05);
#2413 = AXIS2_PLACEMENT_3D('',#2414,#2415,#2416);
#2414 = CARTESIAN_POINT('',(-9.85,34.5,0.));
#2415 = DIRECTION('',(0.,0.,1.));
#2416 = DIRECTION('',(1.,0.,0.));
#2417 = FACE_BOUND('',#2418,.T.);
#2418 = EDGE_LOOP('',(#2419));
#2419 = ORIENTED_EDGE('',*,*,#2420,.T.);
#2420 = EDGE_CURVE('',#2421,#2421,#2423,.T.);
#2421 = VERTEX_POINT('',#2422);
#2422 = CARTESIAN_POINT('',(-45.95,33.5,0.));
#2423 = CIRCLE('',#2424,1.05);
#2424 = AXIS2_PLACEMENT_3D('',#2425,#2426,#2427);
#2425 = CARTESIAN_POINT('',(-47.,33.5,0.));
#2426 = DIRECTION('',(0.,0.,1.));
#2427 = DIRECTION('',(1.,0.,0.));
#2428 = FACE_BOUND('',#2429,.T.);
#2429 = EDGE_LOOP('',(#2430));
#2430 = ORIENTED_EDGE('',*,*,#2431,.T.);
#2431 = EDGE_CURVE('',#2432,#2432,#2434,.T.);
#2432 = VERTEX_POINT('',#2433);
#2433 = CARTESIAN_POINT('',(-45.125,38.,0.));
#2434 = CIRCLE('',#2435,2.375);
#2435 = AXIS2_PLACEMENT_3D('',#2436,#2437,#2438);
#2436 = CARTESIAN_POINT('',(-47.5,38.,0.));
#2437 = DIRECTION('',(0.,0.,1.));
#2438 = DIRECTION('',(1.,0.,0.));
#2439 = FACE_BOUND('',#2440,.T.);
#2440 = EDGE_LOOP('',(#2441));
#2441 = ORIENTED_EDGE('',*,*,#2442,.T.);
#2442 = EDGE_CURVE('',#2443,#2443,#2445,.T.);
#2443 = VERTEX_POINT('',#2444);
#2444 = CARTESIAN_POINT('',(-50.95,37.5,0.));
#2445 = CIRCLE('',#2446,1.05);
#2446 = AXIS2_PLACEMENT_3D('',#2447,#2448,#2449);
#2447 = CARTESIAN_POINT('',(-52.,37.5,0.));
#2448 = DIRECTION('',(0.,0.,1.));
#2449 = DIRECTION('',(1.,0.,0.));
#2450 = FACE_BOUND('',#2451,.T.);
#2451 = EDGE_LOOP('',(#2452));
#2452 = ORIENTED_EDGE('',*,*,#2453,.T.);
#2453 = EDGE_CURVE('',#2454,#2454,#2456,.T.);
#2454 = VERTEX_POINT('',#2455);
#2455 = CARTESIAN_POINT('',(-41.95,38.5,0.));
#2456 = CIRCLE('',#2457,1.05);
#2457 = AXIS2_PLACEMENT_3D('',#2458,#2459,#2460);
#2458 = CARTESIAN_POINT('',(-43.,38.5,0.));
#2459 = DIRECTION('',(0.,0.,1.));
#2460 = DIRECTION('',(1.,0.,0.));
#2461 = FACE_BOUND('',#2462,.T.);
#2462 = EDGE_LOOP('',(#2463));
#2463 = ORIENTED_EDGE('',*,*,#2464,.T.);
#2464 = EDGE_CURVE('',#2465,#2465,#2467,.T.);
#2465 = VERTEX_POINT('',#2466);
#2466 = CARTESIAN_POINT('',(-46.95,42.5,0.));
#2467 = CIRCLE('',#2468,1.05);
#2468 = AXIS2_PLACEMENT_3D('',#2469,#2470,#2471);
#2469 = CARTESIAN_POINT('',(-48.,42.5,0.));
#2470 = DIRECTION('',(0.,0.,1.));
#2471 = DIRECTION('',(1.,0.,0.));
#2472 = FACE_BOUND('',#2473,.T.);
#2473 = EDGE_LOOP('',(#2474,#2484,#2493,#2501,#2510,#2518,#2527,#2535));
#2474 = ORIENTED_EDGE('',*,*,#2475,.T.);
#2475 = EDGE_CURVE('',#2476,#2478,#2480,.T.);
#2476 = VERTEX_POINT('',#2477);
#2477 = CARTESIAN_POINT('',(-50.23433924717,41.16848694588,0.));
#2478 = VERTEX_POINT('',#2479);
#2479 = CARTESIAN_POINT('',(-50.60997480822,43.041520399608,0.));
#2480 = LINE('',#2481,#2482);
#2481 = CARTESIAN_POINT('',(-50.,40.,0.));
#2482 = VECTOR('',#2483,1.);
#2483 = DIRECTION('',(-0.196633975878,0.980476965324,0.));
#2484 = ORIENTED_EDGE('',*,*,#2485,.T.);
#2485 = EDGE_CURVE('',#2478,#2486,#2488,.T.);
#2486 = VERTEX_POINT('',#2487);
#2487 = CARTESIAN_POINT('',(-51.87179169594,43.804494597969,0.));
#2488 = CIRCLE('',#2489,1.);
#2489 = AXIS2_PLACEMENT_3D('',#2490,#2491,#2492);
#2490 = CARTESIAN_POINT('',(-51.59045177354,42.84488642373,0.));
#2491 = DIRECTION('',(-0.,0.,1.));
#2492 = DIRECTION('',(0.,-1.,0.));
#2493 = ORIENTED_EDGE('',*,*,#2494,.T.);
#2494 = EDGE_CURVE('',#2486,#2495,#2497,.T.);
#2495 = VERTEX_POINT('',#2496);
#2496 = CARTESIAN_POINT('',(-53.31027576079,43.382756844961,0.));
#2497 = LINE('',#2498,#2499);
#2498 = CARTESIAN_POINT('',(-50.82456313769,44.111523246968,0.));
#2499 = VECTOR('',#2500,1.);
#2500 = DIRECTION('',(-0.959608174239,-0.281339922394,0.));
#2501 = ORIENTED_EDGE('',*,*,#2502,.T.);
#2502 = EDGE_CURVE('',#2495,#2503,#2505,.T.);
#2503 = VERTEX_POINT('',#2504);
#2504 = CARTESIAN_POINT('',(-54.02689647916,42.486980947005,0.));
#2505 = CIRCLE('',#2506,1.);
#2506 = AXIS2_PLACEMENT_3D('',#2507,#2508,#2509);
#2507 = CARTESIAN_POINT('',(-53.0289358384,42.423148670721,0.));
#2508 = DIRECTION('',(-0.,0.,1.));
#2509 = DIRECTION('',(0.,-1.,0.));
#2510 = ORIENTED_EDGE('',*,*,#2511,.T.);
#2511 = EDGE_CURVE('',#2503,#2512,#2514,.T.);
#2512 = VERTEX_POINT('',#2513);
#2513 = CARTESIAN_POINT('',(-54.12258315078,40.991005279412,0.));
#2514 = LINE('',#2515,#2516);
#2515 = CARTESIAN_POINT('',(-53.98220063812,43.185760510501,0.));
#2516 = VECTOR('',#2517,1.);
#2517 = DIRECTION('',(-6.38322762834E-02,-0.997960640759,0.));
#2518 = ORIENTED_EDGE('',*,*,#2519,.F.);
#2519 = EDGE_CURVE('',#2520,#2512,#2522,.T.);
#2520 = VERTEX_POINT('',#2521);
#2521 = CARTESIAN_POINT('',(-53.10123388434,39.927446554449,0.));
#2522 = CIRCLE('',#2523,1.);
#2523 = AXIS2_PLACEMENT_3D('',#2524,#2525,#2526);
#2524 = CARTESIAN_POINT('',(-53.12462251002,40.927173003129,0.));
#2525 = DIRECTION('',(-0.,-0.,-1.));
#2526 = DIRECTION('',(0.,-1.,0.));
#2527 = ORIENTED_EDGE('',*,*,#2528,.T.);
#2528 = EDGE_CURVE('',#2520,#2529,#2531,.T.);
#2529 = VERTEX_POINT('',#2530);
#2530 = CARTESIAN_POINT('',(-51.19142758682,39.972126521323,0.));
#2531 = LINE('',#2532,#2533);
#2532 = CARTESIAN_POINT('',(-54.19224385653,39.901922348419,0.));
#2533 = VECTOR('',#2534,1.);
#2534 = DIRECTION('',(0.999726448679,2.338862567765E-02,0.));
#2535 = ORIENTED_EDGE('',*,*,#2536,.F.);
#2536 = EDGE_CURVE('',#2476,#2529,#2537,.T.);
#2537 = CIRCLE('',#2538,1.);
#2538 = AXIS2_PLACEMENT_3D('',#2539,#2540,#2541);
#2539 = CARTESIAN_POINT('',(-51.2148162125,40.971852970002,0.));
#2540 = DIRECTION('',(-0.,-0.,-1.));
#2541 = DIRECTION('',(0.,-1.,0.));
#2542 = PLANE('',#2543);
#2543 = AXIS2_PLACEMENT_3D('',#2544,#2545,#2546);
#2544 = CARTESIAN_POINT('',(-7.886311556645E-02,0.453282703723,0.));
#2545 = DIRECTION('',(-0.,-0.,-1.));
#2546 = DIRECTION('',(-1.,0.,0.));
#2547 = ADVANCED_FACE('',(#2548),#2573,.T.);
#2548 = FACE_BOUND('',#2549,.F.);
#2549 = EDGE_LOOP('',(#2550,#2558,#2559,#2567));
#2550 = ORIENTED_EDGE('',*,*,#2551,.F.);
#2551 = EDGE_CURVE('',#22,#2552,#2554,.T.);
#2552 = VERTEX_POINT('',#2553);
#2553 = CARTESIAN_POINT('',(-9.415970682756,43.,0.3));
#2554 = LINE('',#2555,#2556);
#2555 = CARTESIAN_POINT('',(-9.415970682756,42.85,0.15));
#2556 = VECTOR('',#2557,1.);
#2557 = DIRECTION('',(0.,0.707106781187,0.707106781187));
#2558 = ORIENTED_EDGE('',*,*,#21,.T.);
#2559 = ORIENTED_EDGE('',*,*,#2560,.T.);
#2560 = EDGE_CURVE('',#24,#2561,#2563,.T.);
#2561 = VERTEX_POINT('',#2562);
#2562 = CARTESIAN_POINT('',(9.415970682756,43.,0.3));
#2563 = LINE('',#2564,#2565);
#2564 = CARTESIAN_POINT('',(9.415970682756,42.85,0.15));
#2565 = VECTOR('',#2566,1.);
#2566 = DIRECTION('',(0.,0.707106781187,0.707106781187));
#2567 = ORIENTED_EDGE('',*,*,#2568,.F.);
#2568 = EDGE_CURVE('',#2552,#2561,#2569,.T.);
#2569 = LINE('',#2570,#2571);
#2570 = CARTESIAN_POINT('',(-9.415970682756,43.,0.3));
#2571 = VECTOR('',#2572,1.);
#2572 = DIRECTION('',(1.,0.,0.));
#2573 = PLANE('',#2574);
#2574 = AXIS2_PLACEMENT_3D('',#2575,#2576,#2577);
#2575 = CARTESIAN_POINT('',(-9.415970682756,42.85,0.15));
#2576 = DIRECTION('',(-0.,0.707106781187,-0.707106781187));
#2577 = DIRECTION('',(-1.,-0.,0.));
#2578 = ADVANCED_FACE('',(#2579),#2598,.T.);
#2579 = FACE_BOUND('',#2580,.F.);
#2580 = EDGE_LOOP('',(#2581,#2589,#2590,#2591));
#2581 = ORIENTED_EDGE('',*,*,#2582,.F.);
#2582 = EDGE_CURVE('',#799,#2583,#2585,.T.);
#2583 = VERTEX_POINT('',#2584);
#2584 = CARTESIAN_POINT('',(-11.36280501942,41.458078667451,0.3));
#2585 = LINE('',#2586,#2587);
#2586 = CARTESIAN_POINT('',(-11.21679244417,41.423722767392,0.15));
#2587 = VECTOR('',#2588,1.);
#2588 = DIRECTION('',(-0.688309880652,0.161955266036,0.707106781187));
#2589 = ORIENTED_EDGE('',*,*,#806,.T.);
#2590 = ORIENTED_EDGE('',*,*,#2551,.T.);
#2591 = ORIENTED_EDGE('',*,*,#2592,.F.);
#2592 = EDGE_CURVE('',#2583,#2552,#2593,.T.);
#2593 = CIRCLE('',#2594,2.);
#2594 = AXIS2_PLACEMENT_3D('',#2595,#2596,#2597);
#2595 = CARTESIAN_POINT('',(-9.415970682756,41.,0.3));
#2596 = DIRECTION('',(0.,0.,-1.));
#2597 = DIRECTION('',(-0.973417168334,0.229039333726,0.));
#2598 = CONICAL_SURFACE('',#2599,2.,0.785398163397);
#2599 = AXIS2_PLACEMENT_3D('',#2600,#2601,#2602);
#2600 = CARTESIAN_POINT('',(-9.415970682756,41.,0.3));
#2601 = DIRECTION('',(0.,0.,1.));
#2602 = DIRECTION('',(-0.973417168334,0.229039333726,0.));
#2603 = ADVANCED_FACE('',(#2604),#2623,.T.);
#2604 = FACE_BOUND('',#2605,.F.);
#2605 = EDGE_LOOP('',(#2606,#2607,#2608,#2616));
#2606 = ORIENTED_EDGE('',*,*,#2560,.F.);
#2607 = ORIENTED_EDGE('',*,*,#31,.T.);
#2608 = ORIENTED_EDGE('',*,*,#2609,.T.);
#2609 = EDGE_CURVE('',#32,#2610,#2612,.T.);
#2610 = VERTEX_POINT('',#2611);
#2611 = CARTESIAN_POINT('',(11.362805019423,41.458078667451,0.3));
#2612 = LINE('',#2613,#2614);
#2613 = CARTESIAN_POINT('',(11.362805019423,41.458078667451,0.3));
#2614 = VECTOR('',#2615,1.);
#2615 = DIRECTION('',(0.688309880652,0.161955266036,0.707106781187));
#2616 = ORIENTED_EDGE('',*,*,#2617,.F.);
#2617 = EDGE_CURVE('',#2561,#2610,#2618,.T.);
#2618 = CIRCLE('',#2619,2.);
#2619 = AXIS2_PLACEMENT_3D('',#2620,#2621,#2622);
#2620 = CARTESIAN_POINT('',(9.415970682756,41.,0.3));
#2621 = DIRECTION('',(0.,0.,-1.));
#2622 = DIRECTION('',(0.,1.,0.));
#2623 = CONICAL_SURFACE('',#2624,2.,0.785398163397);
#2624 = AXIS2_PLACEMENT_3D('',#2625,#2626,#2627);
#2625 = CARTESIAN_POINT('',(9.415970682756,41.,0.3));
#2626 = DIRECTION('',(0.,0.,1.));
#2627 = DIRECTION('',(0.,1.,0.));
#2628 = ADVANCED_FACE('',(#2629),#2647,.F.);
#2629 = FACE_BOUND('',#2630,.F.);
#2630 = EDGE_LOOP('',(#2631,#2639,#2640,#2641));
#2631 = ORIENTED_EDGE('',*,*,#2632,.F.);
#2632 = EDGE_CURVE('',#790,#2633,#2635,.T.);
#2633 = VERTEX_POINT('',#2634);
#2634 = CARTESIAN_POINT('',(-12.94683433666,34.725954069165,0.3));
#2635 = LINE('',#2636,#2637);
#2636 = CARTESIAN_POINT('',(-12.94683433666,34.725954069165,0.3));
#2637 = VECTOR('',#2638,1.);
#2638 = DIRECTION('',(-0.688309880652,0.161955266036,0.707106781187));
#2639 = ORIENTED_EDGE('',*,*,#798,.T.);
#2640 = ORIENTED_EDGE('',*,*,#2582,.T.);
#2641 = ORIENTED_EDGE('',*,*,#2642,.F.);
#2642 = EDGE_CURVE('',#2633,#2583,#2643,.T.);
#2643 = LINE('',#2644,#2645);
#2644 = CARTESIAN_POINT('',(-12.94683433666,34.725954069165,0.3));
#2645 = VECTOR('',#2646,1.);
#2646 = DIRECTION('',(0.229039333726,0.973417168334,0.));
#2647 = PLANE('',#2648);
#2648 = AXIS2_PLACEMENT_3D('',#2649,#2650,#2651);
#2649 = CARTESIAN_POINT('',(-12.80082176141,34.691598169106,0.15));
#2650 = DIRECTION('',(0.688309880652,-0.161955266036,0.707106781187));
#2651 = DIRECTION('',(0.229039333726,0.973417168334,0.));
#2652 = ADVANCED_FACE('',(#2653),#2671,.T.);
#2653 = FACE_BOUND('',#2654,.F.);
#2654 = EDGE_LOOP('',(#2655,#2656,#2657,#2665));
#2655 = ORIENTED_EDGE('',*,*,#2609,.F.);
#2656 = ORIENTED_EDGE('',*,*,#40,.T.);
#2657 = ORIENTED_EDGE('',*,*,#2658,.T.);
#2658 = EDGE_CURVE('',#41,#2659,#2661,.T.);
#2659 = VERTEX_POINT('',#2660);
#2660 = CARTESIAN_POINT('',(12.946834336667,34.725954069165,0.3));
#2661 = LINE('',#2662,#2663);
#2662 = CARTESIAN_POINT('',(12.800821761417,34.691598169106,0.15));
#2663 = VECTOR('',#2664,1.);
#2664 = DIRECTION('',(0.688309880652,0.161955266036,0.707106781187));
#2665 = ORIENTED_EDGE('',*,*,#2666,.F.);
#2666 = EDGE_CURVE('',#2610,#2659,#2667,.T.);
#2667 = LINE('',#2668,#2669);
#2668 = CARTESIAN_POINT('',(11.362805019423,41.458078667451,0.3));
#2669 = VECTOR('',#2670,1.);
#2670 = DIRECTION('',(0.229039333726,-0.973417168334,0.));
#2671 = PLANE('',#2672);
#2672 = AXIS2_PLACEMENT_3D('',#2673,#2674,#2675);
#2673 = CARTESIAN_POINT('',(11.216792444173,41.423722767392,0.15));
#2674 = DIRECTION('',(0.688309880652,0.161955266036,-0.707106781187));
#2675 = DIRECTION('',(-0.229039333726,0.973417168334,5.551115123126E-17)
  );
#2676 = ADVANCED_FACE('',(#2677),#2696,.T.);
#2677 = FACE_BOUND('',#2678,.F.);
#2678 = EDGE_LOOP('',(#2679,#2687,#2688,#2689));
#2679 = ORIENTED_EDGE('',*,*,#2680,.F.);
#2680 = EDGE_CURVE('',#782,#2681,#2683,.T.);
#2681 = VERTEX_POINT('',#2682);
#2682 = CARTESIAN_POINT('',(-13.,34.267875401713,0.3));
#2683 = LINE('',#2684,#2685);
#2684 = CARTESIAN_POINT('',(-12.85,34.267875401713,0.15));
#2685 = VECTOR('',#2686,1.);
#2686 = DIRECTION('',(-0.707106781187,0.,0.707106781187));
#2687 = ORIENTED_EDGE('',*,*,#789,.T.);
#2688 = ORIENTED_EDGE('',*,*,#2632,.T.);
#2689 = ORIENTED_EDGE('',*,*,#2690,.F.);
#2690 = EDGE_CURVE('',#2681,#2633,#2691,.T.);
#2691 = CIRCLE('',#2692,2.);
#2692 = AXIS2_PLACEMENT_3D('',#2693,#2694,#2695);
#2693 = CARTESIAN_POINT('',(-11.,34.267875401713,0.3));
#2694 = DIRECTION('',(0.,0.,-1.));
#2695 = DIRECTION('',(-1.,0.,0.));
#2696 = CONICAL_SURFACE('',#2697,2.,0.785398163397);
#2697 = AXIS2_PLACEMENT_3D('',#2698,#2699,#2700);
#2698 = CARTESIAN_POINT('',(-11.,34.267875401713,0.3));
#2699 = DIRECTION('',(0.,0.,1.));
#2700 = DIRECTION('',(-1.,0.,0.));
#2701 = ADVANCED_FACE('',(#2702),#2721,.T.);
#2702 = FACE_BOUND('',#2703,.F.);
#2703 = EDGE_LOOP('',(#2704,#2705,#2706,#2714));
#2704 = ORIENTED_EDGE('',*,*,#2658,.F.);
#2705 = ORIENTED_EDGE('',*,*,#48,.T.);
#2706 = ORIENTED_EDGE('',*,*,#2707,.T.);
#2707 = EDGE_CURVE('',#49,#2708,#2710,.T.);
#2708 = VERTEX_POINT('',#2709);
#2709 = CARTESIAN_POINT('',(13.,34.267875401714,0.3));
#2710 = LINE('',#2711,#2712);
#2711 = CARTESIAN_POINT('',(13.,34.267875401714,0.3));
#2712 = VECTOR('',#2713,1.);
#2713 = DIRECTION('',(0.707106781187,0.,0.707106781187));
#2714 = ORIENTED_EDGE('',*,*,#2715,.F.);
#2715 = EDGE_CURVE('',#2659,#2708,#2716,.T.);
#2716 = CIRCLE('',#2717,2.);
#2717 = AXIS2_PLACEMENT_3D('',#2718,#2719,#2720);
#2718 = CARTESIAN_POINT('',(11.,34.267875401714,0.3));
#2719 = DIRECTION('',(0.,0.,-1.));
#2720 = DIRECTION('',(0.973417168334,0.229039333726,0.));
#2721 = CONICAL_SURFACE('',#2722,2.,0.785398163397);
#2722 = AXIS2_PLACEMENT_3D('',#2723,#2724,#2725);
#2723 = CARTESIAN_POINT('',(11.,34.267875401714,0.3));
#2724 = DIRECTION('',(0.,0.,1.));
#2725 = DIRECTION('',(0.973417168334,0.229039333726,-0.));
#2726 = ADVANCED_FACE('',(#2727),#2745,.F.);
#2727 = FACE_BOUND('',#2728,.F.);
#2728 = EDGE_LOOP('',(#2729,#2737,#2738,#2739));
#2729 = ORIENTED_EDGE('',*,*,#2730,.F.);
#2730 = EDGE_CURVE('',#773,#2731,#2733,.T.);
#2731 = VERTEX_POINT('',#2732);
#2732 = CARTESIAN_POINT('',(-13.,20.329649542917,0.3));
#2733 = LINE('',#2734,#2735);
#2734 = CARTESIAN_POINT('',(-13.,20.329649542917,0.3));
#2735 = VECTOR('',#2736,1.);
#2736 = DIRECTION('',(-0.707106781187,0.,0.707106781187));
#2737 = ORIENTED_EDGE('',*,*,#781,.T.);
#2738 = ORIENTED_EDGE('',*,*,#2680,.T.);
#2739 = ORIENTED_EDGE('',*,*,#2740,.F.);
#2740 = EDGE_CURVE('',#2731,#2681,#2741,.T.);
#2741 = LINE('',#2742,#2743);
#2742 = CARTESIAN_POINT('',(-13.,20.329649542917,0.3));
#2743 = VECTOR('',#2744,1.);
#2744 = DIRECTION('',(0.,1.,0.));
#2745 = PLANE('',#2746);
#2746 = AXIS2_PLACEMENT_3D('',#2747,#2748,#2749);
#2747 = CARTESIAN_POINT('',(-12.85,20.329649542917,0.15));
#2748 = DIRECTION('',(0.707106781187,0.,0.707106781187));
#2749 = DIRECTION('',(-0.,1.,0.));
#2750 = ADVANCED_FACE('',(#2751),#2769,.F.);
#2751 = FACE_BOUND('',#2752,.F.);
#2752 = EDGE_LOOP('',(#2753,#2754,#2755,#2763));
#2753 = ORIENTED_EDGE('',*,*,#2707,.F.);
#2754 = ORIENTED_EDGE('',*,*,#57,.T.);
#2755 = ORIENTED_EDGE('',*,*,#2756,.T.);
#2756 = EDGE_CURVE('',#58,#2757,#2759,.T.);
#2757 = VERTEX_POINT('',#2758);
#2758 = CARTESIAN_POINT('',(13.,20.329649542917,0.3));
#2759 = LINE('',#2760,#2761);
#2760 = CARTESIAN_POINT('',(12.85,20.329649542917,0.15));
#2761 = VECTOR('',#2762,1.);
#2762 = DIRECTION('',(0.707106781187,0.,0.707106781187));
#2763 = ORIENTED_EDGE('',*,*,#2764,.F.);
#2764 = EDGE_CURVE('',#2708,#2757,#2765,.T.);
#2765 = LINE('',#2766,#2767);
#2766 = CARTESIAN_POINT('',(13.,34.267875401714,0.3));
#2767 = VECTOR('',#2768,1.);
#2768 = DIRECTION('',(-0.,-1.,-0.));
#2769 = PLANE('',#2770);
#2770 = AXIS2_PLACEMENT_3D('',#2771,#2772,#2773);
#2771 = CARTESIAN_POINT('',(12.85,34.267875401714,0.15));
#2772 = DIRECTION('',(-0.707106781187,0.,0.707106781187));
#2773 = DIRECTION('',(0.,-1.,0.));
#2774 = ADVANCED_FACE('',(#2775),#2794,.F.);
#2775 = FACE_BOUND('',#2776,.F.);
#2776 = EDGE_LOOP('',(#2777,#2785,#2786,#2787));
#2777 = ORIENTED_EDGE('',*,*,#2778,.F.);
#2778 = EDGE_CURVE('',#765,#2779,#2781,.T.);
#2779 = VERTEX_POINT('',#2780);
#2780 = CARTESIAN_POINT('',(-17.84309703374,17.962585258997,0.3));
#2781 = LINE('',#2782,#2783);
#2782 = CARTESIAN_POINT('',(-17.93525188543,17.844232044801,0.15));
#2783 = VECTOR('',#2784,1.);
#2784 = DIRECTION('',(0.434422136981,0.557922402221,0.707106781187));
#2785 = ORIENTED_EDGE('',*,*,#772,.T.);
#2786 = ORIENTED_EDGE('',*,*,#2730,.T.);
#2787 = ORIENTED_EDGE('',*,*,#2788,.F.);
#2788 = EDGE_CURVE('',#2779,#2731,#2789,.T.);
#2789 = CIRCLE('',#2790,3.);
#2790 = AXIS2_PLACEMENT_3D('',#2791,#2792,#2793);
#2791 = CARTESIAN_POINT('',(-16.,20.329649542917,0.3));
#2792 = DIRECTION('',(0.,0.,1.));
#2793 = DIRECTION('',(-0.614365677914,-0.789021427973,0.));
#2794 = CONICAL_SURFACE('',#2795,3.,0.785398163397);
#2795 = AXIS2_PLACEMENT_3D('',#2796,#2797,#2798);
#2796 = CARTESIAN_POINT('',(-16.,20.329649542917,0.3));
#2797 = DIRECTION('',(-0.,-0.,-1.));
#2798 = DIRECTION('',(-0.614365677914,-0.789021427973,0.));
#2799 = ADVANCED_FACE('',(#2800),#2819,.F.);
#2800 = FACE_BOUND('',#2801,.F.);
#2801 = EDGE_LOOP('',(#2802,#2803,#2804,#2812));
#2802 = ORIENTED_EDGE('',*,*,#2756,.F.);
#2803 = ORIENTED_EDGE('',*,*,#65,.T.);
#2804 = ORIENTED_EDGE('',*,*,#2805,.T.);
#2805 = EDGE_CURVE('',#66,#2806,#2808,.T.);
#2806 = VERTEX_POINT('',#2807);
#2807 = CARTESIAN_POINT('',(17.843097033743,17.962585258997,0.3));
#2808 = LINE('',#2809,#2810);
#2809 = CARTESIAN_POINT('',(17.843097033743,17.962585258997,0.3));
#2810 = VECTOR('',#2811,1.);
#2811 = DIRECTION('',(-0.434422136981,0.557922402221,0.707106781187));
#2812 = ORIENTED_EDGE('',*,*,#2813,.F.);
#2813 = EDGE_CURVE('',#2757,#2806,#2814,.T.);
#2814 = CIRCLE('',#2815,3.);
#2815 = AXIS2_PLACEMENT_3D('',#2816,#2817,#2818);
#2816 = CARTESIAN_POINT('',(16.,20.329649542917,0.3));
#2817 = DIRECTION('',(0.,0.,1.));
#2818 = DIRECTION('',(-1.,0.,0.));
#2819 = CONICAL_SURFACE('',#2820,3.,0.785398163397);
#2820 = AXIS2_PLACEMENT_3D('',#2821,#2822,#2823);
#2821 = CARTESIAN_POINT('',(16.,20.329649542917,0.3));
#2822 = DIRECTION('',(-0.,-0.,-1.));
#2823 = DIRECTION('',(-1.,0.,0.));
#2824 = ADVANCED_FACE('',(#2825),#2843,.T.);
#2825 = FACE_BOUND('',#2826,.F.);
#2826 = EDGE_LOOP('',(#2827,#2835,#2836,#2837));
#2827 = ORIENTED_EDGE('',*,*,#2828,.F.);
#2828 = EDGE_CURVE('',#756,#2829,#2831,.T.);
#2829 = VERTEX_POINT('',#2830);
#2830 = CARTESIAN_POINT('',(-39.1501308059,34.55314894166,0.3));
#2831 = LINE('',#2832,#2833);
#2832 = CARTESIAN_POINT('',(-39.1501308059,34.55314894166,0.3));
#2833 = VECTOR('',#2834,1.);
#2834 = DIRECTION('',(0.434422136981,0.557922402221,0.707106781187));
#2835 = ORIENTED_EDGE('',*,*,#764,.T.);
#2836 = ORIENTED_EDGE('',*,*,#2778,.T.);
#2837 = ORIENTED_EDGE('',*,*,#2838,.F.);
#2838 = EDGE_CURVE('',#2829,#2779,#2839,.T.);
#2839 = LINE('',#2840,#2841);
#2840 = CARTESIAN_POINT('',(-39.1501308059,34.55314894166,0.3));
#2841 = VECTOR('',#2842,1.);
#2842 = DIRECTION('',(0.789021427973,-0.614365677914,0.));
#2843 = PLANE('',#2844);
#2844 = AXIS2_PLACEMENT_3D('',#2845,#2846,#2847);
#2845 = CARTESIAN_POINT('',(-39.24228565759,34.434795727464,0.15));
#2846 = DIRECTION('',(0.434422136981,0.557922402221,-0.707106781187));
#2847 = DIRECTION('',(-0.789021427973,0.614365677914,1.942890293094E-16)
  );
#2848 = ADVANCED_FACE('',(#2849),#2867,.F.);
#2849 = FACE_BOUND('',#2850,.F.);
#2850 = EDGE_LOOP('',(#2851,#2852,#2853,#2861));
#2851 = ORIENTED_EDGE('',*,*,#2805,.F.);
#2852 = ORIENTED_EDGE('',*,*,#74,.T.);
#2853 = ORIENTED_EDGE('',*,*,#2854,.T.);
#2854 = EDGE_CURVE('',#75,#2855,#2857,.T.);
#2855 = VERTEX_POINT('',#2856);
#2856 = CARTESIAN_POINT('',(39.150130805907,34.55314894166,0.3));
#2857 = LINE('',#2858,#2859);
#2858 = CARTESIAN_POINT('',(39.242285657595,34.434795727464,0.15));
#2859 = VECTOR('',#2860,1.);
#2860 = DIRECTION('',(-0.434422136981,0.557922402221,0.707106781187));
#2861 = ORIENTED_EDGE('',*,*,#2862,.F.);
#2862 = EDGE_CURVE('',#2806,#2855,#2863,.T.);
#2863 = LINE('',#2864,#2865);
#2864 = CARTESIAN_POINT('',(17.843097033743,17.962585258997,0.3));
#2865 = VECTOR('',#2866,1.);
#2866 = DIRECTION('',(0.789021427973,0.614365677914,0.));
#2867 = PLANE('',#2868);
#2868 = AXIS2_PLACEMENT_3D('',#2869,#2870,#2871);
#2869 = CARTESIAN_POINT('',(17.93525188543,17.844232044801,0.15));
#2870 = DIRECTION('',(0.434422136981,-0.557922402221,0.707106781187));
#2871 = DIRECTION('',(0.789021427973,0.614365677914,1.110223024625E-16)
  );
#2872 = ADVANCED_FACE('',(#2873),#2892,.F.);
#2873 = FACE_BOUND('',#2874,.F.);
#2874 = EDGE_LOOP('',(#2875,#2883,#2884,#2885));
#2875 = ORIENTED_EDGE('',*,*,#2876,.F.);
#2876 = EDGE_CURVE('',#747,#2877,#2879,.T.);
#2877 = VERTEX_POINT('',#2878);
#2878 = CARTESIAN_POINT('',(-40.2903409608,37.236248379069,0.3));
#2879 = LINE('',#2880,#2881);
#2880 = CARTESIAN_POINT('',(-40.2903409608,37.236248379069,0.3));
#2881 = VECTOR('',#2882,1.);
#2882 = DIRECTION('',(0.703172247815,-7.449020004175E-02,0.707106781187)
  );
#2883 = ORIENTED_EDGE('',*,*,#755,.T.);
#2884 = ORIENTED_EDGE('',*,*,#2828,.T.);
#2885 = ORIENTED_EDGE('',*,*,#2886,.F.);
#2886 = EDGE_CURVE('',#2877,#2829,#2887,.T.);
#2887 = CIRCLE('',#2888,3.);
#2888 = AXIS2_PLACEMENT_3D('',#2889,#2890,#2891);
#2889 = CARTESIAN_POINT('',(-37.30703377216,36.92021322558,0.3));
#2890 = DIRECTION('',(0.,0.,1.));
#2891 = DIRECTION('',(-0.994435729545,0.105345051163,0.));
#2892 = CONICAL_SURFACE('',#2893,3.,0.785398163397);
#2893 = AXIS2_PLACEMENT_3D('',#2894,#2895,#2896);
#2894 = CARTESIAN_POINT('',(-37.30703377216,36.92021322558,0.3));
#2895 = DIRECTION('',(-0.,-0.,-1.));
#2896 = DIRECTION('',(-0.994435729545,0.105345051163,0.));
#2897 = ADVANCED_FACE('',(#2898),#2917,.F.);
#2898 = FACE_BOUND('',#2899,.F.);
#2899 = EDGE_LOOP('',(#2900,#2901,#2902,#2910));
#2900 = ORIENTED_EDGE('',*,*,#2854,.F.);
#2901 = ORIENTED_EDGE('',*,*,#82,.T.);
#2902 = ORIENTED_EDGE('',*,*,#2903,.T.);
#2903 = EDGE_CURVE('',#83,#2904,#2906,.T.);
#2904 = VERTEX_POINT('',#2905);
#2905 = CARTESIAN_POINT('',(40.2903409608,37.236248379069,0.3));
#2906 = LINE('',#2907,#2908);
#2907 = CARTESIAN_POINT('',(40.2903409608,37.236248379069,0.3));
#2908 = VECTOR('',#2909,1.);
#2909 = DIRECTION('',(-0.703172247815,-7.449020004175E-02,0.707106781187
    ));
#2910 = ORIENTED_EDGE('',*,*,#2911,.F.);
#2911 = EDGE_CURVE('',#2855,#2904,#2912,.T.);
#2912 = CIRCLE('',#2913,3.);
#2913 = AXIS2_PLACEMENT_3D('',#2914,#2915,#2916);
#2914 = CARTESIAN_POINT('',(37.307033772165,36.92021322558,0.3));
#2915 = DIRECTION('',(-0.,0.,1.));
#2916 = DIRECTION('',(0.614365677914,-0.789021427973,0.));
#2917 = CONICAL_SURFACE('',#2918,3.,0.785398163397);
#2918 = AXIS2_PLACEMENT_3D('',#2919,#2920,#2921);
#2919 = CARTESIAN_POINT('',(37.307033772165,36.92021322558,0.3));
#2920 = DIRECTION('',(-0.,-0.,-1.));
#2921 = DIRECTION('',(0.614365677914,-0.789021427973,0.));
#2922 = ADVANCED_FACE('',(#2923),#2942,.T.);
#2923 = FACE_BOUND('',#2924,.F.);
#2924 = EDGE_LOOP('',(#2925,#2933,#2934,#2935));
#2925 = ORIENTED_EDGE('',*,*,#2926,.F.);
#2926 = EDGE_CURVE('',#738,#2927,#2929,.T.);
#2927 = VERTEX_POINT('',#2928);
#2928 = CARTESIAN_POINT('',(-40.29337859449,38.791901457039,0.3));
#2929 = LINE('',#2930,#2931);
#2930 = CARTESIAN_POINT('',(-40.29337859449,38.791901457039,0.3));
#2931 = VECTOR('',#2932,1.);
#2932 = DIRECTION('',(0.702875981418,7.723570900737E-02,0.707106781187)
  );
#2933 = ORIENTED_EDGE('',*,*,#746,.T.);
#2934 = ORIENTED_EDGE('',*,*,#2876,.T.);
#2935 = ORIENTED_EDGE('',*,*,#2936,.F.);
#2936 = EDGE_CURVE('',#2927,#2877,#2937,.T.);
#2937 = CIRCLE('',#2938,7.25);
#2938 = AXIS2_PLACEMENT_3D('',#2939,#2940,#2941);
#2939 = CARTESIAN_POINT('',(-47.5,38.,0.3));
#2940 = DIRECTION('',(0.,0.,-1.));
#2941 = DIRECTION('',(0.994016745587,0.109227787178,0.));
#2942 = CONICAL_SURFACE('',#2943,7.25,0.785398163397);
#2943 = AXIS2_PLACEMENT_3D('',#2944,#2945,#2946);
#2944 = CARTESIAN_POINT('',(-47.5,38.,0.3));
#2945 = DIRECTION('',(0.,0.,1.));
#2946 = DIRECTION('',(0.994016745587,0.109227787178,-0.));
#2947 = ADVANCED_FACE('',(#2948),#2967,.T.);
#2948 = FACE_BOUND('',#2949,.F.);
#2949 = EDGE_LOOP('',(#2950,#2951,#2952,#2960));
#2950 = ORIENTED_EDGE('',*,*,#2903,.F.);
#2951 = ORIENTED_EDGE('',*,*,#91,.T.);
#2952 = ORIENTED_EDGE('',*,*,#2953,.T.);
#2953 = EDGE_CURVE('',#92,#2954,#2956,.T.);
#2954 = VERTEX_POINT('',#2955);
#2955 = CARTESIAN_POINT('',(40.288393139292,38.745135213626,0.3));
#2956 = LINE('',#2957,#2958);
#2957 = CARTESIAN_POINT('',(40.288393139292,38.745135213626,0.3));
#2958 = VECTOR('',#2959,1.);
#2959 = DIRECTION('',(-0.703362222684,7.26745051663E-02,0.707106781187)
  );
#2960 = ORIENTED_EDGE('',*,*,#2961,.F.);
#2961 = EDGE_CURVE('',#2904,#2954,#2962,.T.);
#2962 = CIRCLE('',#2963,7.25);
#2963 = AXIS2_PLACEMENT_3D('',#2964,#2965,#2966);
#2964 = CARTESIAN_POINT('',(47.5,38.,0.3));
#2965 = DIRECTION('',(0.,0.,-1.));
#2966 = DIRECTION('',(-0.994435729545,-0.105345051163,-0.));
#2967 = CONICAL_SURFACE('',#2968,7.25,0.785398163397);
#2968 = AXIS2_PLACEMENT_3D('',#2969,#2970,#2971);
#2969 = CARTESIAN_POINT('',(47.5,38.,0.3));
#2970 = DIRECTION('',(0.,0.,1.));
#2971 = DIRECTION('',(-0.994435729545,-0.105345051163,0.));
#2972 = ADVANCED_FACE('',(#2973),#2992,.T.);
#2973 = FACE_BOUND('',#2974,.F.);
#2974 = EDGE_LOOP('',(#2975,#2983,#2984,#2985));
#2975 = ORIENTED_EDGE('',*,*,#2976,.F.);
#2976 = EDGE_CURVE('',#730,#2977,#2979,.T.);
#2977 = VERTEX_POINT('',#2978);
#2978 = CARTESIAN_POINT('',(-41.40134368859,40.806824523834,0.3));
#2979 = LINE('',#2980,#2981);
#2980 = CARTESIAN_POINT('',(-41.49504794572,40.689694202418,0.15));
#2981 = VECTOR('',#2982,1.);
#2982 = DIRECTION('',(0.441726104299,0.552157630374,0.707106781187));
#2983 = ORIENTED_EDGE('',*,*,#737,.T.);
#2984 = ORIENTED_EDGE('',*,*,#2926,.T.);
#2985 = ORIENTED_EDGE('',*,*,#2986,.F.);
#2986 = EDGE_CURVE('',#2977,#2927,#2987,.T.);
#2987 = CIRCLE('',#2988,3.);
#2988 = AXIS2_PLACEMENT_3D('',#2989,#2990,#2991);
#2989 = CARTESIAN_POINT('',(-43.27542883125,38.464218095505,0.3));
#2990 = DIRECTION('',(0.,0.,-1.));
#2991 = DIRECTION('',(0.624695047554,0.780868809443,0.));
#2992 = CONICAL_SURFACE('',#2993,3.,0.785398163397);
#2993 = AXIS2_PLACEMENT_3D('',#2994,#2995,#2996);
#2994 = CARTESIAN_POINT('',(-43.27542883125,38.464218095505,0.3));
#2995 = DIRECTION('',(0.,0.,1.));
#2996 = DIRECTION('',(0.624695047554,0.780868809443,-0.));
#2997 = ADVANCED_FACE('',(#2998),#3017,.T.);
#2998 = FACE_BOUND('',#2999,.F.);
#2999 = EDGE_LOOP('',(#3000,#3001,#3002,#3010));
#3000 = ORIENTED_EDGE('',*,*,#2953,.F.);
#3001 = ORIENTED_EDGE('',*,*,#100,.T.);
#3002 = ORIENTED_EDGE('',*,*,#3003,.T.);
#3003 = EDGE_CURVE('',#101,#3004,#3006,.T.);
#3004 = VERTEX_POINT('',#3005);
#3005 = CARTESIAN_POINT('',(41.39842118037,40.77940982942,0.3));
#3006 = LINE('',#3007,#3008);
#3007 = CARTESIAN_POINT('',(41.39842118037,40.77940982942,0.3));
#3008 = VECTOR('',#3009,1.);
#3009 = DIRECTION('',(-0.441726104299,0.552157630374,0.707106781187));
#3010 = ORIENTED_EDGE('',*,*,#3011,.F.);
#3011 = EDGE_CURVE('',#2954,#3004,#3012,.T.);
#3012 = CIRCLE('',#3013,3.);
#3013 = AXIS2_PLACEMENT_3D('',#3014,#3015,#3016);
#3014 = CARTESIAN_POINT('',(43.272506323033,38.436803401091,0.3));
#3015 = DIRECTION('',(0.,0.,-1.));
#3016 = DIRECTION('',(-0.99470439458,0.102777270845,0.));
#3017 = CONICAL_SURFACE('',#3018,3.,0.785398163397);
#3018 = AXIS2_PLACEMENT_3D('',#3019,#3020,#3021);
#3019 = CARTESIAN_POINT('',(43.272506323033,38.436803401091,0.3));
#3020 = DIRECTION('',(0.,0.,1.));
#3021 = DIRECTION('',(-0.99470439458,0.102777270845,0.));
#3022 = ADVANCED_FACE('',(#3023),#3041,.F.);
#3023 = FACE_BOUND('',#3024,.F.);
#3024 = EDGE_LOOP('',(#3025,#3033,#3034,#3035));
#3025 = ORIENTED_EDGE('',*,*,#3026,.F.);
#3026 = EDGE_CURVE('',#721,#3027,#3029,.T.);
#3027 = VERTEX_POINT('',#3028);
#3028 = CARTESIAN_POINT('',(-47.63862490507,45.796649497019,0.3));
#3029 = LINE('',#3030,#3031);
#3030 = CARTESIAN_POINT('',(-47.63862490507,45.796649497019,0.3));
#3031 = VECTOR('',#3032,1.);
#3032 = DIRECTION('',(0.441726104299,0.552157630374,0.707106781187));
#3033 = ORIENTED_EDGE('',*,*,#729,.T.);
#3034 = ORIENTED_EDGE('',*,*,#2976,.T.);
#3035 = ORIENTED_EDGE('',*,*,#3036,.F.);
#3036 = EDGE_CURVE('',#3027,#2977,#3037,.T.);
#3037 = LINE('',#3038,#3039);
#3038 = CARTESIAN_POINT('',(-47.63862490507,45.796649497019,0.3));
#3039 = VECTOR('',#3040,1.);
#3040 = DIRECTION('',(0.780868809443,-0.624695047554,0.));
#3041 = PLANE('',#3042);
#3042 = AXIS2_PLACEMENT_3D('',#3043,#3044,#3045);
#3043 = CARTESIAN_POINT('',(-47.7323291622,45.679519175602,0.15));
#3044 = DIRECTION('',(-0.441726104299,-0.552157630374,0.707106781187));
#3045 = DIRECTION('',(0.780868809443,-0.624695047554,-2.775557561563E-16
    ));
#3046 = ADVANCED_FACE('',(#3047),#3065,.T.);
#3047 = FACE_BOUND('',#3048,.F.);
#3048 = EDGE_LOOP('',(#3049,#3050,#3051,#3059));
#3049 = ORIENTED_EDGE('',*,*,#3003,.F.);
#3050 = ORIENTED_EDGE('',*,*,#109,.T.);
#3051 = ORIENTED_EDGE('',*,*,#3052,.T.);
#3052 = EDGE_CURVE('',#110,#3053,#3055,.T.);
#3053 = VERTEX_POINT('',#3054);
#3054 = CARTESIAN_POINT('',(47.661564073441,45.789924143877,0.3));
#3055 = LINE('',#3056,#3057);
#3056 = CARTESIAN_POINT('',(47.755268330574,45.672793822461,0.15));
#3057 = VECTOR('',#3058,1.);
#3058 = DIRECTION('',(-0.441726104299,0.552157630374,0.707106781187));
#3059 = ORIENTED_EDGE('',*,*,#3060,.F.);
#3060 = EDGE_CURVE('',#3004,#3053,#3061,.T.);
#3061 = LINE('',#3062,#3063);
#3062 = CARTESIAN_POINT('',(41.39842118037,40.77940982942,0.3));
#3063 = VECTOR('',#3064,1.);
#3064 = DIRECTION('',(0.780868809443,0.624695047554,0.));
#3065 = PLANE('',#3066);
#3066 = AXIS2_PLACEMENT_3D('',#3067,#3068,#3069);
#3067 = CARTESIAN_POINT('',(41.492125437503,40.662279508004,0.15));
#3068 = DIRECTION('',(-0.441726104299,0.552157630374,-0.707106781187));
#3069 = DIRECTION('',(-0.780868809443,-0.624695047554,
    -1.942890293094E-16));
#3070 = ADVANCED_FACE('',(#3071),#3090,.T.);
#3071 = FACE_BOUND('',#3072,.F.);
#3072 = EDGE_LOOP('',(#3073,#3081,#3082,#3083));
#3073 = ORIENTED_EDGE('',*,*,#3074,.F.);
#3074 = EDGE_CURVE('',#713,#3075,#3077,.T.);
#3075 = VERTEX_POINT('',#3076);
#3076 = CARTESIAN_POINT('',(-50.35672981491,46.332867591408,0.3));
#3077 = LINE('',#3078,#3079);
#3078 = CARTESIAN_POINT('',(-50.31452882655,46.188926365272,0.15));
#3079 = VECTOR('',#3080,1.);
#3080 = DIRECTION('',(-0.198937366944,0.678545447287,0.707106781187));
#3081 = ORIENTED_EDGE('',*,*,#720,.T.);
#3082 = ORIENTED_EDGE('',*,*,#3026,.T.);
#3083 = ORIENTED_EDGE('',*,*,#3084,.F.);
#3084 = EDGE_CURVE('',#3075,#3027,#3085,.T.);
#3085 = CIRCLE('',#3086,3.);
#3086 = AXIS2_PLACEMENT_3D('',#3087,#3088,#3089);
#3087 = CARTESIAN_POINT('',(-49.51271004773,43.454043068689,0.3));
#3088 = DIRECTION('',(0.,0.,-1.));
#3089 = DIRECTION('',(-0.281339922394,0.959608174239,0.));
#3090 = CONICAL_SURFACE('',#3091,3.,0.785398163397);
#3091 = AXIS2_PLACEMENT_3D('',#3092,#3093,#3094);
#3092 = CARTESIAN_POINT('',(-49.51271004773,43.454043068689,0.3));
#3093 = DIRECTION('',(0.,0.,1.));
#3094 = DIRECTION('',(-0.281339922394,0.959608174239,0.));
#3095 = ADVANCED_FACE('',(#3096),#3115,.T.);
#3096 = FACE_BOUND('',#3097,.F.);
#3097 = EDGE_LOOP('',(#3098,#3099,#3100,#3108));
#3098 = ORIENTED_EDGE('',*,*,#3052,.F.);
#3099 = ORIENTED_EDGE('',*,*,#117,.T.);
#3100 = ORIENTED_EDGE('',*,*,#3101,.T.);
#3101 = EDGE_CURVE('',#118,#3102,#3104,.T.);
#3102 = VERTEX_POINT('',#3103);
#3103 = CARTESIAN_POINT('',(50.379668983287,46.326142238266,0.3));
#3104 = LINE('',#3105,#3106);
#3105 = CARTESIAN_POINT('',(50.379668983287,46.326142238266,0.3));
#3106 = VECTOR('',#3107,1.);
#3107 = DIRECTION('',(0.198937366944,0.678545447287,0.707106781187));
#3108 = ORIENTED_EDGE('',*,*,#3109,.F.);
#3109 = EDGE_CURVE('',#3053,#3102,#3110,.T.);
#3110 = CIRCLE('',#3111,3.);
#3111 = AXIS2_PLACEMENT_3D('',#3112,#3113,#3114);
#3112 = CARTESIAN_POINT('',(49.535649216104,43.447317715548,0.3));
#3113 = DIRECTION('',(0.,0.,-1.));
#3114 = DIRECTION('',(-0.624695047554,0.780868809443,0.));
#3115 = CONICAL_SURFACE('',#3116,3.,0.785398163397);
#3116 = AXIS2_PLACEMENT_3D('',#3117,#3118,#3119);
#3117 = CARTESIAN_POINT('',(49.535649216104,43.447317715548,0.3));
#3118 = DIRECTION('',(0.,0.,1.));
#3119 = DIRECTION('',(-0.624695047554,0.780868809443,0.));
#3120 = ADVANCED_FACE('',(#3121),#3139,.F.);
#3121 = FACE_BOUND('',#3122,.F.);
#3122 = EDGE_LOOP('',(#3123,#3131,#3132,#3133));
#3123 = ORIENTED_EDGE('',*,*,#3124,.F.);
#3124 = EDGE_CURVE('',#704,#3125,#3127,.T.);
#3125 = VERTEX_POINT('',#3126);
#3126 = CARTESIAN_POINT('',(-53.87295560558,45.30197319344,0.3));
#3127 = LINE('',#3128,#3129);
#3128 = CARTESIAN_POINT('',(-53.87295560558,45.30197319344,0.3));
#3129 = VECTOR('',#3130,1.);
#3130 = DIRECTION('',(-0.198937366944,0.678545447287,0.707106781187));
#3131 = ORIENTED_EDGE('',*,*,#712,.T.);
#3132 = ORIENTED_EDGE('',*,*,#3074,.T.);
#3133 = ORIENTED_EDGE('',*,*,#3134,.F.);
#3134 = EDGE_CURVE('',#3125,#3075,#3135,.T.);
#3135 = LINE('',#3136,#3137);
#3136 = CARTESIAN_POINT('',(-53.87295560558,45.30197319344,0.3));
#3137 = VECTOR('',#3138,1.);
#3138 = DIRECTION('',(0.959608174239,0.281339922394,0.));
#3139 = PLANE('',#3140);
#3140 = AXIS2_PLACEMENT_3D('',#3141,#3142,#3143);
#3141 = CARTESIAN_POINT('',(-53.83075461722,45.158031967304,0.15));
#3142 = DIRECTION('',(0.198937366944,-0.678545447287,0.707106781187));
#3143 = DIRECTION('',(0.959608174239,0.281339922394,-8.326672684689E-17)
  );
#3144 = ADVANCED_FACE('',(#3145),#3163,.T.);
#3145 = FACE_BOUND('',#3146,.F.);
#3146 = EDGE_LOOP('',(#3147,#3148,#3149,#3157));
#3147 = ORIENTED_EDGE('',*,*,#3101,.F.);
#3148 = ORIENTED_EDGE('',*,*,#126,.T.);
#3149 = ORIENTED_EDGE('',*,*,#3150,.T.);
#3150 = EDGE_CURVE('',#127,#3151,#3153,.T.);
#3151 = VERTEX_POINT('',#3152);
#3152 = CARTESIAN_POINT('',(53.872955605585,45.30197319344,0.3));
#3153 = LINE('',#3154,#3155);
#3154 = CARTESIAN_POINT('',(53.830754617226,45.158031967304,0.15));
#3155 = VECTOR('',#3156,1.);
#3156 = DIRECTION('',(0.198937366944,0.678545447287,0.707106781187));
#3157 = ORIENTED_EDGE('',*,*,#3158,.F.);
#3158 = EDGE_CURVE('',#3102,#3151,#3159,.T.);
#3159 = LINE('',#3160,#3161);
#3160 = CARTESIAN_POINT('',(50.379668983287,46.326142238266,0.3));
#3161 = VECTOR('',#3162,1.);
#3162 = DIRECTION('',(0.959608174239,-0.281339922394,0.));
#3163 = PLANE('',#3164);
#3164 = AXIS2_PLACEMENT_3D('',#3165,#3166,#3167);
#3165 = CARTESIAN_POINT('',(50.337467994928,46.18220101213,0.15));
#3166 = DIRECTION('',(0.198937366944,0.678545447287,-0.707106781187));
#3167 = DIRECTION('',(-0.959608174239,0.281339922394,-5.551115123126E-17
    ));
#3168 = ADVANCED_FACE('',(#3169),#3188,.T.);
#3169 = FACE_BOUND('',#3170,.F.);
#3170 = EDGE_LOOP('',(#3171,#3179,#3180,#3181));
#3171 = ORIENTED_EDGE('',*,*,#3172,.F.);
#3172 = EDGE_CURVE('',#696,#3173,#3175,.T.);
#3173 = VERTEX_POINT('',#3174);
#3174 = CARTESIAN_POINT('',(-56.02281776067,42.614645499572,0.3));
#3175 = LINE('',#3176,#3177);
#3176 = CARTESIAN_POINT('',(-55.87312366456,42.605070658129,0.15));
#3177 = VECTOR('',#3178,1.);
#3178 = DIRECTION('',(-0.705664736438,4.513623541856E-02,0.707106781187)
  );
#3179 = ORIENTED_EDGE('',*,*,#703,.T.);
#3180 = ORIENTED_EDGE('',*,*,#3124,.T.);
#3181 = ORIENTED_EDGE('',*,*,#3182,.F.);
#3182 = EDGE_CURVE('',#3173,#3125,#3183,.T.);
#3183 = CIRCLE('',#3184,3.);
#3184 = AXIS2_PLACEMENT_3D('',#3185,#3186,#3187);
#3185 = CARTESIAN_POINT('',(-53.0289358384,42.423148670722,0.3));
#3186 = DIRECTION('',(0.,0.,-1.));
#3187 = DIRECTION('',(-0.997960640759,6.38322762834E-02,0.));
#3188 = CONICAL_SURFACE('',#3189,3.,0.785398163397);
#3189 = AXIS2_PLACEMENT_3D('',#3190,#3191,#3192);
#3190 = CARTESIAN_POINT('',(-53.0289358384,42.423148670722,0.3));
#3191 = DIRECTION('',(0.,0.,1.));
#3192 = DIRECTION('',(-0.997960640759,6.38322762834E-02,0.));
#3193 = ADVANCED_FACE('',(#3194),#3213,.T.);
#3194 = FACE_BOUND('',#3195,.F.);
#3195 = EDGE_LOOP('',(#3196,#3197,#3198,#3206));
#3196 = ORIENTED_EDGE('',*,*,#3150,.F.);
#3197 = ORIENTED_EDGE('',*,*,#134,.T.);
#3198 = ORIENTED_EDGE('',*,*,#3199,.T.);
#3199 = EDGE_CURVE('',#135,#3200,#3202,.T.);
#3200 = VERTEX_POINT('',#3201);
#3201 = CARTESIAN_POINT('',(56.022817760679,42.614645499572,0.3));
#3202 = LINE('',#3203,#3204);
#3203 = CARTESIAN_POINT('',(56.022817760679,42.614645499572,0.3));
#3204 = VECTOR('',#3205,1.);
#3205 = DIRECTION('',(0.705664736438,4.513623541857E-02,0.707106781187)
  );
#3206 = ORIENTED_EDGE('',*,*,#3207,.F.);
#3207 = EDGE_CURVE('',#3151,#3200,#3208,.T.);
#3208 = CIRCLE('',#3209,3.);
#3209 = AXIS2_PLACEMENT_3D('',#3210,#3211,#3212);
#3210 = CARTESIAN_POINT('',(53.028935838402,42.423148670722,0.3));
#3211 = DIRECTION('',(0.,0.,-1.));
#3212 = DIRECTION('',(0.281339922394,0.959608174239,0.));
#3213 = CONICAL_SURFACE('',#3214,3.,0.785398163397);
#3214 = AXIS2_PLACEMENT_3D('',#3215,#3216,#3217);
#3215 = CARTESIAN_POINT('',(53.028935838402,42.423148670722,0.3));
#3216 = DIRECTION('',(0.,0.,1.));
#3217 = DIRECTION('',(0.281339922394,0.959608174239,-0.));
#3218 = ADVANCED_FACE('',(#3219),#3237,.T.);
#3219 = FACE_BOUND('',#3220,.F.);
#3220 = EDGE_LOOP('',(#3221,#3229,#3230,#3231));
#3221 = ORIENTED_EDGE('',*,*,#3222,.F.);
#3222 = EDGE_CURVE('',#687,#3223,#3225,.T.);
#3223 = VERTEX_POINT('',#3224);
#3224 = CARTESIAN_POINT('',(-56.25671395098,38.957887421317,0.3));
#3225 = LINE('',#3226,#3227);
#3226 = CARTESIAN_POINT('',(-56.25671395098,38.957887421317,0.3));
#3227 = VECTOR('',#3228,1.);
#3228 = DIRECTION('',(-0.705664736438,4.513623541856E-02,0.707106781187)
  );
#3229 = ORIENTED_EDGE('',*,*,#695,.T.);
#3230 = ORIENTED_EDGE('',*,*,#3172,.T.);
#3231 = ORIENTED_EDGE('',*,*,#3232,.F.);
#3232 = EDGE_CURVE('',#3223,#3173,#3233,.T.);
#3233 = LINE('',#3234,#3235);
#3234 = CARTESIAN_POINT('',(-56.25671395098,38.957887421317,0.3));
#3235 = VECTOR('',#3236,1.);
#3236 = DIRECTION('',(6.38322762834E-02,0.997960640759,0.));
#3237 = PLANE('',#3238);
#3238 = AXIS2_PLACEMENT_3D('',#3239,#3240,#3241);
#3239 = CARTESIAN_POINT('',(-56.10701985487,38.948312579874,0.15));
#3240 = DIRECTION('',(-0.705664736438,4.513623541856E-02,-0.707106781187
    ));
#3241 = DIRECTION('',(-6.38322762834E-02,-0.997960640759,
    1.873501354055E-16));
#3242 = ADVANCED_FACE('',(#3243),#3261,.F.);
#3243 = FACE_BOUND('',#3244,.F.);
#3244 = EDGE_LOOP('',(#3245,#3246,#3247,#3255));
#3245 = ORIENTED_EDGE('',*,*,#3199,.F.);
#3246 = ORIENTED_EDGE('',*,*,#143,.T.);
#3247 = ORIENTED_EDGE('',*,*,#3248,.T.);
#3248 = EDGE_CURVE('',#144,#3249,#3251,.T.);
#3249 = VERTEX_POINT('',#3250);
#3250 = CARTESIAN_POINT('',(56.255188058055,38.981743394807,0.3));
#3251 = LINE('',#3252,#3253);
#3252 = CARTESIAN_POINT('',(56.105493961941,38.972168553365,0.15));
#3253 = VECTOR('',#3254,1.);
#3254 = DIRECTION('',(0.705664736438,4.513623541856E-02,0.707106781187)
  );
#3255 = ORIENTED_EDGE('',*,*,#3256,.F.);
#3256 = EDGE_CURVE('',#3200,#3249,#3257,.T.);
#3257 = LINE('',#3258,#3259);
#3258 = CARTESIAN_POINT('',(56.022817760679,42.614645499572,0.3));
#3259 = VECTOR('',#3260,1.);
#3260 = DIRECTION('',(6.38322762834E-02,-0.997960640759,0.));
#3261 = PLANE('',#3262);
#3262 = AXIS2_PLACEMENT_3D('',#3263,#3264,#3265);
#3263 = CARTESIAN_POINT('',(55.873123664566,42.605070658129,0.15));
#3264 = DIRECTION('',(-0.705664736438,-4.513623541856E-02,0.707106781187
    ));
#3265 = DIRECTION('',(6.38322762834E-02,-0.997960640759,
    1.457167719821E-16));
#3266 = ADVANCED_FACE('',(#3267),#3286,.T.);
#3267 = FACE_BOUND('',#3268,.F.);
#3268 = EDGE_LOOP('',(#3269,#3277,#3278,#3279));
#3269 = ORIENTED_EDGE('',*,*,#3270,.F.);
#3270 = EDGE_CURVE('',#679,#3271,#3273,.T.);
#3271 = VERTEX_POINT('',#3272);
#3272 = CARTESIAN_POINT('',(-55.13691717137,36.423784164138,0.3));
#3273 = LINE('',#3274,#3275);
#3274 = CARTESIAN_POINT('',(-55.04321291424,36.540914485554,0.15));
#3275 = VECTOR('',#3276,1.);
#3276 = DIRECTION('',(-0.441726104299,-0.552157630374,0.707106781187));
#3277 = ORIENTED_EDGE('',*,*,#686,.T.);
#3278 = ORIENTED_EDGE('',*,*,#3222,.T.);
#3279 = ORIENTED_EDGE('',*,*,#3280,.F.);
#3280 = EDGE_CURVE('',#3271,#3223,#3281,.T.);
#3281 = CIRCLE('',#3282,3.);
#3282 = AXIS2_PLACEMENT_3D('',#3283,#3284,#3285);
#3283 = CARTESIAN_POINT('',(-53.26283202871,38.766390592467,0.3));
#3284 = DIRECTION('',(0.,0.,-1.));
#3285 = DIRECTION('',(-0.624695047554,-0.780868809443,-0.));
#3286 = CONICAL_SURFACE('',#3287,3.,0.785398163397);
#3287 = AXIS2_PLACEMENT_3D('',#3288,#3289,#3290);
#3288 = CARTESIAN_POINT('',(-53.26283202871,38.766390592467,0.3));
#3289 = DIRECTION('',(0.,0.,1.));
#3290 = DIRECTION('',(-0.624695047554,-0.780868809443,0.));
#3291 = ADVANCED_FACE('',(#3292),#3311,.T.);
#3292 = FACE_BOUND('',#3293,.F.);
#3293 = EDGE_LOOP('',(#3294,#3295,#3296,#3304));
#3294 = ORIENTED_EDGE('',*,*,#3248,.F.);
#3295 = ORIENTED_EDGE('',*,*,#151,.T.);
#3296 = ORIENTED_EDGE('',*,*,#3297,.T.);
#3297 = EDGE_CURVE('',#152,#3298,#3300,.T.);
#3298 = VERTEX_POINT('',#3299);
#3299 = CARTESIAN_POINT('',(55.13539127844,36.447640137628,0.3));
#3300 = LINE('',#3301,#3302);
#3301 = CARTESIAN_POINT('',(55.13539127844,36.447640137628,0.3));
#3302 = VECTOR('',#3303,1.);
#3303 = DIRECTION('',(0.441726104299,-0.552157630374,0.707106781187));
#3304 = ORIENTED_EDGE('',*,*,#3305,.F.);
#3305 = EDGE_CURVE('',#3249,#3298,#3306,.T.);
#3306 = CIRCLE('',#3307,3.);
#3307 = AXIS2_PLACEMENT_3D('',#3308,#3309,#3310);
#3308 = CARTESIAN_POINT('',(53.261306135777,38.790246565957,0.3));
#3309 = DIRECTION('',(0.,0.,-1.));
#3310 = DIRECTION('',(0.997960640759,6.38322762834E-02,0.));
#3311 = CONICAL_SURFACE('',#3312,3.,0.785398163397);
#3312 = AXIS2_PLACEMENT_3D('',#3313,#3314,#3315);
#3313 = CARTESIAN_POINT('',(53.261306135777,38.790246565957,0.3));
#3314 = DIRECTION('',(0.,0.,1.));
#3315 = DIRECTION('',(0.997960640759,6.38322762834E-02,-0.));
#3316 = ADVANCED_FACE('',(#3317),#3335,.T.);
#3317 = FACE_BOUND('',#3318,.F.);
#3318 = EDGE_LOOP('',(#3319,#3327,#3328,#3329));
#3319 = ORIENTED_EDGE('',*,*,#3320,.F.);
#3320 = EDGE_CURVE('',#670,#3321,#3323,.T.);
#3321 = VERTEX_POINT('',#3322);
#3322 = CARTESIAN_POINT('',(-48.89963595489,31.433959190953,0.3));
#3323 = LINE('',#3324,#3325);
#3324 = CARTESIAN_POINT('',(-48.89963595489,31.433959190953,0.3));
#3325 = VECTOR('',#3326,1.);
#3326 = DIRECTION('',(-0.441726104299,-0.552157630374,0.707106781187));
#3327 = ORIENTED_EDGE('',*,*,#678,.T.);
#3328 = ORIENTED_EDGE('',*,*,#3270,.T.);
#3329 = ORIENTED_EDGE('',*,*,#3330,.F.);
#3330 = EDGE_CURVE('',#3321,#3271,#3331,.T.);
#3331 = LINE('',#3332,#3333);
#3332 = CARTESIAN_POINT('',(-48.89963595489,31.433959190953,0.3));
#3333 = VECTOR('',#3334,1.);
#3334 = DIRECTION('',(-0.780868809443,0.624695047554,0.));
#3335 = PLANE('',#3336);
#3336 = AXIS2_PLACEMENT_3D('',#3337,#3338,#3339);
#3337 = CARTESIAN_POINT('',(-48.80593169776,31.55108951237,0.15));
#3338 = DIRECTION('',(-0.441726104299,-0.552157630374,-0.707106781187));
#3339 = DIRECTION('',(0.780868809443,-0.624695047554,-1.110223024625E-16
    ));
#3340 = ADVANCED_FACE('',(#3341),#3359,.F.);
#3341 = FACE_BOUND('',#3342,.F.);
#3342 = EDGE_LOOP('',(#3343,#3344,#3345,#3353));
#3343 = ORIENTED_EDGE('',*,*,#3297,.F.);
#3344 = ORIENTED_EDGE('',*,*,#160,.T.);
#3345 = ORIENTED_EDGE('',*,*,#3346,.T.);
#3346 = EDGE_CURVE('',#161,#3347,#3349,.T.);
#3347 = VERTEX_POINT('',#3348);
#3348 = CARTESIAN_POINT('',(48.872248385369,31.437125823171,0.3));
#3349 = LINE('',#3350,#3351);
#3350 = CARTESIAN_POINT('',(48.778544128236,31.554256144587,0.15));
#3351 = VECTOR('',#3352,1.);
#3352 = DIRECTION('',(0.441726104299,-0.552157630374,0.707106781187));
#3353 = ORIENTED_EDGE('',*,*,#3354,.F.);
#3354 = EDGE_CURVE('',#3298,#3347,#3355,.T.);
#3355 = LINE('',#3356,#3357);
#3356 = CARTESIAN_POINT('',(55.13539127844,36.447640137628,0.3));
#3357 = VECTOR('',#3358,1.);
#3358 = DIRECTION('',(-0.780868809443,-0.624695047554,-0.));
#3359 = PLANE('',#3360);
#3360 = AXIS2_PLACEMENT_3D('',#3361,#3362,#3363);
#3361 = CARTESIAN_POINT('',(55.041687021307,36.564770459044,0.15));
#3362 = DIRECTION('',(-0.441726104299,0.552157630374,0.707106781187));
#3363 = DIRECTION('',(-0.780868809443,-0.624695047554,
    -3.608224830032E-16));
#3364 = ADVANCED_FACE('',(#3365),#3384,.T.);
#3365 = FACE_BOUND('',#3366,.F.);
#3366 = EDGE_LOOP('',(#3367,#3375,#3376,#3377));
#3367 = ORIENTED_EDGE('',*,*,#3368,.F.);
#3368 = EDGE_CURVE('',#661,#3369,#3371,.T.);
#3369 = VERTEX_POINT('',#3370);
#3370 = CARTESIAN_POINT('',(-46.69064550321,30.795317821129,0.3));
#3371 = LINE('',#3372,#3373);
#3372 = CARTESIAN_POINT('',(-46.69064550321,30.795317821129,0.3));
#3373 = VECTOR('',#3374,1.);
#3374 = DIRECTION('',(7.893793835282E-02,-0.702686844824,0.707106781187)
  );
#3375 = ORIENTED_EDGE('',*,*,#669,.T.);
#3376 = ORIENTED_EDGE('',*,*,#3320,.T.);
#3377 = ORIENTED_EDGE('',*,*,#3378,.F.);
#3378 = EDGE_CURVE('',#3369,#3321,#3379,.T.);
#3379 = CIRCLE('',#3380,3.);
#3380 = AXIS2_PLACEMENT_3D('',#3381,#3382,#3383);
#3381 = CARTESIAN_POINT('',(-47.02555081223,33.776565619283,0.3));
#3382 = DIRECTION('',(0.,0.,-1.));
#3383 = DIRECTION('',(0.111635103004,-0.993749266051,0.));
#3384 = CONICAL_SURFACE('',#3385,3.,0.785398163397);
#3385 = AXIS2_PLACEMENT_3D('',#3386,#3387,#3388);
#3386 = CARTESIAN_POINT('',(-47.02555081223,33.776565619283,0.3));
#3387 = DIRECTION('',(0.,0.,1.));
#3388 = DIRECTION('',(0.111635103004,-0.993749266051,0.));
#3389 = ADVANCED_FACE('',(#3390),#3409,.T.);
#3390 = FACE_BOUND('',#3391,.F.);
#3391 = EDGE_LOOP('',(#3392,#3393,#3394,#3402));
#3392 = ORIENTED_EDGE('',*,*,#3346,.F.);
#3393 = ORIENTED_EDGE('',*,*,#168,.T.);
#3394 = ORIENTED_EDGE('',*,*,#3395,.T.);
#3395 = EDGE_CURVE('',#169,#3396,#3398,.T.);
#3396 = VERTEX_POINT('',#3397);
#3397 = CARTESIAN_POINT('',(46.643925531675,30.800719723147,0.3));
#3398 = LINE('',#3399,#3400);
#3399 = CARTESIAN_POINT('',(46.643925531675,30.800719723147,0.3));
#3400 = VECTOR('',#3401,1.);
#3401 = DIRECTION('',(-8.349462920739E-02,-0.702159986679,0.707106781187
    ));
#3402 = ORIENTED_EDGE('',*,*,#3403,.F.);
#3403 = EDGE_CURVE('',#3347,#3396,#3404,.T.);
#3404 = CIRCLE('',#3405,3.);
#3405 = AXIS2_PLACEMENT_3D('',#3406,#3407,#3408);
#3406 = CARTESIAN_POINT('',(46.998163242706,33.7797322515,0.3));
#3407 = DIRECTION('',(0.,0.,-1.));
#3408 = DIRECTION('',(0.624695047554,-0.780868809443,0.));
#3409 = CONICAL_SURFACE('',#3410,3.,0.785398163397);
#3410 = AXIS2_PLACEMENT_3D('',#3411,#3412,#3413);
#3411 = CARTESIAN_POINT('',(46.998163242706,33.7797322515,0.3));
#3412 = DIRECTION('',(0.,0.,1.));
#3413 = DIRECTION('',(0.624695047554,-0.780868809443,0.));
#3414 = ADVANCED_FACE('',(#3415),#3434,.T.);
#3415 = FACE_BOUND('',#3416,.F.);
#3416 = EDGE_LOOP('',(#3417,#3425,#3426,#3427));
#3417 = ORIENTED_EDGE('',*,*,#3418,.F.);
#3418 = EDGE_CURVE('',#652,#3419,#3421,.T.);
#3419 = VERTEX_POINT('',#3420);
#3420 = CARTESIAN_POINT('',(-45.17261465626,31.133721716842,0.3));
#3421 = LINE('',#3422,#3423);
#3422 = CARTESIAN_POINT('',(-45.17261465626,31.133721716842,0.3));
#3423 = VECTOR('',#3424,1.);
#3424 = DIRECTION('',(0.226994477102,-0.669681646281,0.707106781187));
#3425 = ORIENTED_EDGE('',*,*,#660,.T.);
#3426 = ORIENTED_EDGE('',*,*,#3368,.T.);
#3427 = ORIENTED_EDGE('',*,*,#3428,.F.);
#3428 = EDGE_CURVE('',#3419,#3369,#3429,.T.);
#3429 = CIRCLE('',#3430,7.25);
#3430 = AXIS2_PLACEMENT_3D('',#3431,#3432,#3433);
#3431 = CARTESIAN_POINT('',(-47.5,38.,0.3));
#3432 = DIRECTION('',(0.,0.,-1.));
#3433 = DIRECTION('',(0.321018668101,-0.947072866642,0.));
#3434 = CONICAL_SURFACE('',#3435,7.25,0.785398163397);
#3435 = AXIS2_PLACEMENT_3D('',#3436,#3437,#3438);
#3436 = CARTESIAN_POINT('',(-47.5,38.,0.3));
#3437 = DIRECTION('',(0.,0.,1.));
#3438 = DIRECTION('',(0.321018668101,-0.947072866642,0.));
#3439 = ADVANCED_FACE('',(#3440),#3459,.T.);
#3440 = FACE_BOUND('',#3441,.F.);
#3441 = EDGE_LOOP('',(#3442,#3443,#3444,#3452));
#3442 = ORIENTED_EDGE('',*,*,#3395,.F.);
#3443 = ORIENTED_EDGE('',*,*,#177,.T.);
#3444 = ORIENTED_EDGE('',*,*,#3445,.T.);
#3445 = EDGE_CURVE('',#178,#3446,#3448,.T.);
#3446 = VERTEX_POINT('',#3447);
#3447 = CARTESIAN_POINT('',(45.172614656265,31.133721716842,0.3));
#3448 = LINE('',#3449,#3450);
#3449 = CARTESIAN_POINT('',(45.172614656265,31.133721716842,0.3));
#3450 = VECTOR('',#3451,1.);
#3451 = DIRECTION('',(-0.226994477102,-0.669681646281,0.707106781187));
#3452 = ORIENTED_EDGE('',*,*,#3453,.F.);
#3453 = EDGE_CURVE('',#3396,#3446,#3454,.T.);
#3454 = CIRCLE('',#3455,7.25);
#3455 = AXIS2_PLACEMENT_3D('',#3456,#3457,#3458);
#3456 = CARTESIAN_POINT('',(47.5,38.,0.3));
#3457 = DIRECTION('',(0.,0.,-1.));
#3458 = DIRECTION('',(-0.11807923701,-0.993004176118,-0.));
#3459 = CONICAL_SURFACE('',#3460,7.25,0.785398163397);
#3460 = AXIS2_PLACEMENT_3D('',#3461,#3462,#3463);
#3461 = CARTESIAN_POINT('',(47.5,38.,0.3));
#3462 = DIRECTION('',(0.,0.,1.));
#3463 = DIRECTION('',(-0.11807923701,-0.993004176118,0.));
#3464 = ADVANCED_FACE('',(#3465),#3484,.F.);
#3465 = FACE_BOUND('',#3466,.F.);
#3466 = EDGE_LOOP('',(#3467,#3475,#3476,#3477));
#3467 = ORIENTED_EDGE('',*,*,#3468,.F.);
#3468 = EDGE_CURVE('',#644,#3469,#3471,.T.);
#3469 = VERTEX_POINT('',#3470);
#3470 = CARTESIAN_POINT('',(-42.30426531575,30.609798372816,0.3));
#3471 = LINE('',#3472,#3473);
#3472 = CARTESIAN_POINT('',(-42.20900064894,30.725663135611,0.15));
#3473 = VECTOR('',#3474,1.);
#3474 = DIRECTION('',(-0.449081946059,-0.54619172982,0.707106781187));
#3475 = ORIENTED_EDGE('',*,*,#651,.T.);
#3476 = ORIENTED_EDGE('',*,*,#3418,.T.);
#3477 = ORIENTED_EDGE('',*,*,#3478,.F.);
#3478 = EDGE_CURVE('',#3469,#3419,#3479,.T.);
#3479 = CIRCLE('',#3480,3.);
#3480 = AXIS2_PLACEMENT_3D('',#3481,#3482,#3483);
#3481 = CARTESIAN_POINT('',(-44.20955865196,28.292503116915,0.3));
#3482 = DIRECTION('',(0.,-0.,1.));
#3483 = DIRECTION('',(0.635097778734,0.772431751967,0.));
#3484 = CONICAL_SURFACE('',#3485,3.,0.785398163397);
#3485 = AXIS2_PLACEMENT_3D('',#3486,#3487,#3488);
#3486 = CARTESIAN_POINT('',(-44.20955865196,28.292503116915,0.3));
#3487 = DIRECTION('',(-0.,-0.,-1.));
#3488 = DIRECTION('',(0.635097778734,0.772431751967,-0.));
#3489 = ADVANCED_FACE('',(#3490),#3509,.F.);
#3490 = FACE_BOUND('',#3491,.F.);
#3491 = EDGE_LOOP('',(#3492,#3493,#3494,#3502));
#3492 = ORIENTED_EDGE('',*,*,#3445,.F.);
#3493 = ORIENTED_EDGE('',*,*,#186,.T.);
#3494 = ORIENTED_EDGE('',*,*,#3495,.T.);
#3495 = EDGE_CURVE('',#187,#3496,#3498,.T.);
#3496 = VERTEX_POINT('',#3497);
#3497 = CARTESIAN_POINT('',(42.304265315758,30.609798372816,0.3));
#3498 = LINE('',#3499,#3500);
#3499 = CARTESIAN_POINT('',(42.304265315758,30.609798372816,0.3));
#3500 = VECTOR('',#3501,1.);
#3501 = DIRECTION('',(0.449081946059,-0.54619172982,0.707106781187));
#3502 = ORIENTED_EDGE('',*,*,#3503,.F.);
#3503 = EDGE_CURVE('',#3446,#3496,#3504,.T.);
#3504 = CIRCLE('',#3505,3.);
#3505 = AXIS2_PLACEMENT_3D('',#3506,#3507,#3508);
#3506 = CARTESIAN_POINT('',(44.209558651961,28.292503116915,0.3));
#3507 = DIRECTION('',(0.,-0.,1.));
#3508 = DIRECTION('',(0.321018668101,0.947072866642,0.));
#3509 = CONICAL_SURFACE('',#3510,3.,0.785398163397);
#3510 = AXIS2_PLACEMENT_3D('',#3511,#3512,#3513);
#3511 = CARTESIAN_POINT('',(44.209558651961,28.292503116915,0.3));
#3512 = DIRECTION('',(-0.,-0.,-1.));
#3513 = DIRECTION('',(0.321018668101,0.947072866642,-0.));
#3514 = ADVANCED_FACE('',(#3515),#3533,.F.);
#3515 = FACE_BOUND('',#3516,.F.);
#3516 = EDGE_LOOP('',(#3517,#3525,#3526,#3527));
#3517 = ORIENTED_EDGE('',*,*,#3518,.F.);
#3518 = EDGE_CURVE('',#635,#3519,#3521,.T.);
#3519 = VERTEX_POINT('',#3520);
#3520 = CARTESIAN_POINT('',(-19.12592958405,11.552438935594,0.3));
#3521 = LINE('',#3522,#3523);
#3522 = CARTESIAN_POINT('',(-19.12592958405,11.552438935594,0.3));
#3523 = VECTOR('',#3524,1.);
#3524 = DIRECTION('',(-0.449081946059,-0.54619172982,0.707106781187));
#3525 = ORIENTED_EDGE('',*,*,#643,.T.);
#3526 = ORIENTED_EDGE('',*,*,#3468,.T.);
#3527 = ORIENTED_EDGE('',*,*,#3528,.F.);
#3528 = EDGE_CURVE('',#3519,#3469,#3529,.T.);
#3529 = LINE('',#3530,#3531);
#3530 = CARTESIAN_POINT('',(-19.12592958405,11.552438935594,0.3));
#3531 = VECTOR('',#3532,1.);
#3532 = DIRECTION('',(-0.772431751967,0.635097778734,0.));
#3533 = PLANE('',#3534);
#3534 = AXIS2_PLACEMENT_3D('',#3535,#3536,#3537);
#3535 = CARTESIAN_POINT('',(-19.03066491724,11.668303698389,0.15));
#3536 = DIRECTION('',(0.449081946059,0.54619172982,0.707106781187));
#3537 = DIRECTION('',(-0.772431751967,0.635097778734,-2.775557561563E-17
    ));
#3538 = ADVANCED_FACE('',(#3539),#3557,.F.);
#3539 = FACE_BOUND('',#3540,.F.);
#3540 = EDGE_LOOP('',(#3541,#3542,#3543,#3551));
#3541 = ORIENTED_EDGE('',*,*,#3495,.F.);
#3542 = ORIENTED_EDGE('',*,*,#195,.T.);
#3543 = ORIENTED_EDGE('',*,*,#3544,.T.);
#3544 = EDGE_CURVE('',#196,#3545,#3547,.T.);
#3545 = VERTEX_POINT('',#3546);
#3546 = CARTESIAN_POINT('',(19.125929584055,11.552438935594,0.3));
#3547 = LINE('',#3548,#3549);
#3548 = CARTESIAN_POINT('',(19.030664917244,11.668303698389,0.15));
#3549 = VECTOR('',#3550,1.);
#3550 = DIRECTION('',(0.449081946059,-0.54619172982,0.707106781187));
#3551 = ORIENTED_EDGE('',*,*,#3552,.F.);
#3552 = EDGE_CURVE('',#3496,#3545,#3553,.T.);
#3553 = LINE('',#3554,#3555);
#3554 = CARTESIAN_POINT('',(42.304265315758,30.609798372816,0.3));
#3555 = VECTOR('',#3556,1.);
#3556 = DIRECTION('',(-0.772431751967,-0.635097778734,-0.));
#3557 = PLANE('',#3558);
#3558 = AXIS2_PLACEMENT_3D('',#3559,#3560,#3561);
#3559 = CARTESIAN_POINT('',(42.209000648948,30.725663135611,0.15));
#3560 = DIRECTION('',(-0.449081946059,0.54619172982,0.707106781187));
#3561 = DIRECTION('',(-0.772431751967,-0.635097778734,
    -1.942890293094E-16));
#3562 = ADVANCED_FACE('',(#3563),#3582,.F.);
#3563 = FACE_BOUND('',#3564,.F.);
#3564 = EDGE_LOOP('',(#3565,#3573,#3574,#3575));
#3565 = ORIENTED_EDGE('',*,*,#3566,.F.);
#3566 = EDGE_CURVE('',#627,#3567,#3569,.T.);
#3567 = VERTEX_POINT('',#3568);
#3568 = CARTESIAN_POINT('',(-18.03122292025,9.235143679693,0.3));
#3569 = LINE('',#3570,#3571);
#3570 = CARTESIAN_POINT('',(-17.88122292025,9.235143679693,0.15));
#3571 = VECTOR('',#3572,1.);
#3572 = DIRECTION('',(-0.707106781187,0.,0.707106781187));
#3573 = ORIENTED_EDGE('',*,*,#634,.T.);
#3574 = ORIENTED_EDGE('',*,*,#3518,.T.);
#3575 = ORIENTED_EDGE('',*,*,#3576,.F.);
#3576 = EDGE_CURVE('',#3567,#3519,#3577,.T.);
#3577 = CIRCLE('',#3578,3.);
#3578 = AXIS2_PLACEMENT_3D('',#3579,#3580,#3581);
#3579 = CARTESIAN_POINT('',(-21.03122292025,9.235143679693,0.3));
#3580 = DIRECTION('',(0.,0.,1.));
#3581 = DIRECTION('',(1.,0.,-0.));
#3582 = CONICAL_SURFACE('',#3583,3.,0.785398163397);
#3583 = AXIS2_PLACEMENT_3D('',#3584,#3585,#3586);
#3584 = CARTESIAN_POINT('',(-21.03122292025,9.235143679693,0.3));
#3585 = DIRECTION('',(-0.,-0.,-1.));
#3586 = DIRECTION('',(1.,0.,-0.));
#3587 = ADVANCED_FACE('',(#3588),#3607,.F.);
#3588 = FACE_BOUND('',#3589,.F.);
#3589 = EDGE_LOOP('',(#3590,#3591,#3592,#3600));
#3590 = ORIENTED_EDGE('',*,*,#3544,.F.);
#3591 = ORIENTED_EDGE('',*,*,#203,.T.);
#3592 = ORIENTED_EDGE('',*,*,#3593,.T.);
#3593 = EDGE_CURVE('',#204,#3594,#3596,.T.);
#3594 = VERTEX_POINT('',#3595);
#3595 = CARTESIAN_POINT('',(18.031222920257,9.235143679693,0.3));
#3596 = LINE('',#3597,#3598);
#3597 = CARTESIAN_POINT('',(18.031222920257,9.235143679693,0.3));
#3598 = VECTOR('',#3599,1.);
#3599 = DIRECTION('',(0.707106781187,-6.E-17,0.707106781187));
#3600 = ORIENTED_EDGE('',*,*,#3601,.F.);
#3601 = EDGE_CURVE('',#3545,#3594,#3602,.T.);
#3602 = CIRCLE('',#3603,3.);
#3603 = AXIS2_PLACEMENT_3D('',#3604,#3605,#3606);
#3604 = CARTESIAN_POINT('',(21.031222920257,9.235143679693,0.3));
#3605 = DIRECTION('',(0.,0.,1.));
#3606 = DIRECTION('',(-0.635097778734,0.772431751967,0.));
#3607 = CONICAL_SURFACE('',#3608,3.,0.785398163397);
#3608 = AXIS2_PLACEMENT_3D('',#3609,#3610,#3611);
#3609 = CARTESIAN_POINT('',(21.031222920257,9.235143679693,0.3));
#3610 = DIRECTION('',(-0.,-0.,-1.));
#3611 = DIRECTION('',(-0.635097778734,0.772431751967,0.));
#3612 = ADVANCED_FACE('',(#3613),#3631,.T.);
#3613 = FACE_BOUND('',#3614,.F.);
#3614 = EDGE_LOOP('',(#3615,#3623,#3624,#3625));
#3615 = ORIENTED_EDGE('',*,*,#3616,.F.);
#3616 = EDGE_CURVE('',#618,#3617,#3619,.T.);
#3617 = VERTEX_POINT('',#3618);
#3618 = CARTESIAN_POINT('',(-18.03122292025,3.919183588453,0.3));
#3619 = LINE('',#3620,#3621);
#3620 = CARTESIAN_POINT('',(-18.03122292025,3.919183588453,0.3));
#3621 = VECTOR('',#3622,1.);
#3622 = DIRECTION('',(-0.707106781187,-6.1E-16,0.707106781187));
#3623 = ORIENTED_EDGE('',*,*,#626,.T.);
#3624 = ORIENTED_EDGE('',*,*,#3566,.T.);
#3625 = ORIENTED_EDGE('',*,*,#3626,.F.);
#3626 = EDGE_CURVE('',#3617,#3567,#3627,.T.);
#3627 = LINE('',#3628,#3629);
#3628 = CARTESIAN_POINT('',(-18.03122292025,3.919183588453,0.3));
#3629 = VECTOR('',#3630,1.);
#3630 = DIRECTION('',(0.,1.,0.));
#3631 = PLANE('',#3632);
#3632 = AXIS2_PLACEMENT_3D('',#3633,#3634,#3635);
#3633 = CARTESIAN_POINT('',(-17.88122292025,3.919183588453,0.15));
#3634 = DIRECTION('',(-0.707106781187,0.,-0.707106781187));
#3635 = DIRECTION('',(-0.,-1.,-0.));
#3636 = ADVANCED_FACE('',(#3637),#3655,.T.);
#3637 = FACE_BOUND('',#3638,.F.);
#3638 = EDGE_LOOP('',(#3639,#3640,#3641,#3649));
#3639 = ORIENTED_EDGE('',*,*,#3593,.F.);
#3640 = ORIENTED_EDGE('',*,*,#212,.T.);
#3641 = ORIENTED_EDGE('',*,*,#3642,.T.);
#3642 = EDGE_CURVE('',#213,#3643,#3645,.T.);
#3643 = VERTEX_POINT('',#3644);
#3644 = CARTESIAN_POINT('',(18.031222920257,3.919183588453,0.3));
#3645 = LINE('',#3646,#3647);
#3646 = CARTESIAN_POINT('',(17.881222920257,3.919183588453,0.15));
#3647 = VECTOR('',#3648,1.);
#3648 = DIRECTION('',(0.707106781187,0.,0.707106781187));
#3649 = ORIENTED_EDGE('',*,*,#3650,.F.);
#3650 = EDGE_CURVE('',#3594,#3643,#3651,.T.);
#3651 = LINE('',#3652,#3653);
#3652 = CARTESIAN_POINT('',(18.031222920257,9.235143679693,0.3));
#3653 = VECTOR('',#3654,1.);
#3654 = DIRECTION('',(0.,-1.,0.));
#3655 = PLANE('',#3656);
#3656 = AXIS2_PLACEMENT_3D('',#3657,#3658,#3659);
#3657 = CARTESIAN_POINT('',(17.881222920257,9.235143679693,0.15));
#3658 = DIRECTION('',(0.707106781187,0.,-0.707106781187));
#3659 = DIRECTION('',(-0.,1.,-0.));
#3660 = ADVANCED_FACE('',(#3661),#3680,.F.);
#3661 = FACE_BOUND('',#3662,.F.);
#3662 = EDGE_LOOP('',(#3663,#3671,#3672,#3673));
#3663 = ORIENTED_EDGE('',*,*,#3664,.F.);
#3664 = EDGE_CURVE('',#609,#3665,#3667,.T.);
#3665 = VERTEX_POINT('',#3666);
#3666 = CARTESIAN_POINT('',(-19.12213201116,2.137736502793,0.3));
#3667 = LINE('',#3668,#3669);
#3668 = CARTESIAN_POINT('',(-19.12213201116,2.137736502793,0.3));
#3669 = VECTOR('',#3670,1.);
#3670 = DIRECTION('',(-0.321412173267,0.629836657298,0.707106781187));
#3671 = ORIENTED_EDGE('',*,*,#617,.T.);
#3672 = ORIENTED_EDGE('',*,*,#3616,.T.);
#3673 = ORIENTED_EDGE('',*,*,#3674,.F.);
#3674 = EDGE_CURVE('',#3665,#3617,#3675,.T.);
#3675 = CIRCLE('',#3676,2.);
#3676 = AXIS2_PLACEMENT_3D('',#3677,#3678,#3679);
#3677 = CARTESIAN_POINT('',(-20.03122292025,3.919183588453,0.3));
#3678 = DIRECTION('',(-0.,0.,1.));
#3679 = DIRECTION('',(0.454545454545,-0.89072354283,0.));
#3680 = CONICAL_SURFACE('',#3681,2.,0.785398163397);
#3681 = AXIS2_PLACEMENT_3D('',#3682,#3683,#3684);
#3682 = CARTESIAN_POINT('',(-20.03122292025,3.919183588453,0.3));
#3683 = DIRECTION('',(-0.,-0.,-1.));
#3684 = DIRECTION('',(0.454545454545,-0.89072354283,0.));
#3685 = ADVANCED_FACE('',(#3686),#3705,.F.);
#3686 = FACE_BOUND('',#3687,.F.);
#3687 = EDGE_LOOP('',(#3688,#3689,#3690,#3698));
#3688 = ORIENTED_EDGE('',*,*,#3642,.F.);
#3689 = ORIENTED_EDGE('',*,*,#220,.T.);
#3690 = ORIENTED_EDGE('',*,*,#3691,.T.);
#3691 = EDGE_CURVE('',#221,#3692,#3694,.T.);
#3692 = VERTEX_POINT('',#3693);
#3693 = CARTESIAN_POINT('',(19.122132011166,2.137736502793,0.3));
#3694 = LINE('',#3695,#3696);
#3695 = CARTESIAN_POINT('',(19.122132011166,2.137736502793,0.3));
#3696 = VECTOR('',#3697,1.);
#3697 = DIRECTION('',(0.321412173267,0.629836657298,0.707106781187));
#3698 = ORIENTED_EDGE('',*,*,#3699,.F.);
#3699 = EDGE_CURVE('',#3643,#3692,#3700,.T.);
#3700 = CIRCLE('',#3701,2.);
#3701 = AXIS2_PLACEMENT_3D('',#3702,#3703,#3704);
#3702 = CARTESIAN_POINT('',(20.031222920257,3.919183588453,0.3));
#3703 = DIRECTION('',(0.,0.,1.));
#3704 = DIRECTION('',(-1.,6.7E-16,0.));
#3705 = CONICAL_SURFACE('',#3706,2.,0.785398163397);
#3706 = AXIS2_PLACEMENT_3D('',#3707,#3708,#3709);
#3707 = CARTESIAN_POINT('',(20.031222920257,3.919183588453,0.3));
#3708 = DIRECTION('',(-0.,-0.,-1.));
#3709 = DIRECTION('',(-1.,6.7E-16,0.));
#3710 = ADVANCED_FACE('',(#3711),#3730,.T.);
#3711 = FACE_BOUND('',#3712,.F.);
#3712 = EDGE_LOOP('',(#3713,#3721,#3722,#3723));
#3713 = ORIENTED_EDGE('',*,*,#3714,.F.);
#3714 = EDGE_CURVE('',#600,#3715,#3717,.T.);
#3715 = VERTEX_POINT('',#3716);
#3716 = CARTESIAN_POINT('',(-19.12213201116,-2.137736502793,0.3));
#3717 = LINE('',#3718,#3719);
#3718 = CARTESIAN_POINT('',(-19.12213201116,-2.137736502793,0.3));
#3719 = VECTOR('',#3720,1.);
#3720 = DIRECTION('',(-0.321412173267,-0.629836657298,0.707106781187));
#3721 = ORIENTED_EDGE('',*,*,#608,.T.);
#3722 = ORIENTED_EDGE('',*,*,#3664,.T.);
#3723 = ORIENTED_EDGE('',*,*,#3724,.F.);
#3724 = EDGE_CURVE('',#3715,#3665,#3725,.T.);
#3725 = CIRCLE('',#3726,2.4);
#3726 = AXIS2_PLACEMENT_3D('',#3727,#3728,#3729);
#3727 = CARTESIAN_POINT('',(-18.03122292025,0.,0.3));
#3728 = DIRECTION('',(0.,0.,-1.));
#3729 = DIRECTION('',(-0.454545454545,-0.89072354283,-0.));
#3730 = CONICAL_SURFACE('',#3731,2.4,0.785398163397);
#3731 = AXIS2_PLACEMENT_3D('',#3732,#3733,#3734);
#3732 = CARTESIAN_POINT('',(-18.03122292025,0.,0.3));
#3733 = DIRECTION('',(0.,0.,1.));
#3734 = DIRECTION('',(-0.454545454545,-0.89072354283,0.));
#3735 = ADVANCED_FACE('',(#3736),#3755,.T.);
#3736 = FACE_BOUND('',#3737,.F.);
#3737 = EDGE_LOOP('',(#3738,#3739,#3740,#3748));
#3738 = ORIENTED_EDGE('',*,*,#3691,.F.);
#3739 = ORIENTED_EDGE('',*,*,#229,.T.);
#3740 = ORIENTED_EDGE('',*,*,#3741,.T.);
#3741 = EDGE_CURVE('',#230,#3742,#3744,.T.);
#3742 = VERTEX_POINT('',#3743);
#3743 = CARTESIAN_POINT('',(19.122132011166,-2.137736502793,0.3));
#3744 = LINE('',#3745,#3746);
#3745 = CARTESIAN_POINT('',(19.122132011166,-2.137736502793,0.3));
#3746 = VECTOR('',#3747,1.);
#3747 = DIRECTION('',(0.321412173267,-0.629836657298,0.707106781187));
#3748 = ORIENTED_EDGE('',*,*,#3749,.F.);
#3749 = EDGE_CURVE('',#3692,#3742,#3750,.T.);
#3750 = CIRCLE('',#3751,2.4);
#3751 = AXIS2_PLACEMENT_3D('',#3752,#3753,#3754);
#3752 = CARTESIAN_POINT('',(18.031222920257,0.,0.3));
#3753 = DIRECTION('',(0.,0.,-1.));
#3754 = DIRECTION('',(0.454545454545,0.89072354283,0.));
#3755 = CONICAL_SURFACE('',#3756,2.4,0.785398163397);
#3756 = AXIS2_PLACEMENT_3D('',#3757,#3758,#3759);
#3757 = CARTESIAN_POINT('',(18.031222920257,0.,0.3));
#3758 = DIRECTION('',(0.,0.,1.));
#3759 = DIRECTION('',(0.454545454545,0.89072354283,-0.));
#3760 = ADVANCED_FACE('',(#3761),#3780,.F.);
#3761 = FACE_BOUND('',#3762,.F.);
#3762 = EDGE_LOOP('',(#3763,#3771,#3772,#3773));
#3763 = ORIENTED_EDGE('',*,*,#3764,.F.);
#3764 = EDGE_CURVE('',#592,#3765,#3767,.T.);
#3765 = VERTEX_POINT('',#3766);
#3766 = CARTESIAN_POINT('',(-18.03122292025,-3.919183588453,0.3));
#3767 = LINE('',#3768,#3769);
#3768 = CARTESIAN_POINT('',(-17.88122292025,-3.919183588453,0.15));
#3769 = VECTOR('',#3770,1.);
#3770 = DIRECTION('',(-0.707106781187,0.,0.707106781187));
#3771 = ORIENTED_EDGE('',*,*,#599,.T.);
#3772 = ORIENTED_EDGE('',*,*,#3714,.T.);
#3773 = ORIENTED_EDGE('',*,*,#3774,.F.);
#3774 = EDGE_CURVE('',#3765,#3715,#3775,.T.);
#3775 = CIRCLE('',#3776,2.);
#3776 = AXIS2_PLACEMENT_3D('',#3777,#3778,#3779);
#3777 = CARTESIAN_POINT('',(-20.03122292025,-3.919183588453,0.3));
#3778 = DIRECTION('',(-0.,0.,1.));
#3779 = DIRECTION('',(1.,-4.4E-16,0.));
#3780 = CONICAL_SURFACE('',#3781,2.,0.785398163397);
#3781 = AXIS2_PLACEMENT_3D('',#3782,#3783,#3784);
#3782 = CARTESIAN_POINT('',(-20.03122292025,-3.919183588453,0.3));
#3783 = DIRECTION('',(-0.,-0.,-1.));
#3784 = DIRECTION('',(1.,-4.4E-16,0.));
#3785 = ADVANCED_FACE('',(#3786),#3805,.F.);
#3786 = FACE_BOUND('',#3787,.F.);
#3787 = EDGE_LOOP('',(#3788,#3789,#3790,#3798));
#3788 = ORIENTED_EDGE('',*,*,#3741,.F.);
#3789 = ORIENTED_EDGE('',*,*,#238,.T.);
#3790 = ORIENTED_EDGE('',*,*,#3791,.T.);
#3791 = EDGE_CURVE('',#239,#3792,#3794,.T.);
#3792 = VERTEX_POINT('',#3793);
#3793 = CARTESIAN_POINT('',(18.031222920257,-3.919183588453,0.3));
#3794 = LINE('',#3795,#3796);
#3795 = CARTESIAN_POINT('',(18.031222920257,-3.919183588453,0.3));
#3796 = VECTOR('',#3797,1.);
#3797 = DIRECTION('',(0.707106781187,-6.E-17,0.707106781187));
#3798 = ORIENTED_EDGE('',*,*,#3799,.F.);
#3799 = EDGE_CURVE('',#3742,#3792,#3800,.T.);
#3800 = CIRCLE('',#3801,2.);
#3801 = AXIS2_PLACEMENT_3D('',#3802,#3803,#3804);
#3802 = CARTESIAN_POINT('',(20.031222920257,-3.919183588453,0.3));
#3803 = DIRECTION('',(0.,0.,1.));
#3804 = DIRECTION('',(-0.454545454545,0.89072354283,0.));
#3805 = CONICAL_SURFACE('',#3806,2.,0.785398163397);
#3806 = AXIS2_PLACEMENT_3D('',#3807,#3808,#3809);
#3807 = CARTESIAN_POINT('',(20.031222920257,-3.919183588453,0.3));
#3808 = DIRECTION('',(-0.,-0.,-1.));
#3809 = DIRECTION('',(-0.454545454545,0.89072354283,0.));
#3810 = ADVANCED_FACE('',(#3811),#3829,.T.);
#3811 = FACE_BOUND('',#3812,.F.);
#3812 = EDGE_LOOP('',(#3813,#3821,#3822,#3823));
#3813 = ORIENTED_EDGE('',*,*,#3814,.F.);
#3814 = EDGE_CURVE('',#583,#3815,#3817,.T.);
#3815 = VERTEX_POINT('',#3816);
#3816 = CARTESIAN_POINT('',(-18.03122292025,-9.235143679693,0.3));
#3817 = LINE('',#3818,#3819);
#3818 = CARTESIAN_POINT('',(-18.03122292025,-9.235143679693,0.3));
#3819 = VECTOR('',#3820,1.);
#3820 = DIRECTION('',(-0.707106781187,6.E-17,0.707106781187));
#3821 = ORIENTED_EDGE('',*,*,#591,.T.);
#3822 = ORIENTED_EDGE('',*,*,#3764,.T.);
#3823 = ORIENTED_EDGE('',*,*,#3824,.F.);
#3824 = EDGE_CURVE('',#3815,#3765,#3825,.T.);
#3825 = LINE('',#3826,#3827);
#3826 = CARTESIAN_POINT('',(-18.03122292025,-9.235143679693,0.3));
#3827 = VECTOR('',#3828,1.);
#3828 = DIRECTION('',(0.,1.,0.));
#3829 = PLANE('',#3830);
#3830 = AXIS2_PLACEMENT_3D('',#3831,#3832,#3833);
#3831 = CARTESIAN_POINT('',(-17.88122292025,-9.235143679693,0.15));
#3832 = DIRECTION('',(-0.707106781187,0.,-0.707106781187));
#3833 = DIRECTION('',(-0.,-1.,-0.));
#3834 = ADVANCED_FACE('',(#3835),#3853,.T.);
#3835 = FACE_BOUND('',#3836,.F.);
#3836 = EDGE_LOOP('',(#3837,#3838,#3839,#3847));
#3837 = ORIENTED_EDGE('',*,*,#3791,.F.);
#3838 = ORIENTED_EDGE('',*,*,#247,.T.);
#3839 = ORIENTED_EDGE('',*,*,#3840,.T.);
#3840 = EDGE_CURVE('',#248,#3841,#3843,.T.);
#3841 = VERTEX_POINT('',#3842);
#3842 = CARTESIAN_POINT('',(18.031222920257,-9.235143680215,0.3));
#3843 = LINE('',#3844,#3845);
#3844 = CARTESIAN_POINT('',(17.881222920257,-9.235143680215,0.15));
#3845 = VECTOR('',#3846,1.);
#3846 = DIRECTION('',(0.707106781187,0.,0.707106781187));
#3847 = ORIENTED_EDGE('',*,*,#3848,.F.);
#3848 = EDGE_CURVE('',#3792,#3841,#3849,.T.);
#3849 = LINE('',#3850,#3851);
#3850 = CARTESIAN_POINT('',(18.031222920257,-3.919183588453,0.3));
#3851 = VECTOR('',#3852,1.);
#3852 = DIRECTION('',(0.,-1.,0.));
#3853 = PLANE('',#3854);
#3854 = AXIS2_PLACEMENT_3D('',#3855,#3856,#3857);
#3855 = CARTESIAN_POINT('',(17.881222920257,-3.919183588453,0.15));
#3856 = DIRECTION('',(0.707106781187,0.,-0.707106781187));
#3857 = DIRECTION('',(-0.,1.,-0.));
#3858 = ADVANCED_FACE('',(#3859),#3878,.F.);
#3859 = FACE_BOUND('',#3860,.F.);
#3860 = EDGE_LOOP('',(#3861,#3869,#3870,#3871));
#3861 = ORIENTED_EDGE('',*,*,#3862,.F.);
#3862 = EDGE_CURVE('',#575,#3863,#3865,.T.);
#3863 = VERTEX_POINT('',#3864);
#3864 = CARTESIAN_POINT('',(-19.12592958405,-11.55243893559,0.3));
#3865 = LINE('',#3866,#3867);
#3866 = CARTESIAN_POINT('',(-19.03066491724,-11.66830369838,0.15));
#3867 = VECTOR('',#3868,1.);
#3868 = DIRECTION('',(-0.449081946059,0.54619172982,0.707106781187));
#3869 = ORIENTED_EDGE('',*,*,#582,.T.);
#3870 = ORIENTED_EDGE('',*,*,#3814,.T.);
#3871 = ORIENTED_EDGE('',*,*,#3872,.F.);
#3872 = EDGE_CURVE('',#3863,#3815,#3873,.T.);
#3873 = CIRCLE('',#3874,3.);
#3874 = AXIS2_PLACEMENT_3D('',#3875,#3876,#3877);
#3875 = CARTESIAN_POINT('',(-21.03122292025,-9.235143679693,0.3));
#3876 = DIRECTION('',(-0.,0.,1.));
#3877 = DIRECTION('',(0.635097778734,-0.772431751967,0.));
#3878 = CONICAL_SURFACE('',#3879,3.,0.785398163397);
#3879 = AXIS2_PLACEMENT_3D('',#3880,#3881,#3882);
#3880 = CARTESIAN_POINT('',(-21.03122292025,-9.235143679693,0.3));
#3881 = DIRECTION('',(-0.,-0.,-1.));
#3882 = DIRECTION('',(0.635097778734,-0.772431751967,0.));
#3883 = ADVANCED_FACE('',(#3884),#3903,.F.);
#3884 = FACE_BOUND('',#3885,.F.);
#3885 = EDGE_LOOP('',(#3886,#3887,#3888,#3896));
#3886 = ORIENTED_EDGE('',*,*,#3840,.F.);
#3887 = ORIENTED_EDGE('',*,*,#255,.T.);
#3888 = ORIENTED_EDGE('',*,*,#3889,.T.);
#3889 = EDGE_CURVE('',#256,#3890,#3892,.T.);
#3890 = VERTEX_POINT('',#3891);
#3891 = CARTESIAN_POINT('',(19.125929584084,-11.55243893614,0.3));
#3892 = LINE('',#3893,#3894);
#3893 = CARTESIAN_POINT('',(19.125929584084,-11.55243893614,0.3));
#3894 = VECTOR('',#3895,1.);
#3895 = DIRECTION('',(0.449081946053,0.546191729825,0.707106781187));
#3896 = ORIENTED_EDGE('',*,*,#3897,.F.);
#3897 = EDGE_CURVE('',#3841,#3890,#3898,.T.);
#3898 = CIRCLE('',#3899,3.);
#3899 = AXIS2_PLACEMENT_3D('',#3900,#3901,#3902);
#3900 = CARTESIAN_POINT('',(21.031222920257,-9.235143680215,0.3));
#3901 = DIRECTION('',(0.,0.,1.));
#3902 = DIRECTION('',(-1.,5.9E-16,0.));
#3903 = CONICAL_SURFACE('',#3904,3.,0.785398163397);
#3904 = AXIS2_PLACEMENT_3D('',#3905,#3906,#3907);
#3905 = CARTESIAN_POINT('',(21.031222920257,-9.235143680215,0.3));
#3906 = DIRECTION('',(-0.,-0.,-1.));
#3907 = DIRECTION('',(-1.,5.9E-16,0.));
#3908 = ADVANCED_FACE('',(#3909),#3927,.F.);
#3909 = FACE_BOUND('',#3910,.F.);
#3910 = EDGE_LOOP('',(#3911,#3919,#3920,#3921));
#3911 = ORIENTED_EDGE('',*,*,#3912,.F.);
#3912 = EDGE_CURVE('',#566,#3913,#3915,.T.);
#3913 = VERTEX_POINT('',#3914);
#3914 = CARTESIAN_POINT('',(-42.30426531575,-30.60979837281,0.3));
#3915 = LINE('',#3916,#3917);
#3916 = CARTESIAN_POINT('',(-42.30426531575,-30.60979837281,0.3));
#3917 = VECTOR('',#3918,1.);
#3918 = DIRECTION('',(-0.449081946059,0.54619172982,0.707106781187));
#3919 = ORIENTED_EDGE('',*,*,#574,.T.);
#3920 = ORIENTED_EDGE('',*,*,#3862,.T.);
#3921 = ORIENTED_EDGE('',*,*,#3922,.F.);
#3922 = EDGE_CURVE('',#3913,#3863,#3923,.T.);
#3923 = LINE('',#3924,#3925);
#3924 = CARTESIAN_POINT('',(-42.30426531575,-30.60979837281,0.3));
#3925 = VECTOR('',#3926,1.);
#3926 = DIRECTION('',(0.772431751967,0.635097778734,0.));
#3927 = PLANE('',#3928);
#3928 = AXIS2_PLACEMENT_3D('',#3929,#3930,#3931);
#3929 = CARTESIAN_POINT('',(-42.20900064894,-30.72566313561,0.15));
#3930 = DIRECTION('',(0.449081946059,-0.54619172982,0.707106781187));
#3931 = DIRECTION('',(0.772431751967,0.635097778734,0.));
#3932 = ADVANCED_FACE('',(#3933),#3951,.F.);
#3933 = FACE_BOUND('',#3934,.F.);
#3934 = EDGE_LOOP('',(#3935,#3936,#3937,#3945));
#3935 = ORIENTED_EDGE('',*,*,#3889,.F.);
#3936 = ORIENTED_EDGE('',*,*,#264,.T.);
#3937 = ORIENTED_EDGE('',*,*,#3938,.T.);
#3938 = EDGE_CURVE('',#265,#3939,#3941,.T.);
#3939 = VERTEX_POINT('',#3940);
#3940 = CARTESIAN_POINT('',(42.304265315761,-30.60979837284,0.3));
#3941 = LINE('',#3942,#3943);
#3942 = CARTESIAN_POINT('',(42.209000648953,-30.72566313564,0.15));
#3943 = VECTOR('',#3944,1.);
#3944 = DIRECTION('',(0.449081946053,0.546191729825,0.707106781187));
#3945 = ORIENTED_EDGE('',*,*,#3946,.F.);
#3946 = EDGE_CURVE('',#3890,#3939,#3947,.T.);
#3947 = LINE('',#3948,#3949);
#3948 = CARTESIAN_POINT('',(19.125929584084,-11.55243893614,0.3));
#3949 = VECTOR('',#3950,1.);
#3950 = DIRECTION('',(0.772431751975,-0.635097778724,0.));
#3951 = PLANE('',#3952);
#3952 = AXIS2_PLACEMENT_3D('',#3953,#3954,#3955);
#3953 = CARTESIAN_POINT('',(19.030664917275,-11.66830369893,0.15));
#3954 = DIRECTION('',(-0.449081946053,-0.546191729825,0.707106781187));
#3955 = DIRECTION('',(0.772431751975,-0.635097778724,-1.110223024625E-16
    ));
#3956 = ADVANCED_FACE('',(#3957),#3976,.F.);
#3957 = FACE_BOUND('',#3958,.F.);
#3958 = EDGE_LOOP('',(#3959,#3967,#3968,#3969));
#3959 = ORIENTED_EDGE('',*,*,#3960,.F.);
#3960 = EDGE_CURVE('',#557,#3961,#3963,.T.);
#3961 = VERTEX_POINT('',#3962);
#3962 = CARTESIAN_POINT('',(-45.17261465626,-31.13372171684,0.3));
#3963 = LINE('',#3964,#3965);
#3964 = CARTESIAN_POINT('',(-45.17261465626,-31.13372171684,0.3));
#3965 = VECTOR('',#3966,1.);
#3966 = DIRECTION('',(0.226994477102,0.669681646281,0.707106781187));
#3967 = ORIENTED_EDGE('',*,*,#565,.T.);
#3968 = ORIENTED_EDGE('',*,*,#3912,.T.);
#3969 = ORIENTED_EDGE('',*,*,#3970,.F.);
#3970 = EDGE_CURVE('',#3961,#3913,#3971,.T.);
#3971 = CIRCLE('',#3972,3.);
#3972 = AXIS2_PLACEMENT_3D('',#3973,#3974,#3975);
#3973 = CARTESIAN_POINT('',(-44.20955865196,-28.29250311691,0.3));
#3974 = DIRECTION('',(0.,0.,1.));
#3975 = DIRECTION('',(-0.321018668101,-0.947072866642,0.));
#3976 = CONICAL_SURFACE('',#3977,3.,0.785398163397);
#3977 = AXIS2_PLACEMENT_3D('',#3978,#3979,#3980);
#3978 = CARTESIAN_POINT('',(-44.20955865196,-28.29250311691,0.3));
#3979 = DIRECTION('',(-0.,-0.,-1.));
#3980 = DIRECTION('',(-0.321018668101,-0.947072866642,0.));
#3981 = ADVANCED_FACE('',(#3982),#4001,.F.);
#3982 = FACE_BOUND('',#3983,.F.);
#3983 = EDGE_LOOP('',(#3984,#3985,#3986,#3994));
#3984 = ORIENTED_EDGE('',*,*,#3938,.F.);
#3985 = ORIENTED_EDGE('',*,*,#272,.T.);
#3986 = ORIENTED_EDGE('',*,*,#3987,.T.);
#3987 = EDGE_CURVE('',#273,#3988,#3990,.T.);
#3988 = VERTEX_POINT('',#3989);
#3989 = CARTESIAN_POINT('',(45.172614656246,-31.13372171684,0.3));
#3990 = LINE('',#3991,#3992);
#3991 = CARTESIAN_POINT('',(45.172614656246,-31.13372171684,0.3));
#3992 = VECTOR('',#3993,1.);
#3993 = DIRECTION('',(-0.226994477104,0.66968164628,0.707106781187));
#3994 = ORIENTED_EDGE('',*,*,#3995,.F.);
#3995 = EDGE_CURVE('',#3939,#3988,#3996,.T.);
#3996 = CIRCLE('',#3997,3.);
#3997 = AXIS2_PLACEMENT_3D('',#3998,#3999,#4000);
#3998 = CARTESIAN_POINT('',(44.209558651935,-28.29250311692,0.3));
#3999 = DIRECTION('',(0.,0.,1.));
#4000 = DIRECTION('',(-0.635097778724,-0.772431751975,0.));
#4001 = CONICAL_SURFACE('',#4002,3.,0.785398163397);
#4002 = AXIS2_PLACEMENT_3D('',#4003,#4004,#4005);
#4003 = CARTESIAN_POINT('',(44.209558651935,-28.29250311692,0.3));
#4004 = DIRECTION('',(-0.,-0.,-1.));
#4005 = DIRECTION('',(-0.635097778724,-0.772431751975,0.));
#4006 = ADVANCED_FACE('',(#4007),#4026,.T.);
#4007 = FACE_BOUND('',#4008,.F.);
#4008 = EDGE_LOOP('',(#4009,#4017,#4018,#4019));
#4009 = ORIENTED_EDGE('',*,*,#4010,.F.);
#4010 = EDGE_CURVE('',#548,#4011,#4013,.T.);
#4011 = VERTEX_POINT('',#4012);
#4012 = CARTESIAN_POINT('',(-46.64392553167,-30.80071972314,0.3));
#4013 = LINE('',#4014,#4015);
#4014 = CARTESIAN_POINT('',(-46.64392553167,-30.80071972314,0.3));
#4015 = VECTOR('',#4016,1.);
#4016 = DIRECTION('',(8.349462920739E-02,0.702159986679,0.707106781187)
  );
#4017 = ORIENTED_EDGE('',*,*,#556,.T.);
#4018 = ORIENTED_EDGE('',*,*,#3960,.T.);
#4019 = ORIENTED_EDGE('',*,*,#4020,.F.);
#4020 = EDGE_CURVE('',#4011,#3961,#4021,.T.);
#4021 = CIRCLE('',#4022,7.25);
#4022 = AXIS2_PLACEMENT_3D('',#4023,#4024,#4025);
#4023 = CARTESIAN_POINT('',(-47.5,-38.,0.3));
#4024 = DIRECTION('',(0.,0.,-1.));
#4025 = DIRECTION('',(0.11807923701,0.993004176118,0.));
#4026 = CONICAL_SURFACE('',#4027,7.25,0.785398163397);
#4027 = AXIS2_PLACEMENT_3D('',#4028,#4029,#4030);
#4028 = CARTESIAN_POINT('',(-47.5,-38.,0.3));
#4029 = DIRECTION('',(0.,0.,1.));
#4030 = DIRECTION('',(0.11807923701,0.993004176118,-0.));
#4031 = ADVANCED_FACE('',(#4032),#4051,.T.);
#4032 = FACE_BOUND('',#4033,.F.);
#4033 = EDGE_LOOP('',(#4034,#4035,#4036,#4044));
#4034 = ORIENTED_EDGE('',*,*,#3987,.F.);
#4035 = ORIENTED_EDGE('',*,*,#281,.T.);
#4036 = ORIENTED_EDGE('',*,*,#4037,.T.);
#4037 = EDGE_CURVE('',#282,#4038,#4040,.T.);
#4038 = VERTEX_POINT('',#4039);
#4039 = CARTESIAN_POINT('',(46.690645503219,-30.79531782112,0.3));
#4040 = LINE('',#4041,#4042);
#4041 = CARTESIAN_POINT('',(46.690645503219,-30.79531782112,0.3));
#4042 = VECTOR('',#4043,1.);
#4043 = DIRECTION('',(-7.893793835282E-02,0.702686844824,0.707106781187)
  );
#4044 = ORIENTED_EDGE('',*,*,#4045,.F.);
#4045 = EDGE_CURVE('',#3988,#4038,#4046,.T.);
#4046 = CIRCLE('',#4047,7.25);
#4047 = AXIS2_PLACEMENT_3D('',#4048,#4049,#4050);
#4048 = CARTESIAN_POINT('',(47.5,-38.,0.3));
#4049 = DIRECTION('',(0.,0.,-1.));
#4050 = DIRECTION('',(-0.321018668104,0.947072866642,0.));
#4051 = CONICAL_SURFACE('',#4052,7.25,0.785398163397);
#4052 = AXIS2_PLACEMENT_3D('',#4053,#4054,#4055);
#4053 = CARTESIAN_POINT('',(47.5,-38.,0.3));
#4054 = DIRECTION('',(0.,0.,1.));
#4055 = DIRECTION('',(-0.321018668104,0.947072866642,0.));
#4056 = ADVANCED_FACE('',(#4057),#4076,.T.);
#4057 = FACE_BOUND('',#4058,.F.);
#4058 = EDGE_LOOP('',(#4059,#4067,#4068,#4069));
#4059 = ORIENTED_EDGE('',*,*,#4060,.F.);
#4060 = EDGE_CURVE('',#540,#4061,#4063,.T.);
#4061 = VERTEX_POINT('',#4062);
#4062 = CARTESIAN_POINT('',(-48.87224838536,-31.43712582317,0.3));
#4063 = LINE('',#4064,#4065);
#4064 = CARTESIAN_POINT('',(-48.77854412823,-31.55425614458,0.15));
#4065 = VECTOR('',#4066,1.);
#4066 = DIRECTION('',(-0.441726104299,0.552157630374,0.707106781187));
#4067 = ORIENTED_EDGE('',*,*,#547,.T.);
#4068 = ORIENTED_EDGE('',*,*,#4010,.T.);
#4069 = ORIENTED_EDGE('',*,*,#4070,.F.);
#4070 = EDGE_CURVE('',#4061,#4011,#4071,.T.);
#4071 = CIRCLE('',#4072,3.);
#4072 = AXIS2_PLACEMENT_3D('',#4073,#4074,#4075);
#4073 = CARTESIAN_POINT('',(-46.9981632427,-33.7797322515,0.3));
#4074 = DIRECTION('',(0.,0.,-1.));
#4075 = DIRECTION('',(-0.624695047554,0.780868809443,0.));
#4076 = CONICAL_SURFACE('',#4077,3.,0.785398163397);
#4077 = AXIS2_PLACEMENT_3D('',#4078,#4079,#4080);
#4078 = CARTESIAN_POINT('',(-46.9981632427,-33.7797322515,0.3));
#4079 = DIRECTION('',(0.,0.,1.));
#4080 = DIRECTION('',(-0.624695047554,0.780868809443,0.));
#4081 = ADVANCED_FACE('',(#4082),#4101,.T.);
#4082 = FACE_BOUND('',#4083,.F.);
#4083 = EDGE_LOOP('',(#4084,#4085,#4086,#4094));
#4084 = ORIENTED_EDGE('',*,*,#4037,.F.);
#4085 = ORIENTED_EDGE('',*,*,#290,.T.);
#4086 = ORIENTED_EDGE('',*,*,#4087,.T.);
#4087 = EDGE_CURVE('',#291,#4088,#4090,.T.);
#4088 = VERTEX_POINT('',#4089);
#4089 = CARTESIAN_POINT('',(48.899635954895,-31.43395919095,0.3));
#4090 = LINE('',#4091,#4092);
#4091 = CARTESIAN_POINT('',(48.899635954895,-31.43395919095,0.3));
#4092 = VECTOR('',#4093,1.);
#4093 = DIRECTION('',(0.441726104299,0.552157630374,0.707106781187));
#4094 = ORIENTED_EDGE('',*,*,#4095,.F.);
#4095 = EDGE_CURVE('',#4038,#4088,#4096,.T.);
#4096 = CIRCLE('',#4097,3.);
#4097 = AXIS2_PLACEMENT_3D('',#4098,#4099,#4100);
#4098 = CARTESIAN_POINT('',(47.025550812232,-33.77656561928,0.3));
#4099 = DIRECTION('',(0.,0.,-1.));
#4100 = DIRECTION('',(-0.111635103004,0.993749266051,0.));
#4101 = CONICAL_SURFACE('',#4102,3.,0.785398163397);
#4102 = AXIS2_PLACEMENT_3D('',#4103,#4104,#4105);
#4103 = CARTESIAN_POINT('',(47.025550812232,-33.77656561928,0.3));
#4104 = DIRECTION('',(0.,0.,1.));
#4105 = DIRECTION('',(-0.111635103004,0.993749266051,0.));
#4106 = ADVANCED_FACE('',(#4107),#4125,.F.);
#4107 = FACE_BOUND('',#4108,.F.);
#4108 = EDGE_LOOP('',(#4109,#4117,#4118,#4119));
#4109 = ORIENTED_EDGE('',*,*,#4110,.F.);
#4110 = EDGE_CURVE('',#531,#4111,#4113,.T.);
#4111 = VERTEX_POINT('',#4112);
#4112 = CARTESIAN_POINT('',(-55.19528090848,-36.49555184166,0.3));
#4113 = LINE('',#4114,#4115);
#4114 = CARTESIAN_POINT('',(-55.19528090848,-36.49555184166,0.3));
#4115 = VECTOR('',#4116,1.);
#4116 = DIRECTION('',(-0.441726104299,0.552157630374,0.707106781187));
#4117 = ORIENTED_EDGE('',*,*,#539,.T.);
#4118 = ORIENTED_EDGE('',*,*,#4060,.T.);
#4119 = ORIENTED_EDGE('',*,*,#4120,.F.);
#4120 = EDGE_CURVE('',#4111,#4061,#4121,.T.);
#4121 = LINE('',#4122,#4123);
#4122 = CARTESIAN_POINT('',(-55.19528090848,-36.49555184166,0.3));
#4123 = VECTOR('',#4124,1.);
#4124 = DIRECTION('',(0.780868809443,0.624695047554,0.));
#4125 = PLANE('',#4126);
#4126 = AXIS2_PLACEMENT_3D('',#4127,#4128,#4129);
#4127 = CARTESIAN_POINT('',(-55.10157665135,-36.61268216308,0.15));
#4128 = DIRECTION('',(0.441726104299,-0.552157630374,0.707106781187));
#4129 = DIRECTION('',(0.780868809443,0.624695047554,4.996003610813E-16)
  );
#4130 = ADVANCED_FACE('',(#4131),#4149,.T.);
#4131 = FACE_BOUND('',#4132,.F.);
#4132 = EDGE_LOOP('',(#4133,#4134,#4135,#4143));
#4133 = ORIENTED_EDGE('',*,*,#4087,.F.);
#4134 = ORIENTED_EDGE('',*,*,#299,.T.);
#4135 = ORIENTED_EDGE('',*,*,#4136,.T.);
#4136 = EDGE_CURVE('',#300,#4137,#4139,.T.);
#4137 = VERTEX_POINT('',#4138);
#4138 = CARTESIAN_POINT('',(55.136917171375,-36.42378416413,0.3));
#4139 = LINE('',#4140,#4141);
#4140 = CARTESIAN_POINT('',(55.043212914242,-36.54091448555,0.15));
#4141 = VECTOR('',#4142,1.);
#4142 = DIRECTION('',(0.441726104299,0.552157630374,0.707106781187));
#4143 = ORIENTED_EDGE('',*,*,#4144,.F.);
#4144 = EDGE_CURVE('',#4088,#4137,#4145,.T.);
#4145 = LINE('',#4146,#4147);
#4146 = CARTESIAN_POINT('',(48.899635954895,-31.43395919095,0.3));
#4147 = VECTOR('',#4148,1.);
#4148 = DIRECTION('',(0.780868809443,-0.624695047554,0.));
#4149 = PLANE('',#4150);
#4150 = AXIS2_PLACEMENT_3D('',#4151,#4152,#4153);
#4151 = CARTESIAN_POINT('',(48.805931697762,-31.55108951237,0.15));
#4152 = DIRECTION('',(0.441726104299,0.552157630374,-0.707106781187));
#4153 = DIRECTION('',(-0.780868809443,0.624695047554,-5.828670879282E-16
    ));
#4154 = ADVANCED_FACE('',(#4155),#4174,.T.);
#4155 = FACE_BOUND('',#4156,.F.);
#4156 = EDGE_LOOP('',(#4157,#4165,#4166,#4167));
#4157 = ORIENTED_EDGE('',*,*,#4158,.F.);
#4158 = EDGE_CURVE('',#523,#4159,#4161,.T.);
#4159 = VERTEX_POINT('',#4160);
#4160 = CARTESIAN_POINT('',(-56.32037511186,-38.76799239296,0.3));
#4161 = LINE('',#4162,#4163);
#4162 = CARTESIAN_POINT('',(-56.17041614456,-38.77150068681,0.15));
#4163 = VECTOR('',#4164,1.);
#4164 = DIRECTION('',(-0.706913351193,1.65382558193E-02,0.707106781187)
  );
#4165 = ORIENTED_EDGE('',*,*,#530,.T.);
#4166 = ORIENTED_EDGE('',*,*,#4110,.T.);
#4167 = ORIENTED_EDGE('',*,*,#4168,.F.);
#4168 = EDGE_CURVE('',#4159,#4111,#4169,.T.);
#4169 = CIRCLE('',#4170,3.);
#4170 = AXIS2_PLACEMENT_3D('',#4171,#4172,#4173);
#4171 = CARTESIAN_POINT('',(-53.32119576582,-38.83815826999,0.3));
#4172 = DIRECTION('',(0.,0.,-1.));
#4173 = DIRECTION('',(-0.999726448679,2.338862567765E-02,0.));
#4174 = CONICAL_SURFACE('',#4175,3.,0.785398163397);
#4175 = AXIS2_PLACEMENT_3D('',#4176,#4177,#4178);
#4176 = CARTESIAN_POINT('',(-53.32119576582,-38.83815826999,0.3));
#4177 = DIRECTION('',(0.,0.,1.));
#4178 = DIRECTION('',(-0.999726448679,2.338862567765E-02,0.));
#4179 = ADVANCED_FACE('',(#4180),#4199,.T.);
#4180 = FACE_BOUND('',#4181,.F.);
#4181 = EDGE_LOOP('',(#4182,#4183,#4184,#4192));
#4182 = ORIENTED_EDGE('',*,*,#4136,.F.);
#4183 = ORIENTED_EDGE('',*,*,#307,.T.);
#4184 = ORIENTED_EDGE('',*,*,#4185,.T.);
#4185 = EDGE_CURVE('',#308,#4186,#4188,.T.);
#4186 = VERTEX_POINT('',#4187);
#4187 = CARTESIAN_POINT('',(56.256713950989,-38.95788742131,0.3));
#4188 = LINE('',#4189,#4190);
#4189 = CARTESIAN_POINT('',(56.256713950989,-38.95788742131,0.3));
#4190 = VECTOR('',#4191,1.);
#4191 = DIRECTION('',(0.705664736438,-4.513623541856E-02,0.707106781187)
  );
#4192 = ORIENTED_EDGE('',*,*,#4193,.F.);
#4193 = EDGE_CURVE('',#4137,#4186,#4194,.T.);
#4194 = CIRCLE('',#4195,3.);
#4195 = AXIS2_PLACEMENT_3D('',#4196,#4197,#4198);
#4196 = CARTESIAN_POINT('',(53.262832028712,-38.76639059246,0.3));
#4197 = DIRECTION('',(0.,0.,-1.));
#4198 = DIRECTION('',(0.624695047554,0.780868809443,0.));
#4199 = CONICAL_SURFACE('',#4200,3.,0.785398163397);
#4200 = AXIS2_PLACEMENT_3D('',#4201,#4202,#4203);
#4201 = CARTESIAN_POINT('',(53.262832028712,-38.76639059246,0.3));
#4202 = DIRECTION('',(0.,0.,1.));
#4203 = DIRECTION('',(0.624695047554,0.780868809443,-0.));
#4204 = ADVANCED_FACE('',(#4205),#4223,.F.);
#4205 = FACE_BOUND('',#4206,.F.);
#4206 = EDGE_LOOP('',(#4207,#4215,#4216,#4217));
#4207 = ORIENTED_EDGE('',*,*,#4208,.F.);
#4208 = EDGE_CURVE('',#514,#4209,#4211,.T.);
#4209 = VERTEX_POINT('',#4210);
#4210 = CARTESIAN_POINT('',(-56.41141999402,-42.65962664135,0.3));
#4211 = LINE('',#4212,#4213);
#4212 = CARTESIAN_POINT('',(-56.41141999402,-42.65962664135,0.3));
#4213 = VECTOR('',#4214,1.);
#4214 = DIRECTION('',(-0.706913351193,1.65382558193E-02,0.707106781187)
  );
#4215 = ORIENTED_EDGE('',*,*,#522,.T.);
#4216 = ORIENTED_EDGE('',*,*,#4158,.T.);
#4217 = ORIENTED_EDGE('',*,*,#4218,.F.);
#4218 = EDGE_CURVE('',#4209,#4159,#4219,.T.);
#4219 = LINE('',#4220,#4221);
#4220 = CARTESIAN_POINT('',(-56.41141999402,-42.65962664135,0.3));
#4221 = VECTOR('',#4222,1.);
#4222 = DIRECTION('',(2.338862567765E-02,0.999726448679,0.));
#4223 = PLANE('',#4224);
#4224 = AXIS2_PLACEMENT_3D('',#4225,#4226,#4227);
#4225 = CARTESIAN_POINT('',(-56.26146102671,-42.6631349352,0.15));
#4226 = DIRECTION('',(0.706913351193,-1.65382558193E-02,0.707106781187)
  );
#4227 = DIRECTION('',(2.338862567765E-02,0.999726448679,
    -7.4593109467E-17));
#4228 = ADVANCED_FACE('',(#4229),#4247,.T.);
#4229 = FACE_BOUND('',#4230,.F.);
#4230 = EDGE_LOOP('',(#4231,#4232,#4233,#4241));
#4231 = ORIENTED_EDGE('',*,*,#4185,.F.);
#4232 = ORIENTED_EDGE('',*,*,#316,.T.);
#4233 = ORIENTED_EDGE('',*,*,#4234,.T.);
#4234 = EDGE_CURVE('',#317,#4235,#4237,.T.);
#4235 = VERTEX_POINT('',#4236);
#4236 = CARTESIAN_POINT('',(56.022817760679,-42.61464549957,0.3));
#4237 = LINE('',#4238,#4239);
#4238 = CARTESIAN_POINT('',(55.873123664566,-42.60507065812,0.15));
#4239 = VECTOR('',#4240,1.);
#4240 = DIRECTION('',(0.705664736438,-4.513623541856E-02,0.707106781187)
  );
#4241 = ORIENTED_EDGE('',*,*,#4242,.F.);
#4242 = EDGE_CURVE('',#4186,#4235,#4243,.T.);
#4243 = LINE('',#4244,#4245);
#4244 = CARTESIAN_POINT('',(56.256713950989,-38.95788742131,0.3));
#4245 = VECTOR('',#4246,1.);
#4246 = DIRECTION('',(-6.38322762834E-02,-0.997960640759,0.));
#4247 = PLANE('',#4248);
#4248 = AXIS2_PLACEMENT_3D('',#4249,#4250,#4251);
#4249 = CARTESIAN_POINT('',(56.107019854875,-38.94831257987,0.15));
#4250 = DIRECTION('',(0.705664736438,-4.513623541856E-02,-0.707106781187
    ));
#4251 = DIRECTION('',(6.38322762834E-02,0.997960640759,
    1.873501354055E-16));
#4252 = ADVANCED_FACE('',(#4253),#4272,.T.);
#4253 = FACE_BOUND('',#4254,.F.);
#4254 = EDGE_LOOP('',(#4255,#4263,#4264,#4265));
#4255 = ORIENTED_EDGE('',*,*,#4256,.F.);
#4256 = EDGE_CURVE('',#506,#4257,#4259,.T.);
#4257 = VERTEX_POINT('',#4258);
#4258 = CARTESIAN_POINT('',(-54.00214257561,-45.67122341435,0.3));
#4259 = LINE('',#4260,#4261);
#4260 = CARTESIAN_POINT('',(-53.97264747923,-45.52415186955,0.15));
#4261 = VECTOR('',#4262,1.);
#4262 = DIRECTION('',(-0.139041217755,-0.693301910978,0.707106781187));
#4263 = ORIENTED_EDGE('',*,*,#513,.T.);
#4264 = ORIENTED_EDGE('',*,*,#4208,.T.);
#4265 = ORIENTED_EDGE('',*,*,#4266,.F.);
#4266 = EDGE_CURVE('',#4257,#4209,#4267,.T.);
#4267 = CIRCLE('',#4268,3.);
#4268 = AXIS2_PLACEMENT_3D('',#4269,#4270,#4271);
#4269 = CARTESIAN_POINT('',(-53.41224064798,-42.72979251838,0.3));
#4270 = DIRECTION('',(0.,0.,-1.));
#4271 = DIRECTION('',(-0.196633975878,-0.980476965324,-0.));
#4272 = CONICAL_SURFACE('',#4273,3.,0.785398163397);
#4273 = AXIS2_PLACEMENT_3D('',#4274,#4275,#4276);
#4274 = CARTESIAN_POINT('',(-53.41224064798,-42.72979251838,0.3));
#4275 = DIRECTION('',(0.,0.,1.));
#4276 = DIRECTION('',(-0.196633975878,-0.980476965324,0.));
#4277 = ADVANCED_FACE('',(#4278),#4297,.T.);
#4278 = FACE_BOUND('',#4279,.F.);
#4279 = EDGE_LOOP('',(#4280,#4281,#4282,#4290));
#4280 = ORIENTED_EDGE('',*,*,#4234,.F.);
#4281 = ORIENTED_EDGE('',*,*,#324,.T.);
#4282 = ORIENTED_EDGE('',*,*,#4283,.T.);
#4283 = EDGE_CURVE('',#325,#4284,#4286,.T.);
#4284 = VERTEX_POINT('',#4285);
#4285 = CARTESIAN_POINT('',(53.872955605585,-45.30197319344,0.3));
#4286 = LINE('',#4287,#4288);
#4287 = CARTESIAN_POINT('',(53.872955605585,-45.30197319344,0.3));
#4288 = VECTOR('',#4289,1.);
#4289 = DIRECTION('',(0.198937366944,-0.678545447287,0.707106781187));
#4290 = ORIENTED_EDGE('',*,*,#4291,.F.);
#4291 = EDGE_CURVE('',#4235,#4284,#4292,.T.);
#4292 = CIRCLE('',#4293,3.);
#4293 = AXIS2_PLACEMENT_3D('',#4294,#4295,#4296);
#4294 = CARTESIAN_POINT('',(53.028935838402,-42.42314867072,0.3));
#4295 = DIRECTION('',(0.,0.,-1.));
#4296 = DIRECTION('',(0.997960640759,-6.38322762834E-02,0.));
#4297 = CONICAL_SURFACE('',#4298,3.,0.785398163397);
#4298 = AXIS2_PLACEMENT_3D('',#4299,#4300,#4301);
#4299 = CARTESIAN_POINT('',(53.028935838402,-42.42314867072,0.3));
#4300 = DIRECTION('',(0.,0.,1.));
#4301 = DIRECTION('',(0.997960640759,-6.38322762834E-02,0.));
#4302 = ADVANCED_FACE('',(#4303),#4321,.T.);
#4303 = FACE_BOUND('',#4304,.F.);
#4304 = EDGE_LOOP('',(#4305,#4313,#4314,#4315));
#4305 = ORIENTED_EDGE('',*,*,#4306,.F.);
#4306 = EDGE_CURVE('',#497,#4307,#4309,.T.);
#4307 = VERTEX_POINT('',#4308);
#4308 = CARTESIAN_POINT('',(-50.18544077378,-46.43666031555,0.3));
#4309 = LINE('',#4310,#4311);
#4310 = CARTESIAN_POINT('',(-50.18544077378,-46.43666031555,0.3));
#4311 = VECTOR('',#4312,1.);
#4312 = DIRECTION('',(-0.139041217755,-0.693301910978,0.707106781187));
#4313 = ORIENTED_EDGE('',*,*,#505,.T.);
#4314 = ORIENTED_EDGE('',*,*,#4256,.T.);
#4315 = ORIENTED_EDGE('',*,*,#4316,.F.);
#4316 = EDGE_CURVE('',#4307,#4257,#4317,.T.);
#4317 = LINE('',#4318,#4319);
#4318 = CARTESIAN_POINT('',(-50.18544077378,-46.43666031555,0.3));
#4319 = VECTOR('',#4320,1.);
#4320 = DIRECTION('',(-0.980476965324,0.196633975878,0.));
#4321 = PLANE('',#4322);
#4322 = AXIS2_PLACEMENT_3D('',#4323,#4324,#4325);
#4323 = CARTESIAN_POINT('',(-50.1559456774,-46.28958877075,0.15));
#4324 = DIRECTION('',(-0.139041217755,-0.693301910978,-0.707106781187));
#4325 = DIRECTION('',(0.980476965324,-0.196633975878,1.387778780781E-17)
  );
#4326 = ADVANCED_FACE('',(#4327),#4345,.F.);
#4327 = FACE_BOUND('',#4328,.F.);
#4328 = EDGE_LOOP('',(#4329,#4330,#4331,#4339));
#4329 = ORIENTED_EDGE('',*,*,#4283,.F.);
#4330 = ORIENTED_EDGE('',*,*,#333,.T.);
#4331 = ORIENTED_EDGE('',*,*,#4332,.T.);
#4332 = EDGE_CURVE('',#334,#4333,#4335,.T.);
#4333 = VERTEX_POINT('',#4334);
#4334 = CARTESIAN_POINT('',(50.356729814917,-46.3328675914,0.3));
#4335 = LINE('',#4336,#4337);
#4336 = CARTESIAN_POINT('',(50.314528826557,-46.18892636527,0.15));
#4337 = VECTOR('',#4338,1.);
#4338 = DIRECTION('',(0.198937366944,-0.678545447287,0.707106781187));
#4339 = ORIENTED_EDGE('',*,*,#4340,.F.);
#4340 = EDGE_CURVE('',#4284,#4333,#4341,.T.);
#4341 = LINE('',#4342,#4343);
#4342 = CARTESIAN_POINT('',(53.872955605585,-45.30197319344,0.3));
#4343 = VECTOR('',#4344,1.);
#4344 = DIRECTION('',(-0.959608174239,-0.281339922394,-0.));
#4345 = PLANE('',#4346);
#4346 = AXIS2_PLACEMENT_3D('',#4347,#4348,#4349);
#4347 = CARTESIAN_POINT('',(53.830754617226,-45.1580319673,0.15));
#4348 = DIRECTION('',(-0.198937366944,0.678545447287,0.707106781187));
#4349 = DIRECTION('',(-0.959608174239,-0.281339922394,0.));
#4350 = ADVANCED_FACE('',(#4351),#4370,.T.);
#4351 = FACE_BOUND('',#4352,.F.);
#4352 = EDGE_LOOP('',(#4353,#4361,#4362,#4363));
#4353 = ORIENTED_EDGE('',*,*,#4354,.F.);
#4354 = EDGE_CURVE('',#489,#4355,#4357,.T.);
#4355 = VERTEX_POINT('',#4356);
#4356 = CARTESIAN_POINT('',(-47.72145370348,-45.83783584791,0.3));
#4357 = LINE('',#4358,#4359);
#4358 = CARTESIAN_POINT('',(-47.81515796062,-45.72070552649,0.15));
#4359 = VECTOR('',#4360,1.);
#4360 = DIRECTION('',(0.441726104299,-0.552157630374,0.707106781187));
#4361 = ORIENTED_EDGE('',*,*,#496,.T.);
#4362 = ORIENTED_EDGE('',*,*,#4306,.T.);
#4363 = ORIENTED_EDGE('',*,*,#4364,.F.);
#4364 = EDGE_CURVE('',#4355,#4307,#4365,.T.);
#4365 = CIRCLE('',#4366,3.);
#4366 = AXIS2_PLACEMENT_3D('',#4367,#4368,#4369);
#4367 = CARTESIAN_POINT('',(-49.59553884615,-43.49522941958,0.3));
#4368 = DIRECTION('',(0.,0.,-1.));
#4369 = DIRECTION('',(0.624695047554,-0.780868809443,0.));
#4370 = CONICAL_SURFACE('',#4371,3.,0.785398163397);
#4371 = AXIS2_PLACEMENT_3D('',#4372,#4373,#4374);
#4372 = CARTESIAN_POINT('',(-49.59553884615,-43.49522941958,0.3));
#4373 = DIRECTION('',(0.,0.,1.));
#4374 = DIRECTION('',(0.624695047554,-0.780868809443,0.));
#4375 = ADVANCED_FACE('',(#4376),#4395,.T.);
#4376 = FACE_BOUND('',#4377,.F.);
#4377 = EDGE_LOOP('',(#4378,#4379,#4380,#4388));
#4378 = ORIENTED_EDGE('',*,*,#4332,.F.);
#4379 = ORIENTED_EDGE('',*,*,#341,.T.);
#4380 = ORIENTED_EDGE('',*,*,#4381,.T.);
#4381 = EDGE_CURVE('',#342,#4382,#4384,.T.);
#4382 = VERTEX_POINT('',#4383);
#4383 = CARTESIAN_POINT('',(47.63862490507,-45.79664949701,0.3));
#4384 = LINE('',#4385,#4386);
#4385 = CARTESIAN_POINT('',(47.63862490507,-45.79664949701,0.3));
#4386 = VECTOR('',#4387,1.);
#4387 = DIRECTION('',(-0.441726104299,-0.552157630374,0.707106781187));
#4388 = ORIENTED_EDGE('',*,*,#4389,.F.);
#4389 = EDGE_CURVE('',#4333,#4382,#4390,.T.);
#4390 = CIRCLE('',#4391,3.);
#4391 = AXIS2_PLACEMENT_3D('',#4392,#4393,#4394);
#4392 = CARTESIAN_POINT('',(49.512710047733,-43.45404306868,0.3));
#4393 = DIRECTION('',(0.,0.,-1.));
#4394 = DIRECTION('',(0.281339922394,-0.959608174239,0.));
#4395 = CONICAL_SURFACE('',#4396,3.,0.785398163397);
#4396 = AXIS2_PLACEMENT_3D('',#4397,#4398,#4399);
#4397 = CARTESIAN_POINT('',(49.512710047733,-43.45404306868,0.3));
#4398 = DIRECTION('',(0.,0.,1.));
#4399 = DIRECTION('',(0.281339922394,-0.959608174239,0.));
#4400 = ADVANCED_FACE('',(#4401),#4419,.T.);
#4401 = FACE_BOUND('',#4402,.F.);
#4402 = EDGE_LOOP('',(#4403,#4411,#4412,#4413));
#4403 = ORIENTED_EDGE('',*,*,#4404,.F.);
#4404 = EDGE_CURVE('',#480,#4405,#4407,.T.);
#4405 = VERTEX_POINT('',#4406);
#4406 = CARTESIAN_POINT('',(-41.39842118037,-40.77940982942,0.3));
#4407 = LINE('',#4408,#4409);
#4408 = CARTESIAN_POINT('',(-41.39842118037,-40.77940982942,0.3));
#4409 = VECTOR('',#4410,1.);
#4410 = DIRECTION('',(0.441726104299,-0.552157630374,0.707106781187));
#4411 = ORIENTED_EDGE('',*,*,#488,.T.);
#4412 = ORIENTED_EDGE('',*,*,#4354,.T.);
#4413 = ORIENTED_EDGE('',*,*,#4414,.F.);
#4414 = EDGE_CURVE('',#4405,#4355,#4415,.T.);
#4415 = LINE('',#4416,#4417);
#4416 = CARTESIAN_POINT('',(-41.39842118037,-40.77940982942,0.3));
#4417 = VECTOR('',#4418,1.);
#4418 = DIRECTION('',(-0.780868809443,-0.624695047554,0.));
#4419 = PLANE('',#4420);
#4420 = AXIS2_PLACEMENT_3D('',#4421,#4422,#4423);
#4421 = CARTESIAN_POINT('',(-41.4921254375,-40.662279508,0.15));
#4422 = DIRECTION('',(0.441726104299,-0.552157630374,-0.707106781187));
#4423 = DIRECTION('',(0.780868809443,0.624695047554,-2.775557561563E-17)
  );
#4424 = ADVANCED_FACE('',(#4425),#4443,.F.);
#4425 = FACE_BOUND('',#4426,.F.);
#4426 = EDGE_LOOP('',(#4427,#4428,#4429,#4437));
#4427 = ORIENTED_EDGE('',*,*,#4381,.F.);
#4428 = ORIENTED_EDGE('',*,*,#350,.T.);
#4429 = ORIENTED_EDGE('',*,*,#4430,.T.);
#4430 = EDGE_CURVE('',#351,#4431,#4433,.T.);
#4431 = VERTEX_POINT('',#4432);
#4432 = CARTESIAN_POINT('',(41.40134368859,-40.80682452383,0.3));
#4433 = LINE('',#4434,#4435);
#4434 = CARTESIAN_POINT('',(41.495047945723,-40.68969420241,0.15));
#4435 = VECTOR('',#4436,1.);
#4436 = DIRECTION('',(-0.441726104299,-0.552157630374,0.707106781187));
#4437 = ORIENTED_EDGE('',*,*,#4438,.F.);
#4438 = EDGE_CURVE('',#4382,#4431,#4439,.T.);
#4439 = LINE('',#4440,#4441);
#4440 = CARTESIAN_POINT('',(47.63862490507,-45.79664949701,0.3));
#4441 = VECTOR('',#4442,1.);
#4442 = DIRECTION('',(-0.780868809443,0.624695047554,0.));
#4443 = PLANE('',#4444);
#4444 = AXIS2_PLACEMENT_3D('',#4445,#4446,#4447);
#4445 = CARTESIAN_POINT('',(47.732329162203,-45.6795191756,0.15));
#4446 = DIRECTION('',(0.441726104299,0.552157630374,0.707106781187));
#4447 = DIRECTION('',(-0.780868809443,0.624695047554,-1.387778780781E-16
    ));
#4448 = ADVANCED_FACE('',(#4449),#4468,.T.);
#4449 = FACE_BOUND('',#4450,.F.);
#4450 = EDGE_LOOP('',(#4451,#4459,#4460,#4461));
#4451 = ORIENTED_EDGE('',*,*,#4452,.F.);
#4452 = EDGE_CURVE('',#471,#4453,#4455,.T.);
#4453 = VERTEX_POINT('',#4454);
#4454 = CARTESIAN_POINT('',(-40.28839313929,-38.74513521362,0.3));
#4455 = LINE('',#4456,#4457);
#4456 = CARTESIAN_POINT('',(-40.28839313929,-38.74513521362,0.3));
#4457 = VECTOR('',#4458,1.);
#4458 = DIRECTION('',(0.703362222684,-7.26745051663E-02,0.707106781187)
  );
#4459 = ORIENTED_EDGE('',*,*,#479,.T.);
#4460 = ORIENTED_EDGE('',*,*,#4404,.T.);
#4461 = ORIENTED_EDGE('',*,*,#4462,.F.);
#4462 = EDGE_CURVE('',#4453,#4405,#4463,.T.);
#4463 = CIRCLE('',#4464,3.);
#4464 = AXIS2_PLACEMENT_3D('',#4465,#4466,#4467);
#4465 = CARTESIAN_POINT('',(-43.27250632303,-38.43680340109,0.3));
#4466 = DIRECTION('',(0.,0.,-1.));
#4467 = DIRECTION('',(0.99470439458,-0.102777270845,0.));
#4468 = CONICAL_SURFACE('',#4469,3.,0.785398163397);
#4469 = AXIS2_PLACEMENT_3D('',#4470,#4471,#4472);
#4470 = CARTESIAN_POINT('',(-43.27250632303,-38.43680340109,0.3));
#4471 = DIRECTION('',(0.,0.,1.));
#4472 = DIRECTION('',(0.99470439458,-0.102777270845,0.));
#4473 = ADVANCED_FACE('',(#4474),#4493,.T.);
#4474 = FACE_BOUND('',#4475,.F.);
#4475 = EDGE_LOOP('',(#4476,#4477,#4478,#4486));
#4476 = ORIENTED_EDGE('',*,*,#4430,.F.);
#4477 = ORIENTED_EDGE('',*,*,#358,.T.);
#4478 = ORIENTED_EDGE('',*,*,#4479,.T.);
#4479 = EDGE_CURVE('',#359,#4480,#4482,.T.);
#4480 = VERTEX_POINT('',#4481);
#4481 = CARTESIAN_POINT('',(40.293378594491,-38.79190145703,0.3));
#4482 = LINE('',#4483,#4484);
#4483 = CARTESIAN_POINT('',(40.293378594491,-38.79190145703,0.3));
#4484 = VECTOR('',#4485,1.);
#4485 = DIRECTION('',(-0.702875981418,-7.723570900738E-02,0.707106781187
    ));
#4486 = ORIENTED_EDGE('',*,*,#4487,.F.);
#4487 = EDGE_CURVE('',#4431,#4480,#4488,.T.);
#4488 = CIRCLE('',#4489,3.);
#4489 = AXIS2_PLACEMENT_3D('',#4490,#4491,#4492);
#4490 = CARTESIAN_POINT('',(43.275428831253,-38.4642180955,0.3));
#4491 = DIRECTION('',(0.,0.,-1.));
#4492 = DIRECTION('',(-0.624695047554,-0.780868809443,-0.));
#4493 = CONICAL_SURFACE('',#4494,3.,0.785398163397);
#4494 = AXIS2_PLACEMENT_3D('',#4495,#4496,#4497);
#4495 = CARTESIAN_POINT('',(43.275428831253,-38.4642180955,0.3));
#4496 = DIRECTION('',(0.,0.,1.));
#4497 = DIRECTION('',(-0.624695047554,-0.780868809443,0.));
#4498 = ADVANCED_FACE('',(#4499),#4518,.T.);
#4499 = FACE_BOUND('',#4500,.F.);
#4500 = EDGE_LOOP('',(#4501,#4509,#4510,#4511));
#4501 = ORIENTED_EDGE('',*,*,#4502,.F.);
#4502 = EDGE_CURVE('',#462,#4503,#4505,.T.);
#4503 = VERTEX_POINT('',#4504);
#4504 = CARTESIAN_POINT('',(-40.2903409608,-37.23624837906,0.3));
#4505 = LINE('',#4506,#4507);
#4506 = CARTESIAN_POINT('',(-40.2903409608,-37.23624837906,0.3));
#4507 = VECTOR('',#4508,1.);
#4508 = DIRECTION('',(0.703172247815,7.449020004176E-02,0.707106781187)
  );
#4509 = ORIENTED_EDGE('',*,*,#470,.T.);
#4510 = ORIENTED_EDGE('',*,*,#4452,.T.);
#4511 = ORIENTED_EDGE('',*,*,#4512,.F.);
#4512 = EDGE_CURVE('',#4503,#4453,#4513,.T.);
#4513 = CIRCLE('',#4514,7.25);
#4514 = AXIS2_PLACEMENT_3D('',#4515,#4516,#4517);
#4515 = CARTESIAN_POINT('',(-47.5,-38.,0.3));
#4516 = DIRECTION('',(0.,0.,-1.));
#4517 = DIRECTION('',(0.994435729545,0.105345051163,0.));
#4518 = CONICAL_SURFACE('',#4519,7.25,0.785398163397);
#4519 = AXIS2_PLACEMENT_3D('',#4520,#4521,#4522);
#4520 = CARTESIAN_POINT('',(-47.5,-38.,0.3));
#4521 = DIRECTION('',(0.,0.,1.));
#4522 = DIRECTION('',(0.994435729545,0.105345051163,-0.));
#4523 = ADVANCED_FACE('',(#4524),#4543,.T.);
#4524 = FACE_BOUND('',#4525,.F.);
#4525 = EDGE_LOOP('',(#4526,#4527,#4528,#4536));
#4526 = ORIENTED_EDGE('',*,*,#4479,.F.);
#4527 = ORIENTED_EDGE('',*,*,#367,.T.);
#4528 = ORIENTED_EDGE('',*,*,#4529,.T.);
#4529 = EDGE_CURVE('',#368,#4530,#4532,.T.);
#4530 = VERTEX_POINT('',#4531);
#4531 = CARTESIAN_POINT('',(40.290340960799,-37.23624837907,0.3));
#4532 = LINE('',#4533,#4534);
#4533 = CARTESIAN_POINT('',(40.290340960799,-37.23624837907,0.3));
#4534 = VECTOR('',#4535,1.);
#4535 = DIRECTION('',(-0.703172247815,7.449020004129E-02,0.707106781187)
  );
#4536 = ORIENTED_EDGE('',*,*,#4537,.F.);
#4537 = EDGE_CURVE('',#4480,#4530,#4538,.T.);
#4538 = CIRCLE('',#4539,7.25);
#4539 = AXIS2_PLACEMENT_3D('',#4540,#4541,#4542);
#4540 = CARTESIAN_POINT('',(47.5,-38.,0.3));
#4541 = DIRECTION('',(0.,0.,-1.));
#4542 = DIRECTION('',(-0.994016745587,-0.109227787178,-0.));
#4543 = CONICAL_SURFACE('',#4544,7.25,0.785398163397);
#4544 = AXIS2_PLACEMENT_3D('',#4545,#4546,#4547);
#4545 = CARTESIAN_POINT('',(47.5,-38.,0.3));
#4546 = DIRECTION('',(0.,0.,1.));
#4547 = DIRECTION('',(-0.994016745587,-0.109227787178,0.));
#4548 = ADVANCED_FACE('',(#4549),#4568,.F.);
#4549 = FACE_BOUND('',#4550,.F.);
#4550 = EDGE_LOOP('',(#4551,#4559,#4560,#4561));
#4551 = ORIENTED_EDGE('',*,*,#4552,.F.);
#4552 = EDGE_CURVE('',#454,#4553,#4555,.T.);
#4553 = VERTEX_POINT('',#4554);
#4554 = CARTESIAN_POINT('',(-39.1501308059,-34.55314894166,0.3));
#4555 = LINE('',#4556,#4557);
#4556 = CARTESIAN_POINT('',(-39.24228565759,-34.43479572746,0.15));
#4557 = VECTOR('',#4558,1.);
#4558 = DIRECTION('',(0.434422136981,-0.557922402221,0.707106781187));
#4559 = ORIENTED_EDGE('',*,*,#461,.T.);
#4560 = ORIENTED_EDGE('',*,*,#4502,.T.);
#4561 = ORIENTED_EDGE('',*,*,#4562,.F.);
#4562 = EDGE_CURVE('',#4553,#4503,#4563,.T.);
#4563 = CIRCLE('',#4564,3.);
#4564 = AXIS2_PLACEMENT_3D('',#4565,#4566,#4567);
#4565 = CARTESIAN_POINT('',(-37.30703377216,-36.92021322558,0.3));
#4566 = DIRECTION('',(0.,0.,1.));
#4567 = DIRECTION('',(-0.614365677914,0.789021427973,0.));
#4568 = CONICAL_SURFACE('',#4569,3.,0.785398163397);
#4569 = AXIS2_PLACEMENT_3D('',#4570,#4571,#4572);
#4570 = CARTESIAN_POINT('',(-37.30703377216,-36.92021322558,0.3));
#4571 = DIRECTION('',(-0.,-0.,-1.));
#4572 = DIRECTION('',(-0.614365677914,0.789021427973,0.));
#4573 = ADVANCED_FACE('',(#4574),#4593,.F.);
#4574 = FACE_BOUND('',#4575,.F.);
#4575 = EDGE_LOOP('',(#4576,#4577,#4578,#4586));
#4576 = ORIENTED_EDGE('',*,*,#4529,.F.);
#4577 = ORIENTED_EDGE('',*,*,#376,.T.);
#4578 = ORIENTED_EDGE('',*,*,#4579,.T.);
#4579 = EDGE_CURVE('',#377,#4580,#4582,.T.);
#4580 = VERTEX_POINT('',#4581);
#4581 = CARTESIAN_POINT('',(39.1501308059,-34.55314894166,0.3));
#4582 = LINE('',#4583,#4584);
#4583 = CARTESIAN_POINT('',(39.1501308059,-34.55314894166,0.3));
#4584 = VECTOR('',#4585,1.);
#4585 = DIRECTION('',(-0.43442213698,-0.557922402223,0.707106781187));
#4586 = ORIENTED_EDGE('',*,*,#4587,.F.);
#4587 = EDGE_CURVE('',#4530,#4580,#4588,.T.);
#4588 = CIRCLE('',#4589,3.);
#4589 = AXIS2_PLACEMENT_3D('',#4590,#4591,#4592);
#4590 = CARTESIAN_POINT('',(37.307033772164,-36.92021322558,0.3));
#4591 = DIRECTION('',(-0.,0.,1.));
#4592 = DIRECTION('',(0.994435729545,-0.105345051162,0.));
#4593 = CONICAL_SURFACE('',#4594,3.,0.785398163397);
#4594 = AXIS2_PLACEMENT_3D('',#4595,#4596,#4597);
#4595 = CARTESIAN_POINT('',(37.307033772164,-36.92021322558,0.3));
#4596 = DIRECTION('',(-0.,-0.,-1.));
#4597 = DIRECTION('',(0.994435729545,-0.105345051162,0.));
#4598 = ADVANCED_FACE('',(#4599),#4617,.F.);
#4599 = FACE_BOUND('',#4600,.F.);
#4600 = EDGE_LOOP('',(#4601,#4609,#4610,#4611));
#4601 = ORIENTED_EDGE('',*,*,#4602,.F.);
#4602 = EDGE_CURVE('',#445,#4603,#4605,.T.);
#4603 = VERTEX_POINT('',#4604);
#4604 = CARTESIAN_POINT('',(-17.05233105768,-17.34686120166,0.3));
#4605 = LINE('',#4606,#4607);
#4606 = CARTESIAN_POINT('',(-17.05233105768,-17.34686120166,0.3));
#4607 = VECTOR('',#4608,1.);
#4608 = DIRECTION('',(0.434422136981,-0.557922402221,0.707106781187));
#4609 = ORIENTED_EDGE('',*,*,#453,.T.);
#4610 = ORIENTED_EDGE('',*,*,#4552,.T.);
#4611 = ORIENTED_EDGE('',*,*,#4612,.F.);
#4612 = EDGE_CURVE('',#4603,#4553,#4613,.T.);
#4613 = LINE('',#4614,#4615);
#4614 = CARTESIAN_POINT('',(-17.05233105768,-17.34686120166,0.3));
#4615 = VECTOR('',#4616,1.);
#4616 = DIRECTION('',(-0.789021427973,-0.614365677914,-0.));
#4617 = PLANE('',#4618);
#4618 = AXIS2_PLACEMENT_3D('',#4619,#4620,#4621);
#4619 = CARTESIAN_POINT('',(-17.14448590936,-17.22850798746,0.15));
#4620 = DIRECTION('',(-0.434422136981,0.557922402221,0.707106781187));
#4621 = DIRECTION('',(-0.789021427973,-0.614365677914,1.110223024625E-16
    ));
#4622 = ADVANCED_FACE('',(#4623),#4641,.T.);
#4623 = FACE_BOUND('',#4624,.F.);
#4624 = EDGE_LOOP('',(#4625,#4626,#4627,#4635));
#4625 = ORIENTED_EDGE('',*,*,#4579,.F.);
#4626 = ORIENTED_EDGE('',*,*,#385,.T.);
#4627 = ORIENTED_EDGE('',*,*,#4628,.T.);
#4628 = EDGE_CURVE('',#386,#4629,#4631,.T.);
#4629 = VERTEX_POINT('',#4630);
#4630 = CARTESIAN_POINT('',(17.052331057672,-17.34686120177,0.3));
#4631 = LINE('',#4632,#4633);
#4632 = CARTESIAN_POINT('',(17.144485909358,-17.22850798757,0.15));
#4633 = VECTOR('',#4634,1.);
#4634 = DIRECTION('',(-0.43442213698,-0.557922402223,0.707106781187));
#4635 = ORIENTED_EDGE('',*,*,#4636,.F.);
#4636 = EDGE_CURVE('',#4580,#4629,#4637,.T.);
#4637 = LINE('',#4638,#4639);
#4638 = CARTESIAN_POINT('',(39.1501308059,-34.55314894166,0.3));
#4639 = VECTOR('',#4640,1.);
#4640 = DIRECTION('',(-0.789021427975,0.614365677912,0.));
#4641 = PLANE('',#4642);
#4642 = AXIS2_PLACEMENT_3D('',#4643,#4644,#4645);
#4643 = CARTESIAN_POINT('',(39.242285657586,-34.43479572746,0.15));
#4644 = DIRECTION('',(-0.43442213698,-0.557922402223,-0.707106781187));
#4645 = DIRECTION('',(0.789021427975,-0.614365677912,8.326672684689E-17)
  );
#4646 = ADVANCED_FACE('',(#4647),#4666,.F.);
#4647 = FACE_BOUND('',#4648,.F.);
#4648 = EDGE_LOOP('',(#4649,#4657,#4658,#4659));
#4649 = ORIENTED_EDGE('',*,*,#4650,.F.);
#4650 = EDGE_CURVE('',#437,#4651,#4653,.T.);
#4651 = VERTEX_POINT('',#4652);
#4652 = CARTESIAN_POINT('',(-12.24208053049,-19.27120644786,0.3));
#4653 = LINE('',#4654,#4655);
#4654 = CARTESIAN_POINT('',(-12.09372285582,-19.24907049598,0.15));
#4655 = VECTOR('',#4656,1.);
#4656 = DIRECTION('',(-0.699364785345,-0.104349877909,0.707106781187));
#4657 = ORIENTED_EDGE('',*,*,#444,.T.);
#4658 = ORIENTED_EDGE('',*,*,#4602,.T.);
#4659 = ORIENTED_EDGE('',*,*,#4660,.F.);
#4660 = EDGE_CURVE('',#4651,#4603,#4661,.T.);
#4661 = CIRCLE('',#4662,3.);
#4662 = AXIS2_PLACEMENT_3D('',#4663,#4664,#4665);
#4663 = CARTESIAN_POINT('',(-15.20923402393,-19.71392548558,0.3));
#4664 = DIRECTION('',(0.,-0.,1.));
#4665 = DIRECTION('',(0.989051164481,0.147573012571,0.));
#4666 = CONICAL_SURFACE('',#4667,3.,0.785398163397);
#4667 = AXIS2_PLACEMENT_3D('',#4668,#4669,#4670);
#4668 = CARTESIAN_POINT('',(-15.20923402393,-19.71392548558,0.3));
#4669 = DIRECTION('',(-0.,-0.,-1.));
#4670 = DIRECTION('',(0.989051164481,0.147573012571,-0.));
#4671 = ADVANCED_FACE('',(#4672),#4691,.F.);
#4672 = FACE_BOUND('',#4673,.F.);
#4673 = EDGE_LOOP('',(#4674,#4675,#4676,#4684));
#4674 = ORIENTED_EDGE('',*,*,#4628,.F.);
#4675 = ORIENTED_EDGE('',*,*,#393,.T.);
#4676 = ORIENTED_EDGE('',*,*,#4677,.T.);
#4677 = EDGE_CURVE('',#394,#4678,#4680,.T.);
#4678 = VERTEX_POINT('',#4679);
#4679 = CARTESIAN_POINT('',(12.242080530494,-19.27120644798,0.3));
#4680 = LINE('',#4681,#4682);
#4681 = CARTESIAN_POINT('',(12.242080530494,-19.27120644798,0.3));
#4682 = VECTOR('',#4683,1.);
#4683 = DIRECTION('',(0.699364785345,-0.10434987791,0.707106781187));
#4684 = ORIENTED_EDGE('',*,*,#4685,.F.);
#4685 = EDGE_CURVE('',#4629,#4678,#4686,.T.);
#4686 = CIRCLE('',#4687,3.);
#4687 = AXIS2_PLACEMENT_3D('',#4688,#4689,#4690);
#4688 = CARTESIAN_POINT('',(15.209234023936,-19.71392548569,0.3));
#4689 = DIRECTION('',(0.,-0.,1.));
#4690 = DIRECTION('',(0.614365677912,0.789021427975,0.));
#4691 = CONICAL_SURFACE('',#4692,3.,0.785398163397);
#4692 = AXIS2_PLACEMENT_3D('',#4693,#4694,#4695);
#4693 = CARTESIAN_POINT('',(15.209234023936,-19.71392548569,0.3));
#4694 = DIRECTION('',(-0.,-0.,-1.));
#4695 = DIRECTION('',(0.614365677912,0.789021427975,-0.));
#4696 = ADVANCED_FACE('',(#4697),#4715,.F.);
#4697 = FACE_BOUND('',#4698,.F.);
#4698 = EDGE_LOOP('',(#4699,#4707,#4708,#4709));
#4699 = ORIENTED_EDGE('',*,*,#4700,.F.);
#4700 = EDGE_CURVE('',#428,#4701,#4703,.T.);
#4701 = VERTEX_POINT('',#4702);
#4702 = CARTESIAN_POINT('',(-9.254375553155,-39.29514602514,0.3));
#4703 = LINE('',#4704,#4705);
#4704 = CARTESIAN_POINT('',(-9.254375553155,-39.29514602514,0.3));
#4705 = VECTOR('',#4706,1.);
#4706 = DIRECTION('',(-0.699364785345,-0.104349877909,0.707106781187));
#4707 = ORIENTED_EDGE('',*,*,#436,.T.);
#4708 = ORIENTED_EDGE('',*,*,#4650,.T.);
#4709 = ORIENTED_EDGE('',*,*,#4710,.F.);
#4710 = EDGE_CURVE('',#4701,#4651,#4711,.T.);
#4711 = LINE('',#4712,#4713);
#4712 = CARTESIAN_POINT('',(-9.254375553155,-39.29514602514,0.3));
#4713 = VECTOR('',#4714,1.);
#4714 = DIRECTION('',(-0.147573012571,0.989051164481,0.));
#4715 = PLANE('',#4716);
#4716 = AXIS2_PLACEMENT_3D('',#4717,#4718,#4719);
#4717 = CARTESIAN_POINT('',(-9.106017878483,-39.27301007325,0.15));
#4718 = DIRECTION('',(0.699364785345,0.104349877909,0.707106781187));
#4719 = DIRECTION('',(-0.147573012571,0.989051164481,-4.163336342344E-17
    ));
#4720 = ADVANCED_FACE('',(#4721),#4739,.F.);
#4721 = FACE_BOUND('',#4722,.F.);
#4722 = EDGE_LOOP('',(#4723,#4724,#4725,#4733));
#4723 = ORIENTED_EDGE('',*,*,#4677,.F.);
#4724 = ORIENTED_EDGE('',*,*,#402,.T.);
#4725 = ORIENTED_EDGE('',*,*,#4726,.T.);
#4726 = EDGE_CURVE('',#403,#4727,#4729,.T.);
#4727 = VERTEX_POINT('',#4728);
#4728 = CARTESIAN_POINT('',(9.254375553156,-39.29514602514,0.3));
#4729 = LINE('',#4730,#4731);
#4730 = CARTESIAN_POINT('',(9.106017878484,-39.27301007325,0.15));
#4731 = VECTOR('',#4732,1.);
#4732 = DIRECTION('',(0.699364785345,-0.10434987791,0.707106781187));
#4733 = ORIENTED_EDGE('',*,*,#4734,.F.);
#4734 = EDGE_CURVE('',#4678,#4727,#4735,.T.);
#4735 = LINE('',#4736,#4737);
#4736 = CARTESIAN_POINT('',(12.242080530494,-19.27120644798,0.3));
#4737 = VECTOR('',#4738,1.);
#4738 = DIRECTION('',(-0.147573012572,-0.989051164481,-0.));
#4739 = PLANE('',#4740);
#4740 = AXIS2_PLACEMENT_3D('',#4741,#4742,#4743);
#4741 = CARTESIAN_POINT('',(12.093722855822,-19.24907049609,0.15));
#4742 = DIRECTION('',(-0.699364785345,0.10434987791,0.707106781187));
#4743 = DIRECTION('',(-0.147573012572,-0.989051164481,4.163336342344E-17
    ));
#4744 = ADVANCED_FACE('',(#4745),#4764,.T.);
#4745 = FACE_BOUND('',#4746,.F.);
#4746 = EDGE_LOOP('',(#4747,#4755,#4756,#4757));
#4747 = ORIENTED_EDGE('',*,*,#4748,.F.);
#4748 = EDGE_CURVE('',#420,#4749,#4751,.T.);
#4749 = VERTEX_POINT('',#4750);
#4750 = CARTESIAN_POINT('',(-7.276273224194,-41.,0.3));
#4751 = LINE('',#4752,#4753);
#4752 = CARTESIAN_POINT('',(-7.276273224194,-40.85,0.15));
#4753 = VECTOR('',#4754,1.);
#4754 = DIRECTION('',(0.,-0.707106781187,0.707106781187));
#4755 = ORIENTED_EDGE('',*,*,#427,.T.);
#4756 = ORIENTED_EDGE('',*,*,#4700,.T.);
#4757 = ORIENTED_EDGE('',*,*,#4758,.F.);
#4758 = EDGE_CURVE('',#4749,#4701,#4759,.T.);
#4759 = CIRCLE('',#4760,2.);
#4760 = AXIS2_PLACEMENT_3D('',#4761,#4762,#4763);
#4761 = CARTESIAN_POINT('',(-7.276273224194,-39.,0.3));
#4762 = DIRECTION('',(0.,0.,-1.));
#4763 = DIRECTION('',(0.,-1.,0.));
#4764 = CONICAL_SURFACE('',#4765,2.,0.785398163397);
#4765 = AXIS2_PLACEMENT_3D('',#4766,#4767,#4768);
#4766 = CARTESIAN_POINT('',(-7.276273224194,-39.,0.3));
#4767 = DIRECTION('',(0.,0.,1.));
#4768 = DIRECTION('',(0.,-1.,0.));
#4769 = ADVANCED_FACE('',(#4770),#4789,.T.);
#4770 = FACE_BOUND('',#4771,.F.);
#4771 = EDGE_LOOP('',(#4772,#4773,#4774,#4782));
#4772 = ORIENTED_EDGE('',*,*,#4726,.F.);
#4773 = ORIENTED_EDGE('',*,*,#410,.T.);
#4774 = ORIENTED_EDGE('',*,*,#4775,.T.);
#4775 = EDGE_CURVE('',#411,#4776,#4778,.T.);
#4776 = VERTEX_POINT('',#4777);
#4777 = CARTESIAN_POINT('',(7.276273224195,-41.,0.3));
#4778 = LINE('',#4779,#4780);
#4779 = CARTESIAN_POINT('',(7.276273224195,-41.,0.3));
#4780 = VECTOR('',#4781,1.);
#4781 = DIRECTION('',(1.29E-15,-0.707106781187,0.707106781187));
#4782 = ORIENTED_EDGE('',*,*,#4783,.F.);
#4783 = EDGE_CURVE('',#4727,#4776,#4784,.T.);
#4784 = CIRCLE('',#4785,2.);
#4785 = AXIS2_PLACEMENT_3D('',#4786,#4787,#4788);
#4786 = CARTESIAN_POINT('',(7.276273224195,-39.,0.3));
#4787 = DIRECTION('',(0.,0.,-1.));
#4788 = DIRECTION('',(0.989051164481,-0.147573012572,0.));
#4789 = CONICAL_SURFACE('',#4790,2.,0.785398163397);
#4790 = AXIS2_PLACEMENT_3D('',#4791,#4792,#4793);
#4791 = CARTESIAN_POINT('',(7.276273224195,-39.,0.3));
#4792 = DIRECTION('',(0.,0.,1.));
#4793 = DIRECTION('',(0.989051164481,-0.147573012572,0.));
#4794 = ADVANCED_FACE('',(#4795),#4806,.F.);
#4795 = FACE_BOUND('',#4796,.F.);
#4796 = EDGE_LOOP('',(#4797,#4798,#4799,#4800));
#4797 = ORIENTED_EDGE('',*,*,#4775,.F.);
#4798 = ORIENTED_EDGE('',*,*,#419,.T.);
#4799 = ORIENTED_EDGE('',*,*,#4748,.T.);
#4800 = ORIENTED_EDGE('',*,*,#4801,.F.);
#4801 = EDGE_CURVE('',#4776,#4749,#4802,.T.);
#4802 = LINE('',#4803,#4804);
#4803 = CARTESIAN_POINT('',(7.276273224195,-41.,0.3));
#4804 = VECTOR('',#4805,1.);
#4805 = DIRECTION('',(-1.,-0.,-0.));
#4806 = PLANE('',#4807);
#4807 = AXIS2_PLACEMENT_3D('',#4808,#4809,#4810);
#4808 = CARTESIAN_POINT('',(7.276273224195,-40.85,0.15));
#4809 = DIRECTION('',(0.,0.707106781187,0.707106781187));
#4810 = DIRECTION('',(-1.,0.,0.));
#4811 = ADVANCED_FACE('',(#4812),#4837,.T.);
#4812 = FACE_BOUND('',#4813,.T.);
#4813 = EDGE_LOOP('',(#4814,#4815,#4823,#4831));
#4814 = ORIENTED_EDGE('',*,*,#815,.F.);
#4815 = ORIENTED_EDGE('',*,*,#4816,.T.);
#4816 = EDGE_CURVE('',#816,#4817,#4819,.T.);
#4817 = VERTEX_POINT('',#4818);
#4818 = CARTESIAN_POINT('',(50.234339247179,-41.16848694588,3.));
#4819 = LINE('',#4820,#4821);
#4820 = CARTESIAN_POINT('',(50.234339247179,-41.16848694588,0.));
#4821 = VECTOR('',#4822,1.);
#4822 = DIRECTION('',(0.,0.,1.));
#4823 = ORIENTED_EDGE('',*,*,#4824,.T.);
#4824 = EDGE_CURVE('',#4817,#4825,#4827,.T.);
#4825 = VERTEX_POINT('',#4826);
#4826 = CARTESIAN_POINT('',(50.609974808222,-43.0415203996,3.));
#4827 = LINE('',#4828,#4829);
#4828 = CARTESIAN_POINT('',(50.,-40.,3.));
#4829 = VECTOR('',#4830,1.);
#4830 = DIRECTION('',(0.196633975878,-0.980476965324,0.));
#4831 = ORIENTED_EDGE('',*,*,#4832,.F.);
#4832 = EDGE_CURVE('',#818,#4825,#4833,.T.);
#4833 = LINE('',#4834,#4835);
#4834 = CARTESIAN_POINT('',(50.609974808222,-43.0415203996,0.));
#4835 = VECTOR('',#4836,1.);
#4836 = DIRECTION('',(0.,0.,1.));
#4837 = PLANE('',#4838);
#4838 = AXIS2_PLACEMENT_3D('',#4839,#4840,#4841);
#4839 = CARTESIAN_POINT('',(50.,-40.,0.));
#4840 = DIRECTION('',(0.980476965324,0.196633975878,0.));
#4841 = DIRECTION('',(0.196633975878,-0.980476965324,0.));
#4842 = ADVANCED_FACE('',(#4843),#4862,.F.);
#4843 = FACE_BOUND('',#4844,.T.);
#4844 = EDGE_LOOP('',(#4845,#4846,#4854,#4861));
#4845 = ORIENTED_EDGE('',*,*,#876,.T.);
#4846 = ORIENTED_EDGE('',*,*,#4847,.T.);
#4847 = EDGE_CURVE('',#869,#4848,#4850,.T.);
#4848 = VERTEX_POINT('',#4849);
#4849 = CARTESIAN_POINT('',(51.191427586825,-39.97212652132,3.));
#4850 = LINE('',#4851,#4852);
#4851 = CARTESIAN_POINT('',(51.191427586825,-39.97212652132,0.));
#4852 = VECTOR('',#4853,1.);
#4853 = DIRECTION('',(0.,0.,1.));
#4854 = ORIENTED_EDGE('',*,*,#4855,.F.);
#4855 = EDGE_CURVE('',#4817,#4848,#4856,.T.);
#4856 = CIRCLE('',#4857,1.);
#4857 = AXIS2_PLACEMENT_3D('',#4858,#4859,#4860);
#4858 = CARTESIAN_POINT('',(51.214816212503,-40.97185297,3.));
#4859 = DIRECTION('',(-0.,-0.,-1.));
#4860 = DIRECTION('',(0.,-1.,0.));
#4861 = ORIENTED_EDGE('',*,*,#4816,.F.);
#4862 = CYLINDRICAL_SURFACE('',#4863,1.);
#4863 = AXIS2_PLACEMENT_3D('',#4864,#4865,#4866);
#4864 = CARTESIAN_POINT('',(51.214816212503,-40.97185297,0.));
#4865 = DIRECTION('',(0.,0.,1.));
#4866 = DIRECTION('',(-0.980476965324,-0.196633975878,0.));
#4867 = ADVANCED_FACE('',(#4868),#4887,.F.);
#4868 = FACE_BOUND('',#4869,.F.);
#4869 = EDGE_LOOP('',(#4870,#4871,#4879,#4886));
#4870 = ORIENTED_EDGE('',*,*,#825,.T.);
#4871 = ORIENTED_EDGE('',*,*,#4872,.T.);
#4872 = EDGE_CURVE('',#826,#4873,#4875,.T.);
#4873 = VERTEX_POINT('',#4874);
#4874 = CARTESIAN_POINT('',(51.87179169594,-43.80449459796,3.));
#4875 = LINE('',#4876,#4877);
#4876 = CARTESIAN_POINT('',(51.87179169594,-43.80449459796,0.));
#4877 = VECTOR('',#4878,1.);
#4878 = DIRECTION('',(0.,0.,1.));
#4879 = ORIENTED_EDGE('',*,*,#4880,.F.);
#4880 = EDGE_CURVE('',#4825,#4873,#4881,.T.);
#4881 = CIRCLE('',#4882,1.);
#4882 = AXIS2_PLACEMENT_3D('',#4883,#4884,#4885);
#4883 = CARTESIAN_POINT('',(51.590451773546,-42.84488642373,3.));
#4884 = DIRECTION('',(-0.,0.,1.));
#4885 = DIRECTION('',(0.,-1.,0.));
#4886 = ORIENTED_EDGE('',*,*,#4832,.F.);
#4887 = CYLINDRICAL_SURFACE('',#4888,1.);
#4888 = AXIS2_PLACEMENT_3D('',#4889,#4890,#4891);
#4889 = CARTESIAN_POINT('',(51.590451773546,-42.84488642373,0.));
#4890 = DIRECTION('',(0.,0.,1.));
#4891 = DIRECTION('',(-0.980476965324,-0.196633975878,0.));
#4892 = ADVANCED_FACE('',(#4893),#4911,.T.);
#4893 = FACE_BOUND('',#4894,.T.);
#4894 = EDGE_LOOP('',(#4895,#4896,#4904,#4910));
#4895 = ORIENTED_EDGE('',*,*,#868,.F.);
#4896 = ORIENTED_EDGE('',*,*,#4897,.T.);
#4897 = EDGE_CURVE('',#860,#4898,#4900,.T.);
#4898 = VERTEX_POINT('',#4899);
#4899 = CARTESIAN_POINT('',(53.101233884349,-39.92744655444,3.));
#4900 = LINE('',#4901,#4902);
#4901 = CARTESIAN_POINT('',(53.101233884349,-39.92744655444,0.));
#4902 = VECTOR('',#4903,1.);
#4903 = DIRECTION('',(0.,0.,1.));
#4904 = ORIENTED_EDGE('',*,*,#4905,.T.);
#4905 = EDGE_CURVE('',#4898,#4848,#4906,.T.);
#4906 = LINE('',#4907,#4908);
#4907 = CARTESIAN_POINT('',(54.192243856537,-39.90192234841,3.));
#4908 = VECTOR('',#4909,1.);
#4909 = DIRECTION('',(-0.999726448679,-2.338862567765E-02,0.));
#4910 = ORIENTED_EDGE('',*,*,#4847,.F.);
#4911 = PLANE('',#4912);
#4912 = AXIS2_PLACEMENT_3D('',#4913,#4914,#4915);
#4913 = CARTESIAN_POINT('',(54.192243856537,-39.90192234841,0.));
#4914 = DIRECTION('',(2.338862567765E-02,-0.999726448679,0.));
#4915 = DIRECTION('',(-0.999726448679,-2.338862567765E-02,0.));
#4916 = ADVANCED_FACE('',(#4917),#4935,.T.);
#4917 = FACE_BOUND('',#4918,.T.);
#4918 = EDGE_LOOP('',(#4919,#4920,#4921,#4929));
#4919 = ORIENTED_EDGE('',*,*,#834,.F.);
#4920 = ORIENTED_EDGE('',*,*,#4872,.T.);
#4921 = ORIENTED_EDGE('',*,*,#4922,.T.);
#4922 = EDGE_CURVE('',#4873,#4923,#4925,.T.);
#4923 = VERTEX_POINT('',#4924);
#4924 = CARTESIAN_POINT('',(53.310275760796,-43.38275684496,3.));
#4925 = LINE('',#4926,#4927);
#4926 = CARTESIAN_POINT('',(50.824563137697,-44.11152324696,3.));
#4927 = VECTOR('',#4928,1.);
#4928 = DIRECTION('',(0.959608174239,0.281339922394,0.));
#4929 = ORIENTED_EDGE('',*,*,#4930,.F.);
#4930 = EDGE_CURVE('',#835,#4923,#4931,.T.);
#4931 = LINE('',#4932,#4933);
#4932 = CARTESIAN_POINT('',(53.310275760796,-43.38275684496,0.));
#4933 = VECTOR('',#4934,1.);
#4934 = DIRECTION('',(0.,0.,1.));
#4935 = PLANE('',#4936);
#4936 = AXIS2_PLACEMENT_3D('',#4937,#4938,#4939);
#4937 = CARTESIAN_POINT('',(50.824563137697,-44.11152324696,0.));
#4938 = DIRECTION('',(-0.281339922394,0.959608174239,0.));
#4939 = DIRECTION('',(0.959608174239,0.281339922394,0.));
#4940 = ADVANCED_FACE('',(#4941),#4960,.F.);
#4941 = FACE_BOUND('',#4942,.T.);
#4942 = EDGE_LOOP('',(#4943,#4944,#4952,#4959));
#4943 = ORIENTED_EDGE('',*,*,#859,.T.);
#4944 = ORIENTED_EDGE('',*,*,#4945,.T.);
#4945 = EDGE_CURVE('',#852,#4946,#4948,.T.);
#4946 = VERTEX_POINT('',#4947);
#4947 = CARTESIAN_POINT('',(54.122583150786,-40.99100527941,3.));
#4948 = LINE('',#4949,#4950);
#4949 = CARTESIAN_POINT('',(54.122583150786,-40.99100527941,0.));
#4950 = VECTOR('',#4951,1.);
#4951 = DIRECTION('',(0.,0.,1.));
#4952 = ORIENTED_EDGE('',*,*,#4953,.F.);
#4953 = EDGE_CURVE('',#4898,#4946,#4954,.T.);
#4954 = CIRCLE('',#4955,1.);
#4955 = AXIS2_PLACEMENT_3D('',#4956,#4957,#4958);
#4956 = CARTESIAN_POINT('',(53.124622510027,-40.92717300312,3.));
#4957 = DIRECTION('',(-0.,-0.,-1.));
#4958 = DIRECTION('',(0.,-1.,0.));
#4959 = ORIENTED_EDGE('',*,*,#4897,.F.);
#4960 = CYLINDRICAL_SURFACE('',#4961,1.);
#4961 = AXIS2_PLACEMENT_3D('',#4962,#4963,#4964);
#4962 = CARTESIAN_POINT('',(53.124622510027,-40.92717300312,0.));
#4963 = DIRECTION('',(0.,0.,1.));
#4964 = DIRECTION('',(-2.338862567765E-02,0.999726448679,0.));
#4965 = ADVANCED_FACE('',(#4966),#4985,.F.);
#4966 = FACE_BOUND('',#4967,.F.);
#4967 = EDGE_LOOP('',(#4968,#4969,#4977,#4984));
#4968 = ORIENTED_EDGE('',*,*,#842,.T.);
#4969 = ORIENTED_EDGE('',*,*,#4970,.T.);
#4970 = EDGE_CURVE('',#843,#4971,#4973,.T.);
#4971 = VERTEX_POINT('',#4972);
#4972 = CARTESIAN_POINT('',(54.026896479161,-42.486980947,3.));
#4973 = LINE('',#4974,#4975);
#4974 = CARTESIAN_POINT('',(54.026896479161,-42.486980947,0.));
#4975 = VECTOR('',#4976,1.);
#4976 = DIRECTION('',(0.,0.,1.));
#4977 = ORIENTED_EDGE('',*,*,#4978,.F.);
#4978 = EDGE_CURVE('',#4923,#4971,#4979,.T.);
#4979 = CIRCLE('',#4980,1.);
#4980 = AXIS2_PLACEMENT_3D('',#4981,#4982,#4983);
#4981 = CARTESIAN_POINT('',(53.028935838402,-42.42314867072,3.));
#4982 = DIRECTION('',(-0.,0.,1.));
#4983 = DIRECTION('',(0.,-1.,0.));
#4984 = ORIENTED_EDGE('',*,*,#4930,.F.);
#4985 = CYLINDRICAL_SURFACE('',#4986,1.);
#4986 = AXIS2_PLACEMENT_3D('',#4987,#4988,#4989);
#4987 = CARTESIAN_POINT('',(53.028935838402,-42.42314867072,0.));
#4988 = DIRECTION('',(0.,0.,1.));
#4989 = DIRECTION('',(0.281339922394,-0.959608174239,0.));
#4990 = ADVANCED_FACE('',(#4991),#5002,.T.);
#4991 = FACE_BOUND('',#4992,.T.);
#4992 = EDGE_LOOP('',(#4993,#4994,#4995,#5001));
#4993 = ORIENTED_EDGE('',*,*,#851,.F.);
#4994 = ORIENTED_EDGE('',*,*,#4970,.T.);
#4995 = ORIENTED_EDGE('',*,*,#4996,.T.);
#4996 = EDGE_CURVE('',#4971,#4946,#4997,.T.);
#4997 = LINE('',#4998,#4999);
#4998 = CARTESIAN_POINT('',(53.982200638126,-43.1857605105,3.));
#4999 = VECTOR('',#5000,1.);
#5000 = DIRECTION('',(6.38322762834E-02,0.997960640759,0.));
#5001 = ORIENTED_EDGE('',*,*,#4945,.F.);
#5002 = PLANE('',#5003);
#5003 = AXIS2_PLACEMENT_3D('',#5004,#5005,#5006);
#5004 = CARTESIAN_POINT('',(53.982200638126,-43.1857605105,0.));
#5005 = DIRECTION('',(-0.997960640759,6.38322762834E-02,0.));
#5006 = DIRECTION('',(6.38322762834E-02,0.997960640759,0.));
#5007 = ADVANCED_FACE('',(#5008),#5027,.F.);
#5008 = FACE_BOUND('',#5009,.T.);
#5009 = EDGE_LOOP('',(#5010,#5018,#5025,#5026));
#5010 = ORIENTED_EDGE('',*,*,#5011,.T.);
#5011 = EDGE_CURVE('',#886,#5012,#5014,.T.);
#5012 = VERTEX_POINT('',#5013);
#5013 = CARTESIAN_POINT('',(49.05,-42.5,3.));
#5014 = LINE('',#5015,#5016);
#5015 = CARTESIAN_POINT('',(49.05,-42.5,0.));
#5016 = VECTOR('',#5017,1.);
#5017 = DIRECTION('',(0.,0.,1.));
#5018 = ORIENTED_EDGE('',*,*,#5019,.T.);
#5019 = EDGE_CURVE('',#5012,#5012,#5020,.T.);
#5020 = CIRCLE('',#5021,1.05);
#5021 = AXIS2_PLACEMENT_3D('',#5022,#5023,#5024);
#5022 = CARTESIAN_POINT('',(48.,-42.5,3.));
#5023 = DIRECTION('',(0.,0.,1.));
#5024 = DIRECTION('',(1.,0.,0.));
#5025 = ORIENTED_EDGE('',*,*,#5011,.F.);
#5026 = ORIENTED_EDGE('',*,*,#885,.F.);
#5027 = CYLINDRICAL_SURFACE('',#5028,1.05);
#5028 = AXIS2_PLACEMENT_3D('',#5029,#5030,#5031);
#5029 = CARTESIAN_POINT('',(48.,-42.5,0.));
#5030 = DIRECTION('',(-0.,-0.,-1.));
#5031 = DIRECTION('',(1.,0.,0.));
#5032 = ADVANCED_FACE('',(#5033),#5052,.F.);
#5033 = FACE_BOUND('',#5034,.T.);
#5034 = EDGE_LOOP('',(#5035,#5043,#5050,#5051));
#5035 = ORIENTED_EDGE('',*,*,#5036,.T.);
#5036 = EDGE_CURVE('',#897,#5037,#5039,.T.);
#5037 = VERTEX_POINT('',#5038);
#5038 = CARTESIAN_POINT('',(53.05,-37.5,3.));
#5039 = LINE('',#5040,#5041);
#5040 = CARTESIAN_POINT('',(53.05,-37.5,0.));
#5041 = VECTOR('',#5042,1.);
#5042 = DIRECTION('',(0.,0.,1.));
#5043 = ORIENTED_EDGE('',*,*,#5044,.T.);
#5044 = EDGE_CURVE('',#5037,#5037,#5045,.T.);
#5045 = CIRCLE('',#5046,1.05);
#5046 = AXIS2_PLACEMENT_3D('',#5047,#5048,#5049);
#5047 = CARTESIAN_POINT('',(52.,-37.5,3.));
#5048 = DIRECTION('',(0.,0.,1.));
#5049 = DIRECTION('',(1.,0.,0.));
#5050 = ORIENTED_EDGE('',*,*,#5036,.F.);
#5051 = ORIENTED_EDGE('',*,*,#896,.F.);
#5052 = CYLINDRICAL_SURFACE('',#5053,1.05);
#5053 = AXIS2_PLACEMENT_3D('',#5054,#5055,#5056);
#5054 = CARTESIAN_POINT('',(52.,-37.5,0.));
#5055 = DIRECTION('',(-0.,-0.,-1.));
#5056 = DIRECTION('',(1.,0.,0.));
#5057 = ADVANCED_FACE('',(#5058),#5077,.F.);
#5058 = FACE_BOUND('',#5059,.T.);
#5059 = EDGE_LOOP('',(#5060,#5068,#5075,#5076));
#5060 = ORIENTED_EDGE('',*,*,#5061,.T.);
#5061 = EDGE_CURVE('',#908,#5062,#5064,.T.);
#5062 = VERTEX_POINT('',#5063);
#5063 = CARTESIAN_POINT('',(49.875,-38.,3.));
#5064 = LINE('',#5065,#5066);
#5065 = CARTESIAN_POINT('',(49.875,-38.,0.));
#5066 = VECTOR('',#5067,1.);
#5067 = DIRECTION('',(0.,0.,1.));
#5068 = ORIENTED_EDGE('',*,*,#5069,.T.);
#5069 = EDGE_CURVE('',#5062,#5062,#5070,.T.);
#5070 = CIRCLE('',#5071,2.375);
#5071 = AXIS2_PLACEMENT_3D('',#5072,#5073,#5074);
#5072 = CARTESIAN_POINT('',(47.5,-38.,3.));
#5073 = DIRECTION('',(0.,0.,1.));
#5074 = DIRECTION('',(1.,0.,0.));
#5075 = ORIENTED_EDGE('',*,*,#5061,.F.);
#5076 = ORIENTED_EDGE('',*,*,#907,.F.);
#5077 = CYLINDRICAL_SURFACE('',#5078,2.375);
#5078 = AXIS2_PLACEMENT_3D('',#5079,#5080,#5081);
#5079 = CARTESIAN_POINT('',(47.5,-38.,0.));
#5080 = DIRECTION('',(-0.,-0.,-1.));
#5081 = DIRECTION('',(1.,0.,0.));
#5082 = ADVANCED_FACE('',(#5083),#5102,.F.);
#5083 = FACE_BOUND('',#5084,.T.);
#5084 = EDGE_LOOP('',(#5085,#5093,#5100,#5101));
#5085 = ORIENTED_EDGE('',*,*,#5086,.T.);
#5086 = EDGE_CURVE('',#919,#5087,#5089,.T.);
#5087 = VERTEX_POINT('',#5088);
#5088 = CARTESIAN_POINT('',(44.05,-38.5,3.));
#5089 = LINE('',#5090,#5091);
#5090 = CARTESIAN_POINT('',(44.05,-38.5,0.));
#5091 = VECTOR('',#5092,1.);
#5092 = DIRECTION('',(0.,0.,1.));
#5093 = ORIENTED_EDGE('',*,*,#5094,.T.);
#5094 = EDGE_CURVE('',#5087,#5087,#5095,.T.);
#5095 = CIRCLE('',#5096,1.05);
#5096 = AXIS2_PLACEMENT_3D('',#5097,#5098,#5099);
#5097 = CARTESIAN_POINT('',(43.,-38.5,3.));
#5098 = DIRECTION('',(0.,0.,1.));
#5099 = DIRECTION('',(1.,0.,0.));
#5100 = ORIENTED_EDGE('',*,*,#5086,.F.);
#5101 = ORIENTED_EDGE('',*,*,#918,.F.);
#5102 = CYLINDRICAL_SURFACE('',#5103,1.05);
#5103 = AXIS2_PLACEMENT_3D('',#5104,#5105,#5106);
#5104 = CARTESIAN_POINT('',(43.,-38.5,0.));
#5105 = DIRECTION('',(-0.,-0.,-1.));
#5106 = DIRECTION('',(1.,0.,0.));
#5107 = ADVANCED_FACE('',(#5108),#5127,.F.);
#5108 = FACE_BOUND('',#5109,.T.);
#5109 = EDGE_LOOP('',(#5110,#5118,#5125,#5126));
#5110 = ORIENTED_EDGE('',*,*,#5111,.T.);
#5111 = EDGE_CURVE('',#930,#5112,#5114,.T.);
#5112 = VERTEX_POINT('',#5113);
#5113 = CARTESIAN_POINT('',(48.05,-33.5,3.));
#5114 = LINE('',#5115,#5116);
#5115 = CARTESIAN_POINT('',(48.05,-33.5,0.));
#5116 = VECTOR('',#5117,1.);
#5117 = DIRECTION('',(0.,0.,1.));
#5118 = ORIENTED_EDGE('',*,*,#5119,.T.);
#5119 = EDGE_CURVE('',#5112,#5112,#5120,.T.);
#5120 = CIRCLE('',#5121,1.05);
#5121 = AXIS2_PLACEMENT_3D('',#5122,#5123,#5124);
#5122 = CARTESIAN_POINT('',(47.,-33.5,3.));
#5123 = DIRECTION('',(0.,0.,1.));
#5124 = DIRECTION('',(1.,0.,0.));
#5125 = ORIENTED_EDGE('',*,*,#5111,.F.);
#5126 = ORIENTED_EDGE('',*,*,#929,.F.);
#5127 = CYLINDRICAL_SURFACE('',#5128,1.05);
#5128 = AXIS2_PLACEMENT_3D('',#5129,#5130,#5131);
#5129 = CARTESIAN_POINT('',(47.,-33.5,0.));
#5130 = DIRECTION('',(-0.,-0.,-1.));
#5131 = DIRECTION('',(1.,0.,0.));
#5132 = ADVANCED_FACE('',(#5133),#5152,.F.);
#5133 = FACE_BOUND('',#5134,.T.);
#5134 = EDGE_LOOP('',(#5135,#5143,#5150,#5151));
#5135 = ORIENTED_EDGE('',*,*,#5136,.T.);
#5136 = EDGE_CURVE('',#941,#5137,#5139,.T.);
#5137 = VERTEX_POINT('',#5138);
#5138 = CARTESIAN_POINT('',(7.25,-38.,3.));
#5139 = LINE('',#5140,#5141);
#5140 = CARTESIAN_POINT('',(7.25,-38.,0.));
#5141 = VECTOR('',#5142,1.);
#5142 = DIRECTION('',(0.,0.,1.));
#5143 = ORIENTED_EDGE('',*,*,#5144,.T.);
#5144 = EDGE_CURVE('',#5137,#5137,#5145,.T.);
#5145 = CIRCLE('',#5146,1.05);
#5146 = AXIS2_PLACEMENT_3D('',#5147,#5148,#5149);
#5147 = CARTESIAN_POINT('',(6.2,-38.,3.));
#5148 = DIRECTION('',(0.,0.,1.));
#5149 = DIRECTION('',(1.,0.,0.));
#5150 = ORIENTED_EDGE('',*,*,#5136,.F.);
#5151 = ORIENTED_EDGE('',*,*,#940,.F.);
#5152 = CYLINDRICAL_SURFACE('',#5153,1.05);
#5153 = AXIS2_PLACEMENT_3D('',#5154,#5155,#5156);
#5154 = CARTESIAN_POINT('',(6.2,-38.,0.));
#5155 = DIRECTION('',(-0.,-0.,-1.));
#5156 = DIRECTION('',(1.,0.,0.));
#5157 = ADVANCED_FACE('',(#5158),#5184,.T.);
#5158 = FACE_BOUND('',#5159,.F.);
#5159 = EDGE_LOOP('',(#5160,#5161,#5169,#5178));
#5160 = ORIENTED_EDGE('',*,*,#951,.T.);
#5161 = ORIENTED_EDGE('',*,*,#5162,.T.);
#5162 = EDGE_CURVE('',#954,#5163,#5165,.T.);
#5163 = VERTEX_POINT('',#5164);
#5164 = CARTESIAN_POINT('',(3.949204118893,-37.16698265228,3.));
#5165 = LINE('',#5166,#5167);
#5166 = CARTESIAN_POINT('',(3.949204118893,-37.16698265228,0.));
#5167 = VECTOR('',#5168,1.);
#5168 = DIRECTION('',(0.,0.,1.));
#5169 = ORIENTED_EDGE('',*,*,#5170,.F.);
#5170 = EDGE_CURVE('',#5171,#5163,#5173,.T.);
#5171 = VERTEX_POINT('',#5172);
#5172 = CARTESIAN_POINT('',(3.90615386222,-37.29411764705,3.));
#5173 = CIRCLE('',#5174,2.4);
#5174 = AXIS2_PLACEMENT_3D('',#5175,#5176,#5177);
#5175 = CARTESIAN_POINT('',(6.2,-38.,3.));
#5176 = DIRECTION('',(0.,0.,-1.));
#5177 = DIRECTION('',(-1.,1.2E-16,0.));
#5178 = ORIENTED_EDGE('',*,*,#5179,.F.);
#5179 = EDGE_CURVE('',#952,#5171,#5180,.T.);
#5180 = LINE('',#5181,#5182);
#5181 = CARTESIAN_POINT('',(3.90615386222,-37.29411764705,0.));
#5182 = VECTOR('',#5183,1.);
#5183 = DIRECTION('',(0.,0.,1.));
#5184 = CYLINDRICAL_SURFACE('',#5185,2.4);
#5185 = AXIS2_PLACEMENT_3D('',#5186,#5187,#5188);
#5186 = CARTESIAN_POINT('',(6.2,-38.,-1.));
#5187 = DIRECTION('',(-0.,-0.,-1.));
#5188 = DIRECTION('',(-1.,1.2E-16,0.));
#5189 = ADVANCED_FACE('',(#5190),#5209,.F.);
#5190 = FACE_BOUND('',#5191,.T.);
#5191 = EDGE_LOOP('',(#5192,#5193,#5201,#5208));
#5192 = ORIENTED_EDGE('',*,*,#1031,.T.);
#5193 = ORIENTED_EDGE('',*,*,#5194,.T.);
#5194 = EDGE_CURVE('',#1024,#5195,#5197,.T.);
#5195 = VERTEX_POINT('',#5196);
#5196 = CARTESIAN_POINT('',(2.950384638146,-38.,3.));
#5197 = LINE('',#5198,#5199);
#5198 = CARTESIAN_POINT('',(2.950384638146,-38.,0.));
#5199 = VECTOR('',#5200,1.);
#5200 = DIRECTION('',(0.,0.,1.));
#5201 = ORIENTED_EDGE('',*,*,#5202,.F.);
#5202 = EDGE_CURVE('',#5171,#5195,#5203,.T.);
#5203 = CIRCLE('',#5204,1.);
#5204 = AXIS2_PLACEMENT_3D('',#5205,#5206,#5207);
#5205 = CARTESIAN_POINT('',(2.950384638146,-37.,3.));
#5206 = DIRECTION('',(-0.,-0.,-1.));
#5207 = DIRECTION('',(0.,-1.,0.));
#5208 = ORIENTED_EDGE('',*,*,#5179,.F.);
#5209 = CYLINDRICAL_SURFACE('',#5210,1.);
#5210 = AXIS2_PLACEMENT_3D('',#5211,#5212,#5213);
#5211 = CARTESIAN_POINT('',(2.950384638146,-37.,0.));
#5212 = DIRECTION('',(0.,0.,1.));
#5213 = DIRECTION('',(0.955769224075,-0.294117647059,0.));
#5214 = ADVANCED_FACE('',(#5215),#5234,.F.);
#5215 = FACE_BOUND('',#5216,.F.);
#5216 = EDGE_LOOP('',(#5217,#5218,#5226,#5233));
#5217 = ORIENTED_EDGE('',*,*,#962,.T.);
#5218 = ORIENTED_EDGE('',*,*,#5219,.T.);
#5219 = EDGE_CURVE('',#963,#5220,#5222,.T.);
#5220 = VERTEX_POINT('',#5221);
#5221 = CARTESIAN_POINT('',(3.843726765598,-36.26564811966,3.));
#5222 = LINE('',#5223,#5224);
#5223 = CARTESIAN_POINT('',(3.843726765598,-36.26564811966,0.));
#5224 = VECTOR('',#5225,1.);
#5225 = DIRECTION('',(0.,0.,1.));
#5226 = ORIENTED_EDGE('',*,*,#5227,.F.);
#5227 = EDGE_CURVE('',#5163,#5220,#5228,.T.);
#5228 = CIRCLE('',#5229,1.);
#5229 = AXIS2_PLACEMENT_3D('',#5230,#5231,#5232);
#5230 = CARTESIAN_POINT('',(3.011372501765,-36.81989209074,3.));
#5231 = DIRECTION('',(-0.,0.,1.));
#5232 = DIRECTION('',(0.,-1.,0.));
#5233 = ORIENTED_EDGE('',*,*,#5162,.F.);
#5234 = CYLINDRICAL_SURFACE('',#5235,1.);
#5235 = AXIS2_PLACEMENT_3D('',#5236,#5237,#5238);
#5236 = CARTESIAN_POINT('',(3.011372501765,-36.81989209074,0.));
#5237 = DIRECTION('',(0.,0.,1.));
#5238 = DIRECTION('',(0.937831617128,-0.347090561547,0.));
#5239 = ADVANCED_FACE('',(#5240),#5258,.F.);
#5240 = FACE_BOUND('',#5241,.F.);
#5241 = EDGE_LOOP('',(#5242,#5243,#5244,#5252));
#5242 = ORIENTED_EDGE('',*,*,#1023,.T.);
#5243 = ORIENTED_EDGE('',*,*,#5194,.T.);
#5244 = ORIENTED_EDGE('',*,*,#5245,.F.);
#5245 = EDGE_CURVE('',#5246,#5195,#5248,.T.);
#5246 = VERTEX_POINT('',#5247);
#5247 = CARTESIAN_POINT('',(-2.950384638146,-38.,3.));
#5248 = LINE('',#5249,#5250);
#5249 = CARTESIAN_POINT('',(1.820528958347,-38.,3.));
#5250 = VECTOR('',#5251,1.);
#5251 = DIRECTION('',(1.,-1.2E-16,0.));
#5252 = ORIENTED_EDGE('',*,*,#5253,.F.);
#5253 = EDGE_CURVE('',#1015,#5246,#5254,.T.);
#5254 = LINE('',#5255,#5256);
#5255 = CARTESIAN_POINT('',(-2.950384638146,-38.,0.));
#5256 = VECTOR('',#5257,1.);
#5257 = DIRECTION('',(0.,0.,1.));
#5258 = PLANE('',#5259);
#5259 = AXIS2_PLACEMENT_3D('',#5260,#5261,#5262);
#5260 = CARTESIAN_POINT('',(3.8,-38.,-1.));
#5261 = DIRECTION('',(-1.2E-16,-1.,0.));
#5262 = DIRECTION('',(-1.,1.2E-16,0.));
#5263 = ADVANCED_FACE('',(#5264),#5282,.T.);
#5264 = FACE_BOUND('',#5265,.T.);
#5265 = EDGE_LOOP('',(#5266,#5267,#5268,#5276));
#5266 = ORIENTED_EDGE('',*,*,#971,.T.);
#5267 = ORIENTED_EDGE('',*,*,#5219,.T.);
#5268 = ORIENTED_EDGE('',*,*,#5269,.F.);
#5269 = EDGE_CURVE('',#5270,#5220,#5272,.T.);
#5270 = VERTEX_POINT('',#5271);
#5271 = CARTESIAN_POINT('',(0.832354263833,-31.74321959969,3.));
#5272 = LINE('',#5273,#5274);
#5273 = CARTESIAN_POINT('',(-5.036133250772,-22.93002385935,3.));
#5274 = VECTOR('',#5275,1.);
#5275 = DIRECTION('',(0.55424397108,-0.832354263833,0.));
#5276 = ORIENTED_EDGE('',*,*,#5277,.F.);
#5277 = EDGE_CURVE('',#972,#5270,#5278,.T.);
#5278 = LINE('',#5279,#5280);
#5279 = CARTESIAN_POINT('',(0.832354263833,-31.74321959969,0.));
#5280 = VECTOR('',#5281,1.);
#5281 = DIRECTION('',(0.,0.,1.));
#5282 = PLANE('',#5283);
#5283 = AXIS2_PLACEMENT_3D('',#5284,#5285,#5286);
#5284 = CARTESIAN_POINT('',(4.158428151809,-36.73826136277,-1.));
#5285 = DIRECTION('',(-0.832354263833,-0.55424397108,0.));
#5286 = DIRECTION('',(-0.55424397108,0.832354263833,0.));
#5287 = ADVANCED_FACE('',(#5288),#5307,.F.);
#5288 = FACE_BOUND('',#5289,.T.);
#5289 = EDGE_LOOP('',(#5290,#5291,#5299,#5306));
#5290 = ORIENTED_EDGE('',*,*,#1014,.T.);
#5291 = ORIENTED_EDGE('',*,*,#5292,.T.);
#5292 = EDGE_CURVE('',#1006,#5293,#5295,.T.);
#5293 = VERTEX_POINT('',#5294);
#5294 = CARTESIAN_POINT('',(-3.90615386222,-37.29411764705,3.));
#5295 = LINE('',#5296,#5297);
#5296 = CARTESIAN_POINT('',(-3.90615386222,-37.29411764705,0.));
#5297 = VECTOR('',#5298,1.);
#5298 = DIRECTION('',(0.,0.,1.));
#5299 = ORIENTED_EDGE('',*,*,#5300,.F.);
#5300 = EDGE_CURVE('',#5246,#5293,#5301,.T.);
#5301 = CIRCLE('',#5302,1.);
#5302 = AXIS2_PLACEMENT_3D('',#5303,#5304,#5305);
#5303 = CARTESIAN_POINT('',(-2.950384638146,-37.,3.));
#5304 = DIRECTION('',(-0.,-0.,-1.));
#5305 = DIRECTION('',(0.,-1.,0.));
#5306 = ORIENTED_EDGE('',*,*,#5253,.F.);
#5307 = CYLINDRICAL_SURFACE('',#5308,1.);
#5308 = AXIS2_PLACEMENT_3D('',#5309,#5310,#5311);
#5309 = CARTESIAN_POINT('',(-2.950384638146,-37.,0.));
#5310 = DIRECTION('',(0.,0.,1.));
#5311 = DIRECTION('',(-1.2E-16,-1.,0.));
#5312 = ADVANCED_FACE('',(#5313),#5332,.F.);
#5313 = FACE_BOUND('',#5314,.F.);
#5314 = EDGE_LOOP('',(#5315,#5316,#5324,#5331));
#5315 = ORIENTED_EDGE('',*,*,#979,.T.);
#5316 = ORIENTED_EDGE('',*,*,#5317,.T.);
#5317 = EDGE_CURVE('',#980,#5318,#5320,.T.);
#5318 = VERTEX_POINT('',#5319);
#5319 = CARTESIAN_POINT('',(-0.832354263833,-31.74321959969,3.));
#5320 = LINE('',#5321,#5322);
#5321 = CARTESIAN_POINT('',(-0.832354263833,-31.74321959969,0.));
#5322 = VECTOR('',#5323,1.);
#5323 = DIRECTION('',(0.,0.,1.));
#5324 = ORIENTED_EDGE('',*,*,#5325,.F.);
#5325 = EDGE_CURVE('',#5270,#5318,#5326,.T.);
#5326 = CIRCLE('',#5327,1.);
#5327 = AXIS2_PLACEMENT_3D('',#5328,#5329,#5330);
#5328 = CARTESIAN_POINT('',(-4.45E-15,-32.29746357077,3.));
#5329 = DIRECTION('',(-0.,0.,1.));
#5330 = DIRECTION('',(0.,-1.,0.));
#5331 = ORIENTED_EDGE('',*,*,#5277,.F.);
#5332 = CYLINDRICAL_SURFACE('',#5333,1.);
#5333 = AXIS2_PLACEMENT_3D('',#5334,#5335,#5336);
#5334 = CARTESIAN_POINT('',(-4.45E-15,-32.29746357077,0.));
#5335 = DIRECTION('',(0.,0.,1.));
#5336 = DIRECTION('',(0.832354263833,0.55424397108,0.));
#5337 = ADVANCED_FACE('',(#5338),#5357,.T.);
#5338 = FACE_BOUND('',#5339,.F.);
#5339 = EDGE_LOOP('',(#5340,#5341,#5342,#5351));
#5340 = ORIENTED_EDGE('',*,*,#1005,.T.);
#5341 = ORIENTED_EDGE('',*,*,#5292,.T.);
#5342 = ORIENTED_EDGE('',*,*,#5343,.F.);
#5343 = EDGE_CURVE('',#5344,#5293,#5346,.T.);
#5344 = VERTEX_POINT('',#5345);
#5345 = CARTESIAN_POINT('',(-3.949204118893,-37.16698265228,3.));
#5346 = CIRCLE('',#5347,2.4);
#5347 = AXIS2_PLACEMENT_3D('',#5348,#5349,#5350);
#5348 = CARTESIAN_POINT('',(-6.2,-38.,3.));
#5349 = DIRECTION('',(0.,0.,-1.));
#5350 = DIRECTION('',(-1.,1.2E-16,0.));
#5351 = ORIENTED_EDGE('',*,*,#5352,.F.);
#5352 = EDGE_CURVE('',#997,#5344,#5353,.T.);
#5353 = LINE('',#5354,#5355);
#5354 = CARTESIAN_POINT('',(-3.949204118893,-37.16698265228,0.));
#5355 = VECTOR('',#5356,1.);
#5356 = DIRECTION('',(0.,0.,1.));
#5357 = CYLINDRICAL_SURFACE('',#5358,2.4);
#5358 = AXIS2_PLACEMENT_3D('',#5359,#5360,#5361);
#5359 = CARTESIAN_POINT('',(-6.2,-38.,-1.));
#5360 = DIRECTION('',(-0.,-0.,-1.));
#5361 = DIRECTION('',(-1.,1.2E-16,0.));
#5362 = ADVANCED_FACE('',(#5363),#5381,.T.);
#5363 = FACE_BOUND('',#5364,.T.);
#5364 = EDGE_LOOP('',(#5365,#5366,#5367,#5375));
#5365 = ORIENTED_EDGE('',*,*,#988,.T.);
#5366 = ORIENTED_EDGE('',*,*,#5317,.T.);
#5367 = ORIENTED_EDGE('',*,*,#5368,.F.);
#5368 = EDGE_CURVE('',#5369,#5318,#5371,.T.);
#5369 = VERTEX_POINT('',#5370);
#5370 = CARTESIAN_POINT('',(-3.843726765598,-36.26564811966,3.));
#5371 = LINE('',#5372,#5373);
#5372 = CARTESIAN_POINT('',(7.06652248356,-19.88081949569,3.));
#5373 = VECTOR('',#5374,1.);
#5374 = DIRECTION('',(0.55424397108,0.832354263833,0.));
#5375 = ORIENTED_EDGE('',*,*,#5376,.F.);
#5376 = EDGE_CURVE('',#989,#5369,#5377,.T.);
#5377 = LINE('',#5378,#5379);
#5378 = CARTESIAN_POINT('',(-3.843726765598,-36.26564811966,0.));
#5379 = VECTOR('',#5380,1.);
#5380 = DIRECTION('',(0.,0.,1.));
#5381 = PLANE('',#5382);
#5382 = AXIS2_PLACEMENT_3D('',#5383,#5384,#5385);
#5383 = CARTESIAN_POINT('',(-3.73E-15,-30.49320398081,-1.));
#5384 = DIRECTION('',(0.832354263833,-0.55424397108,0.));
#5385 = DIRECTION('',(-0.55424397108,-0.832354263833,0.));
#5386 = ADVANCED_FACE('',(#5387),#5399,.F.);
#5387 = FACE_BOUND('',#5388,.T.);
#5388 = EDGE_LOOP('',(#5389,#5390,#5391,#5398));
#5389 = ORIENTED_EDGE('',*,*,#996,.T.);
#5390 = ORIENTED_EDGE('',*,*,#5376,.T.);
#5391 = ORIENTED_EDGE('',*,*,#5392,.F.);
#5392 = EDGE_CURVE('',#5344,#5369,#5393,.T.);
#5393 = CIRCLE('',#5394,1.);
#5394 = AXIS2_PLACEMENT_3D('',#5395,#5396,#5397);
#5395 = CARTESIAN_POINT('',(-3.011372501765,-36.81989209074,3.));
#5396 = DIRECTION('',(-0.,-0.,-1.));
#5397 = DIRECTION('',(0.,-1.,0.));
#5398 = ORIENTED_EDGE('',*,*,#5352,.F.);
#5399 = CYLINDRICAL_SURFACE('',#5400,1.);
#5400 = AXIS2_PLACEMENT_3D('',#5401,#5402,#5403);
#5401 = CARTESIAN_POINT('',(-3.011372501765,-36.81989209074,0.));
#5402 = DIRECTION('',(0.,0.,1.));
#5403 = DIRECTION('',(-0.937831617128,-0.347090561547,0.));
#5404 = ADVANCED_FACE('',(#5405),#5430,.F.);
#5405 = FACE_BOUND('',#5406,.F.);
#5406 = EDGE_LOOP('',(#5407,#5408,#5416,#5424));
#5407 = ORIENTED_EDGE('',*,*,#1040,.T.);
#5408 = ORIENTED_EDGE('',*,*,#5409,.T.);
#5409 = EDGE_CURVE('',#1043,#5410,#5412,.T.);
#5410 = VERTEX_POINT('',#5411);
#5411 = CARTESIAN_POINT('',(5.107862028294,-34.55558599271,3.));
#5412 = LINE('',#5413,#5414);
#5413 = CARTESIAN_POINT('',(5.107862028294,-34.55558599271,-1.));
#5414 = VECTOR('',#5415,1.);
#5415 = DIRECTION('',(0.,0.,1.));
#5416 = ORIENTED_EDGE('',*,*,#5417,.F.);
#5417 = EDGE_CURVE('',#5418,#5410,#5420,.T.);
#5418 = VERTEX_POINT('',#5419);
#5419 = CARTESIAN_POINT('',(1.811436128065,-29.60506907844,3.));
#5420 = LINE('',#5421,#5422);
#5421 = CARTESIAN_POINT('',(-3.729062048697,-21.28444220324,3.));
#5422 = VECTOR('',#5423,1.);
#5423 = DIRECTION('',(0.55424397108,-0.832354263833,0.));
#5424 = ORIENTED_EDGE('',*,*,#5425,.F.);
#5425 = EDGE_CURVE('',#1041,#5418,#5426,.T.);
#5426 = LINE('',#5427,#5428);
#5427 = CARTESIAN_POINT('',(1.811436128065,-29.60506907844,0.));
#5428 = VECTOR('',#5429,1.);
#5429 = DIRECTION('',(0.,0.,1.));
#5430 = PLANE('',#5431);
#5431 = AXIS2_PLACEMENT_3D('',#5432,#5433,#5434);
#5432 = CARTESIAN_POINT('',(5.107862028294,-34.55558599271,-1.));
#5433 = DIRECTION('',(-0.832354263833,-0.55424397108,0.));
#5434 = DIRECTION('',(-0.55424397108,0.832354263833,0.));
#5435 = ADVANCED_FACE('',(#5436),#5455,.F.);
#5436 = FACE_BOUND('',#5437,.T.);
#5437 = EDGE_LOOP('',(#5438,#5439,#5447,#5454));
#5438 = ORIENTED_EDGE('',*,*,#1084,.T.);
#5439 = ORIENTED_EDGE('',*,*,#5440,.T.);
#5440 = EDGE_CURVE('',#1077,#5441,#5443,.T.);
#5441 = VERTEX_POINT('',#5442);
#5442 = CARTESIAN_POINT('',(1.811436128065,-28.49658113628,3.));
#5443 = LINE('',#5444,#5445);
#5444 = CARTESIAN_POINT('',(1.811436128065,-28.49658113628,0.));
#5445 = VECTOR('',#5446,1.);
#5446 = DIRECTION('',(0.,0.,1.));
#5447 = ORIENTED_EDGE('',*,*,#5448,.F.);
#5448 = EDGE_CURVE('',#5418,#5441,#5449,.T.);
#5449 = CIRCLE('',#5450,1.);
#5450 = AXIS2_PLACEMENT_3D('',#5451,#5452,#5453);
#5451 = CARTESIAN_POINT('',(2.643790391898,-29.05082510736,3.));
#5452 = DIRECTION('',(-0.,-0.,-1.));
#5453 = DIRECTION('',(0.,-1.,0.));
#5454 = ORIENTED_EDGE('',*,*,#5425,.F.);
#5455 = CYLINDRICAL_SURFACE('',#5456,1.);
#5456 = AXIS2_PLACEMENT_3D('',#5457,#5458,#5459);
#5457 = CARTESIAN_POINT('',(2.643790391898,-29.05082510736,0.));
#5458 = DIRECTION('',(0.,0.,1.));
#5459 = DIRECTION('',(-0.832354263833,-0.55424397108,0.));
#5460 = ADVANCED_FACE('',(#5461),#5480,.F.);
#5461 = FACE_BOUND('',#5462,.T.);
#5462 = EDGE_LOOP('',(#5463,#5464,#5465,#5474));
#5463 = ORIENTED_EDGE('',*,*,#1050,.T.);
#5464 = ORIENTED_EDGE('',*,*,#5409,.T.);
#5465 = ORIENTED_EDGE('',*,*,#5466,.F.);
#5466 = EDGE_CURVE('',#5467,#5410,#5469,.T.);
#5467 = VERTEX_POINT('',#5468);
#5468 = CARTESIAN_POINT('',(6.930570401394,-34.13990153324,3.));
#5469 = CIRCLE('',#5470,1.);
#5470 = AXIS2_PLACEMENT_3D('',#5471,#5472,#5473);
#5471 = CARTESIAN_POINT('',(5.940216292127,-34.00134202163,3.));
#5472 = DIRECTION('',(0.,0.,-1.));
#5473 = DIRECTION('',(-1.,1.2E-16,0.));
#5474 = ORIENTED_EDGE('',*,*,#5475,.F.);
#5475 = EDGE_CURVE('',#1051,#5467,#5476,.T.);
#5476 = LINE('',#5477,#5478);
#5477 = CARTESIAN_POINT('',(6.930570401394,-34.13990153324,-1.));
#5478 = VECTOR('',#5479,1.);
#5479 = DIRECTION('',(0.,0.,1.));
#5480 = CYLINDRICAL_SURFACE('',#5481,1.);
#5481 = AXIS2_PLACEMENT_3D('',#5482,#5483,#5484);
#5482 = CARTESIAN_POINT('',(5.940216292127,-34.00134202163,-1.));
#5483 = DIRECTION('',(-0.,-0.,-1.));
#5484 = DIRECTION('',(-1.,1.2E-16,0.));
#5485 = ADVANCED_FACE('',(#5486),#5504,.F.);
#5486 = FACE_BOUND('',#5487,.F.);
#5487 = EDGE_LOOP('',(#5488,#5489,#5490,#5498));
#5488 = ORIENTED_EDGE('',*,*,#1076,.T.);
#5489 = ORIENTED_EDGE('',*,*,#5440,.T.);
#5490 = ORIENTED_EDGE('',*,*,#5491,.F.);
#5491 = EDGE_CURVE('',#5492,#5441,#5494,.T.);
#5492 = VERTEX_POINT('',#5493);
#5493 = CARTESIAN_POINT('',(6.861586863242,-20.91234979276,3.));
#5494 = LINE('',#5495,#5496);
#5495 = CARTESIAN_POINT('',(7.954657385928,-19.27079488607,3.));
#5496 = VECTOR('',#5497,1.);
#5497 = DIRECTION('',(-0.55424397108,-0.832354263833,0.));
#5498 = ORIENTED_EDGE('',*,*,#5499,.F.);
#5499 = EDGE_CURVE('',#1068,#5492,#5500,.T.);
#5500 = LINE('',#5501,#5502);
#5501 = CARTESIAN_POINT('',(6.861586863242,-20.91234979276,0.));
#5502 = VECTOR('',#5503,1.);
#5503 = DIRECTION('',(0.,0.,1.));
#5504 = PLANE('',#5505);
#5505 = AXIS2_PLACEMENT_3D('',#5506,#5507,#5508);
#5506 = CARTESIAN_POINT('',(1.442378873448,-29.05082510736,-1.));
#5507 = DIRECTION('',(-0.832354263833,0.55424397108,0.));
#5508 = DIRECTION('',(0.55424397108,0.832354263833,0.));
#5509 = ADVANCED_FACE('',(#5510),#5528,.T.);
#5510 = FACE_BOUND('',#5511,.T.);
#5511 = EDGE_LOOP('',(#5512,#5513,#5514,#5522));
#5512 = ORIENTED_EDGE('',*,*,#1059,.T.);
#5513 = ORIENTED_EDGE('',*,*,#5475,.T.);
#5514 = ORIENTED_EDGE('',*,*,#5515,.F.);
#5515 = EDGE_CURVE('',#5516,#5467,#5518,.T.);
#5516 = VERTEX_POINT('',#5517);
#5517 = CARTESIAN_POINT('',(8.684295236341,-21.60515327545,3.));
#5518 = LINE('',#5519,#5520);
#5519 = CARTESIAN_POINT('',(9.221937429555,-17.76235569946,3.));
#5520 = VECTOR('',#5521,1.);
#5521 = DIRECTION('',(-0.138559511615,-0.990354109267,0.));
#5522 = ORIENTED_EDGE('',*,*,#5523,.F.);
#5523 = EDGE_CURVE('',#1060,#5516,#5524,.T.);
#5524 = LINE('',#5525,#5526);
#5525 = CARTESIAN_POINT('',(8.684295236341,-21.60515327545,0.));
#5526 = VECTOR('',#5527,1.);
#5527 = DIRECTION('',(0.,0.,1.));
#5528 = PLANE('',#5529);
#5529 = AXIS2_PLACEMENT_3D('',#5530,#5531,#5532);
#5530 = CARTESIAN_POINT('',(6.930570401394,-34.13990153324,-1.));
#5531 = DIRECTION('',(-0.990354109267,0.138559511615,0.));
#5532 = DIRECTION('',(0.138559511615,0.990354109267,0.));
#5533 = ADVANCED_FACE('',(#5534),#5546,.F.);
#5534 = FACE_BOUND('',#5535,.T.);
#5535 = EDGE_LOOP('',(#5536,#5537,#5538,#5545));
#5536 = ORIENTED_EDGE('',*,*,#1067,.T.);
#5537 = ORIENTED_EDGE('',*,*,#5523,.T.);
#5538 = ORIENTED_EDGE('',*,*,#5539,.F.);
#5539 = EDGE_CURVE('',#5492,#5516,#5540,.T.);
#5540 = CIRCLE('',#5541,1.);
#5541 = AXIS2_PLACEMENT_3D('',#5542,#5543,#5544);
#5542 = CARTESIAN_POINT('',(7.693941127075,-21.46659376384,3.));
#5543 = DIRECTION('',(-0.,-0.,-1.));
#5544 = DIRECTION('',(0.,-1.,0.));
#5545 = ORIENTED_EDGE('',*,*,#5499,.F.);
#5546 = CYLINDRICAL_SURFACE('',#5547,1.);
#5547 = AXIS2_PLACEMENT_3D('',#5548,#5549,#5550);
#5548 = CARTESIAN_POINT('',(7.693941127075,-21.46659376384,0.));
#5549 = DIRECTION('',(0.,0.,1.));
#5550 = DIRECTION('',(-0.832354263833,0.55424397108,0.));
#5551 = ADVANCED_FACE('',(#5552),#5577,.F.);
#5552 = FACE_BOUND('',#5553,.F.);
#5553 = EDGE_LOOP('',(#5554,#5555,#5563,#5571));
#5554 = ORIENTED_EDGE('',*,*,#1093,.T.);
#5555 = ORIENTED_EDGE('',*,*,#5556,.T.);
#5556 = EDGE_CURVE('',#1096,#5557,#5559,.T.);
#5557 = VERTEX_POINT('',#5558);
#5558 = CARTESIAN_POINT('',(-0.832354263833,-26.35843061503,3.));
#5559 = LINE('',#5560,#5561);
#5560 = CARTESIAN_POINT('',(-0.832354263833,-26.35843061503,0.));
#5561 = VECTOR('',#5562,1.);
#5562 = DIRECTION('',(0.,0.,1.));
#5563 = ORIENTED_EDGE('',*,*,#5564,.F.);
#5564 = EDGE_CURVE('',#5565,#5557,#5567,.T.);
#5565 = VERTEX_POINT('',#5566);
#5566 = CARTESIAN_POINT('',(-6.231192419884,-18.25054637377,3.));
#5567 = LINE('',#5568,#5569);
#5568 = CARTESIAN_POINT('',(-6.449938528488,-17.92203715095,3.));
#5569 = VECTOR('',#5570,1.);
#5570 = DIRECTION('',(0.55424397108,-0.832354263833,0.));
#5571 = ORIENTED_EDGE('',*,*,#5572,.F.);
#5572 = EDGE_CURVE('',#1094,#5565,#5573,.T.);
#5573 = LINE('',#5574,#5575);
#5574 = CARTESIAN_POINT('',(-6.231192419884,-18.25054637377,0.));
#5575 = VECTOR('',#5576,1.);
#5576 = DIRECTION('',(0.,0.,1.));
#5577 = PLANE('',#5578);
#5578 = AXIS2_PLACEMENT_3D('',#5579,#5580,#5581);
#5579 = CARTESIAN_POINT('',(-3.38E-15,-27.60844623391,-1.));
#5580 = DIRECTION('',(-0.832354263833,-0.55424397108,0.));
#5581 = DIRECTION('',(-0.55424397108,0.832354263833,0.));
#5582 = ADVANCED_FACE('',(#5583),#5602,.F.);
#5583 = FACE_BOUND('',#5584,.T.);
#5584 = EDGE_LOOP('',(#5585,#5586,#5594,#5601));
#5585 = ORIENTED_EDGE('',*,*,#1172,.T.);
#5586 = ORIENTED_EDGE('',*,*,#5587,.T.);
#5587 = EDGE_CURVE('',#1165,#5588,#5590,.T.);
#5588 = VERTEX_POINT('',#5589);
#5589 = CARTESIAN_POINT('',(-5.173348793609,-16.72205677277,3.));
#5590 = LINE('',#5591,#5592);
#5591 = CARTESIAN_POINT('',(-5.173348793609,-16.72205677277,0.));
#5592 = VECTOR('',#5593,1.);
#5593 = DIRECTION('',(0.,0.,1.));
#5594 = ORIENTED_EDGE('',*,*,#5595,.F.);
#5595 = EDGE_CURVE('',#5565,#5588,#5596,.T.);
#5596 = CIRCLE('',#5597,1.);
#5597 = AXIS2_PLACEMENT_3D('',#5598,#5599,#5600);
#5598 = CARTESIAN_POINT('',(-5.398838156051,-17.69630240269,3.));
#5599 = DIRECTION('',(-0.,-0.,-1.));
#5600 = DIRECTION('',(0.,-1.,0.));
#5601 = ORIENTED_EDGE('',*,*,#5572,.F.);
#5602 = CYLINDRICAL_SURFACE('',#5603,1.);
#5603 = AXIS2_PLACEMENT_3D('',#5604,#5605,#5606);
#5604 = CARTESIAN_POINT('',(-5.398838156051,-17.69630240269,0.));
#5605 = DIRECTION('',(0.,0.,1.));
#5606 = DIRECTION('',(-0.832354263833,-0.55424397108,0.));
#5607 = ADVANCED_FACE('',(#5608),#5627,.F.);
#5608 = FACE_BOUND('',#5609,.F.);
#5609 = EDGE_LOOP('',(#5610,#5611,#5619,#5626));
#5610 = ORIENTED_EDGE('',*,*,#1103,.T.);
#5611 = ORIENTED_EDGE('',*,*,#5612,.T.);
#5612 = EDGE_CURVE('',#1104,#5613,#5615,.T.);
#5613 = VERTEX_POINT('',#5614);
#5614 = CARTESIAN_POINT('',(0.832354263833,-26.35843061503,3.));
#5615 = LINE('',#5616,#5617);
#5616 = CARTESIAN_POINT('',(0.832354263833,-26.35843061503,0.));
#5617 = VECTOR('',#5618,1.);
#5618 = DIRECTION('',(0.,0.,1.));
#5619 = ORIENTED_EDGE('',*,*,#5620,.F.);
#5620 = EDGE_CURVE('',#5557,#5613,#5621,.T.);
#5621 = CIRCLE('',#5622,1.);
#5622 = AXIS2_PLACEMENT_3D('',#5623,#5624,#5625);
#5623 = CARTESIAN_POINT('',(-3.2E-15,-25.80418664395,3.));
#5624 = DIRECTION('',(-0.,0.,1.));
#5625 = DIRECTION('',(0.,-1.,0.));
#5626 = ORIENTED_EDGE('',*,*,#5556,.F.);
#5627 = CYLINDRICAL_SURFACE('',#5628,1.);
#5628 = AXIS2_PLACEMENT_3D('',#5629,#5630,#5631);
#5629 = CARTESIAN_POINT('',(-3.2E-15,-25.80418664395,0.));
#5630 = DIRECTION('',(0.,0.,1.));
#5631 = DIRECTION('',(-0.832354263833,-0.55424397108,0.));
#5632 = ADVANCED_FACE('',(#5633),#5651,.T.);
#5633 = FACE_BOUND('',#5634,.T.);
#5634 = EDGE_LOOP('',(#5635,#5636,#5644,#5650));
#5635 = ORIENTED_EDGE('',*,*,#1164,.T.);
#5636 = ORIENTED_EDGE('',*,*,#5637,.T.);
#5637 = EDGE_CURVE('',#1156,#5638,#5640,.T.);
#5638 = VERTEX_POINT('',#5639);
#5639 = CARTESIAN_POINT('',(-3.172089269286,-17.18524872391,3.));
#5640 = LINE('',#5641,#5642);
#5641 = CARTESIAN_POINT('',(-3.172089269286,-17.18524872391,0.));
#5642 = VECTOR('',#5643,1.);
#5643 = DIRECTION('',(0.,0.,1.));
#5644 = ORIENTED_EDGE('',*,*,#5645,.F.);
#5645 = EDGE_CURVE('',#5588,#5638,#5646,.T.);
#5646 = LINE('',#5647,#5648);
#5647 = CARTESIAN_POINT('',(-3.226599673692,-17.17263227899,3.));
#5648 = VECTOR('',#5649,1.);
#5649 = DIRECTION('',(0.974245629924,-0.225489362441,0.));
#5650 = ORIENTED_EDGE('',*,*,#5587,.F.);
#5651 = PLANE('',#5652);
#5652 = AXIS2_PLACEMENT_3D('',#5653,#5654,#5655);
#5653 = CARTESIAN_POINT('',(-2.311227614018,-17.38449534082,-1.));
#5654 = DIRECTION('',(-0.225489362441,-0.974245629924,0.));
#5655 = DIRECTION('',(-0.974245629924,0.225489362441,0.));
#5656 = ADVANCED_FACE('',(#5657),#5675,.T.);
#5657 = FACE_BOUND('',#5658,.T.);
#5658 = EDGE_LOOP('',(#5659,#5660,#5661,#5669));
#5659 = ORIENTED_EDGE('',*,*,#1112,.T.);
#5660 = ORIENTED_EDGE('',*,*,#5612,.T.);
#5661 = ORIENTED_EDGE('',*,*,#5662,.F.);
#5662 = EDGE_CURVE('',#5663,#5613,#5665,.T.);
#5663 = VERTEX_POINT('',#5664);
#5664 = CARTESIAN_POINT('',(6.231192419884,-18.25054637377,3.));
#5665 = LINE('',#5666,#5667);
#5666 = CARTESIAN_POINT('',(6.40111368537,-17.99536147827,3.));
#5667 = VECTOR('',#5668,1.);
#5668 = DIRECTION('',(-0.55424397108,-0.832354263833,0.));
#5669 = ORIENTED_EDGE('',*,*,#5670,.F.);
#5670 = EDGE_CURVE('',#1113,#5663,#5671,.T.);
#5671 = LINE('',#5672,#5673);
#5672 = CARTESIAN_POINT('',(6.231192419884,-18.25054637377,0.));
#5673 = VECTOR('',#5674,1.);
#5674 = DIRECTION('',(0.,0.,1.));
#5675 = PLANE('',#5676);
#5676 = AXIS2_PLACEMENT_3D('',#5677,#5678,#5679);
#5677 = CARTESIAN_POINT('',(-3.38E-15,-27.60844623391,-1.));
#5678 = DIRECTION('',(-0.832354263833,0.55424397108,0.));
#5679 = DIRECTION('',(0.55424397108,0.832354263833,0.));
#5680 = ADVANCED_FACE('',(#5681),#5700,.F.);
#5681 = FACE_BOUND('',#5682,.T.);
#5682 = EDGE_LOOP('',(#5683,#5684,#5692,#5699));
#5683 = ORIENTED_EDGE('',*,*,#1155,.T.);
#5684 = ORIENTED_EDGE('',*,*,#5685,.T.);
#5685 = EDGE_CURVE('',#1147,#5686,#5688,.T.);
#5686 = VERTEX_POINT('',#5687);
#5687 = CARTESIAN_POINT('',(-2.398290798867,-18.12176072035,3.));
#5688 = LINE('',#5689,#5690);
#5689 = CARTESIAN_POINT('',(-2.398290798867,-18.12176072035,0.));
#5690 = VECTOR('',#5691,1.);
#5691 = DIRECTION('',(0.,0.,1.));
#5692 = ORIENTED_EDGE('',*,*,#5693,.F.);
#5693 = EDGE_CURVE('',#5638,#5686,#5694,.T.);
#5694 = CIRCLE('',#5695,1.);
#5695 = AXIS2_PLACEMENT_3D('',#5696,#5697,#5698);
#5696 = CARTESIAN_POINT('',(-3.397578631728,-18.15949435384,3.));
#5697 = DIRECTION('',(-0.,-0.,-1.));
#5698 = DIRECTION('',(0.,-1.,0.));
#5699 = ORIENTED_EDGE('',*,*,#5637,.F.);
#5700 = CYLINDRICAL_SURFACE('',#5701,1.);
#5701 = AXIS2_PLACEMENT_3D('',#5702,#5703,#5704);
#5702 = CARTESIAN_POINT('',(-3.397578631728,-18.15949435384,0.));
#5703 = DIRECTION('',(0.,0.,1.));
#5704 = DIRECTION('',(0.225489362441,0.974245629924,0.));
#5705 = ADVANCED_FACE('',(#5706),#5725,.F.);
#5706 = FACE_BOUND('',#5707,.F.);
#5707 = EDGE_LOOP('',(#5708,#5709,#5717,#5724));
#5708 = ORIENTED_EDGE('',*,*,#1120,.T.);
#5709 = ORIENTED_EDGE('',*,*,#5710,.T.);
#5710 = EDGE_CURVE('',#1121,#5711,#5713,.T.);
#5711 = VERTEX_POINT('',#5712);
#5712 = CARTESIAN_POINT('',(5.173348793609,-16.72205677277,3.));
#5713 = LINE('',#5714,#5715);
#5714 = CARTESIAN_POINT('',(5.173348793609,-16.72205677277,0.));
#5715 = VECTOR('',#5716,1.);
#5716 = DIRECTION('',(0.,0.,1.));
#5717 = ORIENTED_EDGE('',*,*,#5718,.F.);
#5718 = EDGE_CURVE('',#5663,#5711,#5719,.T.);
#5719 = CIRCLE('',#5720,1.);
#5720 = AXIS2_PLACEMENT_3D('',#5721,#5722,#5723);
#5721 = CARTESIAN_POINT('',(5.398838156051,-17.69630240269,3.));
#5722 = DIRECTION('',(-0.,0.,1.));
#5723 = DIRECTION('',(0.,-1.,0.));
#5724 = ORIENTED_EDGE('',*,*,#5670,.F.);
#5725 = CYLINDRICAL_SURFACE('',#5726,1.);
#5726 = AXIS2_PLACEMENT_3D('',#5727,#5728,#5729);
#5727 = CARTESIAN_POINT('',(5.398838156051,-17.69630240269,0.));
#5728 = DIRECTION('',(0.,0.,1.));
#5729 = DIRECTION('',(0.832354263833,-0.55424397108,0.));
#5730 = ADVANCED_FACE('',(#5731),#5750,.T.);
#5731 = FACE_BOUND('',#5732,.F.);
#5732 = EDGE_LOOP('',(#5733,#5734,#5735,#5744));
#5733 = ORIENTED_EDGE('',*,*,#1146,.T.);
#5734 = ORIENTED_EDGE('',*,*,#5685,.T.);
#5735 = ORIENTED_EDGE('',*,*,#5736,.F.);
#5736 = EDGE_CURVE('',#5737,#5686,#5739,.T.);
#5737 = VERTEX_POINT('',#5738);
#5738 = CARTESIAN_POINT('',(2.398290798867,-18.12176072035,3.));
#5739 = CIRCLE('',#5740,2.4);
#5740 = AXIS2_PLACEMENT_3D('',#5741,#5742,#5743);
#5741 = CARTESIAN_POINT('',(-2.21E-15,-18.0312,3.));
#5742 = DIRECTION('',(0.,0.,-1.));
#5743 = DIRECTION('',(-1.,1.2E-16,0.));
#5744 = ORIENTED_EDGE('',*,*,#5745,.F.);
#5745 = EDGE_CURVE('',#1138,#5737,#5746,.T.);
#5746 = LINE('',#5747,#5748);
#5747 = CARTESIAN_POINT('',(2.398290798867,-18.12176072035,0.));
#5748 = VECTOR('',#5749,1.);
#5749 = DIRECTION('',(0.,0.,1.));
#5750 = CYLINDRICAL_SURFACE('',#5751,2.4);
#5751 = AXIS2_PLACEMENT_3D('',#5752,#5753,#5754);
#5752 = CARTESIAN_POINT('',(-2.21E-15,-18.0312,-1.));
#5753 = DIRECTION('',(-0.,-0.,-1.));
#5754 = DIRECTION('',(-1.,1.2E-16,0.));
#5755 = ADVANCED_FACE('',(#5756),#5774,.T.);
#5756 = FACE_BOUND('',#5757,.T.);
#5757 = EDGE_LOOP('',(#5758,#5759,#5760,#5768));
#5758 = ORIENTED_EDGE('',*,*,#1129,.T.);
#5759 = ORIENTED_EDGE('',*,*,#5710,.T.);
#5760 = ORIENTED_EDGE('',*,*,#5761,.F.);
#5761 = EDGE_CURVE('',#5762,#5711,#5764,.T.);
#5762 = VERTEX_POINT('',#5763);
#5763 = CARTESIAN_POINT('',(3.172089269286,-17.18524872391,3.));
#5764 = LINE('',#5765,#5766);
#5765 = CARTESIAN_POINT('',(5.733699018975,-16.59236359152,3.));
#5766 = VECTOR('',#5767,1.);
#5767 = DIRECTION('',(0.974245629924,0.225489362441,0.));
#5768 = ORIENTED_EDGE('',*,*,#5769,.F.);
#5769 = EDGE_CURVE('',#1130,#5762,#5770,.T.);
#5770 = LINE('',#5771,#5772);
#5771 = CARTESIAN_POINT('',(3.172089269286,-17.18524872391,0.));
#5772 = VECTOR('',#5773,1.);
#5773 = DIRECTION('',(0.,0.,1.));
#5774 = PLANE('',#5775);
#5775 = AXIS2_PLACEMENT_3D('',#5776,#5777,#5778);
#5776 = CARTESIAN_POINT('',(7.627147506877,-16.15412452815,-1.));
#5777 = DIRECTION('',(0.225489362441,-0.974245629924,0.));
#5778 = DIRECTION('',(-0.974245629924,-0.225489362441,0.));
#5779 = ADVANCED_FACE('',(#5780),#5792,.F.);
#5780 = FACE_BOUND('',#5781,.T.);
#5781 = EDGE_LOOP('',(#5782,#5783,#5784,#5791));
#5782 = ORIENTED_EDGE('',*,*,#1137,.T.);
#5783 = ORIENTED_EDGE('',*,*,#5769,.T.);
#5784 = ORIENTED_EDGE('',*,*,#5785,.F.);
#5785 = EDGE_CURVE('',#5737,#5762,#5786,.T.);
#5786 = CIRCLE('',#5787,1.);
#5787 = AXIS2_PLACEMENT_3D('',#5788,#5789,#5790);
#5788 = CARTESIAN_POINT('',(3.397578631728,-18.15949435384,3.));
#5789 = DIRECTION('',(-0.,-0.,-1.));
#5790 = DIRECTION('',(0.,-1.,0.));
#5791 = ORIENTED_EDGE('',*,*,#5745,.F.);
#5792 = CYLINDRICAL_SURFACE('',#5793,1.);
#5793 = AXIS2_PLACEMENT_3D('',#5794,#5795,#5796);
#5794 = CARTESIAN_POINT('',(3.397578631728,-18.15949435384,0.));
#5795 = DIRECTION('',(0.,0.,1.));
#5796 = DIRECTION('',(-0.999287832861,3.77336334827E-02,0.));
#5797 = ADVANCED_FACE('',(#5798),#5817,.F.);
#5798 = FACE_BOUND('',#5799,.T.);
#5799 = EDGE_LOOP('',(#5800,#5808,#5815,#5816));
#5800 = ORIENTED_EDGE('',*,*,#5801,.T.);
#5801 = EDGE_CURVE('',#1182,#5802,#5804,.T.);
#5802 = VERTEX_POINT('',#5803);
#5803 = CARTESIAN_POINT('',(1.05,-18.03122292025,3.));
#5804 = LINE('',#5805,#5806);
#5805 = CARTESIAN_POINT('',(1.05,-18.03122292025,0.));
#5806 = VECTOR('',#5807,1.);
#5807 = DIRECTION('',(0.,0.,1.));
#5808 = ORIENTED_EDGE('',*,*,#5809,.T.);
#5809 = EDGE_CURVE('',#5802,#5802,#5810,.T.);
#5810 = CIRCLE('',#5811,1.05);
#5811 = AXIS2_PLACEMENT_3D('',#5812,#5813,#5814);
#5812 = CARTESIAN_POINT('',(0.,-18.03122292025,3.));
#5813 = DIRECTION('',(0.,0.,1.));
#5814 = DIRECTION('',(1.,0.,0.));
#5815 = ORIENTED_EDGE('',*,*,#5801,.F.);
#5816 = ORIENTED_EDGE('',*,*,#1181,.F.);
#5817 = CYLINDRICAL_SURFACE('',#5818,1.05);
#5818 = AXIS2_PLACEMENT_3D('',#5819,#5820,#5821);
#5819 = CARTESIAN_POINT('',(0.,-18.03122292025,0.));
#5820 = DIRECTION('',(-0.,-0.,-1.));
#5821 = DIRECTION('',(1.,0.,0.));
#5822 = ADVANCED_FACE('',(#5823),#5842,.F.);
#5823 = FACE_BOUND('',#5824,.T.);
#5824 = EDGE_LOOP('',(#5825,#5833,#5840,#5841));
#5825 = ORIENTED_EDGE('',*,*,#5826,.T.);
#5826 = EDGE_CURVE('',#1193,#5827,#5829,.T.);
#5827 = VERTEX_POINT('',#5828);
#5828 = CARTESIAN_POINT('',(11.05,-10.,3.));
#5829 = LINE('',#5830,#5831);
#5830 = CARTESIAN_POINT('',(11.05,-10.,0.));
#5831 = VECTOR('',#5832,1.);
#5832 = DIRECTION('',(0.,0.,1.));
#5833 = ORIENTED_EDGE('',*,*,#5834,.T.);
#5834 = EDGE_CURVE('',#5827,#5827,#5835,.T.);
#5835 = CIRCLE('',#5836,1.05);
#5836 = AXIS2_PLACEMENT_3D('',#5837,#5838,#5839);
#5837 = CARTESIAN_POINT('',(10.,-10.,3.));
#5838 = DIRECTION('',(0.,0.,1.));
#5839 = DIRECTION('',(1.,0.,0.));
#5840 = ORIENTED_EDGE('',*,*,#5826,.F.);
#5841 = ORIENTED_EDGE('',*,*,#1192,.F.);
#5842 = CYLINDRICAL_SURFACE('',#5843,1.05);
#5843 = AXIS2_PLACEMENT_3D('',#5844,#5845,#5846);
#5844 = CARTESIAN_POINT('',(10.,-10.,0.));
#5845 = DIRECTION('',(-0.,-0.,-1.));
#5846 = DIRECTION('',(1.,0.,0.));
#5847 = ADVANCED_FACE('',(#5848),#5873,.F.);
#5848 = FACE_BOUND('',#5849,.F.);
#5849 = EDGE_LOOP('',(#5850,#5851,#5859,#5867));
#5850 = ORIENTED_EDGE('',*,*,#1203,.T.);
#5851 = ORIENTED_EDGE('',*,*,#5852,.T.);
#5852 = EDGE_CURVE('',#1206,#5853,#5855,.T.);
#5853 = VERTEX_POINT('',#5854);
#5854 = CARTESIAN_POINT('',(1.,-12.76572021314,3.));
#5855 = LINE('',#5856,#5857);
#5856 = CARTESIAN_POINT('',(1.,-12.76572021314,0.));
#5857 = VECTOR('',#5858,1.);
#5858 = DIRECTION('',(0.,0.,1.));
#5859 = ORIENTED_EDGE('',*,*,#5860,.F.);
#5860 = EDGE_CURVE('',#5861,#5853,#5863,.T.);
#5861 = VERTEX_POINT('',#5862);
#5862 = CARTESIAN_POINT('',(1.,-3.963894717035,3.));
#5863 = LINE('',#5864,#5865);
#5864 = CARTESIAN_POINT('',(1.,-6.887681228164,3.));
#5865 = VECTOR('',#5866,1.);
#5866 = DIRECTION('',(-1.2E-16,-1.,0.));
#5867 = ORIENTED_EDGE('',*,*,#5868,.F.);
#5868 = EDGE_CURVE('',#1204,#5861,#5869,.T.);
#5869 = LINE('',#5870,#5871);
#5870 = CARTESIAN_POINT('',(1.,-3.963894717035,0.));
#5871 = VECTOR('',#5872,1.);
#5872 = DIRECTION('',(0.,0.,1.));
#5873 = PLANE('',#5874);
#5874 = AXIS2_PLACEMENT_3D('',#5875,#5876,#5877);
#5875 = CARTESIAN_POINT('',(1.,-14.02360562191,-1.));
#5876 = DIRECTION('',(-1.,1.2E-16,0.));
#5877 = DIRECTION('',(1.2E-16,1.,0.));
#5878 = ADVANCED_FACE('',(#5879),#5898,.F.);
#5879 = FACE_BOUND('',#5880,.T.);
#5880 = EDGE_LOOP('',(#5881,#5882,#5890,#5897));
#5881 = ORIENTED_EDGE('',*,*,#1265,.T.);
#5882 = ORIENTED_EDGE('',*,*,#5883,.T.);
#5883 = EDGE_CURVE('',#1258,#5884,#5886,.T.);
#5884 = VERTEX_POINT('',#5885);
#5885 = CARTESIAN_POINT('',(2.601373682743,-3.164926824248,3.));
#5886 = LINE('',#5887,#5888);
#5887 = CARTESIAN_POINT('',(2.601373682743,-3.164926824248,0.));
#5888 = VECTOR('',#5889,1.);
#5889 = DIRECTION('',(0.,0.,1.));
#5890 = ORIENTED_EDGE('',*,*,#5891,.F.);
#5891 = EDGE_CURVE('',#5861,#5884,#5892,.T.);
#5892 = CIRCLE('',#5893,1.);
#5893 = AXIS2_PLACEMENT_3D('',#5894,#5895,#5896);
#5894 = CARTESIAN_POINT('',(2.,-3.963894717035,3.));
#5895 = DIRECTION('',(-0.,-0.,-1.));
#5896 = DIRECTION('',(0.,-1.,0.));
#5897 = ORIENTED_EDGE('',*,*,#5868,.F.);
#5898 = CYLINDRICAL_SURFACE('',#5899,1.);
#5899 = AXIS2_PLACEMENT_3D('',#5900,#5901,#5902);
#5900 = CARTESIAN_POINT('',(2.,-3.963894717035,0.));
#5901 = DIRECTION('',(0.,0.,1.));
#5902 = DIRECTION('',(-1.,1.2E-16,0.));
#5903 = ADVANCED_FACE('',(#5904),#5923,.F.);
#5904 = FACE_BOUND('',#5905,.F.);
#5905 = EDGE_LOOP('',(#5906,#5907,#5915,#5922));
#5906 = ORIENTED_EDGE('',*,*,#1213,.T.);
#5907 = ORIENTED_EDGE('',*,*,#5908,.T.);
#5908 = EDGE_CURVE('',#1214,#5909,#5911,.T.);
#5909 = VERTEX_POINT('',#5910);
#5910 = CARTESIAN_POINT('',(2.225489362441,-13.73996584306,3.));
#5911 = LINE('',#5912,#5913);
#5912 = CARTESIAN_POINT('',(2.225489362441,-13.73996584306,0.));
#5913 = VECTOR('',#5914,1.);
#5914 = DIRECTION('',(0.,0.,1.));
#5915 = ORIENTED_EDGE('',*,*,#5916,.F.);
#5916 = EDGE_CURVE('',#5853,#5909,#5917,.T.);
#5917 = CIRCLE('',#5918,1.);
#5918 = AXIS2_PLACEMENT_3D('',#5919,#5920,#5921);
#5919 = CARTESIAN_POINT('',(2.,-12.76572021314,3.));
#5920 = DIRECTION('',(-0.,0.,1.));
#5921 = DIRECTION('',(0.,-1.,0.));
#5922 = ORIENTED_EDGE('',*,*,#5852,.F.);
#5923 = CYLINDRICAL_SURFACE('',#5924,1.);
#5924 = AXIS2_PLACEMENT_3D('',#5925,#5926,#5927);
#5925 = CARTESIAN_POINT('',(2.,-12.76572021314,0.));
#5926 = DIRECTION('',(0.,0.,1.));
#5927 = DIRECTION('',(-1.,1.2E-16,0.));
#5928 = ADVANCED_FACE('',(#5929),#5947,.T.);
#5929 = FACE_BOUND('',#5930,.T.);
#5930 = EDGE_LOOP('',(#5931,#5939,#5940,#5941));
#5931 = ORIENTED_EDGE('',*,*,#5932,.F.);
#5932 = EDGE_CURVE('',#5884,#5933,#5935,.T.);
#5933 = VERTEX_POINT('',#5934);
#5934 = CARTESIAN_POINT('',(7.891913772554,-7.147053773569,3.));
#5935 = LINE('',#5936,#5937);
#5936 = CARTESIAN_POINT('',(6.228912800876,-5.89533261209,3.));
#5937 = VECTOR('',#5938,1.);
#5938 = DIRECTION('',(0.798967892787,-0.601373682743,0.));
#5939 = ORIENTED_EDGE('',*,*,#5883,.F.);
#5940 = ORIENTED_EDGE('',*,*,#1257,.T.);
#5941 = ORIENTED_EDGE('',*,*,#5942,.F.);
#5942 = EDGE_CURVE('',#5933,#1249,#5943,.T.);
#5943 = LINE('',#5944,#5945);
#5944 = CARTESIAN_POINT('',(7.891913772554,-7.147053773569,3.));
#5945 = VECTOR('',#5946,1.);
#5946 = DIRECTION('',(-0.,-0.,-1.));
#5947 = PLANE('',#5948);
#5948 = AXIS2_PLACEMENT_3D('',#5949,#5950,#5951);
#5949 = CARTESIAN_POINT('',(13.258452634514,-11.18638409977,-1.));
#5950 = DIRECTION('',(-0.601373682743,-0.798967892787,0.));
#5951 = DIRECTION('',(-0.798967892787,0.601373682743,0.));
#5952 = ADVANCED_FACE('',(#5953),#5971,.F.);
#5953 = FACE_BOUND('',#5954,.F.);
#5954 = EDGE_LOOP('',(#5955,#5963,#5964,#5965));
#5955 = ORIENTED_EDGE('',*,*,#5956,.F.);
#5956 = EDGE_CURVE('',#5909,#5957,#5959,.T.);
#5957 = VERTEX_POINT('',#5958);
#5958 = CARTESIAN_POINT('',(7.229520767758,-12.58178168851,3.));
#5959 = LINE('',#5960,#5961);
#5960 = CARTESIAN_POINT('',(5.082239912207,-13.07877030845,3.));
#5961 = VECTOR('',#5962,1.);
#5962 = DIRECTION('',(0.974245629924,0.225489362441,0.));
#5963 = ORIENTED_EDGE('',*,*,#5908,.F.);
#5964 = ORIENTED_EDGE('',*,*,#1222,.T.);
#5965 = ORIENTED_EDGE('',*,*,#5966,.F.);
#5966 = EDGE_CURVE('',#5957,#1223,#5967,.T.);
#5967 = LINE('',#5968,#5969);
#5968 = CARTESIAN_POINT('',(7.229520767758,-12.58178168851,3.));
#5969 = VECTOR('',#5970,1.);
#5970 = DIRECTION('',(-0.,-0.,-1.));
#5971 = PLANE('',#5972);
#5972 = AXIS2_PLACEMENT_3D('',#5973,#5974,#5975);
#5973 = CARTESIAN_POINT('',(7.129226317257,-12.60499486084,1.5));
#5974 = DIRECTION('',(0.225489362441,-0.974245629924,0.));
#5975 = DIRECTION('',(-0.974245629924,-0.225489362441,0.));
#5976 = ADVANCED_FACE('',(#5977),#5996,.F.);
#5977 = FACE_BOUND('',#5978,.F.);
#5978 = EDGE_LOOP('',(#5979,#5988,#5994,#5995));
#5979 = ORIENTED_EDGE('',*,*,#5980,.T.);
#5980 = EDGE_CURVE('',#5933,#5981,#5983,.T.);
#5981 = VERTEX_POINT('',#5982);
#5982 = CARTESIAN_POINT('',(8.087440063396,-8.550132940957,3.));
#5983 = CIRCLE('',#5984,1.);
#5984 = AXIS2_PLACEMENT_3D('',#5985,#5986,#5987);
#5985 = CARTESIAN_POINT('',(7.290540089812,-7.946021666355,3.));
#5986 = DIRECTION('',(0.,0.,-1.));
#5987 = DIRECTION('',(0.,1.,0.));
#5988 = ORIENTED_EDGE('',*,*,#5989,.T.);
#5989 = EDGE_CURVE('',#5981,#1240,#5990,.T.);
#5990 = LINE('',#5991,#5992);
#5991 = CARTESIAN_POINT('',(8.087440063396,-8.550132940957,3.));
#5992 = VECTOR('',#5993,1.);
#5993 = DIRECTION('',(-0.,-0.,-1.));
#5994 = ORIENTED_EDGE('',*,*,#1248,.F.);
#5995 = ORIENTED_EDGE('',*,*,#5942,.F.);
#5996 = CYLINDRICAL_SURFACE('',#5997,1.);
#5997 = AXIS2_PLACEMENT_3D('',#5998,#5999,#6000);
#5998 = CARTESIAN_POINT('',(7.290540089812,-7.946021666355,3.));
#5999 = DIRECTION('',(-0.,-0.,-1.));
#6000 = DIRECTION('',(0.601373682743,0.798967892787,0.));
#6001 = ADVANCED_FACE('',(#6002),#6021,.F.);
#6002 = FACE_BOUND('',#6003,.T.);
#6003 = EDGE_LOOP('',(#6004,#6013,#6019,#6020));
#6004 = ORIENTED_EDGE('',*,*,#6005,.T.);
#6005 = EDGE_CURVE('',#5957,#6006,#6008,.T.);
#6006 = VERTEX_POINT('',#6007);
#6007 = CARTESIAN_POINT('',(7.885198639047,-11.13473133547,3.));
#6008 = CIRCLE('',#6009,1.);
#6009 = AXIS2_PLACEMENT_3D('',#6010,#6011,#6012);
#6010 = CARTESIAN_POINT('',(7.004031405317,-11.60753605859,3.));
#6011 = DIRECTION('',(0.,-0.,1.));
#6012 = DIRECTION('',(0.,1.,0.));
#6013 = ORIENTED_EDGE('',*,*,#6014,.T.);
#6014 = EDGE_CURVE('',#6006,#1231,#6015,.T.);
#6015 = LINE('',#6016,#6017);
#6016 = CARTESIAN_POINT('',(7.885198639047,-11.13473133547,3.));
#6017 = VECTOR('',#6018,1.);
#6018 = DIRECTION('',(-0.,-0.,-1.));
#6019 = ORIENTED_EDGE('',*,*,#1230,.F.);
#6020 = ORIENTED_EDGE('',*,*,#5966,.F.);
#6021 = CYLINDRICAL_SURFACE('',#6022,1.);
#6022 = AXIS2_PLACEMENT_3D('',#6023,#6024,#6025);
#6023 = CARTESIAN_POINT('',(7.004031405317,-11.60753605859,3.));
#6024 = DIRECTION('',(-0.,-0.,-1.));
#6025 = DIRECTION('',(0.225489362441,-0.974245629924,0.));
#6026 = ADVANCED_FACE('',(#6027),#6039,.T.);
#6027 = FACE_BOUND('',#6028,.F.);
#6028 = EDGE_LOOP('',(#6029,#6030,#6031,#6038));
#6029 = ORIENTED_EDGE('',*,*,#1239,.F.);
#6030 = ORIENTED_EDGE('',*,*,#5989,.F.);
#6031 = ORIENTED_EDGE('',*,*,#6032,.T.);
#6032 = EDGE_CURVE('',#5981,#6006,#6033,.T.);
#6033 = CIRCLE('',#6034,2.4);
#6034 = AXIS2_PLACEMENT_3D('',#6035,#6036,#6037);
#6035 = CARTESIAN_POINT('',(10.,-10.,3.));
#6036 = DIRECTION('',(0.,0.,1.));
#6037 = DIRECTION('',(1.,0.,0.));
#6038 = ORIENTED_EDGE('',*,*,#6014,.T.);
#6039 = CYLINDRICAL_SURFACE('',#6040,2.4);
#6040 = AXIS2_PLACEMENT_3D('',#6041,#6042,#6043);
#6041 = CARTESIAN_POINT('',(10.,-10.,0.));
#6042 = DIRECTION('',(-0.,-0.,-1.));
#6043 = DIRECTION('',(1.,0.,0.));
#6044 = ADVANCED_FACE('',(#6045),#6070,.F.);
#6045 = FACE_BOUND('',#6046,.F.);
#6046 = EDGE_LOOP('',(#6047,#6048,#6056,#6064));
#6047 = ORIENTED_EDGE('',*,*,#1274,.T.);
#6048 = ORIENTED_EDGE('',*,*,#6049,.T.);
#6049 = EDGE_CURVE('',#1277,#6050,#6052,.T.);
#6050 = VERTEX_POINT('',#6051);
#6051 = CARTESIAN_POINT('',(12.859826317257,-8.38311328418,3.));
#6052 = LINE('',#6053,#6054);
#6053 = CARTESIAN_POINT('',(12.859826317257,-8.38311328418,0.));
#6054 = VECTOR('',#6055,1.);
#6055 = DIRECTION('',(0.,0.,1.));
#6056 = ORIENTED_EDGE('',*,*,#6057,.F.);
#6057 = EDGE_CURVE('',#6058,#6050,#6060,.T.);
#6058 = VERTEX_POINT('',#6059);
#6059 = CARTESIAN_POINT('',(5.440890297264,-2.798967892787,3.));
#6060 = LINE('',#6061,#6062);
#6061 = CARTESIAN_POINT('',(7.431660166361,-4.297396826516,3.));
#6062 = VECTOR('',#6063,1.);
#6063 = DIRECTION('',(0.798967892787,-0.601373682743,0.));
#6064 = ORIENTED_EDGE('',*,*,#6065,.F.);
#6065 = EDGE_CURVE('',#1275,#6058,#6066,.T.);
#6066 = LINE('',#6067,#6068);
#6067 = CARTESIAN_POINT('',(5.440890297264,-2.798967892787,0.));
#6068 = VECTOR('',#6069,1.);
#6069 = DIRECTION('',(0.,0.,1.));
#6070 = PLANE('',#6071);
#6071 = AXIS2_PLACEMENT_3D('',#6072,#6073,#6074);
#6072 = CARTESIAN_POINT('',(14.4612,-9.588448314201,-1.));
#6073 = DIRECTION('',(-0.601373682743,-0.798967892787,0.));
#6074 = DIRECTION('',(-0.798967892787,0.601373682743,0.));
#6075 = ADVANCED_FACE('',(#6076),#6095,.F.);
#6076 = FACE_BOUND('',#6077,.T.);
#6077 = EDGE_LOOP('',(#6078,#6079,#6087,#6094));
#6078 = ORIENTED_EDGE('',*,*,#1318,.T.);
#6079 = ORIENTED_EDGE('',*,*,#6080,.T.);
#6080 = EDGE_CURVE('',#1311,#6081,#6083,.T.);
#6081 = VERTEX_POINT('',#6082);
#6082 = CARTESIAN_POINT('',(6.042263980007,-1.,3.));
#6083 = LINE('',#6084,#6085);
#6084 = CARTESIAN_POINT('',(6.042263980007,-1.,0.));
#6085 = VECTOR('',#6086,1.);
#6086 = DIRECTION('',(0.,0.,1.));
#6087 = ORIENTED_EDGE('',*,*,#6088,.F.);
#6088 = EDGE_CURVE('',#6058,#6081,#6089,.T.);
#6089 = CIRCLE('',#6090,1.);
#6090 = AXIS2_PLACEMENT_3D('',#6091,#6092,#6093);
#6091 = CARTESIAN_POINT('',(6.042263980007,-2.,3.));
#6092 = DIRECTION('',(-0.,-0.,-1.));
#6093 = DIRECTION('',(0.,-1.,0.));
#6094 = ORIENTED_EDGE('',*,*,#6065,.F.);
#6095 = CYLINDRICAL_SURFACE('',#6096,1.);
#6096 = AXIS2_PLACEMENT_3D('',#6097,#6098,#6099);
#6097 = CARTESIAN_POINT('',(6.042263980007,-2.,0.));
#6098 = DIRECTION('',(0.,0.,1.));
#6099 = DIRECTION('',(-0.601373682743,-0.798967892787,0.));
#6100 = ADVANCED_FACE('',(#6101),#6120,.F.);
#6101 = FACE_BOUND('',#6102,.F.);
#6102 = EDGE_LOOP('',(#6103,#6104,#6112,#6119));
#6103 = ORIENTED_EDGE('',*,*,#1284,.T.);
#6104 = ORIENTED_EDGE('',*,*,#6105,.T.);
#6105 = EDGE_CURVE('',#1285,#6106,#6108,.T.);
#6106 = VERTEX_POINT('',#6107);
#6107 = CARTESIAN_POINT('',(14.4612,-7.584145391393,3.));
#6108 = LINE('',#6109,#6110);
#6109 = CARTESIAN_POINT('',(14.4612,-7.584145391393,0.));
#6110 = VECTOR('',#6111,1.);
#6111 = DIRECTION('',(0.,0.,1.));
#6112 = ORIENTED_EDGE('',*,*,#6113,.F.);
#6113 = EDGE_CURVE('',#6050,#6106,#6114,.T.);
#6114 = CIRCLE('',#6115,1.);
#6115 = AXIS2_PLACEMENT_3D('',#6116,#6117,#6118);
#6116 = CARTESIAN_POINT('',(13.4612,-7.584145391393,3.));
#6117 = DIRECTION('',(-0.,0.,1.));
#6118 = DIRECTION('',(0.,-1.,0.));
#6119 = ORIENTED_EDGE('',*,*,#6049,.F.);
#6120 = CYLINDRICAL_SURFACE('',#6121,1.);
#6121 = AXIS2_PLACEMENT_3D('',#6122,#6123,#6124);
#6122 = CARTESIAN_POINT('',(13.4612,-7.584145391393,0.));
#6123 = DIRECTION('',(0.,0.,1.));
#6124 = DIRECTION('',(-0.601373682743,-0.798967892787,0.));
#6125 = ADVANCED_FACE('',(#6126),#6144,.T.);
#6126 = FACE_BOUND('',#6127,.T.);
#6127 = EDGE_LOOP('',(#6128,#6129,#6137,#6143));
#6128 = ORIENTED_EDGE('',*,*,#1310,.T.);
#6129 = ORIENTED_EDGE('',*,*,#6130,.T.);
#6130 = EDGE_CURVE('',#1302,#6131,#6133,.T.);
#6131 = VERTEX_POINT('',#6132);
#6132 = CARTESIAN_POINT('',(13.4612,-1.,3.));
#6133 = LINE('',#6134,#6135);
#6134 = CARTESIAN_POINT('',(13.4612,-1.,0.));
#6135 = VECTOR('',#6136,1.);
#6136 = DIRECTION('',(0.,0.,1.));
#6137 = ORIENTED_EDGE('',*,*,#6138,.F.);
#6138 = EDGE_CURVE('',#6081,#6131,#6139,.T.);
#6139 = LINE('',#6140,#6141);
#6140 = CARTESIAN_POINT('',(7.151128958347,-1.,3.));
#6141 = VECTOR('',#6142,1.);
#6142 = DIRECTION('',(1.,-1.2E-16,0.));
#6143 = ORIENTED_EDGE('',*,*,#6080,.F.);
#6144 = PLANE('',#6145);
#6145 = AXIS2_PLACEMENT_3D('',#6146,#6147,#6148);
#6146 = CARTESIAN_POINT('',(14.4612,-1.,-1.));
#6147 = DIRECTION('',(-1.2E-16,-1.,0.));
#6148 = DIRECTION('',(-1.,1.2E-16,0.));
#6149 = ADVANCED_FACE('',(#6150),#6168,.F.);
#6150 = FACE_BOUND('',#6151,.F.);
#6151 = EDGE_LOOP('',(#6152,#6153,#6161,#6167));
#6152 = ORIENTED_EDGE('',*,*,#1293,.T.);
#6153 = ORIENTED_EDGE('',*,*,#6154,.T.);
#6154 = EDGE_CURVE('',#1294,#6155,#6157,.T.);
#6155 = VERTEX_POINT('',#6156);
#6156 = CARTESIAN_POINT('',(14.4612,-2.,3.));
#6157 = LINE('',#6158,#6159);
#6158 = CARTESIAN_POINT('',(14.4612,-2.,0.));
#6159 = VECTOR('',#6160,1.);
#6160 = DIRECTION('',(0.,0.,1.));
#6161 = ORIENTED_EDGE('',*,*,#6162,.F.);
#6162 = EDGE_CURVE('',#6106,#6155,#6163,.T.);
#6163 = LINE('',#6164,#6165);
#6164 = CARTESIAN_POINT('',(14.4612,-0.375878417206,3.));
#6165 = VECTOR('',#6166,1.);
#6166 = DIRECTION('',(1.2E-16,1.,0.));
#6167 = ORIENTED_EDGE('',*,*,#6105,.F.);
#6168 = PLANE('',#6169);
#6169 = AXIS2_PLACEMENT_3D('',#6170,#6171,#6172);
#6170 = CARTESIAN_POINT('',(14.4612,-1.,-1.));
#6171 = DIRECTION('',(1.,-1.2E-16,0.));
#6172 = DIRECTION('',(-1.2E-16,-1.,0.));
#6173 = ADVANCED_FACE('',(#6174),#6186,.F.);
#6174 = FACE_BOUND('',#6175,.T.);
#6175 = EDGE_LOOP('',(#6176,#6177,#6178,#6185));
#6176 = ORIENTED_EDGE('',*,*,#1301,.T.);
#6177 = ORIENTED_EDGE('',*,*,#6154,.T.);
#6178 = ORIENTED_EDGE('',*,*,#6179,.F.);
#6179 = EDGE_CURVE('',#6131,#6155,#6180,.T.);
#6180 = CIRCLE('',#6181,1.);
#6181 = AXIS2_PLACEMENT_3D('',#6182,#6183,#6184);
#6182 = CARTESIAN_POINT('',(13.4612,-2.,3.));
#6183 = DIRECTION('',(-0.,-0.,-1.));
#6184 = DIRECTION('',(0.,-1.,0.));
#6185 = ORIENTED_EDGE('',*,*,#6130,.F.);
#6186 = CYLINDRICAL_SURFACE('',#6187,1.);
#6187 = AXIS2_PLACEMENT_3D('',#6188,#6189,#6190);
#6188 = CARTESIAN_POINT('',(13.4612,-2.,0.));
#6189 = DIRECTION('',(0.,0.,1.));
#6190 = DIRECTION('',(1.2E-16,1.,0.));
#6191 = ADVANCED_FACE('',(#6192),#6211,.F.);
#6192 = FACE_BOUND('',#6193,.T.);
#6193 = EDGE_LOOP('',(#6194,#6202,#6209,#6210));
#6194 = ORIENTED_EDGE('',*,*,#6195,.T.);
#6195 = EDGE_CURVE('',#1328,#6196,#6198,.T.);
#6196 = VERTEX_POINT('',#6197);
#6197 = CARTESIAN_POINT('',(-5.15,-38.,3.));
#6198 = LINE('',#6199,#6200);
#6199 = CARTESIAN_POINT('',(-5.15,-38.,0.));
#6200 = VECTOR('',#6201,1.);
#6201 = DIRECTION('',(0.,0.,1.));
#6202 = ORIENTED_EDGE('',*,*,#6203,.T.);
#6203 = EDGE_CURVE('',#6196,#6196,#6204,.T.);
#6204 = CIRCLE('',#6205,1.05);
#6205 = AXIS2_PLACEMENT_3D('',#6206,#6207,#6208);
#6206 = CARTESIAN_POINT('',(-6.2,-38.,3.));
#6207 = DIRECTION('',(0.,0.,1.));
#6208 = DIRECTION('',(1.,0.,0.));
#6209 = ORIENTED_EDGE('',*,*,#6195,.F.);
#6210 = ORIENTED_EDGE('',*,*,#1327,.F.);
#6211 = CYLINDRICAL_SURFACE('',#6212,1.05);
#6212 = AXIS2_PLACEMENT_3D('',#6213,#6214,#6215);
#6213 = CARTESIAN_POINT('',(-6.2,-38.,0.));
#6214 = DIRECTION('',(-0.,-0.,-1.));
#6215 = DIRECTION('',(1.,0.,0.));
#6216 = ADVANCED_FACE('',(#6217),#6242,.F.);
#6217 = FACE_BOUND('',#6218,.F.);
#6218 = EDGE_LOOP('',(#6219,#6220,#6228,#6236));
#6219 = ORIENTED_EDGE('',*,*,#1338,.T.);
#6220 = ORIENTED_EDGE('',*,*,#6221,.T.);
#6221 = EDGE_CURVE('',#1341,#6222,#6224,.T.);
#6222 = VERTEX_POINT('',#6223);
#6223 = CARTESIAN_POINT('',(-6.930570401394,-34.13990153324,3.));
#6224 = LINE('',#6225,#6226);
#6225 = CARTESIAN_POINT('',(-6.930570401394,-34.13990153324,-1.));
#6226 = VECTOR('',#6227,1.);
#6227 = DIRECTION('',(0.,0.,1.));
#6228 = ORIENTED_EDGE('',*,*,#6229,.F.);
#6229 = EDGE_CURVE('',#6230,#6222,#6232,.T.);
#6230 = VERTEX_POINT('',#6231);
#6231 = CARTESIAN_POINT('',(-8.684295236341,-21.60515327545,3.));
#6232 = LINE('',#6233,#6234);
#6233 = CARTESIAN_POINT('',(-9.22498891701,-17.74054519287,3.));
#6234 = VECTOR('',#6235,1.);
#6235 = DIRECTION('',(0.138559511615,-0.990354109267,0.));
#6236 = ORIENTED_EDGE('',*,*,#6237,.F.);
#6237 = EDGE_CURVE('',#1339,#6230,#6238,.T.);
#6238 = LINE('',#6239,#6240);
#6239 = CARTESIAN_POINT('',(-8.684295236341,-21.60515327545,0.));
#6240 = VECTOR('',#6241,1.);
#6241 = DIRECTION('',(0.,0.,1.));
#6242 = PLANE('',#6243);
#6243 = AXIS2_PLACEMENT_3D('',#6244,#6245,#6246);
#6244 = CARTESIAN_POINT('',(-6.930570401394,-34.13990153324,-1.));
#6245 = DIRECTION('',(-0.990354109267,-0.138559511615,0.));
#6246 = DIRECTION('',(-0.138559511615,0.990354109267,0.));
#6247 = ADVANCED_FACE('',(#6248),#6267,.F.);
#6248 = FACE_BOUND('',#6249,.T.);
#6249 = EDGE_LOOP('',(#6250,#6251,#6259,#6266));
#6250 = ORIENTED_EDGE('',*,*,#1382,.T.);
#6251 = ORIENTED_EDGE('',*,*,#6252,.T.);
#6252 = EDGE_CURVE('',#1375,#6253,#6255,.T.);
#6253 = VERTEX_POINT('',#6254);
#6254 = CARTESIAN_POINT('',(-6.861586863242,-20.91234979276,3.));
#6255 = LINE('',#6256,#6257);
#6256 = CARTESIAN_POINT('',(-6.861586863242,-20.91234979276,0.));
#6257 = VECTOR('',#6258,1.);
#6258 = DIRECTION('',(0.,0.,1.));
#6259 = ORIENTED_EDGE('',*,*,#6260,.F.);
#6260 = EDGE_CURVE('',#6230,#6253,#6261,.T.);
#6261 = CIRCLE('',#6262,1.);
#6262 = AXIS2_PLACEMENT_3D('',#6263,#6264,#6265);
#6263 = CARTESIAN_POINT('',(-7.693941127075,-21.46659376384,3.));
#6264 = DIRECTION('',(-0.,-0.,-1.));
#6265 = DIRECTION('',(0.,-1.,0.));
#6266 = ORIENTED_EDGE('',*,*,#6237,.F.);
#6267 = CYLINDRICAL_SURFACE('',#6268,1.);
#6268 = AXIS2_PLACEMENT_3D('',#6269,#6270,#6271);
#6269 = CARTESIAN_POINT('',(-7.693941127075,-21.46659376384,0.));
#6270 = DIRECTION('',(0.,0.,1.));
#6271 = DIRECTION('',(-0.990354109267,-0.138559511615,0.));
#6272 = ADVANCED_FACE('',(#6273),#6292,.F.);
#6273 = FACE_BOUND('',#6274,.T.);
#6274 = EDGE_LOOP('',(#6275,#6276,#6277,#6286));
#6275 = ORIENTED_EDGE('',*,*,#1348,.T.);
#6276 = ORIENTED_EDGE('',*,*,#6221,.T.);
#6277 = ORIENTED_EDGE('',*,*,#6278,.F.);
#6278 = EDGE_CURVE('',#6279,#6222,#6281,.T.);
#6279 = VERTEX_POINT('',#6280);
#6280 = CARTESIAN_POINT('',(-5.107862028294,-34.55558599271,3.));
#6281 = CIRCLE('',#6282,1.);
#6282 = AXIS2_PLACEMENT_3D('',#6283,#6284,#6285);
#6283 = CARTESIAN_POINT('',(-5.940216292127,-34.00134202163,3.));
#6284 = DIRECTION('',(0.,0.,-1.));
#6285 = DIRECTION('',(-1.,1.2E-16,0.));
#6286 = ORIENTED_EDGE('',*,*,#6287,.F.);
#6287 = EDGE_CURVE('',#1349,#6279,#6288,.T.);
#6288 = LINE('',#6289,#6290);
#6289 = CARTESIAN_POINT('',(-5.107862028294,-34.55558599271,-1.));
#6290 = VECTOR('',#6291,1.);
#6291 = DIRECTION('',(0.,0.,1.));
#6292 = CYLINDRICAL_SURFACE('',#6293,1.);
#6293 = AXIS2_PLACEMENT_3D('',#6294,#6295,#6296);
#6294 = CARTESIAN_POINT('',(-5.940216292127,-34.00134202163,-1.));
#6295 = DIRECTION('',(-0.,-0.,-1.));
#6296 = DIRECTION('',(-1.,1.2E-16,0.));
#6297 = ADVANCED_FACE('',(#6298),#6316,.T.);
#6298 = FACE_BOUND('',#6299,.T.);
#6299 = EDGE_LOOP('',(#6300,#6301,#6309,#6315));
#6300 = ORIENTED_EDGE('',*,*,#1374,.T.);
#6301 = ORIENTED_EDGE('',*,*,#6302,.T.);
#6302 = EDGE_CURVE('',#1366,#6303,#6305,.T.);
#6303 = VERTEX_POINT('',#6304);
#6304 = CARTESIAN_POINT('',(-1.811436128065,-28.49658113628,3.));
#6305 = LINE('',#6306,#6307);
#6306 = CARTESIAN_POINT('',(-1.811436128065,-28.49658113628,0.));
#6307 = VECTOR('',#6308,1.);
#6308 = DIRECTION('',(0.,0.,1.));
#6309 = ORIENTED_EDGE('',*,*,#6310,.F.);
#6310 = EDGE_CURVE('',#6253,#6303,#6311,.T.);
#6311 = LINE('',#6312,#6313);
#6312 = CARTESIAN_POINT('',(-8.003482229045,-19.19747055875,3.));
#6313 = VECTOR('',#6314,1.);
#6314 = DIRECTION('',(0.55424397108,-0.832354263833,0.));
#6315 = ORIENTED_EDGE('',*,*,#6252,.F.);
#6316 = PLANE('',#6317);
#6317 = AXIS2_PLACEMENT_3D('',#6318,#6319,#6320);
#6318 = CARTESIAN_POINT('',(-1.442378873448,-29.05082510736,-1.));
#6319 = DIRECTION('',(-0.832354263833,-0.55424397108,0.));
#6320 = DIRECTION('',(-0.55424397108,0.832354263833,0.));
#6321 = ADVANCED_FACE('',(#6322),#6340,.F.);
#6322 = FACE_BOUND('',#6323,.F.);
#6323 = EDGE_LOOP('',(#6324,#6325,#6333,#6339));
#6324 = ORIENTED_EDGE('',*,*,#1357,.T.);
#6325 = ORIENTED_EDGE('',*,*,#6326,.T.);
#6326 = EDGE_CURVE('',#1358,#6327,#6329,.T.);
#6327 = VERTEX_POINT('',#6328);
#6328 = CARTESIAN_POINT('',(-1.811436128065,-29.60506907844,3.));
#6329 = LINE('',#6330,#6331);
#6330 = CARTESIAN_POINT('',(-1.811436128065,-29.60506907844,0.));
#6331 = VECTOR('',#6332,1.);
#6332 = DIRECTION('',(0.,0.,1.));
#6333 = ORIENTED_EDGE('',*,*,#6334,.F.);
#6334 = EDGE_CURVE('',#6279,#6327,#6335,.T.);
#6335 = LINE('',#6336,#6337);
#6336 = CARTESIAN_POINT('',(5.512978783002,-18.60538608788,3.));
#6337 = VECTOR('',#6338,1.);
#6338 = DIRECTION('',(0.55424397108,0.832354263833,0.));
#6339 = ORIENTED_EDGE('',*,*,#6287,.F.);
#6340 = PLANE('',#6341);
#6341 = AXIS2_PLACEMENT_3D('',#6342,#6343,#6344);
#6342 = CARTESIAN_POINT('',(-1.442378873448,-29.05082510736,-1.));
#6343 = DIRECTION('',(0.832354263833,-0.55424397108,0.));
#6344 = DIRECTION('',(-0.55424397108,-0.832354263833,0.));
#6345 = ADVANCED_FACE('',(#6346),#6358,.F.);
#6346 = FACE_BOUND('',#6347,.T.);
#6347 = EDGE_LOOP('',(#6348,#6349,#6350,#6357));
#6348 = ORIENTED_EDGE('',*,*,#1365,.T.);
#6349 = ORIENTED_EDGE('',*,*,#6326,.T.);
#6350 = ORIENTED_EDGE('',*,*,#6351,.F.);
#6351 = EDGE_CURVE('',#6303,#6327,#6352,.T.);
#6352 = CIRCLE('',#6353,1.);
#6353 = AXIS2_PLACEMENT_3D('',#6354,#6355,#6356);
#6354 = CARTESIAN_POINT('',(-2.643790391898,-29.05082510736,3.));
#6355 = DIRECTION('',(-0.,-0.,-1.));
#6356 = DIRECTION('',(0.,-1.,0.));
#6357 = ORIENTED_EDGE('',*,*,#6302,.F.);
#6358 = CYLINDRICAL_SURFACE('',#6359,1.);
#6359 = AXIS2_PLACEMENT_3D('',#6360,#6361,#6362);
#6360 = CARTESIAN_POINT('',(-2.643790391898,-29.05082510736,0.));
#6361 = DIRECTION('',(0.,0.,1.));
#6362 = DIRECTION('',(0.832354263833,0.55424397108,0.));
#6363 = ADVANCED_FACE('',(#6364),#6383,.F.);
#6364 = FACE_BOUND('',#6365,.T.);
#6365 = EDGE_LOOP('',(#6366,#6374,#6381,#6382));
#6366 = ORIENTED_EDGE('',*,*,#6367,.T.);
#6367 = EDGE_CURVE('',#1392,#6368,#6370,.T.);
#6368 = VERTEX_POINT('',#6369);
#6369 = CARTESIAN_POINT('',(-46.94694186733,-42.47247680603,3.));
#6370 = LINE('',#6371,#6372);
#6371 = CARTESIAN_POINT('',(-46.94694186733,-42.47247680603,0.));
#6372 = VECTOR('',#6373,1.);
#6373 = DIRECTION('',(0.,0.,1.));
#6374 = ORIENTED_EDGE('',*,*,#6375,.T.);
#6375 = EDGE_CURVE('',#6368,#6368,#6376,.T.);
#6376 = CIRCLE('',#6377,1.05);
#6377 = AXIS2_PLACEMENT_3D('',#6378,#6379,#6380);
#6378 = CARTESIAN_POINT('',(-47.99694186733,-42.47247680603,3.));
#6379 = DIRECTION('',(0.,0.,1.));
#6380 = DIRECTION('',(1.,0.,0.));
#6381 = ORIENTED_EDGE('',*,*,#6367,.F.);
#6382 = ORIENTED_EDGE('',*,*,#1391,.F.);
#6383 = CYLINDRICAL_SURFACE('',#6384,1.05);
#6384 = AXIS2_PLACEMENT_3D('',#6385,#6386,#6387);
#6385 = CARTESIAN_POINT('',(-47.99694186733,-42.47247680603,0.));
#6386 = DIRECTION('',(-0.,-0.,-1.));
#6387 = DIRECTION('',(1.,0.,0.));
#6388 = ADVANCED_FACE('',(#6389),#6414,.F.);
#6389 = FACE_BOUND('',#6390,.F.);
#6390 = EDGE_LOOP('',(#6391,#6392,#6400,#6408));
#6391 = ORIENTED_EDGE('',*,*,#1402,.F.);
#6392 = ORIENTED_EDGE('',*,*,#6393,.T.);
#6393 = EDGE_CURVE('',#1403,#6394,#6396,.T.);
#6394 = VERTEX_POINT('',#6395);
#6395 = CARTESIAN_POINT('',(-54.41196709666,-42.7064038927,3.));
#6396 = LINE('',#6397,#6398);
#6397 = CARTESIAN_POINT('',(-54.41196709666,-42.7064038927,0.));
#6398 = VECTOR('',#6399,1.);
#6399 = DIRECTION('',(0.,0.,1.));
#6400 = ORIENTED_EDGE('',*,*,#6401,.T.);
#6401 = EDGE_CURVE('',#6394,#6402,#6404,.T.);
#6402 = VERTEX_POINT('',#6403);
#6403 = CARTESIAN_POINT('',(-54.36936654557,-40.88548041332,3.));
#6404 = LINE('',#6405,#6406);
#6405 = CARTESIAN_POINT('',(-54.43159248384,-43.54527398707,3.));
#6406 = VECTOR('',#6407,1.);
#6407 = DIRECTION('',(2.338862567765E-02,0.999726448679,0.));
#6408 = ORIENTED_EDGE('',*,*,#6409,.F.);
#6409 = EDGE_CURVE('',#1405,#6402,#6410,.T.);
#6410 = LINE('',#6411,#6412);
#6411 = CARTESIAN_POINT('',(-54.36936654557,-40.88548041332,0.));
#6412 = VECTOR('',#6413,1.);
#6413 = DIRECTION('',(0.,0.,1.));
#6414 = PLANE('',#6415);
#6415 = AXIS2_PLACEMENT_3D('',#6416,#6417,#6418);
#6416 = CARTESIAN_POINT('',(-54.43159248384,-43.54527398707,0.));
#6417 = DIRECTION('',(-0.999726448679,2.338862567765E-02,0.));
#6418 = DIRECTION('',(2.338862567765E-02,0.999726448679,0.));
#6419 = ADVANCED_FACE('',(#6420),#6439,.F.);
#6420 = FACE_BOUND('',#6421,.F.);
#6421 = EDGE_LOOP('',(#6422,#6423,#6431,#6438));
#6422 = ORIENTED_EDGE('',*,*,#1412,.T.);
#6423 = ORIENTED_EDGE('',*,*,#6424,.T.);
#6424 = EDGE_CURVE('',#1413,#6425,#6427,.T.);
#6425 = VERTEX_POINT('',#6426);
#6426 = CARTESIAN_POINT('',(-53.60887462386,-43.71026948371,3.));
#6427 = LINE('',#6428,#6429);
#6428 = CARTESIAN_POINT('',(-53.60887462386,-43.71026948371,0.));
#6429 = VECTOR('',#6430,1.);
#6430 = DIRECTION('',(0.,0.,1.));
#6431 = ORIENTED_EDGE('',*,*,#6432,.F.);
#6432 = EDGE_CURVE('',#6394,#6425,#6433,.T.);
#6433 = CIRCLE('',#6434,1.);
#6434 = AXIS2_PLACEMENT_3D('',#6435,#6436,#6437);
#6435 = CARTESIAN_POINT('',(-53.41224064798,-42.72979251838,3.));
#6436 = DIRECTION('',(-0.,0.,1.));
#6437 = DIRECTION('',(0.,-1.,0.));
#6438 = ORIENTED_EDGE('',*,*,#6393,.F.);
#6439 = CYLINDRICAL_SURFACE('',#6440,1.);
#6440 = AXIS2_PLACEMENT_3D('',#6441,#6442,#6443);
#6441 = CARTESIAN_POINT('',(-53.41224064798,-42.72979251838,0.));
#6442 = DIRECTION('',(0.,0.,1.));
#6443 = DIRECTION('',(-0.999726448679,2.338862567765E-02,0.));
#6444 = ADVANCED_FACE('',(#6445),#6464,.F.);
#6445 = FACE_BOUND('',#6446,.T.);
#6446 = EDGE_LOOP('',(#6447,#6448,#6456,#6463));
#6447 = ORIENTED_EDGE('',*,*,#1463,.T.);
#6448 = ORIENTED_EDGE('',*,*,#6449,.T.);
#6449 = EDGE_CURVE('',#1456,#6450,#6452,.T.);
#6450 = VERTEX_POINT('',#6451);
#6451 = CARTESIAN_POINT('',(-53.34625696557,-39.9091424618,3.));
#6452 = LINE('',#6453,#6454);
#6453 = CARTESIAN_POINT('',(-53.34625696557,-39.9091424618,0.));
#6454 = VECTOR('',#6455,1.);
#6455 = DIRECTION('',(0.,0.,1.));
#6456 = ORIENTED_EDGE('',*,*,#6457,.F.);
#6457 = EDGE_CURVE('',#6402,#6450,#6458,.T.);
#6458 = CIRCLE('',#6459,1.);
#6459 = AXIS2_PLACEMENT_3D('',#6460,#6461,#6462);
#6460 = CARTESIAN_POINT('',(-53.36964009689,-40.908869039,3.));
#6461 = DIRECTION('',(-0.,-0.,-1.));
#6462 = DIRECTION('',(0.,-1.,0.));
#6463 = ORIENTED_EDGE('',*,*,#6409,.F.);
#6464 = CYLINDRICAL_SURFACE('',#6465,1.);
#6465 = AXIS2_PLACEMENT_3D('',#6466,#6467,#6468);
#6466 = CARTESIAN_POINT('',(-53.36964009689,-40.908869039,0.));
#6467 = DIRECTION('',(0.,0.,1.));
#6468 = DIRECTION('',(-0.999726448679,2.338862567765E-02,0.));
#6469 = ADVANCED_FACE('',(#6470),#6488,.F.);
#6470 = FACE_BOUND('',#6471,.F.);
#6471 = EDGE_LOOP('',(#6472,#6473,#6481,#6487));
#6472 = ORIENTED_EDGE('',*,*,#1421,.F.);
#6473 = ORIENTED_EDGE('',*,*,#6474,.T.);
#6474 = EDGE_CURVE('',#1422,#6475,#6477,.T.);
#6475 = VERTEX_POINT('',#6476);
#6476 = CARTESIAN_POINT('',(-51.82299445296,-44.06842651428,3.));
#6477 = LINE('',#6478,#6479);
#6478 = CARTESIAN_POINT('',(-51.82299445296,-44.06842651428,0.));
#6479 = VECTOR('',#6480,1.);
#6480 = DIRECTION('',(0.,0.,1.));
#6481 = ORIENTED_EDGE('',*,*,#6482,.T.);
#6482 = EDGE_CURVE('',#6475,#6425,#6483,.T.);
#6483 = LINE('',#6484,#6485);
#6484 = CARTESIAN_POINT('',(-50.84251748764,-44.26506049016,3.));
#6485 = VECTOR('',#6486,1.);
#6486 = DIRECTION('',(-0.980476965324,0.196633975878,0.));
#6487 = ORIENTED_EDGE('',*,*,#6424,.F.);
#6488 = PLANE('',#6489);
#6489 = AXIS2_PLACEMENT_3D('',#6490,#6491,#6492);
#6490 = CARTESIAN_POINT('',(-50.84251748764,-44.26506049016,0.));
#6491 = DIRECTION('',(-0.196633975878,-0.980476965324,0.));
#6492 = DIRECTION('',(-0.980476965324,0.196633975878,0.));
#6493 = ADVANCED_FACE('',(#6494),#6512,.F.);
#6494 = FACE_BOUND('',#6495,.F.);
#6495 = EDGE_LOOP('',(#6496,#6497,#6498,#6506));
#6496 = ORIENTED_EDGE('',*,*,#1455,.F.);
#6497 = ORIENTED_EDGE('',*,*,#6449,.T.);
#6498 = ORIENTED_EDGE('',*,*,#6499,.T.);
#6499 = EDGE_CURVE('',#6450,#6500,#6502,.T.);
#6500 = VERTEX_POINT('',#6501);
#6501 = CARTESIAN_POINT('',(-51.17614372562,-39.95990038306,3.));
#6502 = LINE('',#6503,#6504);
#6503 = CARTESIAN_POINT('',(-54.34597804844,-39.88575945898,3.));
#6504 = VECTOR('',#6505,1.);
#6505 = DIRECTION('',(0.999726577205,-2.338313132932E-02,0.));
#6506 = ORIENTED_EDGE('',*,*,#6507,.F.);
#6507 = EDGE_CURVE('',#1447,#6500,#6508,.T.);
#6508 = LINE('',#6509,#6510);
#6509 = CARTESIAN_POINT('',(-51.17614372562,-39.95990038306,0.));
#6510 = VECTOR('',#6511,1.);
#6511 = DIRECTION('',(0.,0.,1.));
#6512 = PLANE('',#6513);
#6513 = AXIS2_PLACEMENT_3D('',#6514,#6515,#6516);
#6514 = CARTESIAN_POINT('',(-54.34597804844,-39.88575945898,0.));
#6515 = DIRECTION('',(2.338313132932E-02,0.999726577205,0.));
#6516 = DIRECTION('',(0.999726577205,-2.338313132932E-02,0.));
#6517 = ADVANCED_FACE('',(#6518),#6537,.F.);
#6518 = FACE_BOUND('',#6519,.F.);
#6519 = EDGE_LOOP('',(#6520,#6521,#6529,#6536));
#6520 = ORIENTED_EDGE('',*,*,#1429,.T.);
#6521 = ORIENTED_EDGE('',*,*,#6522,.T.);
#6522 = EDGE_CURVE('',#1430,#6523,#6525,.T.);
#6523 = VERTEX_POINT('',#6524);
#6524 = CARTESIAN_POINT('',(-50.64588351176,-43.28458352483,3.));
#6525 = LINE('',#6526,#6527);
#6526 = CARTESIAN_POINT('',(-50.64588351176,-43.28458352483,0.));
#6527 = VECTOR('',#6528,1.);
#6528 = DIRECTION('',(0.,0.,1.));
#6529 = ORIENTED_EDGE('',*,*,#6530,.F.);
#6530 = EDGE_CURVE('',#6475,#6523,#6531,.T.);
#6531 = CIRCLE('',#6532,1.);
#6532 = AXIS2_PLACEMENT_3D('',#6533,#6534,#6535);
#6533 = CARTESIAN_POINT('',(-51.62636047708,-43.08794954896,3.));
#6534 = DIRECTION('',(-0.,0.,1.));
#6535 = DIRECTION('',(0.,-1.,0.));
#6536 = ORIENTED_EDGE('',*,*,#6474,.F.);
#6537 = CYLINDRICAL_SURFACE('',#6538,1.);
#6538 = AXIS2_PLACEMENT_3D('',#6539,#6540,#6541);
#6539 = CARTESIAN_POINT('',(-51.62636047708,-43.08794954896,0.));
#6540 = DIRECTION('',(0.,0.,1.));
#6541 = DIRECTION('',(-0.196633975878,-0.980476965324,0.));
#6542 = ADVANCED_FACE('',(#6543),#6562,.F.);
#6543 = FACE_BOUND('',#6544,.T.);
#6544 = EDGE_LOOP('',(#6545,#6546,#6554,#6561));
#6545 = ORIENTED_EDGE('',*,*,#1446,.T.);
#6546 = ORIENTED_EDGE('',*,*,#6547,.T.);
#6547 = EDGE_CURVE('',#1439,#6548,#6550,.T.);
#6548 = VERTEX_POINT('',#6549);
#6549 = CARTESIAN_POINT('',(-50.21904989162,-41.15626093614,3.));
#6550 = LINE('',#6551,#6552);
#6551 = CARTESIAN_POINT('',(-50.21904989162,-41.15626093614,0.));
#6552 = VECTOR('',#6553,1.);
#6553 = DIRECTION('',(0.,0.,1.));
#6554 = ORIENTED_EDGE('',*,*,#6555,.F.);
#6555 = EDGE_CURVE('',#6500,#6548,#6556,.T.);
#6556 = CIRCLE('',#6557,1.);
#6557 = AXIS2_PLACEMENT_3D('',#6558,#6559,#6560);
#6558 = CARTESIAN_POINT('',(-51.19952685695,-40.95962696026,3.));
#6559 = DIRECTION('',(-0.,-0.,-1.));
#6560 = DIRECTION('',(0.,-1.,0.));
#6561 = ORIENTED_EDGE('',*,*,#6507,.F.);
#6562 = CYLINDRICAL_SURFACE('',#6563,1.);
#6563 = AXIS2_PLACEMENT_3D('',#6564,#6565,#6566);
#6564 = CARTESIAN_POINT('',(-51.19952685695,-40.95962696026,0.));
#6565 = DIRECTION('',(0.,0.,1.));
#6566 = DIRECTION('',(2.338313132932E-02,0.999726577205,0.));
#6567 = ADVANCED_FACE('',(#6568),#6579,.F.);
#6568 = FACE_BOUND('',#6569,.F.);
#6569 = EDGE_LOOP('',(#6570,#6571,#6572,#6578));
#6570 = ORIENTED_EDGE('',*,*,#1438,.F.);
#6571 = ORIENTED_EDGE('',*,*,#6547,.T.);
#6572 = ORIENTED_EDGE('',*,*,#6573,.T.);
#6573 = EDGE_CURVE('',#6548,#6523,#6574,.T.);
#6574 = LINE('',#6575,#6576);
#6575 = CARTESIAN_POINT('',(-49.98470933668,-39.98776746934,3.));
#6576 = VECTOR('',#6577,1.);
#6577 = DIRECTION('',(-0.196633975878,-0.980476965324,0.));
#6578 = ORIENTED_EDGE('',*,*,#6522,.F.);
#6579 = PLANE('',#6580);
#6580 = AXIS2_PLACEMENT_3D('',#6581,#6582,#6583);
#6581 = CARTESIAN_POINT('',(-49.98470933668,-39.98776746934,0.));
#6582 = DIRECTION('',(0.980476965324,-0.196633975878,0.));
#6583 = DIRECTION('',(-0.196633975878,-0.980476965324,0.));
#6584 = ADVANCED_FACE('',(#6585),#6604,.F.);
#6585 = FACE_BOUND('',#6586,.T.);
#6586 = EDGE_LOOP('',(#6587,#6595,#6602,#6603));
#6587 = ORIENTED_EDGE('',*,*,#6588,.T.);
#6588 = EDGE_CURVE('',#1473,#6589,#6591,.T.);
#6589 = VERTEX_POINT('',#6590);
#6590 = CARTESIAN_POINT('',(-41.97752319396,-38.49694186733,3.));
#6591 = LINE('',#6592,#6593);
#6592 = CARTESIAN_POINT('',(-41.97752319396,-38.49694186733,0.));
#6593 = VECTOR('',#6594,1.);
#6594 = DIRECTION('',(0.,0.,1.));
#6595 = ORIENTED_EDGE('',*,*,#6596,.T.);
#6596 = EDGE_CURVE('',#6589,#6589,#6597,.T.);
#6597 = CIRCLE('',#6598,1.05);
#6598 = AXIS2_PLACEMENT_3D('',#6599,#6600,#6601);
#6599 = CARTESIAN_POINT('',(-43.02752319396,-38.49694186733,3.));
#6600 = DIRECTION('',(0.,0.,1.));
#6601 = DIRECTION('',(1.,0.,0.));
#6602 = ORIENTED_EDGE('',*,*,#6588,.F.);
#6603 = ORIENTED_EDGE('',*,*,#1472,.F.);
#6604 = CYLINDRICAL_SURFACE('',#6605,1.05);
#6605 = AXIS2_PLACEMENT_3D('',#6606,#6607,#6608);
#6606 = CARTESIAN_POINT('',(-43.02752319396,-38.49694186733,0.));
#6607 = DIRECTION('',(-0.,-0.,-1.));
#6608 = DIRECTION('',(1.,0.,0.));
#6609 = ADVANCED_FACE('',(#6610),#6629,.F.);
#6610 = FACE_BOUND('',#6611,.T.);
#6611 = EDGE_LOOP('',(#6612,#6620,#6627,#6628));
#6612 = ORIENTED_EDGE('',*,*,#6613,.T.);
#6613 = EDGE_CURVE('',#1484,#6614,#6616,.T.);
#6614 = VERTEX_POINT('',#6615);
#6615 = CARTESIAN_POINT('',(-45.125,-38.,3.));
#6616 = LINE('',#6617,#6618);
#6617 = CARTESIAN_POINT('',(-45.125,-38.,0.));
#6618 = VECTOR('',#6619,1.);
#6619 = DIRECTION('',(0.,0.,1.));
#6620 = ORIENTED_EDGE('',*,*,#6621,.T.);
#6621 = EDGE_CURVE('',#6614,#6614,#6622,.T.);
#6622 = CIRCLE('',#6623,2.375);
#6623 = AXIS2_PLACEMENT_3D('',#6624,#6625,#6626);
#6624 = CARTESIAN_POINT('',(-47.5,-38.,3.));
#6625 = DIRECTION('',(0.,0.,1.));
#6626 = DIRECTION('',(1.,0.,0.));
#6627 = ORIENTED_EDGE('',*,*,#6613,.F.);
#6628 = ORIENTED_EDGE('',*,*,#1483,.F.);
#6629 = CYLINDRICAL_SURFACE('',#6630,2.375);
#6630 = AXIS2_PLACEMENT_3D('',#6631,#6632,#6633);
#6631 = CARTESIAN_POINT('',(-47.5,-38.,0.));
#6632 = DIRECTION('',(-0.,-0.,-1.));
#6633 = DIRECTION('',(1.,0.,0.));
#6634 = ADVANCED_FACE('',(#6635),#6654,.F.);
#6635 = FACE_BOUND('',#6636,.T.);
#6636 = EDGE_LOOP('',(#6637,#6645,#6652,#6653));
#6637 = ORIENTED_EDGE('',*,*,#6638,.T.);
#6638 = EDGE_CURVE('',#1495,#6639,#6641,.T.);
#6639 = VERTEX_POINT('',#6640);
#6640 = CARTESIAN_POINT('',(-45.95305813266,-33.52752319396,3.));
#6641 = LINE('',#6642,#6643);
#6642 = CARTESIAN_POINT('',(-45.95305813266,-33.52752319396,0.));
#6643 = VECTOR('',#6644,1.);
#6644 = DIRECTION('',(0.,0.,1.));
#6645 = ORIENTED_EDGE('',*,*,#6646,.T.);
#6646 = EDGE_CURVE('',#6639,#6639,#6647,.T.);
#6647 = CIRCLE('',#6648,1.05);
#6648 = AXIS2_PLACEMENT_3D('',#6649,#6650,#6651);
#6649 = CARTESIAN_POINT('',(-47.00305813266,-33.52752319396,3.));
#6650 = DIRECTION('',(0.,0.,1.));
#6651 = DIRECTION('',(1.,0.,0.));
#6652 = ORIENTED_EDGE('',*,*,#6638,.F.);
#6653 = ORIENTED_EDGE('',*,*,#1494,.F.);
#6654 = CYLINDRICAL_SURFACE('',#6655,1.05);
#6655 = AXIS2_PLACEMENT_3D('',#6656,#6657,#6658);
#6656 = CARTESIAN_POINT('',(-47.00305813266,-33.52752319396,0.));
#6657 = DIRECTION('',(-0.,-0.,-1.));
#6658 = DIRECTION('',(1.,0.,0.));
#6659 = ADVANCED_FACE('',(#6660),#6679,.F.);
#6660 = FACE_BOUND('',#6661,.T.);
#6661 = EDGE_LOOP('',(#6662,#6670,#6677,#6678));
#6662 = ORIENTED_EDGE('',*,*,#6663,.T.);
#6663 = EDGE_CURVE('',#1506,#6664,#6666,.T.);
#6664 = VERTEX_POINT('',#6665);
#6665 = CARTESIAN_POINT('',(-50.92247680603,-37.50305813266,3.));
#6666 = LINE('',#6667,#6668);
#6667 = CARTESIAN_POINT('',(-50.92247680603,-37.50305813266,0.));
#6668 = VECTOR('',#6669,1.);
#6669 = DIRECTION('',(0.,0.,1.));
#6670 = ORIENTED_EDGE('',*,*,#6671,.T.);
#6671 = EDGE_CURVE('',#6664,#6664,#6672,.T.);
#6672 = CIRCLE('',#6673,1.05);
#6673 = AXIS2_PLACEMENT_3D('',#6674,#6675,#6676);
#6674 = CARTESIAN_POINT('',(-51.97247680603,-37.50305813266,3.));
#6675 = DIRECTION('',(0.,0.,1.));
#6676 = DIRECTION('',(1.,0.,0.));
#6677 = ORIENTED_EDGE('',*,*,#6663,.F.);
#6678 = ORIENTED_EDGE('',*,*,#1505,.F.);
#6679 = CYLINDRICAL_SURFACE('',#6680,1.05);
#6680 = AXIS2_PLACEMENT_3D('',#6681,#6682,#6683);
#6681 = CARTESIAN_POINT('',(-51.97247680603,-37.50305813266,0.));
#6682 = DIRECTION('',(-0.,-0.,-1.));
#6683 = DIRECTION('',(1.,0.,0.));
#6684 = ADVANCED_FACE('',(#6685),#6710,.F.);
#6685 = FACE_BOUND('',#6686,.F.);
#6686 = EDGE_LOOP('',(#6687,#6697,#6703,#6704));
#6687 = ORIENTED_EDGE('',*,*,#6688,.F.);
#6688 = EDGE_CURVE('',#6689,#6691,#6693,.T.);
#6689 = VERTEX_POINT('',#6690);
#6690 = CARTESIAN_POINT('',(-2.601373682743,-3.164926824248,3.));
#6691 = VERTEX_POINT('',#6692);
#6692 = CARTESIAN_POINT('',(-7.891913772554,-7.147053773569,3.));
#6693 = LINE('',#6694,#6695);
#6694 = CARTESIAN_POINT('',(-6.33037343107,-5.971700828366,3.));
#6695 = VECTOR('',#6696,1.);
#6696 = DIRECTION('',(-0.798967892787,-0.601373682743,0.));
#6697 = ORIENTED_EDGE('',*,*,#6698,.F.);
#6698 = EDGE_CURVE('',#1517,#6689,#6699,.T.);
#6699 = LINE('',#6700,#6701);
#6700 = CARTESIAN_POINT('',(-2.601373682743,-3.164926824248,0.));
#6701 = VECTOR('',#6702,1.);
#6702 = DIRECTION('',(0.,0.,1.));
#6703 = ORIENTED_EDGE('',*,*,#1516,.T.);
#6704 = ORIENTED_EDGE('',*,*,#6705,.F.);
#6705 = EDGE_CURVE('',#6691,#1519,#6706,.T.);
#6706 = LINE('',#6707,#6708);
#6707 = CARTESIAN_POINT('',(-7.891913772554,-7.147053773569,3.));
#6708 = VECTOR('',#6709,1.);
#6709 = DIRECTION('',(-0.,-0.,-1.));
#6710 = PLANE('',#6711);
#6711 = AXIS2_PLACEMENT_3D('',#6712,#6713,#6714);
#6712 = CARTESIAN_POINT('',(-13.25845263451,-11.18638409977,-1.));
#6713 = DIRECTION('',(-0.601373682743,0.798967892787,0.));
#6714 = DIRECTION('',(0.798967892787,0.601373682743,0.));
#6715 = ADVANCED_FACE('',(#6716),#6735,.F.);
#6716 = FACE_BOUND('',#6717,.T.);
#6717 = EDGE_LOOP('',(#6718,#6719,#6727,#6734));
#6718 = ORIENTED_EDGE('',*,*,#1578,.T.);
#6719 = ORIENTED_EDGE('',*,*,#6720,.T.);
#6720 = EDGE_CURVE('',#1571,#6721,#6723,.T.);
#6721 = VERTEX_POINT('',#6722);
#6722 = CARTESIAN_POINT('',(-1.,-3.963894717035,3.));
#6723 = LINE('',#6724,#6725);
#6724 = CARTESIAN_POINT('',(-1.,-3.963894717035,0.));
#6725 = VECTOR('',#6726,1.);
#6726 = DIRECTION('',(0.,0.,1.));
#6727 = ORIENTED_EDGE('',*,*,#6728,.F.);
#6728 = EDGE_CURVE('',#6689,#6721,#6729,.T.);
#6729 = CIRCLE('',#6730,1.);
#6730 = AXIS2_PLACEMENT_3D('',#6731,#6732,#6733);
#6731 = CARTESIAN_POINT('',(-2.,-3.963894717035,3.));
#6732 = DIRECTION('',(-0.,-0.,-1.));
#6733 = DIRECTION('',(0.,-1.,0.));
#6734 = ORIENTED_EDGE('',*,*,#6698,.F.);
#6735 = CYLINDRICAL_SURFACE('',#6736,1.);
#6736 = AXIS2_PLACEMENT_3D('',#6737,#6738,#6739);
#6737 = CARTESIAN_POINT('',(-2.,-3.963894717035,0.));
#6738 = DIRECTION('',(0.,0.,1.));
#6739 = DIRECTION('',(-0.601373682743,0.798967892787,0.));
#6740 = ADVANCED_FACE('',(#6741),#6760,.F.);
#6741 = FACE_BOUND('',#6742,.T.);
#6742 = EDGE_LOOP('',(#6743,#6752,#6758,#6759));
#6743 = ORIENTED_EDGE('',*,*,#6744,.T.);
#6744 = EDGE_CURVE('',#6691,#6745,#6747,.T.);
#6745 = VERTEX_POINT('',#6746);
#6746 = CARTESIAN_POINT('',(-8.087440063396,-8.550132940957,3.));
#6747 = CIRCLE('',#6748,1.);
#6748 = AXIS2_PLACEMENT_3D('',#6749,#6750,#6751);
#6749 = CARTESIAN_POINT('',(-7.290540089812,-7.946021666355,3.));
#6750 = DIRECTION('',(0.,-0.,1.));
#6751 = DIRECTION('',(0.,1.,0.));
#6752 = ORIENTED_EDGE('',*,*,#6753,.T.);
#6753 = EDGE_CURVE('',#6745,#1527,#6754,.T.);
#6754 = LINE('',#6755,#6756);
#6755 = CARTESIAN_POINT('',(-8.087440063396,-8.550132940957,3.));
#6756 = VECTOR('',#6757,1.);
#6757 = DIRECTION('',(-0.,-0.,-1.));
#6758 = ORIENTED_EDGE('',*,*,#1526,.F.);
#6759 = ORIENTED_EDGE('',*,*,#6705,.F.);
#6760 = CYLINDRICAL_SURFACE('',#6761,1.);
#6761 = AXIS2_PLACEMENT_3D('',#6762,#6763,#6764);
#6762 = CARTESIAN_POINT('',(-7.290540089812,-7.946021666355,3.));
#6763 = DIRECTION('',(-0.,-0.,-1.));
#6764 = DIRECTION('',(-0.601373682743,0.798967892787,0.));
#6765 = ADVANCED_FACE('',(#6766),#6784,.T.);
#6766 = FACE_BOUND('',#6767,.T.);
#6767 = EDGE_LOOP('',(#6768,#6769,#6777,#6783));
#6768 = ORIENTED_EDGE('',*,*,#1570,.T.);
#6769 = ORIENTED_EDGE('',*,*,#6770,.T.);
#6770 = EDGE_CURVE('',#1562,#6771,#6773,.T.);
#6771 = VERTEX_POINT('',#6772);
#6772 = CARTESIAN_POINT('',(-1.,-12.76572021314,3.));
#6773 = LINE('',#6774,#6775);
#6774 = CARTESIAN_POINT('',(-1.,-12.76572021314,0.));
#6775 = VECTOR('',#6776,1.);
#6776 = DIRECTION('',(0.,0.,1.));
#6777 = ORIENTED_EDGE('',*,*,#6778,.F.);
#6778 = EDGE_CURVE('',#6721,#6771,#6779,.T.);
#6779 = LINE('',#6780,#6781);
#6780 = CARTESIAN_POINT('',(-1.,-6.887681228164,3.));
#6781 = VECTOR('',#6782,1.);
#6782 = DIRECTION('',(-1.2E-16,-1.,0.));
#6783 = ORIENTED_EDGE('',*,*,#6720,.F.);
#6784 = PLANE('',#6785);
#6785 = AXIS2_PLACEMENT_3D('',#6786,#6787,#6788);
#6786 = CARTESIAN_POINT('',(-1.,-14.02360562191,-1.));
#6787 = DIRECTION('',(-1.,1.2E-16,0.));
#6788 = DIRECTION('',(1.2E-16,1.,0.));
#6789 = ADVANCED_FACE('',(#6790),#6809,.T.);
#6790 = FACE_BOUND('',#6791,.F.);
#6791 = EDGE_LOOP('',(#6792,#6793,#6801,#6808));
#6792 = ORIENTED_EDGE('',*,*,#1535,.F.);
#6793 = ORIENTED_EDGE('',*,*,#6794,.F.);
#6794 = EDGE_CURVE('',#6795,#1536,#6797,.T.);
#6795 = VERTEX_POINT('',#6796);
#6796 = CARTESIAN_POINT('',(-7.885198639047,-11.13473133547,3.));
#6797 = LINE('',#6798,#6799);
#6798 = CARTESIAN_POINT('',(-7.885198639047,-11.13473133547,3.));
#6799 = VECTOR('',#6800,1.);
#6800 = DIRECTION('',(-0.,-0.,-1.));
#6801 = ORIENTED_EDGE('',*,*,#6802,.T.);
#6802 = EDGE_CURVE('',#6795,#6745,#6803,.T.);
#6803 = CIRCLE('',#6804,2.4);
#6804 = AXIS2_PLACEMENT_3D('',#6805,#6806,#6807);
#6805 = CARTESIAN_POINT('',(-10.,-10.,3.));
#6806 = DIRECTION('',(0.,0.,1.));
#6807 = DIRECTION('',(1.,0.,0.));
#6808 = ORIENTED_EDGE('',*,*,#6753,.T.);
#6809 = CYLINDRICAL_SURFACE('',#6810,2.4);
#6810 = AXIS2_PLACEMENT_3D('',#6811,#6812,#6813);
#6811 = CARTESIAN_POINT('',(-10.,-10.,0.));
#6812 = DIRECTION('',(-0.,-0.,-1.));
#6813 = DIRECTION('',(1.,0.,0.));
#6814 = ADVANCED_FACE('',(#6815),#6834,.F.);
#6815 = FACE_BOUND('',#6816,.T.);
#6816 = EDGE_LOOP('',(#6817,#6818,#6826,#6833));
#6817 = ORIENTED_EDGE('',*,*,#1561,.T.);
#6818 = ORIENTED_EDGE('',*,*,#6819,.T.);
#6819 = EDGE_CURVE('',#1554,#6820,#6822,.T.);
#6820 = VERTEX_POINT('',#6821);
#6821 = CARTESIAN_POINT('',(-2.225489362441,-13.73996584306,3.));
#6822 = LINE('',#6823,#6824);
#6823 = CARTESIAN_POINT('',(-2.225489362441,-13.73996584306,0.));
#6824 = VECTOR('',#6825,1.);
#6825 = DIRECTION('',(0.,0.,1.));
#6826 = ORIENTED_EDGE('',*,*,#6827,.F.);
#6827 = EDGE_CURVE('',#6771,#6820,#6828,.T.);
#6828 = CIRCLE('',#6829,1.);
#6829 = AXIS2_PLACEMENT_3D('',#6830,#6831,#6832);
#6830 = CARTESIAN_POINT('',(-2.,-12.76572021314,3.));
#6831 = DIRECTION('',(-0.,-0.,-1.));
#6832 = DIRECTION('',(0.,-1.,0.));
#6833 = ORIENTED_EDGE('',*,*,#6770,.F.);
#6834 = CYLINDRICAL_SURFACE('',#6835,1.);
#6835 = AXIS2_PLACEMENT_3D('',#6836,#6837,#6838);
#6836 = CARTESIAN_POINT('',(-2.,-12.76572021314,0.));
#6837 = DIRECTION('',(0.,0.,1.));
#6838 = DIRECTION('',(1.,-1.2E-16,0.));
#6839 = ADVANCED_FACE('',(#6840),#6859,.F.);
#6840 = FACE_BOUND('',#6841,.T.);
#6841 = EDGE_LOOP('',(#6842,#6851,#6857,#6858));
#6842 = ORIENTED_EDGE('',*,*,#6843,.T.);
#6843 = EDGE_CURVE('',#6795,#6844,#6846,.T.);
#6844 = VERTEX_POINT('',#6845);
#6845 = CARTESIAN_POINT('',(-7.229520767758,-12.58178168851,3.));
#6846 = CIRCLE('',#6847,1.);
#6847 = AXIS2_PLACEMENT_3D('',#6848,#6849,#6850);
#6848 = CARTESIAN_POINT('',(-7.004031405317,-11.60753605859,3.));
#6849 = DIRECTION('',(0.,-0.,1.));
#6850 = DIRECTION('',(0.,1.,0.));
#6851 = ORIENTED_EDGE('',*,*,#6852,.T.);
#6852 = EDGE_CURVE('',#6844,#1545,#6853,.T.);
#6853 = LINE('',#6854,#6855);
#6854 = CARTESIAN_POINT('',(-7.229520767758,-12.58178168851,3.));
#6855 = VECTOR('',#6856,1.);
#6856 = DIRECTION('',(-0.,-0.,-1.));
#6857 = ORIENTED_EDGE('',*,*,#1544,.F.);
#6858 = ORIENTED_EDGE('',*,*,#6794,.F.);
#6859 = CYLINDRICAL_SURFACE('',#6860,1.);
#6860 = AXIS2_PLACEMENT_3D('',#6861,#6862,#6863);
#6861 = CARTESIAN_POINT('',(-7.004031405317,-11.60753605859,3.));
#6862 = DIRECTION('',(-0.,-0.,-1.));
#6863 = DIRECTION('',(-0.88116723373,0.472804723115,0.));
#6864 = ADVANCED_FACE('',(#6865),#6876,.F.);
#6865 = FACE_BOUND('',#6866,.F.);
#6866 = EDGE_LOOP('',(#6867,#6873,#6874,#6875));
#6867 = ORIENTED_EDGE('',*,*,#6868,.F.);
#6868 = EDGE_CURVE('',#6844,#6820,#6869,.T.);
#6869 = LINE('',#6870,#6871);
#6870 = CARTESIAN_POINT('',(-5.233100513354,-13.04385358958,3.));
#6871 = VECTOR('',#6872,1.);
#6872 = DIRECTION('',(0.974245629924,-0.225489362441,0.));
#6873 = ORIENTED_EDGE('',*,*,#6852,.T.);
#6874 = ORIENTED_EDGE('',*,*,#1553,.T.);
#6875 = ORIENTED_EDGE('',*,*,#6819,.T.);
#6876 = PLANE('',#6877);
#6877 = AXIS2_PLACEMENT_3D('',#6878,#6879,#6880);
#6878 = CARTESIAN_POINT('',(-7.129226317257,-12.60499486084,1.5));
#6879 = DIRECTION('',(-0.225489362441,-0.974245629924,-0.));
#6880 = DIRECTION('',(-0.974245629924,0.225489362441,0.));
#6881 = ADVANCED_FACE('',(#6882),#6901,.F.);
#6882 = FACE_BOUND('',#6883,.T.);
#6883 = EDGE_LOOP('',(#6884,#6892,#6899,#6900));
#6884 = ORIENTED_EDGE('',*,*,#6885,.T.);
#6885 = EDGE_CURVE('',#1588,#6886,#6888,.T.);
#6886 = VERTEX_POINT('',#6887);
#6887 = CARTESIAN_POINT('',(-8.95,-10.,3.));
#6888 = LINE('',#6889,#6890);
#6889 = CARTESIAN_POINT('',(-8.95,-10.,0.));
#6890 = VECTOR('',#6891,1.);
#6891 = DIRECTION('',(0.,0.,1.));
#6892 = ORIENTED_EDGE('',*,*,#6893,.T.);
#6893 = EDGE_CURVE('',#6886,#6886,#6894,.T.);
#6894 = CIRCLE('',#6895,1.05);
#6895 = AXIS2_PLACEMENT_3D('',#6896,#6897,#6898);
#6896 = CARTESIAN_POINT('',(-10.,-10.,3.));
#6897 = DIRECTION('',(0.,0.,1.));
#6898 = DIRECTION('',(1.,0.,0.));
#6899 = ORIENTED_EDGE('',*,*,#6885,.F.);
#6900 = ORIENTED_EDGE('',*,*,#1587,.F.);
#6901 = CYLINDRICAL_SURFACE('',#6902,1.05);
#6902 = AXIS2_PLACEMENT_3D('',#6903,#6904,#6905);
#6903 = CARTESIAN_POINT('',(-10.,-10.,0.));
#6904 = DIRECTION('',(-0.,-0.,-1.));
#6905 = DIRECTION('',(1.,0.,0.));
#6906 = ADVANCED_FACE('',(#6907),#6932,.F.);
#6907 = FACE_BOUND('',#6908,.F.);
#6908 = EDGE_LOOP('',(#6909,#6910,#6918,#6926));
#6909 = ORIENTED_EDGE('',*,*,#1598,.T.);
#6910 = ORIENTED_EDGE('',*,*,#6911,.T.);
#6911 = EDGE_CURVE('',#1601,#6912,#6914,.T.);
#6912 = VERTEX_POINT('',#6913);
#6913 = CARTESIAN_POINT('',(-13.4612,-1.,3.));
#6914 = LINE('',#6915,#6916);
#6915 = CARTESIAN_POINT('',(-13.4612,-1.,0.));
#6916 = VECTOR('',#6917,1.);
#6917 = DIRECTION('',(0.,0.,1.));
#6918 = ORIENTED_EDGE('',*,*,#6919,.F.);
#6919 = EDGE_CURVE('',#6920,#6912,#6922,.T.);
#6920 = VERTEX_POINT('',#6921);
#6921 = CARTESIAN_POINT('',(-6.042263980007,-1.,3.));
#6922 = LINE('',#6923,#6924);
#6923 = CARTESIAN_POINT('',(-7.310071041653,-1.,3.));
#6924 = VECTOR('',#6925,1.);
#6925 = DIRECTION('',(-1.,1.2E-16,0.));
#6926 = ORIENTED_EDGE('',*,*,#6927,.F.);
#6927 = EDGE_CURVE('',#1599,#6920,#6928,.T.);
#6928 = LINE('',#6929,#6930);
#6929 = CARTESIAN_POINT('',(-6.042263980007,-1.,0.));
#6930 = VECTOR('',#6931,1.);
#6931 = DIRECTION('',(0.,0.,1.));
#6932 = PLANE('',#6933);
#6933 = AXIS2_PLACEMENT_3D('',#6934,#6935,#6936);
#6934 = CARTESIAN_POINT('',(-14.4612,-1.,-1.));
#6935 = DIRECTION('',(1.2E-16,1.,0.));
#6936 = DIRECTION('',(1.,-1.2E-16,0.));
#6937 = ADVANCED_FACE('',(#6938),#6957,.F.);
#6938 = FACE_BOUND('',#6939,.T.);
#6939 = EDGE_LOOP('',(#6940,#6941,#6949,#6956));
#6940 = ORIENTED_EDGE('',*,*,#1642,.T.);
#6941 = ORIENTED_EDGE('',*,*,#6942,.T.);
#6942 = EDGE_CURVE('',#1635,#6943,#6945,.T.);
#6943 = VERTEX_POINT('',#6944);
#6944 = CARTESIAN_POINT('',(-5.440890297264,-2.798967892787,3.));
#6945 = LINE('',#6946,#6947);
#6946 = CARTESIAN_POINT('',(-5.440890297264,-2.798967892787,0.));
#6947 = VECTOR('',#6948,1.);
#6948 = DIRECTION('',(0.,0.,1.));
#6949 = ORIENTED_EDGE('',*,*,#6950,.F.);
#6950 = EDGE_CURVE('',#6920,#6943,#6951,.T.);
#6951 = CIRCLE('',#6952,1.);
#6952 = AXIS2_PLACEMENT_3D('',#6953,#6954,#6955);
#6953 = CARTESIAN_POINT('',(-6.042263980007,-2.,3.));
#6954 = DIRECTION('',(-0.,-0.,-1.));
#6955 = DIRECTION('',(0.,-1.,0.));
#6956 = ORIENTED_EDGE('',*,*,#6927,.F.);
#6957 = CYLINDRICAL_SURFACE('',#6958,1.);
#6958 = AXIS2_PLACEMENT_3D('',#6959,#6960,#6961);
#6959 = CARTESIAN_POINT('',(-6.042263980007,-2.,0.));
#6960 = DIRECTION('',(0.,0.,1.));
#6961 = DIRECTION('',(1.2E-16,1.,0.));
#6962 = ADVANCED_FACE('',(#6963),#6982,.F.);
#6963 = FACE_BOUND('',#6964,.F.);
#6964 = EDGE_LOOP('',(#6965,#6966,#6974,#6981));
#6965 = ORIENTED_EDGE('',*,*,#1608,.T.);
#6966 = ORIENTED_EDGE('',*,*,#6967,.T.);
#6967 = EDGE_CURVE('',#1609,#6968,#6970,.T.);
#6968 = VERTEX_POINT('',#6969);
#6969 = CARTESIAN_POINT('',(-14.4612,-2.,3.));
#6970 = LINE('',#6971,#6972);
#6971 = CARTESIAN_POINT('',(-14.4612,-2.,0.));
#6972 = VECTOR('',#6973,1.);
#6973 = DIRECTION('',(0.,0.,1.));
#6974 = ORIENTED_EDGE('',*,*,#6975,.F.);
#6975 = EDGE_CURVE('',#6912,#6968,#6976,.T.);
#6976 = CIRCLE('',#6977,1.);
#6977 = AXIS2_PLACEMENT_3D('',#6978,#6979,#6980);
#6978 = CARTESIAN_POINT('',(-13.4612,-2.,3.));
#6979 = DIRECTION('',(-0.,0.,1.));
#6980 = DIRECTION('',(0.,-1.,0.));
#6981 = ORIENTED_EDGE('',*,*,#6911,.F.);
#6982 = CYLINDRICAL_SURFACE('',#6983,1.);
#6983 = AXIS2_PLACEMENT_3D('',#6984,#6985,#6986);
#6984 = CARTESIAN_POINT('',(-13.4612,-2.,0.));
#6985 = DIRECTION('',(0.,0.,1.));
#6986 = DIRECTION('',(1.2E-16,1.,0.));
#6987 = ADVANCED_FACE('',(#6988),#7006,.T.);
#6988 = FACE_BOUND('',#6989,.T.);
#6989 = EDGE_LOOP('',(#6990,#6991,#6999,#7005));
#6990 = ORIENTED_EDGE('',*,*,#1634,.T.);
#6991 = ORIENTED_EDGE('',*,*,#6992,.T.);
#6992 = EDGE_CURVE('',#1626,#6993,#6995,.T.);
#6993 = VERTEX_POINT('',#6994);
#6994 = CARTESIAN_POINT('',(-12.85982631725,-8.38311328418,3.));
#6995 = LINE('',#6996,#6997);
#6996 = CARTESIAN_POINT('',(-12.85982631725,-8.38311328418,0.));
#6997 = VECTOR('',#6998,1.);
#6998 = DIRECTION('',(0.,0.,1.));
#6999 = ORIENTED_EDGE('',*,*,#7000,.F.);
#7000 = EDGE_CURVE('',#6943,#6993,#7001,.T.);
#7001 = LINE('',#7002,#7003);
#7002 = CARTESIAN_POINT('',(-7.533120796556,-4.373765042792,3.));
#7003 = VECTOR('',#7004,1.);
#7004 = DIRECTION('',(-0.798967892787,-0.601373682743,0.));
#7005 = ORIENTED_EDGE('',*,*,#6942,.F.);
#7006 = PLANE('',#7007);
#7007 = AXIS2_PLACEMENT_3D('',#7008,#7009,#7010);
#7008 = CARTESIAN_POINT('',(-14.4612,-9.588448314201,-1.));
#7009 = DIRECTION('',(-0.601373682743,0.798967892787,0.));
#7010 = DIRECTION('',(0.798967892787,0.601373682743,0.));
#7011 = ADVANCED_FACE('',(#7012),#7030,.F.);
#7012 = FACE_BOUND('',#7013,.F.);
#7013 = EDGE_LOOP('',(#7014,#7015,#7023,#7029));
#7014 = ORIENTED_EDGE('',*,*,#1617,.T.);
#7015 = ORIENTED_EDGE('',*,*,#7016,.T.);
#7016 = EDGE_CURVE('',#1618,#7017,#7019,.T.);
#7017 = VERTEX_POINT('',#7018);
#7018 = CARTESIAN_POINT('',(-14.4612,-7.584145391393,3.));
#7019 = LINE('',#7020,#7021);
#7020 = CARTESIAN_POINT('',(-14.4612,-7.584145391393,0.));
#7021 = VECTOR('',#7022,1.);
#7022 = DIRECTION('',(0.,0.,1.));
#7023 = ORIENTED_EDGE('',*,*,#7024,.F.);
#7024 = EDGE_CURVE('',#6968,#7017,#7025,.T.);
#7025 = LINE('',#7026,#7027);
#7026 = CARTESIAN_POINT('',(-14.4612,-4.670102574306,3.));
#7027 = VECTOR('',#7028,1.);
#7028 = DIRECTION('',(-1.2E-16,-1.,0.));
#7029 = ORIENTED_EDGE('',*,*,#6967,.F.);
#7030 = PLANE('',#7031);
#7031 = AXIS2_PLACEMENT_3D('',#7032,#7033,#7034);
#7032 = CARTESIAN_POINT('',(-14.4612,-9.588448314201,-1.));
#7033 = DIRECTION('',(-1.,1.2E-16,0.));
#7034 = DIRECTION('',(1.2E-16,1.,0.));
#7035 = ADVANCED_FACE('',(#7036),#7048,.F.);
#7036 = FACE_BOUND('',#7037,.T.);
#7037 = EDGE_LOOP('',(#7038,#7039,#7040,#7047));
#7038 = ORIENTED_EDGE('',*,*,#1625,.T.);
#7039 = ORIENTED_EDGE('',*,*,#7016,.T.);
#7040 = ORIENTED_EDGE('',*,*,#7041,.F.);
#7041 = EDGE_CURVE('',#6993,#7017,#7042,.T.);
#7042 = CIRCLE('',#7043,1.);
#7043 = AXIS2_PLACEMENT_3D('',#7044,#7045,#7046);
#7044 = CARTESIAN_POINT('',(-13.4612,-7.584145391393,3.));
#7045 = DIRECTION('',(-0.,-0.,-1.));
#7046 = DIRECTION('',(0.,-1.,0.));
#7047 = ORIENTED_EDGE('',*,*,#6992,.F.);
#7048 = CYLINDRICAL_SURFACE('',#7049,1.);
#7049 = AXIS2_PLACEMENT_3D('',#7050,#7051,#7052);
#7050 = CARTESIAN_POINT('',(-13.4612,-7.584145391393,0.));
#7051 = DIRECTION('',(0.,0.,1.));
#7052 = DIRECTION('',(0.601373682743,-0.798967892787,0.));
#7053 = ADVANCED_FACE('',(#7054),#7073,.F.);
#7054 = FACE_BOUND('',#7055,.T.);
#7055 = EDGE_LOOP('',(#7056,#7064,#7071,#7072));
#7056 = ORIENTED_EDGE('',*,*,#7057,.T.);
#7057 = EDGE_CURVE('',#1652,#7058,#7060,.T.);
#7058 = VERTEX_POINT('',#7059);
#7059 = CARTESIAN_POINT('',(19.081222920257,0.,3.));
#7060 = LINE('',#7061,#7062);
#7061 = CARTESIAN_POINT('',(19.081222920257,0.,0.));
#7062 = VECTOR('',#7063,1.);
#7063 = DIRECTION('',(0.,0.,1.));
#7064 = ORIENTED_EDGE('',*,*,#7065,.T.);
#7065 = EDGE_CURVE('',#7058,#7058,#7066,.T.);
#7066 = CIRCLE('',#7067,1.05);
#7067 = AXIS2_PLACEMENT_3D('',#7068,#7069,#7070);
#7068 = CARTESIAN_POINT('',(18.031222920257,0.,3.));
#7069 = DIRECTION('',(0.,0.,1.));
#7070 = DIRECTION('',(1.,0.,0.));
#7071 = ORIENTED_EDGE('',*,*,#7057,.F.);
#7072 = ORIENTED_EDGE('',*,*,#1651,.F.);
#7073 = CYLINDRICAL_SURFACE('',#7074,1.05);
#7074 = AXIS2_PLACEMENT_3D('',#7075,#7076,#7077);
#7075 = CARTESIAN_POINT('',(18.031222920257,0.,0.));
#7076 = DIRECTION('',(-0.,-0.,-1.));
#7077 = DIRECTION('',(1.,0.,0.));
#7078 = ADVANCED_FACE('',(#7079),#7104,.F.);
#7079 = FACE_BOUND('',#7080,.F.);
#7080 = EDGE_LOOP('',(#7081,#7082,#7090,#7098));
#7081 = ORIENTED_EDGE('',*,*,#1662,.T.);
#7082 = ORIENTED_EDGE('',*,*,#7083,.T.);
#7083 = EDGE_CURVE('',#1665,#7084,#7086,.T.);
#7084 = VERTEX_POINT('',#7085);
#7085 = CARTESIAN_POINT('',(5.440890297264,2.798967892787,3.));
#7086 = LINE('',#7087,#7088);
#7087 = CARTESIAN_POINT('',(5.440890297264,2.798967892787,0.));
#7088 = VECTOR('',#7089,1.);
#7089 = DIRECTION('',(0.,0.,1.));
#7090 = ORIENTED_EDGE('',*,*,#7091,.F.);
#7091 = EDGE_CURVE('',#7092,#7084,#7094,.T.);
#7092 = VERTEX_POINT('',#7093);
#7093 = CARTESIAN_POINT('',(12.859826317257,8.38311328418,3.));
#7094 = LINE('',#7095,#7096);
#7095 = CARTESIAN_POINT('',(1.845752088628,9.294988628648E-02,3.));
#7096 = VECTOR('',#7097,1.);
#7097 = DIRECTION('',(-0.798967892787,-0.601373682743,0.));
#7098 = ORIENTED_EDGE('',*,*,#7099,.F.);
#7099 = EDGE_CURVE('',#1663,#7092,#7100,.T.);
#7100 = LINE('',#7101,#7102);
#7101 = CARTESIAN_POINT('',(12.859826317257,8.38311328418,0.));
#7102 = VECTOR('',#7103,1.);
#7103 = DIRECTION('',(0.,0.,1.));
#7104 = PLANE('',#7105);
#7105 = AXIS2_PLACEMENT_3D('',#7106,#7107,#7108);
#7106 = CARTESIAN_POINT('',(3.05083295399,1.,-1.));
#7107 = DIRECTION('',(-0.601373682743,0.798967892787,0.));
#7108 = DIRECTION('',(0.798967892787,0.601373682743,0.));
#7109 = ADVANCED_FACE('',(#7110),#7129,.F.);
#7110 = FACE_BOUND('',#7111,.T.);
#7111 = EDGE_LOOP('',(#7112,#7113,#7121,#7128));
#7112 = ORIENTED_EDGE('',*,*,#1706,.T.);
#7113 = ORIENTED_EDGE('',*,*,#7114,.T.);
#7114 = EDGE_CURVE('',#1699,#7115,#7117,.T.);
#7115 = VERTEX_POINT('',#7116);
#7116 = CARTESIAN_POINT('',(14.4612,7.584145391393,3.));
#7117 = LINE('',#7118,#7119);
#7118 = CARTESIAN_POINT('',(14.4612,7.584145391393,0.));
#7119 = VECTOR('',#7120,1.);
#7120 = DIRECTION('',(0.,0.,1.));
#7121 = ORIENTED_EDGE('',*,*,#7122,.F.);
#7122 = EDGE_CURVE('',#7092,#7115,#7123,.T.);
#7123 = CIRCLE('',#7124,1.);
#7124 = AXIS2_PLACEMENT_3D('',#7125,#7126,#7127);
#7125 = CARTESIAN_POINT('',(13.4612,7.584145391393,3.));
#7126 = DIRECTION('',(-0.,-0.,-1.));
#7127 = DIRECTION('',(0.,-1.,0.));
#7128 = ORIENTED_EDGE('',*,*,#7099,.F.);
#7129 = CYLINDRICAL_SURFACE('',#7130,1.);
#7130 = AXIS2_PLACEMENT_3D('',#7131,#7132,#7133);
#7131 = CARTESIAN_POINT('',(13.4612,7.584145391393,0.));
#7132 = DIRECTION('',(0.,0.,1.));
#7133 = DIRECTION('',(-0.601373682743,0.798967892787,0.));
#7134 = ADVANCED_FACE('',(#7135),#7154,.F.);
#7135 = FACE_BOUND('',#7136,.F.);
#7136 = EDGE_LOOP('',(#7137,#7138,#7146,#7153));
#7137 = ORIENTED_EDGE('',*,*,#1672,.T.);
#7138 = ORIENTED_EDGE('',*,*,#7139,.T.);
#7139 = EDGE_CURVE('',#1673,#7140,#7142,.T.);
#7140 = VERTEX_POINT('',#7141);
#7141 = CARTESIAN_POINT('',(6.042263980007,1.,3.));
#7142 = LINE('',#7143,#7144);
#7143 = CARTESIAN_POINT('',(6.042263980007,1.,0.));
#7144 = VECTOR('',#7145,1.);
#7145 = DIRECTION('',(0.,0.,1.));
#7146 = ORIENTED_EDGE('',*,*,#7147,.F.);
#7147 = EDGE_CURVE('',#7084,#7140,#7148,.T.);
#7148 = CIRCLE('',#7149,1.);
#7149 = AXIS2_PLACEMENT_3D('',#7150,#7151,#7152);
#7150 = CARTESIAN_POINT('',(6.042263980007,2.,3.));
#7151 = DIRECTION('',(-0.,0.,1.));
#7152 = DIRECTION('',(0.,-1.,0.));
#7153 = ORIENTED_EDGE('',*,*,#7083,.F.);
#7154 = CYLINDRICAL_SURFACE('',#7155,1.);
#7155 = AXIS2_PLACEMENT_3D('',#7156,#7157,#7158);
#7156 = CARTESIAN_POINT('',(6.042263980007,2.,0.));
#7157 = DIRECTION('',(0.,0.,1.));
#7158 = DIRECTION('',(-0.601373682743,0.798967892787,0.));
#7159 = ADVANCED_FACE('',(#7160),#7178,.T.);
#7160 = FACE_BOUND('',#7161,.T.);
#7161 = EDGE_LOOP('',(#7162,#7163,#7171,#7177));
#7162 = ORIENTED_EDGE('',*,*,#1698,.T.);
#7163 = ORIENTED_EDGE('',*,*,#7164,.T.);
#7164 = EDGE_CURVE('',#1690,#7165,#7167,.T.);
#7165 = VERTEX_POINT('',#7166);
#7166 = CARTESIAN_POINT('',(14.4612,2.,3.));
#7167 = LINE('',#7168,#7169);
#7168 = CARTESIAN_POINT('',(14.4612,2.,0.));
#7169 = VECTOR('',#7170,1.);
#7170 = DIRECTION('',(0.,0.,1.));
#7171 = ORIENTED_EDGE('',*,*,#7172,.F.);
#7172 = EDGE_CURVE('',#7115,#7165,#7173,.T.);
#7173 = LINE('',#7174,#7175);
#7174 = CARTESIAN_POINT('',(14.4612,0.624121582794,3.));
#7175 = VECTOR('',#7176,1.);
#7176 = DIRECTION('',(-1.2E-16,-1.,0.));
#7177 = ORIENTED_EDGE('',*,*,#7114,.F.);
#7178 = PLANE('',#7179);
#7179 = AXIS2_PLACEMENT_3D('',#7180,#7181,#7182);
#7180 = CARTESIAN_POINT('',(14.4612,1.,-1.));
#7181 = DIRECTION('',(-1.,1.2E-16,0.));
#7182 = DIRECTION('',(1.2E-16,1.,0.));
#7183 = ADVANCED_FACE('',(#7184),#7202,.F.);
#7184 = FACE_BOUND('',#7185,.F.);
#7185 = EDGE_LOOP('',(#7186,#7187,#7195,#7201));
#7186 = ORIENTED_EDGE('',*,*,#1681,.T.);
#7187 = ORIENTED_EDGE('',*,*,#7188,.T.);
#7188 = EDGE_CURVE('',#1682,#7189,#7191,.T.);
#7189 = VERTEX_POINT('',#7190);
#7190 = CARTESIAN_POINT('',(13.4612,1.,3.));
#7191 = LINE('',#7192,#7193);
#7192 = CARTESIAN_POINT('',(13.4612,1.,0.));
#7193 = VECTOR('',#7194,1.);
#7194 = DIRECTION('',(0.,0.,1.));
#7195 = ORIENTED_EDGE('',*,*,#7196,.F.);
#7196 = EDGE_CURVE('',#7140,#7189,#7197,.T.);
#7197 = LINE('',#7198,#7199);
#7198 = CARTESIAN_POINT('',(7.151128958347,1.,3.));
#7199 = VECTOR('',#7200,1.);
#7200 = DIRECTION('',(1.,-1.2E-16,0.));
#7201 = ORIENTED_EDGE('',*,*,#7139,.F.);
#7202 = PLANE('',#7203);
#7203 = AXIS2_PLACEMENT_3D('',#7204,#7205,#7206);
#7204 = CARTESIAN_POINT('',(14.4612,1.,-1.));
#7205 = DIRECTION('',(-1.2E-16,-1.,0.));
#7206 = DIRECTION('',(-1.,1.2E-16,0.));
#7207 = ADVANCED_FACE('',(#7208),#7220,.F.);
#7208 = FACE_BOUND('',#7209,.T.);
#7209 = EDGE_LOOP('',(#7210,#7211,#7212,#7219));
#7210 = ORIENTED_EDGE('',*,*,#1689,.T.);
#7211 = ORIENTED_EDGE('',*,*,#7188,.T.);
#7212 = ORIENTED_EDGE('',*,*,#7213,.F.);
#7213 = EDGE_CURVE('',#7165,#7189,#7214,.T.);
#7214 = CIRCLE('',#7215,1.);
#7215 = AXIS2_PLACEMENT_3D('',#7216,#7217,#7218);
#7216 = CARTESIAN_POINT('',(13.4612,2.,3.));
#7217 = DIRECTION('',(-0.,-0.,-1.));
#7218 = DIRECTION('',(0.,-1.,0.));
#7219 = ORIENTED_EDGE('',*,*,#7164,.F.);
#7220 = CYLINDRICAL_SURFACE('',#7221,1.);
#7221 = AXIS2_PLACEMENT_3D('',#7222,#7223,#7224);
#7222 = CARTESIAN_POINT('',(13.4612,2.,0.));
#7223 = DIRECTION('',(0.,0.,1.));
#7224 = DIRECTION('',(1.,-1.2E-16,0.));
#7225 = ADVANCED_FACE('',(#7226),#7251,.F.);
#7226 = FACE_BOUND('',#7227,.F.);
#7227 = EDGE_LOOP('',(#7228,#7229,#7237,#7245));
#7228 = ORIENTED_EDGE('',*,*,#1715,.F.);
#7229 = ORIENTED_EDGE('',*,*,#7230,.T.);
#7230 = EDGE_CURVE('',#1716,#7231,#7233,.T.);
#7231 = VERTEX_POINT('',#7232);
#7232 = CARTESIAN_POINT('',(-2.25,1.,3.));
#7233 = LINE('',#7234,#7235);
#7234 = CARTESIAN_POINT('',(-2.25,1.,0.));
#7235 = VECTOR('',#7236,1.);
#7236 = DIRECTION('',(0.,0.,1.));
#7237 = ORIENTED_EDGE('',*,*,#7238,.F.);
#7238 = EDGE_CURVE('',#7239,#7231,#7241,.T.);
#7239 = VERTEX_POINT('',#7240);
#7240 = CARTESIAN_POINT('',(2.25,1.,3.));
#7241 = LINE('',#7242,#7243);
#7242 = CARTESIAN_POINT('',(-1.164431557783,1.,3.));
#7243 = VECTOR('',#7244,1.);
#7244 = DIRECTION('',(-1.,-5.E-17,0.));
#7245 = ORIENTED_EDGE('',*,*,#7246,.F.);
#7246 = EDGE_CURVE('',#1718,#7239,#7247,.T.);
#7247 = LINE('',#7248,#7249);
#7248 = CARTESIAN_POINT('',(2.25,1.,0.));
#7249 = VECTOR('',#7250,1.);
#7250 = DIRECTION('',(0.,0.,1.));
#7251 = PLANE('',#7252);
#7252 = AXIS2_PLACEMENT_3D('',#7253,#7254,#7255);
#7253 = CARTESIAN_POINT('',(-2.25,1.,0.));
#7254 = DIRECTION('',(-5.E-17,1.,0.));
#7255 = DIRECTION('',(1.,5.E-17,0.));
#7256 = ADVANCED_FACE('',(#7257),#7276,.F.);
#7257 = FACE_BOUND('',#7258,.T.);
#7258 = EDGE_LOOP('',(#7259,#7260,#7268,#7275));
#7259 = ORIENTED_EDGE('',*,*,#1742,.F.);
#7260 = ORIENTED_EDGE('',*,*,#7261,.T.);
#7261 = EDGE_CURVE('',#1735,#7262,#7264,.T.);
#7262 = VERTEX_POINT('',#7263);
#7263 = CARTESIAN_POINT('',(2.25,-1.,3.));
#7264 = LINE('',#7265,#7266);
#7265 = CARTESIAN_POINT('',(2.25,-1.,0.));
#7266 = VECTOR('',#7267,1.);
#7267 = DIRECTION('',(0.,0.,1.));
#7268 = ORIENTED_EDGE('',*,*,#7269,.F.);
#7269 = EDGE_CURVE('',#7239,#7262,#7270,.T.);
#7270 = CIRCLE('',#7271,1.);
#7271 = AXIS2_PLACEMENT_3D('',#7272,#7273,#7274);
#7272 = CARTESIAN_POINT('',(2.25,1.9E-16,3.));
#7273 = DIRECTION('',(0.,0.,-1.));
#7274 = DIRECTION('',(1.,0.,0.));
#7275 = ORIENTED_EDGE('',*,*,#7246,.F.);
#7276 = CYLINDRICAL_SURFACE('',#7277,1.);
#7277 = AXIS2_PLACEMENT_3D('',#7278,#7279,#7280);
#7278 = CARTESIAN_POINT('',(2.25,1.9E-16,0.));
#7279 = DIRECTION('',(-0.,-0.,-1.));
#7280 = DIRECTION('',(1.,0.,0.));
#7281 = ADVANCED_FACE('',(#7282),#7300,.T.);
#7282 = FACE_BOUND('',#7283,.T.);
#7283 = EDGE_LOOP('',(#7284,#7285,#7293,#7299));
#7284 = ORIENTED_EDGE('',*,*,#1734,.F.);
#7285 = ORIENTED_EDGE('',*,*,#7286,.T.);
#7286 = EDGE_CURVE('',#1726,#7287,#7289,.T.);
#7287 = VERTEX_POINT('',#7288);
#7288 = CARTESIAN_POINT('',(-2.25,-1.,3.));
#7289 = LINE('',#7290,#7291);
#7290 = CARTESIAN_POINT('',(-2.25,-1.,0.));
#7291 = VECTOR('',#7292,1.);
#7292 = DIRECTION('',(0.,0.,1.));
#7293 = ORIENTED_EDGE('',*,*,#7294,.F.);
#7294 = EDGE_CURVE('',#7262,#7287,#7295,.T.);
#7295 = LINE('',#7296,#7297);
#7296 = CARTESIAN_POINT('',(-1.164431557783,-1.,3.));
#7297 = VECTOR('',#7298,1.);
#7298 = DIRECTION('',(-1.,0.,0.));
#7299 = ORIENTED_EDGE('',*,*,#7261,.F.);
#7300 = PLANE('',#7301);
#7301 = AXIS2_PLACEMENT_3D('',#7302,#7303,#7304);
#7302 = CARTESIAN_POINT('',(-2.25,-1.,0.));
#7303 = DIRECTION('',(0.,1.,0.));
#7304 = DIRECTION('',(1.,0.,0.));
#7305 = ADVANCED_FACE('',(#7306),#7318,.F.);
#7306 = FACE_BOUND('',#7307,.T.);
#7307 = EDGE_LOOP('',(#7308,#7309,#7310,#7317));
#7308 = ORIENTED_EDGE('',*,*,#1725,.F.);
#7309 = ORIENTED_EDGE('',*,*,#7230,.T.);
#7310 = ORIENTED_EDGE('',*,*,#7311,.F.);
#7311 = EDGE_CURVE('',#7287,#7231,#7312,.T.);
#7312 = CIRCLE('',#7313,1.);
#7313 = AXIS2_PLACEMENT_3D('',#7314,#7315,#7316);
#7314 = CARTESIAN_POINT('',(-2.25,0.,3.));
#7315 = DIRECTION('',(0.,0.,-1.));
#7316 = DIRECTION('',(1.,0.,0.));
#7317 = ORIENTED_EDGE('',*,*,#7286,.F.);
#7318 = CYLINDRICAL_SURFACE('',#7319,1.);
#7319 = AXIS2_PLACEMENT_3D('',#7320,#7321,#7322);
#7320 = CARTESIAN_POINT('',(-2.25,0.,0.));
#7321 = DIRECTION('',(-0.,-0.,-1.));
#7322 = DIRECTION('',(1.,0.,0.));
#7323 = ADVANCED_FACE('',(#7324),#7343,.F.);
#7324 = FACE_BOUND('',#7325,.T.);
#7325 = EDGE_LOOP('',(#7326,#7334,#7341,#7342));
#7326 = ORIENTED_EDGE('',*,*,#7327,.T.);
#7327 = EDGE_CURVE('',#1752,#7328,#7330,.T.);
#7328 = VERTEX_POINT('',#7329);
#7329 = CARTESIAN_POINT('',(11.05,10.,3.));
#7330 = LINE('',#7331,#7332);
#7331 = CARTESIAN_POINT('',(11.05,10.,0.));
#7332 = VECTOR('',#7333,1.);
#7333 = DIRECTION('',(0.,0.,1.));
#7334 = ORIENTED_EDGE('',*,*,#7335,.T.);
#7335 = EDGE_CURVE('',#7328,#7328,#7336,.T.);
#7336 = CIRCLE('',#7337,1.05);
#7337 = AXIS2_PLACEMENT_3D('',#7338,#7339,#7340);
#7338 = CARTESIAN_POINT('',(10.,10.,3.));
#7339 = DIRECTION('',(0.,0.,1.));
#7340 = DIRECTION('',(1.,0.,0.));
#7341 = ORIENTED_EDGE('',*,*,#7327,.F.);
#7342 = ORIENTED_EDGE('',*,*,#1751,.F.);
#7343 = CYLINDRICAL_SURFACE('',#7344,1.05);
#7344 = AXIS2_PLACEMENT_3D('',#7345,#7346,#7347);
#7345 = CARTESIAN_POINT('',(10.,10.,0.));
#7346 = DIRECTION('',(-0.,-0.,-1.));
#7347 = DIRECTION('',(1.,0.,0.));
#7348 = ADVANCED_FACE('',(#7349),#7374,.F.);
#7349 = FACE_BOUND('',#7350,.F.);
#7350 = EDGE_LOOP('',(#7351,#7352,#7360,#7368));
#7351 = ORIENTED_EDGE('',*,*,#1762,.T.);
#7352 = ORIENTED_EDGE('',*,*,#7353,.T.);
#7353 = EDGE_CURVE('',#1765,#7354,#7356,.T.);
#7354 = VERTEX_POINT('',#7355);
#7355 = CARTESIAN_POINT('',(1.,3.963894717035,3.));
#7356 = LINE('',#7357,#7358);
#7357 = CARTESIAN_POINT('',(1.,3.963894717035,0.));
#7358 = VECTOR('',#7359,1.);
#7359 = DIRECTION('',(0.,0.,1.));
#7360 = ORIENTED_EDGE('',*,*,#7361,.F.);
#7361 = EDGE_CURVE('',#7362,#7354,#7364,.T.);
#7362 = VERTEX_POINT('',#7363);
#7363 = CARTESIAN_POINT('',(1.,12.765720213145,3.));
#7364 = LINE('',#7365,#7366);
#7365 = CARTESIAN_POINT('',(1.,1.103917479907,3.));
#7366 = VECTOR('',#7367,1.);
#7367 = DIRECTION('',(-1.2E-16,-1.,0.));
#7368 = ORIENTED_EDGE('',*,*,#7369,.F.);
#7369 = EDGE_CURVE('',#1763,#7362,#7370,.T.);
#7370 = LINE('',#7371,#7372);
#7371 = CARTESIAN_POINT('',(1.,12.765720213145,0.));
#7372 = VECTOR('',#7373,1.);
#7373 = DIRECTION('',(0.,0.,1.));
#7374 = PLANE('',#7375);
#7375 = AXIS2_PLACEMENT_3D('',#7376,#7377,#7378);
#7376 = CARTESIAN_POINT('',(1.,1.959591794227,-1.));
#7377 = DIRECTION('',(-1.,1.2E-16,0.));
#7378 = DIRECTION('',(1.2E-16,1.,0.));
#7379 = ADVANCED_FACE('',(#7380),#7399,.F.);
#7380 = FACE_BOUND('',#7381,.T.);
#7381 = EDGE_LOOP('',(#7382,#7383,#7391,#7398));
#7382 = ORIENTED_EDGE('',*,*,#1824,.T.);
#7383 = ORIENTED_EDGE('',*,*,#7384,.T.);
#7384 = EDGE_CURVE('',#1817,#7385,#7387,.T.);
#7385 = VERTEX_POINT('',#7386);
#7386 = CARTESIAN_POINT('',(2.225489362441,13.739965843069,3.));
#7387 = LINE('',#7388,#7389);
#7388 = CARTESIAN_POINT('',(2.225489362441,13.739965843069,0.));
#7389 = VECTOR('',#7390,1.);
#7390 = DIRECTION('',(0.,0.,1.));
#7391 = ORIENTED_EDGE('',*,*,#7392,.F.);
#7392 = EDGE_CURVE('',#7362,#7385,#7393,.T.);
#7393 = CIRCLE('',#7394,1.);
#7394 = AXIS2_PLACEMENT_3D('',#7395,#7396,#7397);
#7395 = CARTESIAN_POINT('',(2.,12.765720213145,3.));
#7396 = DIRECTION('',(-0.,-0.,-1.));
#7397 = DIRECTION('',(0.,-1.,0.));
#7398 = ORIENTED_EDGE('',*,*,#7369,.F.);
#7399 = CYLINDRICAL_SURFACE('',#7400,1.);
#7400 = AXIS2_PLACEMENT_3D('',#7401,#7402,#7403);
#7401 = CARTESIAN_POINT('',(2.,12.765720213145,0.));
#7402 = DIRECTION('',(0.,0.,1.));
#7403 = DIRECTION('',(-1.,1.2E-16,0.));
#7404 = ADVANCED_FACE('',(#7405),#7424,.F.);
#7405 = FACE_BOUND('',#7406,.F.);
#7406 = EDGE_LOOP('',(#7407,#7408,#7416,#7423));
#7407 = ORIENTED_EDGE('',*,*,#1772,.T.);
#7408 = ORIENTED_EDGE('',*,*,#7409,.T.);
#7409 = EDGE_CURVE('',#1773,#7410,#7412,.T.);
#7410 = VERTEX_POINT('',#7411);
#7411 = CARTESIAN_POINT('',(2.601373682743,3.164926824248,3.));
#7412 = LINE('',#7413,#7414);
#7413 = CARTESIAN_POINT('',(2.601373682743,3.164926824248,0.));
#7414 = VECTOR('',#7415,1.);
#7415 = DIRECTION('',(0.,0.,1.));
#7416 = ORIENTED_EDGE('',*,*,#7417,.F.);
#7417 = EDGE_CURVE('',#7354,#7410,#7418,.T.);
#7418 = CIRCLE('',#7419,1.);
#7419 = AXIS2_PLACEMENT_3D('',#7420,#7421,#7422);
#7420 = CARTESIAN_POINT('',(2.,3.963894717035,3.));
#7421 = DIRECTION('',(-0.,0.,1.));
#7422 = DIRECTION('',(0.,-1.,0.));
#7423 = ORIENTED_EDGE('',*,*,#7353,.F.);
#7424 = CYLINDRICAL_SURFACE('',#7425,1.);
#7425 = AXIS2_PLACEMENT_3D('',#7426,#7427,#7428);
#7426 = CARTESIAN_POINT('',(2.,3.963894717035,0.));
#7427 = DIRECTION('',(0.,0.,1.));
#7428 = DIRECTION('',(-1.,1.2E-16,0.));
#7429 = ADVANCED_FACE('',(#7430),#7448,.F.);
#7430 = FACE_BOUND('',#7431,.F.);
#7431 = EDGE_LOOP('',(#7432,#7440,#7446,#7447));
#7432 = ORIENTED_EDGE('',*,*,#7433,.F.);
#7433 = EDGE_CURVE('',#7434,#7385,#7436,.T.);
#7434 = VERTEX_POINT('',#7435);
#7435 = CARTESIAN_POINT('',(7.229520767758,12.581781688515,3.));
#7436 = LINE('',#7437,#7438);
#7437 = CARTESIAN_POINT('',(1.963092192033,13.800697725095,3.));
#7438 = VECTOR('',#7439,1.);
#7439 = DIRECTION('',(-0.974245629924,0.225489362441,0.));
#7440 = ORIENTED_EDGE('',*,*,#7441,.T.);
#7441 = EDGE_CURVE('',#7434,#1808,#7442,.T.);
#7442 = LINE('',#7443,#7444);
#7443 = CARTESIAN_POINT('',(7.229520767758,12.581781688515,3.));
#7444 = VECTOR('',#7445,1.);
#7445 = DIRECTION('',(-0.,-0.,-1.));
#7446 = ORIENTED_EDGE('',*,*,#1816,.T.);
#7447 = ORIENTED_EDGE('',*,*,#7384,.T.);
#7448 = PLANE('',#7449);
#7449 = AXIS2_PLACEMENT_3D('',#7450,#7451,#7452);
#7450 = CARTESIAN_POINT('',(1.,14.023605621917,-1.));
#7451 = DIRECTION('',(0.225489362441,0.974245629924,0.));
#7452 = DIRECTION('',(0.974245629924,-0.225489362441,0.));
#7453 = ADVANCED_FACE('',(#7454),#7472,.T.);
#7454 = FACE_BOUND('',#7455,.T.);
#7455 = EDGE_LOOP('',(#7456,#7464,#7470,#7471));
#7456 = ORIENTED_EDGE('',*,*,#7457,.F.);
#7457 = EDGE_CURVE('',#7458,#7410,#7460,.T.);
#7458 = VERTEX_POINT('',#7459);
#7459 = CARTESIAN_POINT('',(7.891913772554,7.147053773569,3.));
#7460 = LINE('',#7461,#7462);
#7461 = CARTESIAN_POINT('',(0.21896192889,1.371713676187,3.));
#7462 = VECTOR('',#7463,1.);
#7463 = DIRECTION('',(-0.798967892787,-0.601373682743,0.));
#7464 = ORIENTED_EDGE('',*,*,#7465,.T.);
#7465 = EDGE_CURVE('',#7458,#1782,#7466,.T.);
#7466 = LINE('',#7467,#7468);
#7467 = CARTESIAN_POINT('',(7.891913772554,7.147053773569,3.));
#7468 = VECTOR('',#7469,1.);
#7469 = DIRECTION('',(-0.,-0.,-1.));
#7470 = ORIENTED_EDGE('',*,*,#1781,.T.);
#7471 = ORIENTED_EDGE('',*,*,#7409,.T.);
#7472 = PLANE('',#7473);
#7473 = AXIS2_PLACEMENT_3D('',#7474,#7475,#7476);
#7474 = CARTESIAN_POINT('',(1.,1.959591794227,-1.));
#7475 = DIRECTION('',(-0.601373682743,0.798967892787,0.));
#7476 = DIRECTION('',(0.798967892787,0.601373682743,0.));
#7477 = ADVANCED_FACE('',(#7478),#7497,.F.);
#7478 = FACE_BOUND('',#7479,.F.);
#7479 = EDGE_LOOP('',(#7480,#7489,#7495,#7496));
#7480 = ORIENTED_EDGE('',*,*,#7481,.T.);
#7481 = EDGE_CURVE('',#7434,#7482,#7484,.T.);
#7482 = VERTEX_POINT('',#7483);
#7483 = CARTESIAN_POINT('',(7.885198639047,11.134731335476,3.));
#7484 = CIRCLE('',#7485,1.);
#7485 = AXIS2_PLACEMENT_3D('',#7486,#7487,#7488);
#7486 = CARTESIAN_POINT('',(7.004031405317,11.607536058591,3.));
#7487 = DIRECTION('',(0.,0.,-1.));
#7488 = DIRECTION('',(0.,1.,0.));
#7489 = ORIENTED_EDGE('',*,*,#7490,.T.);
#7490 = EDGE_CURVE('',#7482,#1799,#7491,.T.);
#7491 = LINE('',#7492,#7493);
#7492 = CARTESIAN_POINT('',(7.885198639047,11.134731335476,3.));
#7493 = VECTOR('',#7494,1.);
#7494 = DIRECTION('',(-0.,-0.,-1.));
#7495 = ORIENTED_EDGE('',*,*,#1807,.F.);
#7496 = ORIENTED_EDGE('',*,*,#7441,.F.);
#7497 = CYLINDRICAL_SURFACE('',#7498,1.);
#7498 = AXIS2_PLACEMENT_3D('',#7499,#7500,#7501);
#7499 = CARTESIAN_POINT('',(7.004031405317,11.607536058591,3.));
#7500 = DIRECTION('',(-0.,-0.,-1.));
#7501 = DIRECTION('',(0.225489362441,0.974245629924,0.));
#7502 = ADVANCED_FACE('',(#7503),#7522,.F.);
#7503 = FACE_BOUND('',#7504,.T.);
#7504 = EDGE_LOOP('',(#7505,#7514,#7520,#7521));
#7505 = ORIENTED_EDGE('',*,*,#7506,.T.);
#7506 = EDGE_CURVE('',#7458,#7507,#7509,.T.);
#7507 = VERTEX_POINT('',#7508);
#7508 = CARTESIAN_POINT('',(8.087440063396,8.550132940957,3.));
#7509 = CIRCLE('',#7510,1.);
#7510 = AXIS2_PLACEMENT_3D('',#7511,#7512,#7513);
#7511 = CARTESIAN_POINT('',(7.290540089812,7.946021666355,3.));
#7512 = DIRECTION('',(0.,-0.,1.));
#7513 = DIRECTION('',(0.,1.,0.));
#7514 = ORIENTED_EDGE('',*,*,#7515,.T.);
#7515 = EDGE_CURVE('',#7507,#1790,#7516,.T.);
#7516 = LINE('',#7517,#7518);
#7517 = CARTESIAN_POINT('',(8.087440063396,8.550132940957,3.));
#7518 = VECTOR('',#7519,1.);
#7519 = DIRECTION('',(-0.,-0.,-1.));
#7520 = ORIENTED_EDGE('',*,*,#1789,.F.);
#7521 = ORIENTED_EDGE('',*,*,#7465,.F.);
#7522 = CYLINDRICAL_SURFACE('',#7523,1.);
#7523 = AXIS2_PLACEMENT_3D('',#7524,#7525,#7526);
#7524 = CARTESIAN_POINT('',(7.290540089812,7.946021666355,3.));
#7525 = DIRECTION('',(-0.,-0.,-1.));
#7526 = DIRECTION('',(0.601373682743,-0.798967892787,0.));
#7527 = ADVANCED_FACE('',(#7528),#7540,.T.);
#7528 = FACE_BOUND('',#7529,.F.);
#7529 = EDGE_LOOP('',(#7530,#7531,#7532,#7539));
#7530 = ORIENTED_EDGE('',*,*,#1798,.F.);
#7531 = ORIENTED_EDGE('',*,*,#7490,.F.);
#7532 = ORIENTED_EDGE('',*,*,#7533,.T.);
#7533 = EDGE_CURVE('',#7482,#7507,#7534,.T.);
#7534 = CIRCLE('',#7535,2.4);
#7535 = AXIS2_PLACEMENT_3D('',#7536,#7537,#7538);
#7536 = CARTESIAN_POINT('',(10.,10.,3.));
#7537 = DIRECTION('',(0.,0.,1.));
#7538 = DIRECTION('',(1.,0.,0.));
#7539 = ORIENTED_EDGE('',*,*,#7515,.T.);
#7540 = CYLINDRICAL_SURFACE('',#7541,2.4);
#7541 = AXIS2_PLACEMENT_3D('',#7542,#7543,#7544);
#7542 = CARTESIAN_POINT('',(10.,10.,0.));
#7543 = DIRECTION('',(-0.,-0.,-1.));
#7544 = DIRECTION('',(1.,0.,0.));
#7545 = ADVANCED_FACE('',(#7546),#7565,.F.);
#7546 = FACE_BOUND('',#7547,.T.);
#7547 = EDGE_LOOP('',(#7548,#7556,#7563,#7564));
#7548 = ORIENTED_EDGE('',*,*,#7549,.T.);
#7549 = EDGE_CURVE('',#1834,#7550,#7552,.T.);
#7550 = VERTEX_POINT('',#7551);
#7551 = CARTESIAN_POINT('',(1.05,18.031222920257,3.));
#7552 = LINE('',#7553,#7554);
#7553 = CARTESIAN_POINT('',(1.05,18.031222920257,0.));
#7554 = VECTOR('',#7555,1.);
#7555 = DIRECTION('',(0.,0.,1.));
#7556 = ORIENTED_EDGE('',*,*,#7557,.T.);
#7557 = EDGE_CURVE('',#7550,#7550,#7558,.T.);
#7558 = CIRCLE('',#7559,1.05);
#7559 = AXIS2_PLACEMENT_3D('',#7560,#7561,#7562);
#7560 = CARTESIAN_POINT('',(0.,18.031222920257,3.));
#7561 = DIRECTION('',(0.,0.,1.));
#7562 = DIRECTION('',(1.,0.,0.));
#7563 = ORIENTED_EDGE('',*,*,#7549,.F.);
#7564 = ORIENTED_EDGE('',*,*,#1833,.F.);
#7565 = CYLINDRICAL_SURFACE('',#7566,1.05);
#7566 = AXIS2_PLACEMENT_3D('',#7567,#7568,#7569);
#7567 = CARTESIAN_POINT('',(0.,18.031222920257,0.));
#7568 = DIRECTION('',(-0.,-0.,-1.));
#7569 = DIRECTION('',(1.,0.,0.));
#7570 = ADVANCED_FACE('',(#7571),#7597,.T.);
#7571 = FACE_BOUND('',#7572,.F.);
#7572 = EDGE_LOOP('',(#7573,#7574,#7582,#7591));
#7573 = ORIENTED_EDGE('',*,*,#1844,.T.);
#7574 = ORIENTED_EDGE('',*,*,#7575,.T.);
#7575 = EDGE_CURVE('',#1847,#7576,#7578,.T.);
#7576 = VERTEX_POINT('',#7577);
#7577 = CARTESIAN_POINT('',(2.398290798867,18.121760720358,3.));
#7578 = LINE('',#7579,#7580);
#7579 = CARTESIAN_POINT('',(2.398290798867,18.121760720358,0.));
#7580 = VECTOR('',#7581,1.);
#7581 = DIRECTION('',(0.,0.,1.));
#7582 = ORIENTED_EDGE('',*,*,#7583,.F.);
#7583 = EDGE_CURVE('',#7584,#7576,#7586,.T.);
#7584 = VERTEX_POINT('',#7585);
#7585 = CARTESIAN_POINT('',(-2.398290798867,18.121760720358,3.));
#7586 = CIRCLE('',#7587,2.4);
#7587 = AXIS2_PLACEMENT_3D('',#7588,#7589,#7590);
#7588 = CARTESIAN_POINT('',(2.21E-15,18.0312,3.));
#7589 = DIRECTION('',(0.,0.,-1.));
#7590 = DIRECTION('',(-1.,1.2E-16,0.));
#7591 = ORIENTED_EDGE('',*,*,#7592,.F.);
#7592 = EDGE_CURVE('',#1845,#7584,#7593,.T.);
#7593 = LINE('',#7594,#7595);
#7594 = CARTESIAN_POINT('',(-2.398290798867,18.121760720358,0.));
#7595 = VECTOR('',#7596,1.);
#7596 = DIRECTION('',(0.,0.,1.));
#7597 = CYLINDRICAL_SURFACE('',#7598,2.4);
#7598 = AXIS2_PLACEMENT_3D('',#7599,#7600,#7601);
#7599 = CARTESIAN_POINT('',(2.21E-15,18.0312,-1.));
#7600 = DIRECTION('',(-0.,-0.,-1.));
#7601 = DIRECTION('',(-1.,1.2E-16,0.));
#7602 = ADVANCED_FACE('',(#7603),#7622,.F.);
#7603 = FACE_BOUND('',#7604,.T.);
#7604 = EDGE_LOOP('',(#7605,#7606,#7614,#7621));
#7605 = ORIENTED_EDGE('',*,*,#1923,.T.);
#7606 = ORIENTED_EDGE('',*,*,#7607,.T.);
#7607 = EDGE_CURVE('',#1916,#7608,#7610,.T.);
#7608 = VERTEX_POINT('',#7609);
#7609 = CARTESIAN_POINT('',(-3.172089269286,17.185248723917,3.));
#7610 = LINE('',#7611,#7612);
#7611 = CARTESIAN_POINT('',(-3.172089269286,17.185248723917,0.));
#7612 = VECTOR('',#7613,1.);
#7613 = DIRECTION('',(0.,0.,1.));
#7614 = ORIENTED_EDGE('',*,*,#7615,.F.);
#7615 = EDGE_CURVE('',#7584,#7608,#7616,.T.);
#7616 = CIRCLE('',#7617,1.);
#7617 = AXIS2_PLACEMENT_3D('',#7618,#7619,#7620);
#7618 = CARTESIAN_POINT('',(-3.397578631728,18.159494353841,3.));
#7619 = DIRECTION('',(-0.,-0.,-1.));
#7620 = DIRECTION('',(0.,-1.,0.));
#7621 = ORIENTED_EDGE('',*,*,#7592,.F.);
#7622 = CYLINDRICAL_SURFACE('',#7623,1.);
#7623 = AXIS2_PLACEMENT_3D('',#7624,#7625,#7626);
#7624 = CARTESIAN_POINT('',(-3.397578631728,18.159494353841,0.));
#7625 = DIRECTION('',(0.,0.,1.));
#7626 = DIRECTION('',(0.999287832861,-3.773363348271E-02,0.));
#7627 = ADVANCED_FACE('',(#7628),#7647,.F.);
#7628 = FACE_BOUND('',#7629,.F.);
#7629 = EDGE_LOOP('',(#7630,#7631,#7639,#7646));
#7630 = ORIENTED_EDGE('',*,*,#1855,.T.);
#7631 = ORIENTED_EDGE('',*,*,#7632,.T.);
#7632 = EDGE_CURVE('',#1856,#7633,#7635,.T.);
#7633 = VERTEX_POINT('',#7634);
#7634 = CARTESIAN_POINT('',(3.172089269286,17.185248723917,3.));
#7635 = LINE('',#7636,#7637);
#7636 = CARTESIAN_POINT('',(3.172089269286,17.185248723917,0.));
#7637 = VECTOR('',#7638,1.);
#7638 = DIRECTION('',(0.,0.,1.));
#7639 = ORIENTED_EDGE('',*,*,#7640,.F.);
#7640 = EDGE_CURVE('',#7576,#7633,#7641,.T.);
#7641 = CIRCLE('',#7642,1.);
#7642 = AXIS2_PLACEMENT_3D('',#7643,#7644,#7645);
#7643 = CARTESIAN_POINT('',(3.397578631728,18.159494353841,3.));
#7644 = DIRECTION('',(-0.,0.,1.));
#7645 = DIRECTION('',(0.,-1.,0.));
#7646 = ORIENTED_EDGE('',*,*,#7575,.F.);
#7647 = CYLINDRICAL_SURFACE('',#7648,1.);
#7648 = AXIS2_PLACEMENT_3D('',#7649,#7650,#7651);
#7649 = CARTESIAN_POINT('',(3.397578631728,18.159494353841,0.));
#7650 = DIRECTION('',(0.,0.,1.));
#7651 = DIRECTION('',(-0.999287832861,-3.773363348271E-02,0.));
#7652 = ADVANCED_FACE('',(#7653),#7671,.F.);
#7653 = FACE_BOUND('',#7654,.F.);
#7654 = EDGE_LOOP('',(#7655,#7656,#7657,#7665));
#7655 = ORIENTED_EDGE('',*,*,#1915,.T.);
#7656 = ORIENTED_EDGE('',*,*,#7607,.T.);
#7657 = ORIENTED_EDGE('',*,*,#7658,.F.);
#7658 = EDGE_CURVE('',#7659,#7608,#7661,.T.);
#7659 = VERTEX_POINT('',#7660);
#7660 = CARTESIAN_POINT('',(-5.456057416173,16.656623800737,3.));
#7661 = LINE('',#7662,#7663);
#7662 = CARTESIAN_POINT('',(-3.172065112146,17.185254315093,3.));
#7663 = VECTOR('',#7664,1.);
#7664 = DIRECTION('',(0.974245629924,0.225489362441,0.));
#7665 = ORIENTED_EDGE('',*,*,#7666,.F.);
#7666 = EDGE_CURVE('',#1907,#7659,#7667,.T.);
#7667 = LINE('',#7668,#7669);
#7668 = CARTESIAN_POINT('',(-5.456057416173,16.656623800737,0.));
#7669 = VECTOR('',#7670,1.);
#7670 = DIRECTION('',(0.,0.,1.));
#7671 = PLANE('',#7672);
#7672 = AXIS2_PLACEMENT_3D('',#7673,#7674,#7675);
#7673 = CARTESIAN_POINT('',(-2.311227614018,17.384495340822,-1.));
#7674 = DIRECTION('',(0.225489362441,-0.974245629924,0.));
#7675 = DIRECTION('',(-0.974245629924,-0.225489362441,0.));
#7676 = ADVANCED_FACE('',(#7677),#7695,.T.);
#7677 = FACE_BOUND('',#7678,.T.);
#7678 = EDGE_LOOP('',(#7679,#7680,#7681,#7689));
#7679 = ORIENTED_EDGE('',*,*,#1864,.T.);
#7680 = ORIENTED_EDGE('',*,*,#7632,.T.);
#7681 = ORIENTED_EDGE('',*,*,#7682,.F.);
#7682 = EDGE_CURVE('',#7683,#7633,#7685,.T.);
#7683 = VERTEX_POINT('',#7684);
#7684 = CARTESIAN_POINT('',(5.456057416173,16.656623800737,3.));
#7685 = LINE('',#7686,#7687);
#7686 = CARTESIAN_POINT('',(3.021204511,17.220171033962,3.));
#7687 = VECTOR('',#7688,1.);
#7688 = DIRECTION('',(-0.974245629924,0.225489362441,0.));
#7689 = ORIENTED_EDGE('',*,*,#7690,.F.);
#7690 = EDGE_CURVE('',#1865,#7683,#7691,.T.);
#7691 = LINE('',#7692,#7693);
#7692 = CARTESIAN_POINT('',(5.456057416173,16.656623800737,0.));
#7693 = VECTOR('',#7694,1.);
#7694 = DIRECTION('',(0.,0.,1.));
#7695 = PLANE('',#7696);
#7696 = AXIS2_PLACEMENT_3D('',#7697,#7698,#7699);
#7697 = CARTESIAN_POINT('',(2.311227614018,17.384495340822,-1.));
#7698 = DIRECTION('',(0.225489362441,0.974245629924,0.));
#7699 = DIRECTION('',(0.974245629924,-0.225489362441,0.));
#7700 = ADVANCED_FACE('',(#7701),#7720,.F.);
#7701 = FACE_BOUND('',#7702,.T.);
#7702 = EDGE_LOOP('',(#7703,#7704,#7712,#7719));
#7703 = ORIENTED_EDGE('',*,*,#1906,.T.);
#7704 = ORIENTED_EDGE('',*,*,#7705,.T.);
#7705 = EDGE_CURVE('',#1899,#7706,#7708,.T.);
#7706 = VERTEX_POINT('',#7707);
#7707 = CARTESIAN_POINT('',(-6.430571656259,18.29341130305,3.));
#7708 = LINE('',#7709,#7710);
#7709 = CARTESIAN_POINT('',(-6.430571656259,18.29341130305,0.));
#7710 = VECTOR('',#7711,1.);
#7711 = DIRECTION('',(0.,0.,1.));
#7712 = ORIENTED_EDGE('',*,*,#7713,.F.);
#7713 = EDGE_CURVE('',#7659,#7706,#7714,.T.);
#7714 = CIRCLE('',#7715,1.);
#7715 = AXIS2_PLACEMENT_3D('',#7716,#7717,#7718);
#7716 = CARTESIAN_POINT('',(-5.681546778615,17.630869430661,3.));
#7717 = DIRECTION('',(-0.,-0.,-1.));
#7718 = DIRECTION('',(0.,-1.,0.));
#7719 = ORIENTED_EDGE('',*,*,#7666,.F.);
#7720 = CYLINDRICAL_SURFACE('',#7721,1.);
#7721 = AXIS2_PLACEMENT_3D('',#7722,#7723,#7724);
#7722 = CARTESIAN_POINT('',(-5.681546778615,17.630869430661,0.));
#7723 = DIRECTION('',(0.,0.,1.));
#7724 = DIRECTION('',(0.225489362441,-0.974245629924,0.));
#7725 = ADVANCED_FACE('',(#7726),#7745,.F.);
#7726 = FACE_BOUND('',#7727,.F.);
#7727 = EDGE_LOOP('',(#7728,#7729,#7737,#7744));
#7728 = ORIENTED_EDGE('',*,*,#1872,.T.);
#7729 = ORIENTED_EDGE('',*,*,#7730,.T.);
#7730 = EDGE_CURVE('',#1873,#7731,#7733,.T.);
#7731 = VERTEX_POINT('',#7732);
#7732 = CARTESIAN_POINT('',(6.430571656259,18.29341130305,3.));
#7733 = LINE('',#7734,#7735);
#7734 = CARTESIAN_POINT('',(6.430571656259,18.29341130305,0.));
#7735 = VECTOR('',#7736,1.);
#7736 = DIRECTION('',(0.,0.,1.));
#7737 = ORIENTED_EDGE('',*,*,#7738,.F.);
#7738 = EDGE_CURVE('',#7683,#7731,#7739,.T.);
#7739 = CIRCLE('',#7740,1.);
#7740 = AXIS2_PLACEMENT_3D('',#7741,#7742,#7743);
#7741 = CARTESIAN_POINT('',(5.681546778615,17.630869430661,3.));
#7742 = DIRECTION('',(-0.,0.,1.));
#7743 = DIRECTION('',(0.,-1.,0.));
#7744 = ORIENTED_EDGE('',*,*,#7690,.F.);
#7745 = CYLINDRICAL_SURFACE('',#7746,1.);
#7746 = AXIS2_PLACEMENT_3D('',#7747,#7748,#7749);
#7747 = CARTESIAN_POINT('',(5.681546778615,17.630869430661,0.));
#7748 = DIRECTION('',(0.,0.,1.));
#7749 = DIRECTION('',(-0.225489362441,-0.974245629924,0.));
#7750 = ADVANCED_FACE('',(#7751),#7769,.F.);
#7751 = FACE_BOUND('',#7752,.F.);
#7752 = EDGE_LOOP('',(#7753,#7754,#7755,#7763));
#7753 = ORIENTED_EDGE('',*,*,#1898,.T.);
#7754 = ORIENTED_EDGE('',*,*,#7705,.T.);
#7755 = ORIENTED_EDGE('',*,*,#7756,.F.);
#7756 = EDGE_CURVE('',#7757,#7706,#7759,.T.);
#7757 = VERTEX_POINT('',#7758);
#7758 = CARTESIAN_POINT('',(-0.749024877645,24.716582513855,3.));
#7759 = LINE('',#7760,#7761);
#7760 = CARTESIAN_POINT('',(-10.56730894033,13.616696868573,3.));
#7761 = VECTOR('',#7762,1.);
#7762 = DIRECTION('',(-0.662541872389,-0.749024877645,0.));
#7763 = ORIENTED_EDGE('',*,*,#7764,.F.);
#7764 = EDGE_CURVE('',#1890,#7757,#7765,.T.);
#7765 = LINE('',#7766,#7767);
#7766 = CARTESIAN_POINT('',(-0.749024877645,24.716582513855,0.));
#7767 = VECTOR('',#7768,1.);
#7768 = DIRECTION('',(0.,0.,1.));
#7769 = PLANE('',#7770);
#7770 = AXIS2_PLACEMENT_3D('',#7771,#7772,#7773);
#7771 = CARTESIAN_POINT('',(-8.501950244711,15.951651244663,-1.));
#7772 = DIRECTION('',(-0.749024877645,0.662541872389,0.));
#7773 = DIRECTION('',(0.662541872389,0.749024877645,0.));
#7774 = ADVANCED_FACE('',(#7775),#7793,.T.);
#7775 = FACE_BOUND('',#7776,.T.);
#7776 = EDGE_LOOP('',(#7777,#7778,#7779,#7787));
#7777 = ORIENTED_EDGE('',*,*,#1881,.T.);
#7778 = ORIENTED_EDGE('',*,*,#7730,.T.);
#7779 = ORIENTED_EDGE('',*,*,#7780,.F.);
#7780 = EDGE_CURVE('',#7781,#7731,#7783,.T.);
#7781 = VERTEX_POINT('',#7782);
#7782 = CARTESIAN_POINT('',(0.749024877645,24.716582513855,3.));
#7783 = LINE('',#7784,#7785);
#7784 = CARTESIAN_POINT('',(10.497539448048,13.695573521653,3.));
#7785 = VECTOR('',#7786,1.);
#7786 = DIRECTION('',(0.662541872389,-0.749024877645,0.));
#7787 = ORIENTED_EDGE('',*,*,#7788,.F.);
#7788 = EDGE_CURVE('',#1882,#7781,#7789,.T.);
#7789 = LINE('',#7790,#7791);
#7790 = CARTESIAN_POINT('',(0.749024877645,24.716582513855,0.));
#7791 = VECTOR('',#7792,1.);
#7792 = DIRECTION('',(0.,0.,1.));
#7793 = PLANE('',#7794);
#7794 = AXIS2_PLACEMENT_3D('',#7795,#7796,#7797);
#7795 = CARTESIAN_POINT('',(8.501950244711,15.951651244663,-1.));
#7796 = DIRECTION('',(-0.749024877645,-0.662541872389,0.));
#7797 = DIRECTION('',(-0.662541872389,0.749024877645,0.));
#7798 = ADVANCED_FACE('',(#7799),#7811,.F.);
#7799 = FACE_BOUND('',#7800,.T.);
#7800 = EDGE_LOOP('',(#7801,#7802,#7803,#7810));
#7801 = ORIENTED_EDGE('',*,*,#1889,.T.);
#7802 = ORIENTED_EDGE('',*,*,#7788,.T.);
#7803 = ORIENTED_EDGE('',*,*,#7804,.F.);
#7804 = EDGE_CURVE('',#7757,#7781,#7805,.T.);
#7805 = CIRCLE('',#7806,1.);
#7806 = AXIS2_PLACEMENT_3D('',#7807,#7808,#7809);
#7807 = CARTESIAN_POINT('',(7.11E-15,24.054040641466,3.));
#7808 = DIRECTION('',(-0.,-0.,-1.));
#7809 = DIRECTION('',(0.,-1.,0.));
#7810 = ORIENTED_EDGE('',*,*,#7764,.F.);
#7811 = CYLINDRICAL_SURFACE('',#7812,1.);
#7812 = AXIS2_PLACEMENT_3D('',#7813,#7814,#7815);
#7813 = CARTESIAN_POINT('',(7.11E-15,24.054040641466,0.));
#7814 = DIRECTION('',(0.,0.,1.));
#7815 = DIRECTION('',(-0.749024877645,0.662541872389,0.));
#7816 = ADVANCED_FACE('',(#7817),#7836,.F.);
#7817 = FACE_BOUND('',#7818,.T.);
#7818 = EDGE_LOOP('',(#7819,#7827,#7834,#7835));
#7819 = ORIENTED_EDGE('',*,*,#7820,.T.);
#7820 = EDGE_CURVE('',#1933,#7821,#7823,.T.);
#7821 = VERTEX_POINT('',#7822);
#7822 = CARTESIAN_POINT('',(53.022476806031,37.503058132663,3.));
#7823 = LINE('',#7824,#7825);
#7824 = CARTESIAN_POINT('',(53.022476806031,37.503058132663,0.));
#7825 = VECTOR('',#7826,1.);
#7826 = DIRECTION('',(0.,0.,1.));
#7827 = ORIENTED_EDGE('',*,*,#7828,.T.);
#7828 = EDGE_CURVE('',#7821,#7821,#7829,.T.);
#7829 = CIRCLE('',#7830,1.05);
#7830 = AXIS2_PLACEMENT_3D('',#7831,#7832,#7833);
#7831 = CARTESIAN_POINT('',(51.972476806031,37.503058132663,3.));
#7832 = DIRECTION('',(0.,0.,1.));
#7833 = DIRECTION('',(1.,0.,0.));
#7834 = ORIENTED_EDGE('',*,*,#7820,.F.);
#7835 = ORIENTED_EDGE('',*,*,#1932,.F.);
#7836 = CYLINDRICAL_SURFACE('',#7837,1.05);
#7837 = AXIS2_PLACEMENT_3D('',#7838,#7839,#7840);
#7838 = CARTESIAN_POINT('',(51.972476806031,37.503058132663,0.));
#7839 = DIRECTION('',(-0.,-0.,-1.));
#7840 = DIRECTION('',(1.,0.,0.));
#7841 = ADVANCED_FACE('',(#7842),#7861,.F.);
#7842 = FACE_BOUND('',#7843,.T.);
#7843 = EDGE_LOOP('',(#7844,#7852,#7859,#7860));
#7844 = ORIENTED_EDGE('',*,*,#7845,.T.);
#7845 = EDGE_CURVE('',#1944,#7846,#7848,.T.);
#7846 = VERTEX_POINT('',#7847);
#7847 = CARTESIAN_POINT('',(49.875,38.,3.));
#7848 = LINE('',#7849,#7850);
#7849 = CARTESIAN_POINT('',(49.875,38.,0.));
#7850 = VECTOR('',#7851,1.);
#7851 = DIRECTION('',(0.,0.,1.));
#7852 = ORIENTED_EDGE('',*,*,#7853,.T.);
#7853 = EDGE_CURVE('',#7846,#7846,#7854,.T.);
#7854 = CIRCLE('',#7855,2.375);
#7855 = AXIS2_PLACEMENT_3D('',#7856,#7857,#7858);
#7856 = CARTESIAN_POINT('',(47.5,38.,3.));
#7857 = DIRECTION('',(0.,0.,1.));
#7858 = DIRECTION('',(1.,0.,0.));
#7859 = ORIENTED_EDGE('',*,*,#7845,.F.);
#7860 = ORIENTED_EDGE('',*,*,#1943,.F.);
#7861 = CYLINDRICAL_SURFACE('',#7862,2.375);
#7862 = AXIS2_PLACEMENT_3D('',#7863,#7864,#7865);
#7863 = CARTESIAN_POINT('',(47.5,38.,0.));
#7864 = DIRECTION('',(-0.,-0.,-1.));
#7865 = DIRECTION('',(1.,0.,0.));
#7866 = ADVANCED_FACE('',(#7867),#7886,.F.);
#7867 = FACE_BOUND('',#7868,.T.);
#7868 = EDGE_LOOP('',(#7869,#7877,#7884,#7885));
#7869 = ORIENTED_EDGE('',*,*,#7870,.T.);
#7870 = EDGE_CURVE('',#1955,#7871,#7873,.T.);
#7871 = VERTEX_POINT('',#7872);
#7872 = CARTESIAN_POINT('',(48.053058132663,33.527523193969,3.));
#7873 = LINE('',#7874,#7875);
#7874 = CARTESIAN_POINT('',(48.053058132663,33.527523193969,0.));
#7875 = VECTOR('',#7876,1.);
#7876 = DIRECTION('',(0.,0.,1.));
#7877 = ORIENTED_EDGE('',*,*,#7878,.T.);
#7878 = EDGE_CURVE('',#7871,#7871,#7879,.T.);
#7879 = CIRCLE('',#7880,1.05);
#7880 = AXIS2_PLACEMENT_3D('',#7881,#7882,#7883);
#7881 = CARTESIAN_POINT('',(47.003058132663,33.527523193969,3.));
#7882 = DIRECTION('',(0.,0.,1.));
#7883 = DIRECTION('',(1.,0.,0.));
#7884 = ORIENTED_EDGE('',*,*,#7870,.F.);
#7885 = ORIENTED_EDGE('',*,*,#1954,.F.);
#7886 = CYLINDRICAL_SURFACE('',#7887,1.05);
#7887 = AXIS2_PLACEMENT_3D('',#7888,#7889,#7890);
#7888 = CARTESIAN_POINT('',(47.003058132663,33.527523193969,0.));
#7889 = DIRECTION('',(-0.,-0.,-1.));
#7890 = DIRECTION('',(1.,0.,0.));
#7891 = ADVANCED_FACE('',(#7892),#7917,.F.);
#7892 = FACE_BOUND('',#7893,.F.);
#7893 = EDGE_LOOP('',(#7894,#7895,#7903,#7911));
#7894 = ORIENTED_EDGE('',*,*,#1965,.F.);
#7895 = ORIENTED_EDGE('',*,*,#7896,.T.);
#7896 = EDGE_CURVE('',#1966,#7897,#7899,.T.);
#7897 = VERTEX_POINT('',#7898);
#7898 = CARTESIAN_POINT('',(53.102040398241,39.914837429927,3.));
#7899 = LINE('',#7900,#7901);
#7900 = CARTESIAN_POINT('',(53.102040398241,39.914837429927,0.));
#7901 = VECTOR('',#7902,1.);
#7902 = DIRECTION('',(0.,0.,1.));
#7903 = ORIENTED_EDGE('',*,*,#7904,.T.);
#7904 = EDGE_CURVE('',#7897,#7905,#7907,.T.);
#7905 = VERTEX_POINT('',#7906);
#7906 = CARTESIAN_POINT('',(51.412466671653,39.954365050205,3.));
#7907 = LINE('',#7908,#7909);
#7908 = CARTESIAN_POINT('',(54.193050370429,39.889313223896,3.));
#7909 = VECTOR('',#7910,1.);
#7910 = DIRECTION('',(-0.999726448679,2.338862567765E-02,0.));
#7911 = ORIENTED_EDGE('',*,*,#7912,.F.);
#7912 = EDGE_CURVE('',#1968,#7905,#7913,.T.);
#7913 = LINE('',#7914,#7915);
#7914 = CARTESIAN_POINT('',(51.412466671653,39.954365050205,0.));
#7915 = VECTOR('',#7916,1.);
#7916 = DIRECTION('',(0.,0.,1.));
#7917 = PLANE('',#7918);
#7918 = AXIS2_PLACEMENT_3D('',#7919,#7920,#7921);
#7919 = CARTESIAN_POINT('',(54.193050370429,39.889313223896,0.));
#7920 = DIRECTION('',(-2.338862567765E-02,-0.999726448679,0.));
#7921 = DIRECTION('',(-0.999726448679,2.338862567765E-02,0.));
#7922 = ADVANCED_FACE('',(#7923),#7942,.F.);
#7923 = FACE_BOUND('',#7924,.F.);
#7924 = EDGE_LOOP('',(#7925,#7926,#7934,#7941));
#7925 = ORIENTED_EDGE('',*,*,#1975,.T.);
#7926 = ORIENTED_EDGE('',*,*,#7927,.T.);
#7927 = EDGE_CURVE('',#1976,#7928,#7930,.T.);
#7928 = VERTEX_POINT('',#7929);
#7929 = CARTESIAN_POINT('',(54.123389664678,40.978396154889,3.));
#7930 = LINE('',#7931,#7932);
#7931 = CARTESIAN_POINT('',(54.123389664678,40.978396154889,0.));
#7932 = VECTOR('',#7933,1.);
#7933 = DIRECTION('',(0.,0.,1.));
#7934 = ORIENTED_EDGE('',*,*,#7935,.F.);
#7935 = EDGE_CURVE('',#7897,#7928,#7936,.T.);
#7936 = CIRCLE('',#7937,1.);
#7937 = AXIS2_PLACEMENT_3D('',#7938,#7939,#7940);
#7938 = CARTESIAN_POINT('',(53.125429023919,40.914563878606,3.));
#7939 = DIRECTION('',(-0.,0.,1.));
#7940 = DIRECTION('',(0.,-1.,0.));
#7941 = ORIENTED_EDGE('',*,*,#7896,.F.);
#7942 = CYLINDRICAL_SURFACE('',#7943,1.);
#7943 = AXIS2_PLACEMENT_3D('',#7944,#7945,#7946);
#7944 = CARTESIAN_POINT('',(53.125429023919,40.914563878606,0.));
#7945 = DIRECTION('',(0.,0.,1.));
#7946 = DIRECTION('',(-2.338862567765E-02,-0.999726448679,0.));
#7947 = ADVANCED_FACE('',(#7948),#7967,.F.);
#7948 = FACE_BOUND('',#7949,.T.);
#7949 = EDGE_LOOP('',(#7950,#7951,#7959,#7966));
#7950 = ORIENTED_EDGE('',*,*,#2026,.T.);
#7951 = ORIENTED_EDGE('',*,*,#7952,.T.);
#7952 = EDGE_CURVE('',#2019,#7953,#7955,.T.);
#7953 = VERTEX_POINT('',#7954);
#7954 = CARTESIAN_POINT('',(50.504419111808,41.317996201108,3.));
#7955 = LINE('',#7956,#7957);
#7956 = CARTESIAN_POINT('',(50.504419111808,41.317996201108,0.));
#7957 = VECTOR('',#7958,1.);
#7958 = DIRECTION('',(0.,0.,1.));
#7959 = ORIENTED_EDGE('',*,*,#7960,.F.);
#7960 = EDGE_CURVE('',#7905,#7953,#7961,.T.);
#7961 = CIRCLE('',#7962,1.);
#7962 = AXIS2_PLACEMENT_3D('',#7963,#7964,#7965);
#7963 = CARTESIAN_POINT('',(51.43585529733,40.954091498885,3.));
#7964 = DIRECTION('',(-0.,-0.,-1.));
#7965 = DIRECTION('',(0.,-1.,0.));
#7966 = ORIENTED_EDGE('',*,*,#7912,.F.);
#7967 = CYLINDRICAL_SURFACE('',#7968,1.);
#7968 = AXIS2_PLACEMENT_3D('',#7969,#7970,#7971);
#7969 = CARTESIAN_POINT('',(51.43585529733,40.954091498885,0.));
#7970 = DIRECTION('',(0.,0.,1.));
#7971 = DIRECTION('',(-2.338862567765E-02,-0.999726448679,0.));
#7972 = ADVANCED_FACE('',(#7973),#7991,.F.);
#7973 = FACE_BOUND('',#7974,.F.);
#7974 = EDGE_LOOP('',(#7975,#7976,#7984,#7990));
#7975 = ORIENTED_EDGE('',*,*,#1984,.F.);
#7976 = ORIENTED_EDGE('',*,*,#7977,.T.);
#7977 = EDGE_CURVE('',#1985,#7978,#7980,.T.);
#7978 = VERTEX_POINT('',#7979);
#7979 = CARTESIAN_POINT('',(54.026896479161,42.486980947005,3.));
#7980 = LINE('',#7981,#7982);
#7981 = CARTESIAN_POINT('',(54.026896479161,42.486980947005,0.));
#7982 = VECTOR('',#7983,1.);
#7983 = DIRECTION('',(0.,0.,1.));
#7984 = ORIENTED_EDGE('',*,*,#7985,.T.);
#7985 = EDGE_CURVE('',#7978,#7928,#7986,.T.);
#7986 = LINE('',#7987,#7988);
#7987 = CARTESIAN_POINT('',(53.982200638126,43.185760510501,3.));
#7988 = VECTOR('',#7989,1.);
#7989 = DIRECTION('',(6.38322762834E-02,-0.997960640759,0.));
#7990 = ORIENTED_EDGE('',*,*,#7927,.F.);
#7991 = PLANE('',#7992);
#7992 = AXIS2_PLACEMENT_3D('',#7993,#7994,#7995);
#7993 = CARTESIAN_POINT('',(53.982200638126,43.185760510501,0.));
#7994 = DIRECTION('',(0.997960640759,6.38322762834E-02,0.));
#7995 = DIRECTION('',(6.38322762834E-02,-0.997960640759,0.));
#7996 = ADVANCED_FACE('',(#7997),#8015,.F.);
#7997 = FACE_BOUND('',#7998,.F.);
#7998 = EDGE_LOOP('',(#7999,#8000,#8001,#8009));
#7999 = ORIENTED_EDGE('',*,*,#2018,.F.);
#8000 = ORIENTED_EDGE('',*,*,#7952,.T.);
#8001 = ORIENTED_EDGE('',*,*,#8002,.T.);
#8002 = EDGE_CURVE('',#7953,#8003,#8005,.T.);
#8003 = VERTEX_POINT('',#8004);
#8004 = CARTESIAN_POINT('',(51.183106245125,43.055137135966,3.));
#8005 = LINE('',#8006,#8007);
#8006 = CARTESIAN_POINT('',(49.984709336684,39.987767469347,3.));
#8007 = VECTOR('',#8008,1.);
#8008 = DIRECTION('',(0.363904702223,0.931436185522,0.));
#8009 = ORIENTED_EDGE('',*,*,#8010,.F.);
#8010 = EDGE_CURVE('',#2010,#8003,#8011,.T.);
#8011 = LINE('',#8012,#8013);
#8012 = CARTESIAN_POINT('',(51.183106245125,43.055137135966,0.));
#8013 = VECTOR('',#8014,1.);
#8014 = DIRECTION('',(0.,0.,1.));
#8015 = PLANE('',#8016);
#8016 = AXIS2_PLACEMENT_3D('',#8017,#8018,#8019);
#8017 = CARTESIAN_POINT('',(49.984709336684,39.987767469347,0.));
#8018 = DIRECTION('',(-0.931436185522,0.363904702223,0.));
#8019 = DIRECTION('',(0.363904702223,0.931436185522,0.));
#8020 = ADVANCED_FACE('',(#8021),#8040,.F.);
#8021 = FACE_BOUND('',#8022,.F.);
#8022 = EDGE_LOOP('',(#8023,#8024,#8032,#8039));
#8023 = ORIENTED_EDGE('',*,*,#1992,.T.);
#8024 = ORIENTED_EDGE('',*,*,#8025,.T.);
#8025 = EDGE_CURVE('',#1993,#8026,#8028,.T.);
#8026 = VERTEX_POINT('',#8027);
#8027 = CARTESIAN_POINT('',(53.310275760796,43.382756844961,3.));
#8028 = LINE('',#8029,#8030);
#8029 = CARTESIAN_POINT('',(53.310275760796,43.382756844961,0.));
#8030 = VECTOR('',#8031,1.);
#8031 = DIRECTION('',(0.,0.,1.));
#8032 = ORIENTED_EDGE('',*,*,#8033,.F.);
#8033 = EDGE_CURVE('',#7978,#8026,#8034,.T.);
#8034 = CIRCLE('',#8035,1.);
#8035 = AXIS2_PLACEMENT_3D('',#8036,#8037,#8038);
#8036 = CARTESIAN_POINT('',(53.028935838402,42.423148670722,3.));
#8037 = DIRECTION('',(-0.,0.,1.));
#8038 = DIRECTION('',(0.,-1.,0.));
#8039 = ORIENTED_EDGE('',*,*,#7977,.F.);
#8040 = CYLINDRICAL_SURFACE('',#8041,1.);
#8041 = AXIS2_PLACEMENT_3D('',#8042,#8043,#8044);
#8042 = CARTESIAN_POINT('',(53.028935838402,42.423148670722,0.));
#8043 = DIRECTION('',(0.,0.,1.));
#8044 = DIRECTION('',(0.997960640759,6.38322762834E-02,0.));
#8045 = ADVANCED_FACE('',(#8046),#8065,.F.);
#8046 = FACE_BOUND('',#8047,.T.);
#8047 = EDGE_LOOP('',(#8048,#8049,#8057,#8064));
#8048 = ORIENTED_EDGE('',*,*,#2009,.T.);
#8049 = ORIENTED_EDGE('',*,*,#8050,.T.);
#8050 = EDGE_CURVE('',#2002,#8051,#8053,.T.);
#8051 = VERTEX_POINT('',#8052);
#8052 = CARTESIAN_POINT('',(52.395882353042,43.650840607982,3.));
#8053 = LINE('',#8054,#8055);
#8054 = CARTESIAN_POINT('',(52.395882353042,43.650840607982,0.));
#8055 = VECTOR('',#8056,1.);
#8056 = DIRECTION('',(0.,0.,1.));
#8057 = ORIENTED_EDGE('',*,*,#8058,.F.);
#8058 = EDGE_CURVE('',#8003,#8051,#8059,.T.);
#8059 = CIRCLE('',#8060,1.);
#8060 = AXIS2_PLACEMENT_3D('',#8061,#8062,#8063);
#8061 = CARTESIAN_POINT('',(52.114542430647,42.691232433742,3.));
#8062 = DIRECTION('',(-0.,-0.,-1.));
#8063 = DIRECTION('',(0.,-1.,0.));
#8064 = ORIENTED_EDGE('',*,*,#8010,.F.);
#8065 = CYLINDRICAL_SURFACE('',#8066,1.);
#8066 = AXIS2_PLACEMENT_3D('',#8067,#8068,#8069);
#8067 = CARTESIAN_POINT('',(52.114542430647,42.691232433742,0.));
#8068 = DIRECTION('',(0.,0.,1.));
#8069 = DIRECTION('',(-0.931436185522,0.363904702223,0.));
#8070 = ADVANCED_FACE('',(#8071),#8082,.F.);
#8071 = FACE_BOUND('',#8072,.F.);
#8072 = EDGE_LOOP('',(#8073,#8074,#8075,#8081));
#8073 = ORIENTED_EDGE('',*,*,#2001,.F.);
#8074 = ORIENTED_EDGE('',*,*,#8050,.T.);
#8075 = ORIENTED_EDGE('',*,*,#8076,.T.);
#8076 = EDGE_CURVE('',#8051,#8026,#8077,.T.);
#8077 = LINE('',#8078,#8079);
#8078 = CARTESIAN_POINT('',(51.516563468144,43.908641149367,3.));
#8079 = VECTOR('',#8080,1.);
#8080 = DIRECTION('',(0.959608174239,-0.281339922394,0.));
#8081 = ORIENTED_EDGE('',*,*,#8025,.F.);
#8082 = PLANE('',#8083);
#8083 = AXIS2_PLACEMENT_3D('',#8084,#8085,#8086);
#8084 = CARTESIAN_POINT('',(51.516563468144,43.908641149367,0.));
#8085 = DIRECTION('',(0.281339922394,0.959608174239,0.));
#8086 = DIRECTION('',(0.959608174239,-0.281339922394,0.));
#8087 = ADVANCED_FACE('',(#8088),#8107,.F.);
#8088 = FACE_BOUND('',#8089,.T.);
#8089 = EDGE_LOOP('',(#8090,#8098,#8105,#8106));
#8090 = ORIENTED_EDGE('',*,*,#8091,.T.);
#8091 = EDGE_CURVE('',#2036,#8092,#8094,.T.);
#8092 = VERTEX_POINT('',#8093);
#8093 = CARTESIAN_POINT('',(49.046941867337,42.472476806031,3.));
#8094 = LINE('',#8095,#8096);
#8095 = CARTESIAN_POINT('',(49.046941867337,42.472476806031,0.));
#8096 = VECTOR('',#8097,1.);
#8097 = DIRECTION('',(0.,0.,1.));
#8098 = ORIENTED_EDGE('',*,*,#8099,.T.);
#8099 = EDGE_CURVE('',#8092,#8092,#8100,.T.);
#8100 = CIRCLE('',#8101,1.05);
#8101 = AXIS2_PLACEMENT_3D('',#8102,#8103,#8104);
#8102 = CARTESIAN_POINT('',(47.996941867337,42.472476806031,3.));
#8103 = DIRECTION('',(0.,0.,1.));
#8104 = DIRECTION('',(1.,0.,0.));
#8105 = ORIENTED_EDGE('',*,*,#8091,.F.);
#8106 = ORIENTED_EDGE('',*,*,#2035,.F.);
#8107 = CYLINDRICAL_SURFACE('',#8108,1.05);
#8108 = AXIS2_PLACEMENT_3D('',#8109,#8110,#8111);
#8109 = CARTESIAN_POINT('',(47.996941867337,42.472476806031,0.));
#8110 = DIRECTION('',(-0.,-0.,-1.));
#8111 = DIRECTION('',(1.,0.,0.));
#8112 = ADVANCED_FACE('',(#8113),#8132,.F.);
#8113 = FACE_BOUND('',#8114,.T.);
#8114 = EDGE_LOOP('',(#8115,#8123,#8130,#8131));
#8115 = ORIENTED_EDGE('',*,*,#8116,.T.);
#8116 = EDGE_CURVE('',#2047,#8117,#8119,.T.);
#8117 = VERTEX_POINT('',#8118);
#8118 = CARTESIAN_POINT('',(44.077523193969,38.496941867337,3.));
#8119 = LINE('',#8120,#8121);
#8120 = CARTESIAN_POINT('',(44.077523193969,38.496941867337,0.));
#8121 = VECTOR('',#8122,1.);
#8122 = DIRECTION('',(0.,0.,1.));
#8123 = ORIENTED_EDGE('',*,*,#8124,.T.);
#8124 = EDGE_CURVE('',#8117,#8117,#8125,.T.);
#8125 = CIRCLE('',#8126,1.05);
#8126 = AXIS2_PLACEMENT_3D('',#8127,#8128,#8129);
#8127 = CARTESIAN_POINT('',(43.027523193969,38.496941867337,3.));
#8128 = DIRECTION('',(0.,0.,1.));
#8129 = DIRECTION('',(1.,0.,0.));
#8130 = ORIENTED_EDGE('',*,*,#8116,.F.);
#8131 = ORIENTED_EDGE('',*,*,#2046,.F.);
#8132 = CYLINDRICAL_SURFACE('',#8133,1.05);
#8133 = AXIS2_PLACEMENT_3D('',#8134,#8135,#8136);
#8134 = CARTESIAN_POINT('',(43.027523193969,38.496941867337,0.));
#8135 = DIRECTION('',(-0.,-0.,-1.));
#8136 = DIRECTION('',(1.,0.,0.));
#8137 = ADVANCED_FACE('',(#8138),#8163,.T.);
#8138 = FACE_BOUND('',#8139,.T.);
#8139 = EDGE_LOOP('',(#8140,#8141,#8149,#8157));
#8140 = ORIENTED_EDGE('',*,*,#2057,.T.);
#8141 = ORIENTED_EDGE('',*,*,#8142,.T.);
#8142 = EDGE_CURVE('',#2060,#8143,#8145,.T.);
#8143 = VERTEX_POINT('',#8144);
#8144 = CARTESIAN_POINT('',(10.,19.916605691254,3.));
#8145 = LINE('',#8146,#8147);
#8146 = CARTESIAN_POINT('',(10.,19.916605691254,0.));
#8147 = VECTOR('',#8148,1.);
#8148 = DIRECTION('',(0.,0.,1.));
#8149 = ORIENTED_EDGE('',*,*,#8150,.F.);
#8150 = EDGE_CURVE('',#8151,#8143,#8153,.T.);
#8151 = VERTEX_POINT('',#8152);
#8152 = CARTESIAN_POINT('',(10.,31.207964155724,3.));
#8153 = LINE('',#8154,#8155);
#8154 = CARTESIAN_POINT('',(10.,8.762489077515,3.));
#8155 = VECTOR('',#8156,1.);
#8156 = DIRECTION('',(-1.2E-16,-1.,0.));
#8157 = ORIENTED_EDGE('',*,*,#8158,.F.);
#8158 = EDGE_CURVE('',#2058,#8151,#8159,.T.);
#8159 = LINE('',#8160,#8161);
#8160 = CARTESIAN_POINT('',(10.,31.207964155724,0.));
#8161 = VECTOR('',#8162,1.);
#8162 = DIRECTION('',(0.,0.,1.));
#8163 = PLANE('',#8164);
#8164 = AXIS2_PLACEMENT_3D('',#8165,#8166,#8167);
#8165 = CARTESIAN_POINT('',(10.,17.276734989442,-1.));
#8166 = DIRECTION('',(-1.,1.2E-16,0.));
#8167 = DIRECTION('',(1.2E-16,1.,0.));
#8168 = ADVANCED_FACE('',(#8169),#8188,.F.);
#8169 = FACE_BOUND('',#8170,.F.);
#8170 = EDGE_LOOP('',(#8171,#8172,#8180,#8187));
#8171 = ORIENTED_EDGE('',*,*,#2067,.T.);
#8172 = ORIENTED_EDGE('',*,*,#8173,.T.);
#8173 = EDGE_CURVE('',#2068,#8174,#8176,.T.);
#8174 = VERTEX_POINT('',#8175);
#8175 = CARTESIAN_POINT('',(9.25,32.176209992276,3.));
#8176 = LINE('',#8177,#8178);
#8177 = CARTESIAN_POINT('',(9.25,32.176209992276,0.));
#8178 = VECTOR('',#8179,1.);
#8179 = DIRECTION('',(0.,0.,1.));
#8180 = ORIENTED_EDGE('',*,*,#8181,.F.);
#8181 = EDGE_CURVE('',#8151,#8174,#8182,.T.);
#8182 = CIRCLE('',#8183,1.);
#8183 = AXIS2_PLACEMENT_3D('',#8184,#8185,#8186);
#8184 = CARTESIAN_POINT('',(9.,31.207964155724,3.));
#8185 = DIRECTION('',(-0.,0.,1.));
#8186 = DIRECTION('',(0.,-1.,0.));
#8187 = ORIENTED_EDGE('',*,*,#8158,.F.);
#8188 = CYLINDRICAL_SURFACE('',#8189,1.);
#8189 = AXIS2_PLACEMENT_3D('',#8190,#8191,#8192);
#8190 = CARTESIAN_POINT('',(9.,31.207964155724,0.));
#8191 = DIRECTION('',(0.,0.,1.));
#8192 = DIRECTION('',(1.,-1.2E-16,0.));
#8193 = ADVANCED_FACE('',(#8194),#8213,.F.);
#8194 = FACE_BOUND('',#8195,.T.);
#8195 = EDGE_LOOP('',(#8196,#8197,#8205,#8212));
#8196 = ORIENTED_EDGE('',*,*,#2119,.T.);
#8197 = ORIENTED_EDGE('',*,*,#8198,.T.);
#8198 = EDGE_CURVE('',#2112,#8199,#8201,.T.);
#8199 = VERTEX_POINT('',#8200);
#8200 = CARTESIAN_POINT('',(8.250975122355,19.254063818865,3.));
#8201 = LINE('',#8202,#8203);
#8202 = CARTESIAN_POINT('',(8.250975122355,19.254063818865,0.));
#8203 = VECTOR('',#8204,1.);
#8204 = DIRECTION('',(0.,0.,1.));
#8205 = ORIENTED_EDGE('',*,*,#8206,.F.);
#8206 = EDGE_CURVE('',#8143,#8199,#8207,.T.);
#8207 = CIRCLE('',#8208,1.);
#8208 = AXIS2_PLACEMENT_3D('',#8209,#8210,#8211);
#8209 = CARTESIAN_POINT('',(9.,19.916605691254,3.));
#8210 = DIRECTION('',(-0.,-0.,-1.));
#8211 = DIRECTION('',(0.,-1.,0.));
#8212 = ORIENTED_EDGE('',*,*,#8142,.F.);
#8213 = CYLINDRICAL_SURFACE('',#8214,1.);
#8214 = AXIS2_PLACEMENT_3D('',#8215,#8216,#8217);
#8215 = CARTESIAN_POINT('',(9.,19.916605691254,0.));
#8216 = DIRECTION('',(0.,0.,1.));
#8217 = DIRECTION('',(1.,-1.2E-16,0.));
#8218 = ADVANCED_FACE('',(#8219),#8238,.T.);
#8219 = FACE_BOUND('',#8220,.F.);
#8220 = EDGE_LOOP('',(#8221,#8222,#8230,#8237));
#8221 = ORIENTED_EDGE('',*,*,#2076,.T.);
#8222 = ORIENTED_EDGE('',*,*,#8223,.T.);
#8223 = EDGE_CURVE('',#2077,#8224,#8226,.T.);
#8224 = VERTEX_POINT('',#8225);
#8225 = CARTESIAN_POINT('',(8.090767745774,32.867486025882,3.));
#8226 = LINE('',#8227,#8228);
#8227 = CARTESIAN_POINT('',(8.090767745774,32.867486025882,0.));
#8228 = VECTOR('',#8229,1.);
#8229 = DIRECTION('',(0.,0.,1.));
#8230 = ORIENTED_EDGE('',*,*,#8231,.F.);
#8231 = EDGE_CURVE('',#8174,#8224,#8232,.T.);
#8232 = CIRCLE('',#8233,2.4);
#8233 = AXIS2_PLACEMENT_3D('',#8234,#8235,#8236);
#8234 = CARTESIAN_POINT('',(9.85,34.5,3.));
#8235 = DIRECTION('',(0.,0.,-1.));
#8236 = DIRECTION('',(-1.,1.2E-16,0.));
#8237 = ORIENTED_EDGE('',*,*,#8173,.F.);
#8238 = CYLINDRICAL_SURFACE('',#8239,2.4);
#8239 = AXIS2_PLACEMENT_3D('',#8240,#8241,#8242);
#8240 = CARTESIAN_POINT('',(9.85,34.5,-1.));
#8241 = DIRECTION('',(-0.,-0.,-1.));
#8242 = DIRECTION('',(-1.,1.2E-16,0.));
#8243 = ADVANCED_FACE('',(#8244),#8262,.T.);
#8244 = FACE_BOUND('',#8245,.T.);
#8245 = EDGE_LOOP('',(#8246,#8247,#8255,#8261));
#8246 = ORIENTED_EDGE('',*,*,#2111,.T.);
#8247 = ORIENTED_EDGE('',*,*,#8248,.T.);
#8248 = EDGE_CURVE('',#2103,#8249,#8251,.T.);
#8249 = VERTEX_POINT('',#8250);
#8250 = CARTESIAN_POINT('',(2.002909601095,26.317702673418,3.));
#8251 = LINE('',#8252,#8253);
#8252 = CARTESIAN_POINT('',(2.002909601095,26.317702673418,0.));
#8253 = VECTOR('',#8254,1.);
#8254 = DIRECTION('',(0.,0.,1.));
#8255 = ORIENTED_EDGE('',*,*,#8256,.F.);
#8256 = EDGE_CURVE('',#8199,#8249,#8257,.T.);
#8257 = LINE('',#8258,#8259);
#8258 = CARTESIAN_POINT('',(7.704021872197,19.872412044615,3.));
#8259 = VECTOR('',#8260,1.);
#8260 = DIRECTION('',(-0.662541872389,0.749024877645,0.));
#8261 = ORIENTED_EDGE('',*,*,#8198,.F.);
#8262 = PLANE('',#8263);
#8263 = AXIS2_PLACEMENT_3D('',#8264,#8265,#8266);
#8264 = CARTESIAN_POINT('',(1.416865337719,26.980244545808,-1.));
#8265 = DIRECTION('',(0.749024877645,0.662541872389,0.));
#8266 = DIRECTION('',(0.662541872389,-0.749024877645,0.));
#8267 = ADVANCED_FACE('',(#8268),#8287,.F.);
#8268 = FACE_BOUND('',#8269,.F.);
#8269 = EDGE_LOOP('',(#8270,#8271,#8279,#8286));
#8270 = ORIENTED_EDGE('',*,*,#2085,.T.);
#8271 = ORIENTED_EDGE('',*,*,#8272,.T.);
#8272 = EDGE_CURVE('',#2086,#8273,#8275,.T.);
#8273 = VERTEX_POINT('',#8274);
#8274 = CARTESIAN_POINT('',(6.608729428869,32.849813742388,3.));
#8275 = LINE('',#8276,#8277);
#8276 = CARTESIAN_POINT('',(6.608729428869,32.849813742388,0.));
#8277 = VECTOR('',#8278,1.);
#8278 = DIRECTION('',(0.,0.,1.));
#8279 = ORIENTED_EDGE('',*,*,#8280,.F.);
#8280 = EDGE_CURVE('',#8224,#8273,#8281,.T.);
#8281 = CIRCLE('',#8282,1.);
#8282 = AXIS2_PLACEMENT_3D('',#8283,#8284,#8285);
#8283 = CARTESIAN_POINT('',(7.357754306514,32.187271869999,3.));
#8284 = DIRECTION('',(-0.,0.,1.));
#8285 = DIRECTION('',(0.,-1.,0.));
#8286 = ORIENTED_EDGE('',*,*,#8223,.F.);
#8287 = CYLINDRICAL_SURFACE('',#8288,1.);
#8288 = AXIS2_PLACEMENT_3D('',#8289,#8290,#8291);
#8289 = CARTESIAN_POINT('',(7.357754306514,32.187271869999,0.));
#8290 = DIRECTION('',(0.,0.,1.));
#8291 = DIRECTION('',(0.733013439261,0.680214155883,0.));
#8292 = ADVANCED_FACE('',(#8293),#8312,.F.);
#8293 = FACE_BOUND('',#8294,.T.);
#8294 = EDGE_LOOP('',(#8295,#8296,#8304,#8311));
#8295 = ORIENTED_EDGE('',*,*,#2102,.T.);
#8296 = ORIENTED_EDGE('',*,*,#8297,.T.);
#8297 = EDGE_CURVE('',#2095,#8298,#8300,.T.);
#8298 = VERTEX_POINT('',#8299);
#8299 = CARTESIAN_POINT('',(2.002909601095,27.642786418197,3.));
#8300 = LINE('',#8301,#8302);
#8301 = CARTESIAN_POINT('',(2.002909601095,27.642786418197,0.));
#8302 = VECTOR('',#8303,1.);
#8303 = DIRECTION('',(0.,0.,1.));
#8304 = ORIENTED_EDGE('',*,*,#8305,.F.);
#8305 = EDGE_CURVE('',#8249,#8298,#8306,.T.);
#8306 = CIRCLE('',#8307,1.);
#8307 = AXIS2_PLACEMENT_3D('',#8308,#8309,#8310);
#8308 = CARTESIAN_POINT('',(2.751934478739,26.980244545808,3.));
#8309 = DIRECTION('',(-0.,-0.,-1.));
#8310 = DIRECTION('',(0.,-1.,0.));
#8311 = ORIENTED_EDGE('',*,*,#8248,.F.);
#8312 = CYLINDRICAL_SURFACE('',#8313,1.);
#8313 = AXIS2_PLACEMENT_3D('',#8314,#8315,#8316);
#8314 = CARTESIAN_POINT('',(2.751934478739,26.980244545808,0.));
#8315 = DIRECTION('',(0.,0.,1.));
#8316 = DIRECTION('',(-0.749024877645,-0.662541872389,0.));
#8317 = ADVANCED_FACE('',(#8318),#8329,.F.);
#8318 = FACE_BOUND('',#8319,.F.);
#8319 = EDGE_LOOP('',(#8320,#8321,#8322,#8328));
#8320 = ORIENTED_EDGE('',*,*,#2094,.T.);
#8321 = ORIENTED_EDGE('',*,*,#8297,.T.);
#8322 = ORIENTED_EDGE('',*,*,#8323,.F.);
#8323 = EDGE_CURVE('',#8273,#8298,#8324,.T.);
#8324 = LINE('',#8325,#8326);
#8325 = CARTESIAN_POINT('',(-5.562010352645,19.09040131036,3.));
#8326 = VECTOR('',#8327,1.);
#8327 = DIRECTION('',(-0.662541872389,-0.749024877645,0.));
#8328 = ORIENTED_EDGE('',*,*,#8272,.F.);
#8329 = PLANE('',#8330);
#8330 = AXIS2_PLACEMENT_3D('',#8331,#8332,#8333);
#8331 = CARTESIAN_POINT('',(1.416865337719,26.980244545808,-1.));
#8332 = DIRECTION('',(-0.749024877645,0.662541872389,0.));
#8333 = DIRECTION('',(0.662541872389,0.749024877645,0.));
#8334 = ADVANCED_FACE('',(#8335),#8354,.F.);
#8335 = FACE_BOUND('',#8336,.T.);
#8336 = EDGE_LOOP('',(#8337,#8345,#8352,#8353));
#8337 = ORIENTED_EDGE('',*,*,#8338,.T.);
#8338 = EDGE_CURVE('',#2129,#8339,#8341,.T.);
#8339 = VERTEX_POINT('',#8340);
#8340 = CARTESIAN_POINT('',(10.9,34.5,3.));
#8341 = LINE('',#8342,#8343);
#8342 = CARTESIAN_POINT('',(10.9,34.5,0.));
#8343 = VECTOR('',#8344,1.);
#8344 = DIRECTION('',(0.,0.,1.));
#8345 = ORIENTED_EDGE('',*,*,#8346,.T.);
#8346 = EDGE_CURVE('',#8339,#8339,#8347,.T.);
#8347 = CIRCLE('',#8348,1.05);
#8348 = AXIS2_PLACEMENT_3D('',#8349,#8350,#8351);
#8349 = CARTESIAN_POINT('',(9.85,34.5,3.));
#8350 = DIRECTION('',(0.,0.,1.));
#8351 = DIRECTION('',(1.,0.,0.));
#8352 = ORIENTED_EDGE('',*,*,#8338,.F.);
#8353 = ORIENTED_EDGE('',*,*,#2128,.F.);
#8354 = CYLINDRICAL_SURFACE('',#8355,1.05);
#8355 = AXIS2_PLACEMENT_3D('',#8356,#8357,#8358);
#8356 = CARTESIAN_POINT('',(9.85,34.5,0.));
#8357 = DIRECTION('',(-0.,-0.,-1.));
#8358 = DIRECTION('',(1.,0.,0.));
#8359 = ADVANCED_FACE('',(#8360),#8385,.F.);
#8360 = FACE_BOUND('',#8361,.F.);
#8361 = EDGE_LOOP('',(#8362,#8363,#8371,#8379));
#8362 = ORIENTED_EDGE('',*,*,#2139,.T.);
#8363 = ORIENTED_EDGE('',*,*,#8364,.T.);
#8364 = EDGE_CURVE('',#2142,#8365,#8367,.T.);
#8365 = VERTEX_POINT('',#8366);
#8366 = CARTESIAN_POINT('',(7.908088559187,37.337458127611,3.));
#8367 = LINE('',#8368,#8369);
#8368 = CARTESIAN_POINT('',(7.908088559187,37.337458127611,0.));
#8369 = VECTOR('',#8370,1.);
#8370 = DIRECTION('',(0.,0.,1.));
#8371 = ORIENTED_EDGE('',*,*,#8372,.F.);
#8372 = EDGE_CURVE('',#8373,#8365,#8375,.T.);
#8373 = VERTEX_POINT('',#8374);
#8374 = CARTESIAN_POINT('',(0.749024877645,29.24390657776,3.));
#8375 = LINE('',#8376,#8377);
#8376 = CARTESIAN_POINT('',(-2.330131883637,25.762820909845,3.));
#8377 = VECTOR('',#8378,1.);
#8378 = DIRECTION('',(0.662541872389,0.749024877645,0.));
#8379 = ORIENTED_EDGE('',*,*,#8380,.F.);
#8380 = EDGE_CURVE('',#2140,#8373,#8381,.T.);
#8381 = LINE('',#8382,#8383);
#8382 = CARTESIAN_POINT('',(0.749024877645,29.24390657776,0.));
#8383 = VECTOR('',#8384,1.);
#8384 = DIRECTION('',(0.,0.,1.));
#8385 = PLANE('',#8386);
#8386 = AXIS2_PLACEMENT_3D('',#8387,#8388,#8389);
#8387 = CARTESIAN_POINT('',(9.378672031023,39.,-1.));
#8388 = DIRECTION('',(0.749024877645,-0.662541872389,0.));
#8389 = DIRECTION('',(-0.662541872389,-0.749024877645,0.));
#8390 = ADVANCED_FACE('',(#8391),#8410,.F.);
#8391 = FACE_BOUND('',#8392,.T.);
#8392 = EDGE_LOOP('',(#8393,#8394,#8402,#8409));
#8393 = ORIENTED_EDGE('',*,*,#2183,.T.);
#8394 = ORIENTED_EDGE('',*,*,#8395,.T.);
#8395 = EDGE_CURVE('',#2176,#8396,#8398,.T.);
#8396 = VERTEX_POINT('',#8397);
#8397 = CARTESIAN_POINT('',(-0.749024877645,29.24390657776,3.));
#8398 = LINE('',#8399,#8400);
#8399 = CARTESIAN_POINT('',(-0.749024877645,29.24390657776,0.));
#8400 = VECTOR('',#8401,1.);
#8401 = DIRECTION('',(0.,0.,1.));
#8402 = ORIENTED_EDGE('',*,*,#8403,.F.);
#8403 = EDGE_CURVE('',#8373,#8396,#8404,.T.);
#8404 = CIRCLE('',#8405,1.);
#8405 = AXIS2_PLACEMENT_3D('',#8406,#8407,#8408);
#8406 = CARTESIAN_POINT('',(1.78E-15,29.90644845015,3.));
#8407 = DIRECTION('',(-0.,-0.,-1.));
#8408 = DIRECTION('',(0.,-1.,0.));
#8409 = ORIENTED_EDGE('',*,*,#8380,.F.);
#8410 = CYLINDRICAL_SURFACE('',#8411,1.);
#8411 = AXIS2_PLACEMENT_3D('',#8412,#8413,#8414);
#8412 = CARTESIAN_POINT('',(1.78E-15,29.90644845015,0.));
#8413 = DIRECTION('',(0.,0.,1.));
#8414 = DIRECTION('',(0.749024877645,-0.662541872389,0.));
#8415 = ADVANCED_FACE('',(#8416),#8435,.F.);
#8416 = FACE_BOUND('',#8417,.F.);
#8417 = EDGE_LOOP('',(#8418,#8419,#8427,#8434));
#8418 = ORIENTED_EDGE('',*,*,#2149,.T.);
#8419 = ORIENTED_EDGE('',*,*,#8420,.T.);
#8420 = EDGE_CURVE('',#2150,#8421,#8423,.T.);
#8421 = VERTEX_POINT('',#8422);
#8422 = CARTESIAN_POINT('',(7.159063681542,39.,3.));
#8423 = LINE('',#8424,#8425);
#8424 = CARTESIAN_POINT('',(7.159063681542,39.,0.));
#8425 = VECTOR('',#8426,1.);
#8426 = DIRECTION('',(0.,0.,1.));
#8427 = ORIENTED_EDGE('',*,*,#8428,.F.);
#8428 = EDGE_CURVE('',#8365,#8421,#8429,.T.);
#8429 = CIRCLE('',#8430,1.);
#8430 = AXIS2_PLACEMENT_3D('',#8431,#8432,#8433);
#8431 = CARTESIAN_POINT('',(7.159063681542,38.,3.));
#8432 = DIRECTION('',(-0.,0.,1.));
#8433 = DIRECTION('',(0.,-1.,0.));
#8434 = ORIENTED_EDGE('',*,*,#8364,.F.);
#8435 = CYLINDRICAL_SURFACE('',#8436,1.);
#8436 = AXIS2_PLACEMENT_3D('',#8437,#8438,#8439);
#8437 = CARTESIAN_POINT('',(7.159063681542,38.,0.));
#8438 = DIRECTION('',(0.,0.,1.));
#8439 = DIRECTION('',(0.749024877645,-0.662541872389,0.));
#8440 = ADVANCED_FACE('',(#8441),#8459,.T.);
#8441 = FACE_BOUND('',#8442,.T.);
#8442 = EDGE_LOOP('',(#8443,#8444,#8452,#8458));
#8443 = ORIENTED_EDGE('',*,*,#2175,.T.);
#8444 = ORIENTED_EDGE('',*,*,#8445,.T.);
#8445 = EDGE_CURVE('',#2167,#8446,#8448,.T.);
#8446 = VERTEX_POINT('',#8447);
#8447 = CARTESIAN_POINT('',(-7.908088559187,37.337458127611,3.));
#8448 = LINE('',#8449,#8450);
#8449 = CARTESIAN_POINT('',(-7.908088559187,37.337458127611,0.));
#8450 = VECTOR('',#8451,1.);
#8451 = DIRECTION('',(0.,0.,1.));
#8452 = ORIENTED_EDGE('',*,*,#8453,.F.);
#8453 = EDGE_CURVE('',#8396,#8446,#8454,.T.);
#8454 = LINE('',#8455,#8456);
#8455 = CARTESIAN_POINT('',(2.260362391356,25.841697562926,3.));
#8456 = VECTOR('',#8457,1.);
#8457 = DIRECTION('',(-0.662541872389,0.749024877645,0.));
#8458 = ORIENTED_EDGE('',*,*,#8395,.F.);
#8459 = PLANE('',#8460);
#8460 = AXIS2_PLACEMENT_3D('',#8461,#8462,#8463);
#8461 = CARTESIAN_POINT('',(-9.378672031023,39.,-1.));
#8462 = DIRECTION('',(0.749024877645,0.662541872389,0.));
#8463 = DIRECTION('',(0.662541872389,-0.749024877645,0.));
#8464 = ADVANCED_FACE('',(#8465),#8483,.T.);
#8465 = FACE_BOUND('',#8466,.T.);
#8466 = EDGE_LOOP('',(#8467,#8468,#8469,#8477));
#8467 = ORIENTED_EDGE('',*,*,#2158,.T.);
#8468 = ORIENTED_EDGE('',*,*,#8420,.T.);
#8469 = ORIENTED_EDGE('',*,*,#8470,.F.);
#8470 = EDGE_CURVE('',#8471,#8421,#8473,.T.);
#8471 = VERTEX_POINT('',#8472);
#8472 = CARTESIAN_POINT('',(-7.159063681542,39.,3.));
#8473 = LINE('',#8474,#8475);
#8474 = CARTESIAN_POINT('',(4.609864973859,39.,3.));
#8475 = VECTOR('',#8476,1.);
#8476 = DIRECTION('',(1.,-1.2E-16,0.));
#8477 = ORIENTED_EDGE('',*,*,#8478,.F.);
#8478 = EDGE_CURVE('',#2159,#8471,#8479,.T.);
#8479 = LINE('',#8480,#8481);
#8480 = CARTESIAN_POINT('',(-7.159063681542,39.,0.));
#8481 = VECTOR('',#8482,1.);
#8482 = DIRECTION('',(0.,0.,1.));
#8483 = PLANE('',#8484);
#8484 = AXIS2_PLACEMENT_3D('',#8485,#8486,#8487);
#8485 = CARTESIAN_POINT('',(9.378672031023,39.,-1.));
#8486 = DIRECTION('',(-1.2E-16,-1.,0.));
#8487 = DIRECTION('',(-1.,1.2E-16,0.));
#8488 = ADVANCED_FACE('',(#8489),#8501,.F.);
#8489 = FACE_BOUND('',#8490,.T.);
#8490 = EDGE_LOOP('',(#8491,#8492,#8493,#8500));
#8491 = ORIENTED_EDGE('',*,*,#2166,.T.);
#8492 = ORIENTED_EDGE('',*,*,#8478,.T.);
#8493 = ORIENTED_EDGE('',*,*,#8494,.F.);
#8494 = EDGE_CURVE('',#8446,#8471,#8495,.T.);
#8495 = CIRCLE('',#8496,1.);
#8496 = AXIS2_PLACEMENT_3D('',#8497,#8498,#8499);
#8497 = CARTESIAN_POINT('',(-7.159063681542,38.,3.));
#8498 = DIRECTION('',(-0.,-0.,-1.));
#8499 = DIRECTION('',(0.,-1.,0.));
#8500 = ORIENTED_EDGE('',*,*,#8445,.F.);
#8501 = CYLINDRICAL_SURFACE('',#8502,1.);
#8502 = AXIS2_PLACEMENT_3D('',#8503,#8504,#8505);
#8503 = CARTESIAN_POINT('',(-7.159063681542,38.,0.));
#8504 = DIRECTION('',(0.,0.,1.));
#8505 = DIRECTION('',(-0.749024877645,-0.662541872389,0.));
#8506 = ADVANCED_FACE('',(#8507),#8532,.T.);
#8507 = FACE_BOUND('',#8508,.T.);
#8508 = EDGE_LOOP('',(#8509,#8510,#8518,#8526));
#8509 = ORIENTED_EDGE('',*,*,#2192,.T.);
#8510 = ORIENTED_EDGE('',*,*,#8511,.T.);
#8511 = EDGE_CURVE('',#2195,#8512,#8514,.T.);
#8512 = VERTEX_POINT('',#8513);
#8513 = CARTESIAN_POINT('',(-5.440890297264,2.798967892787,3.));
#8514 = LINE('',#8515,#8516);
#8515 = CARTESIAN_POINT('',(-5.440890297264,2.798967892787,0.));
#8516 = VECTOR('',#8517,1.);
#8517 = DIRECTION('',(0.,0.,1.));
#8518 = ORIENTED_EDGE('',*,*,#8519,.F.);
#8519 = EDGE_CURVE('',#8520,#8512,#8522,.T.);
#8520 = VERTEX_POINT('',#8521);
#8521 = CARTESIAN_POINT('',(-12.85982631725,8.38311328418,3.));
#8522 = LINE('',#8523,#8524);
#8523 = CARTESIAN_POINT('',(-1.947212718822,0.169318102562,3.));
#8524 = VECTOR('',#8525,1.);
#8525 = DIRECTION('',(0.798967892787,-0.601373682743,0.));
#8526 = ORIENTED_EDGE('',*,*,#8527,.F.);
#8527 = EDGE_CURVE('',#2193,#8520,#8528,.T.);
#8528 = LINE('',#8529,#8530);
#8529 = CARTESIAN_POINT('',(-12.85982631725,8.38311328418,0.));
#8530 = VECTOR('',#8531,1.);
#8531 = DIRECTION('',(0.,0.,1.));
#8532 = PLANE('',#8533);
#8533 = AXIS2_PLACEMENT_3D('',#8534,#8535,#8536);
#8534 = CARTESIAN_POINT('',(-3.05083295399,1.,-1.));
#8535 = DIRECTION('',(-0.601373682743,-0.798967892787,0.));
#8536 = DIRECTION('',(-0.798967892787,0.601373682743,0.));
#8537 = ADVANCED_FACE('',(#8538),#8557,.F.);
#8538 = FACE_BOUND('',#8539,.F.);
#8539 = EDGE_LOOP('',(#8540,#8541,#8549,#8556));
#8540 = ORIENTED_EDGE('',*,*,#2202,.T.);
#8541 = ORIENTED_EDGE('',*,*,#8542,.T.);
#8542 = EDGE_CURVE('',#2203,#8543,#8545,.T.);
#8543 = VERTEX_POINT('',#8544);
#8544 = CARTESIAN_POINT('',(-14.4612,7.584145391393,3.));
#8545 = LINE('',#8546,#8547);
#8546 = CARTESIAN_POINT('',(-14.4612,7.584145391393,0.));
#8547 = VECTOR('',#8548,1.);
#8548 = DIRECTION('',(0.,0.,1.));
#8549 = ORIENTED_EDGE('',*,*,#8550,.F.);
#8550 = EDGE_CURVE('',#8520,#8543,#8551,.T.);
#8551 = CIRCLE('',#8552,1.);
#8552 = AXIS2_PLACEMENT_3D('',#8553,#8554,#8555);
#8553 = CARTESIAN_POINT('',(-13.4612,7.584145391393,3.));
#8554 = DIRECTION('',(-0.,0.,1.));
#8555 = DIRECTION('',(0.,-1.,0.));
#8556 = ORIENTED_EDGE('',*,*,#8527,.F.);
#8557 = CYLINDRICAL_SURFACE('',#8558,1.);
#8558 = AXIS2_PLACEMENT_3D('',#8559,#8560,#8561);
#8559 = CARTESIAN_POINT('',(-13.4612,7.584145391393,0.));
#8560 = DIRECTION('',(0.,0.,1.));
#8561 = DIRECTION('',(0.601373682743,0.798967892787,0.));
#8562 = ADVANCED_FACE('',(#8563),#8582,.F.);
#8563 = FACE_BOUND('',#8564,.T.);
#8564 = EDGE_LOOP('',(#8565,#8566,#8574,#8581));
#8565 = ORIENTED_EDGE('',*,*,#2236,.T.);
#8566 = ORIENTED_EDGE('',*,*,#8567,.T.);
#8567 = EDGE_CURVE('',#2229,#8568,#8570,.T.);
#8568 = VERTEX_POINT('',#8569);
#8569 = CARTESIAN_POINT('',(-6.042263980007,1.,3.));
#8570 = LINE('',#8571,#8572);
#8571 = CARTESIAN_POINT('',(-6.042263980007,1.,0.));
#8572 = VECTOR('',#8573,1.);
#8573 = DIRECTION('',(0.,0.,1.));
#8574 = ORIENTED_EDGE('',*,*,#8575,.F.);
#8575 = EDGE_CURVE('',#8512,#8568,#8576,.T.);
#8576 = CIRCLE('',#8577,1.);
#8577 = AXIS2_PLACEMENT_3D('',#8578,#8579,#8580);
#8578 = CARTESIAN_POINT('',(-6.042263980007,2.,3.));
#8579 = DIRECTION('',(-0.,-0.,-1.));
#8580 = DIRECTION('',(0.,-1.,0.));
#8581 = ORIENTED_EDGE('',*,*,#8511,.F.);
#8582 = CYLINDRICAL_SURFACE('',#8583,1.);
#8583 = AXIS2_PLACEMENT_3D('',#8584,#8585,#8586);
#8584 = CARTESIAN_POINT('',(-6.042263980007,2.,0.));
#8585 = DIRECTION('',(0.,0.,1.));
#8586 = DIRECTION('',(0.601373682743,0.798967892787,0.));
#8587 = ADVANCED_FACE('',(#8588),#8606,.F.);
#8588 = FACE_BOUND('',#8589,.F.);
#8589 = EDGE_LOOP('',(#8590,#8591,#8599,#8605));
#8590 = ORIENTED_EDGE('',*,*,#2211,.T.);
#8591 = ORIENTED_EDGE('',*,*,#8592,.T.);
#8592 = EDGE_CURVE('',#2212,#8593,#8595,.T.);
#8593 = VERTEX_POINT('',#8594);
#8594 = CARTESIAN_POINT('',(-14.4612,2.,3.));
#8595 = LINE('',#8596,#8597);
#8596 = CARTESIAN_POINT('',(-14.4612,2.,0.));
#8597 = VECTOR('',#8598,1.);
#8598 = DIRECTION('',(0.,0.,1.));
#8599 = ORIENTED_EDGE('',*,*,#8600,.F.);
#8600 = EDGE_CURVE('',#8543,#8593,#8601,.T.);
#8601 = LINE('',#8602,#8603);
#8602 = CARTESIAN_POINT('',(-14.4612,0.624121582794,3.));
#8603 = VECTOR('',#8604,1.);
#8604 = DIRECTION('',(-1.2E-16,-1.,0.));
#8605 = ORIENTED_EDGE('',*,*,#8542,.F.);
#8606 = PLANE('',#8607);
#8607 = AXIS2_PLACEMENT_3D('',#8608,#8609,#8610);
#8608 = CARTESIAN_POINT('',(-14.4612,1.,-1.));
#8609 = DIRECTION('',(-1.,1.2E-16,0.));
#8610 = DIRECTION('',(1.2E-16,1.,0.));
#8611 = ADVANCED_FACE('',(#8612),#8630,.T.);
#8612 = FACE_BOUND('',#8613,.T.);
#8613 = EDGE_LOOP('',(#8614,#8615,#8623,#8629));
#8614 = ORIENTED_EDGE('',*,*,#2228,.T.);
#8615 = ORIENTED_EDGE('',*,*,#8616,.T.);
#8616 = EDGE_CURVE('',#2220,#8617,#8619,.T.);
#8617 = VERTEX_POINT('',#8618);
#8618 = CARTESIAN_POINT('',(-13.4612,1.,3.));
#8619 = LINE('',#8620,#8621);
#8620 = CARTESIAN_POINT('',(-13.4612,1.,0.));
#8621 = VECTOR('',#8622,1.);
#8622 = DIRECTION('',(0.,0.,1.));
#8623 = ORIENTED_EDGE('',*,*,#8624,.F.);
#8624 = EDGE_CURVE('',#8568,#8617,#8625,.T.);
#8625 = LINE('',#8626,#8627);
#8626 = CARTESIAN_POINT('',(-7.310071041653,1.,3.));
#8627 = VECTOR('',#8628,1.);
#8628 = DIRECTION('',(-1.,1.2E-16,0.));
#8629 = ORIENTED_EDGE('',*,*,#8567,.F.);
#8630 = PLANE('',#8631);
#8631 = AXIS2_PLACEMENT_3D('',#8632,#8633,#8634);
#8632 = CARTESIAN_POINT('',(-14.4612,1.,-1.));
#8633 = DIRECTION('',(1.2E-16,1.,0.));
#8634 = DIRECTION('',(1.,-1.2E-16,0.));
#8635 = ADVANCED_FACE('',(#8636),#8648,.F.);
#8636 = FACE_BOUND('',#8637,.F.);
#8637 = EDGE_LOOP('',(#8638,#8639,#8640,#8647));
#8638 = ORIENTED_EDGE('',*,*,#2219,.T.);
#8639 = ORIENTED_EDGE('',*,*,#8616,.T.);
#8640 = ORIENTED_EDGE('',*,*,#8641,.F.);
#8641 = EDGE_CURVE('',#8593,#8617,#8642,.T.);
#8642 = CIRCLE('',#8643,1.);
#8643 = AXIS2_PLACEMENT_3D('',#8644,#8645,#8646);
#8644 = CARTESIAN_POINT('',(-13.4612,2.,3.));
#8645 = DIRECTION('',(-0.,0.,1.));
#8646 = DIRECTION('',(0.,-1.,0.));
#8647 = ORIENTED_EDGE('',*,*,#8592,.F.);
#8648 = CYLINDRICAL_SURFACE('',#8649,1.);
#8649 = AXIS2_PLACEMENT_3D('',#8650,#8651,#8652);
#8650 = CARTESIAN_POINT('',(-13.4612,2.,0.));
#8651 = DIRECTION('',(0.,0.,1.));
#8652 = DIRECTION('',(-1.,1.2E-16,0.));
#8653 = ADVANCED_FACE('',(#8654),#8679,.F.);
#8654 = FACE_BOUND('',#8655,.F.);
#8655 = EDGE_LOOP('',(#8656,#8666,#8672,#8673));
#8656 = ORIENTED_EDGE('',*,*,#8657,.F.);
#8657 = EDGE_CURVE('',#8658,#8660,#8662,.T.);
#8658 = VERTEX_POINT('',#8659);
#8659 = CARTESIAN_POINT('',(-7.891913772554,7.147053773569,3.));
#8660 = VERTEX_POINT('',#8661);
#8661 = CARTESIAN_POINT('',(-2.601373682743,3.164926824248,3.));
#8662 = LINE('',#8663,#8664);
#8663 = CARTESIAN_POINT('',(-0.320422559085,1.448081892462,3.));
#8664 = VECTOR('',#8665,1.);
#8665 = DIRECTION('',(0.798967892787,-0.601373682743,0.));
#8666 = ORIENTED_EDGE('',*,*,#8667,.T.);
#8667 = EDGE_CURVE('',#8658,#2246,#8668,.T.);
#8668 = LINE('',#8669,#8670);
#8669 = CARTESIAN_POINT('',(-7.891913772554,7.147053773569,3.));
#8670 = VECTOR('',#8671,1.);
#8671 = DIRECTION('',(-0.,-0.,-1.));
#8672 = ORIENTED_EDGE('',*,*,#2245,.T.);
#8673 = ORIENTED_EDGE('',*,*,#8674,.T.);
#8674 = EDGE_CURVE('',#2248,#8660,#8675,.T.);
#8675 = LINE('',#8676,#8677);
#8676 = CARTESIAN_POINT('',(-2.601373682743,3.164926824248,0.));
#8677 = VECTOR('',#8678,1.);
#8678 = DIRECTION('',(0.,0.,1.));
#8679 = PLANE('',#8680);
#8680 = AXIS2_PLACEMENT_3D('',#8681,#8682,#8683);
#8681 = CARTESIAN_POINT('',(-1.,1.959591794227,-1.));
#8682 = DIRECTION('',(-0.601373682743,-0.798967892787,0.));
#8683 = DIRECTION('',(-0.798967892787,0.601373682743,0.));
#8684 = ADVANCED_FACE('',(#8685),#8704,.F.);
#8685 = FACE_BOUND('',#8686,.F.);
#8686 = EDGE_LOOP('',(#8687,#8696,#8702,#8703));
#8687 = ORIENTED_EDGE('',*,*,#8688,.T.);
#8688 = EDGE_CURVE('',#8658,#8689,#8691,.T.);
#8689 = VERTEX_POINT('',#8690);
#8690 = CARTESIAN_POINT('',(-8.087440063396,8.550132940957,3.));
#8691 = CIRCLE('',#8692,1.);
#8692 = AXIS2_PLACEMENT_3D('',#8693,#8694,#8695);
#8693 = CARTESIAN_POINT('',(-7.290540089812,7.946021666355,3.));
#8694 = DIRECTION('',(0.,0.,-1.));
#8695 = DIRECTION('',(0.,1.,0.));
#8696 = ORIENTED_EDGE('',*,*,#8697,.T.);
#8697 = EDGE_CURVE('',#8689,#2299,#8698,.T.);
#8698 = LINE('',#8699,#8700);
#8699 = CARTESIAN_POINT('',(-8.087440063396,8.550132940957,3.));
#8700 = VECTOR('',#8701,1.);
#8701 = DIRECTION('',(-0.,-0.,-1.));
#8702 = ORIENTED_EDGE('',*,*,#2307,.F.);
#8703 = ORIENTED_EDGE('',*,*,#8667,.F.);
#8704 = CYLINDRICAL_SURFACE('',#8705,1.);
#8705 = AXIS2_PLACEMENT_3D('',#8706,#8707,#8708);
#8706 = CARTESIAN_POINT('',(-7.290540089812,7.946021666355,3.));
#8707 = DIRECTION('',(-0.,-0.,-1.));
#8708 = DIRECTION('',(-0.601373682743,-0.798967892787,0.));
#8709 = ADVANCED_FACE('',(#8710),#8729,.F.);
#8710 = FACE_BOUND('',#8711,.F.);
#8711 = EDGE_LOOP('',(#8712,#8713,#8721,#8728));
#8712 = ORIENTED_EDGE('',*,*,#2255,.T.);
#8713 = ORIENTED_EDGE('',*,*,#8714,.T.);
#8714 = EDGE_CURVE('',#2256,#8715,#8717,.T.);
#8715 = VERTEX_POINT('',#8716);
#8716 = CARTESIAN_POINT('',(-1.,3.963894717035,3.));
#8717 = LINE('',#8718,#8719);
#8718 = CARTESIAN_POINT('',(-1.,3.963894717035,0.));
#8719 = VECTOR('',#8720,1.);
#8720 = DIRECTION('',(0.,0.,1.));
#8721 = ORIENTED_EDGE('',*,*,#8722,.F.);
#8722 = EDGE_CURVE('',#8660,#8715,#8723,.T.);
#8723 = CIRCLE('',#8724,1.);
#8724 = AXIS2_PLACEMENT_3D('',#8725,#8726,#8727);
#8725 = CARTESIAN_POINT('',(-2.,3.963894717035,3.));
#8726 = DIRECTION('',(-0.,0.,1.));
#8727 = DIRECTION('',(0.,-1.,0.));
#8728 = ORIENTED_EDGE('',*,*,#8674,.F.);
#8729 = CYLINDRICAL_SURFACE('',#8730,1.);
#8730 = AXIS2_PLACEMENT_3D('',#8731,#8732,#8733);
#8731 = CARTESIAN_POINT('',(-2.,3.963894717035,0.));
#8732 = DIRECTION('',(0.,0.,1.));
#8733 = DIRECTION('',(-0.601373682743,-0.798967892787,0.));
#8734 = ADVANCED_FACE('',(#8735),#8754,.T.);
#8735 = FACE_BOUND('',#8736,.F.);
#8736 = EDGE_LOOP('',(#8737,#8738,#8739,#8748));
#8737 = ORIENTED_EDGE('',*,*,#2298,.F.);
#8738 = ORIENTED_EDGE('',*,*,#8697,.F.);
#8739 = ORIENTED_EDGE('',*,*,#8740,.T.);
#8740 = EDGE_CURVE('',#8689,#8741,#8743,.T.);
#8741 = VERTEX_POINT('',#8742);
#8742 = CARTESIAN_POINT('',(-7.885198639047,11.134731335476,3.));
#8743 = CIRCLE('',#8744,2.4);
#8744 = AXIS2_PLACEMENT_3D('',#8745,#8746,#8747);
#8745 = CARTESIAN_POINT('',(-10.,10.,3.));
#8746 = DIRECTION('',(0.,0.,1.));
#8747 = DIRECTION('',(1.,0.,0.));
#8748 = ORIENTED_EDGE('',*,*,#8749,.T.);
#8749 = EDGE_CURVE('',#8741,#2290,#8750,.T.);
#8750 = LINE('',#8751,#8752);
#8751 = CARTESIAN_POINT('',(-7.885198639047,11.134731335476,3.));
#8752 = VECTOR('',#8753,1.);
#8753 = DIRECTION('',(-0.,-0.,-1.));
#8754 = CYLINDRICAL_SURFACE('',#8755,2.4);
#8755 = AXIS2_PLACEMENT_3D('',#8756,#8757,#8758);
#8756 = CARTESIAN_POINT('',(-10.,10.,0.));
#8757 = DIRECTION('',(-0.,-0.,-1.));
#8758 = DIRECTION('',(1.,0.,0.));
#8759 = ADVANCED_FACE('',(#8760),#8778,.T.);
#8760 = FACE_BOUND('',#8761,.T.);
#8761 = EDGE_LOOP('',(#8762,#8763,#8764,#8772));
#8762 = ORIENTED_EDGE('',*,*,#2264,.T.);
#8763 = ORIENTED_EDGE('',*,*,#8714,.T.);
#8764 = ORIENTED_EDGE('',*,*,#8765,.F.);
#8765 = EDGE_CURVE('',#8766,#8715,#8768,.T.);
#8766 = VERTEX_POINT('',#8767);
#8767 = CARTESIAN_POINT('',(-1.,12.765720213145,3.));
#8768 = LINE('',#8769,#8770);
#8769 = CARTESIAN_POINT('',(-1.,1.103917479907,3.));
#8770 = VECTOR('',#8771,1.);
#8771 = DIRECTION('',(-1.2E-16,-1.,0.));
#8772 = ORIENTED_EDGE('',*,*,#8773,.F.);
#8773 = EDGE_CURVE('',#2265,#8766,#8774,.T.);
#8774 = LINE('',#8775,#8776);
#8775 = CARTESIAN_POINT('',(-1.,12.765720213145,0.));
#8776 = VECTOR('',#8777,1.);
#8777 = DIRECTION('',(0.,0.,1.));
#8778 = PLANE('',#8779);
#8779 = AXIS2_PLACEMENT_3D('',#8780,#8781,#8782);
#8780 = CARTESIAN_POINT('',(-1.,1.959591794227,-1.));
#8781 = DIRECTION('',(-1.,1.2E-16,0.));
#8782 = DIRECTION('',(1.2E-16,1.,0.));
#8783 = ADVANCED_FACE('',(#8784),#8803,.F.);
#8784 = FACE_BOUND('',#8785,.F.);
#8785 = EDGE_LOOP('',(#8786,#8795,#8801,#8802));
#8786 = ORIENTED_EDGE('',*,*,#8787,.T.);
#8787 = EDGE_CURVE('',#8741,#8788,#8790,.T.);
#8788 = VERTEX_POINT('',#8789);
#8789 = CARTESIAN_POINT('',(-7.229520767758,12.581781688515,3.));
#8790 = CIRCLE('',#8791,1.);
#8791 = AXIS2_PLACEMENT_3D('',#8792,#8793,#8794);
#8792 = CARTESIAN_POINT('',(-7.004031405317,11.607536058591,3.));
#8793 = DIRECTION('',(0.,0.,-1.));
#8794 = DIRECTION('',(0.,1.,0.));
#8795 = ORIENTED_EDGE('',*,*,#8796,.T.);
#8796 = EDGE_CURVE('',#8788,#2282,#8797,.T.);
#8797 = LINE('',#8798,#8799);
#8798 = CARTESIAN_POINT('',(-7.229520767758,12.581781688515,3.));
#8799 = VECTOR('',#8800,1.);
#8800 = DIRECTION('',(-0.,-0.,-1.));
#8801 = ORIENTED_EDGE('',*,*,#2289,.F.);
#8802 = ORIENTED_EDGE('',*,*,#8749,.F.);
#8803 = CYLINDRICAL_SURFACE('',#8804,1.);
#8804 = AXIS2_PLACEMENT_3D('',#8805,#8806,#8807);
#8805 = CARTESIAN_POINT('',(-7.004031405317,11.607536058591,3.));
#8806 = DIRECTION('',(-0.,-0.,-1.));
#8807 = DIRECTION('',(-0.88116723373,-0.472804723115,0.));
#8808 = ADVANCED_FACE('',(#8809),#8828,.F.);
#8809 = FACE_BOUND('',#8810,.F.);
#8810 = EDGE_LOOP('',(#8811,#8812,#8820,#8827));
#8811 = ORIENTED_EDGE('',*,*,#2272,.T.);
#8812 = ORIENTED_EDGE('',*,*,#8813,.T.);
#8813 = EDGE_CURVE('',#2273,#8814,#8816,.T.);
#8814 = VERTEX_POINT('',#8815);
#8815 = CARTESIAN_POINT('',(-2.225489362441,13.739965843069,3.));
#8816 = LINE('',#8817,#8818);
#8817 = CARTESIAN_POINT('',(-2.225489362441,13.739965843069,0.));
#8818 = VECTOR('',#8819,1.);
#8819 = DIRECTION('',(0.,0.,1.));
#8820 = ORIENTED_EDGE('',*,*,#8821,.F.);
#8821 = EDGE_CURVE('',#8766,#8814,#8822,.T.);
#8822 = CIRCLE('',#8823,1.);
#8823 = AXIS2_PLACEMENT_3D('',#8824,#8825,#8826);
#8824 = CARTESIAN_POINT('',(-2.,12.765720213145,3.));
#8825 = DIRECTION('',(-0.,0.,1.));
#8826 = DIRECTION('',(0.,-1.,0.));
#8827 = ORIENTED_EDGE('',*,*,#8773,.F.);
#8828 = CYLINDRICAL_SURFACE('',#8829,1.);
#8829 = AXIS2_PLACEMENT_3D('',#8830,#8831,#8832);
#8830 = CARTESIAN_POINT('',(-2.,12.765720213145,0.));
#8831 = DIRECTION('',(0.,0.,1.));
#8832 = DIRECTION('',(1.,-1.2E-16,0.));
#8833 = ADVANCED_FACE('',(#8834),#8845,.T.);
#8834 = FACE_BOUND('',#8835,.T.);
#8835 = EDGE_LOOP('',(#8836,#8842,#8843,#8844));
#8836 = ORIENTED_EDGE('',*,*,#8837,.F.);
#8837 = EDGE_CURVE('',#8788,#8814,#8838,.T.);
#8838 = LINE('',#8839,#8840);
#8839 = CARTESIAN_POINT('',(-2.11395279318,13.765781006226,3.));
#8840 = VECTOR('',#8841,1.);
#8841 = DIRECTION('',(0.974245629924,0.225489362441,0.));
#8842 = ORIENTED_EDGE('',*,*,#8796,.T.);
#8843 = ORIENTED_EDGE('',*,*,#2281,.T.);
#8844 = ORIENTED_EDGE('',*,*,#8813,.T.);
#8845 = PLANE('',#8846);
#8846 = AXIS2_PLACEMENT_3D('',#8847,#8848,#8849);
#8847 = CARTESIAN_POINT('',(-1.,14.023605621917,-1.));
#8848 = DIRECTION('',(0.225489362441,-0.974245629924,0.));
#8849 = DIRECTION('',(-0.974245629924,-0.225489362441,0.));
#8850 = ADVANCED_FACE('',(#8851),#8870,.F.);
#8851 = FACE_BOUND('',#8852,.T.);
#8852 = EDGE_LOOP('',(#8853,#8861,#8868,#8869));
#8853 = ORIENTED_EDGE('',*,*,#8854,.T.);
#8854 = EDGE_CURVE('',#2317,#8855,#8857,.T.);
#8855 = VERTEX_POINT('',#8856);
#8856 = CARTESIAN_POINT('',(-8.95,10.,3.));
#8857 = LINE('',#8858,#8859);
#8858 = CARTESIAN_POINT('',(-8.95,10.,0.));
#8859 = VECTOR('',#8860,1.);
#8860 = DIRECTION('',(0.,0.,1.));
#8861 = ORIENTED_EDGE('',*,*,#8862,.T.);
#8862 = EDGE_CURVE('',#8855,#8855,#8863,.T.);
#8863 = CIRCLE('',#8864,1.05);
#8864 = AXIS2_PLACEMENT_3D('',#8865,#8866,#8867);
#8865 = CARTESIAN_POINT('',(-10.,10.,3.));
#8866 = DIRECTION('',(0.,0.,1.));
#8867 = DIRECTION('',(1.,0.,0.));
#8868 = ORIENTED_EDGE('',*,*,#8854,.F.);
#8869 = ORIENTED_EDGE('',*,*,#2316,.F.);
#8870 = CYLINDRICAL_SURFACE('',#8871,1.05);
#8871 = AXIS2_PLACEMENT_3D('',#8872,#8873,#8874);
#8872 = CARTESIAN_POINT('',(-10.,10.,0.));
#8873 = DIRECTION('',(-0.,-0.,-1.));
#8874 = DIRECTION('',(1.,0.,0.));
#8875 = ADVANCED_FACE('',(#8876),#8895,.F.);
#8876 = FACE_BOUND('',#8877,.T.);
#8877 = EDGE_LOOP('',(#8878,#8886,#8893,#8894));
#8878 = ORIENTED_EDGE('',*,*,#8879,.T.);
#8879 = EDGE_CURVE('',#2328,#8880,#8882,.T.);
#8880 = VERTEX_POINT('',#8881);
#8881 = CARTESIAN_POINT('',(-16.98122292025,0.,3.));
#8882 = LINE('',#8883,#8884);
#8883 = CARTESIAN_POINT('',(-16.98122292025,0.,0.));
#8884 = VECTOR('',#8885,1.);
#8885 = DIRECTION('',(0.,0.,1.));
#8886 = ORIENTED_EDGE('',*,*,#8887,.T.);
#8887 = EDGE_CURVE('',#8880,#8880,#8888,.T.);
#8888 = CIRCLE('',#8889,1.05);
#8889 = AXIS2_PLACEMENT_3D('',#8890,#8891,#8892);
#8890 = CARTESIAN_POINT('',(-18.03122292025,0.,3.));
#8891 = DIRECTION('',(0.,0.,1.));
#8892 = DIRECTION('',(1.,0.,0.));
#8893 = ORIENTED_EDGE('',*,*,#8879,.F.);
#8894 = ORIENTED_EDGE('',*,*,#2327,.F.);
#8895 = CYLINDRICAL_SURFACE('',#8896,1.05);
#8896 = AXIS2_PLACEMENT_3D('',#8897,#8898,#8899);
#8897 = CARTESIAN_POINT('',(-18.03122292025,0.,0.));
#8898 = DIRECTION('',(-0.,-0.,-1.));
#8899 = DIRECTION('',(1.,0.,0.));
#8900 = ADVANCED_FACE('',(#8901),#8926,.F.);
#8901 = FACE_BOUND('',#8902,.F.);
#8902 = EDGE_LOOP('',(#8903,#8904,#8912,#8920));
#8903 = ORIENTED_EDGE('',*,*,#2338,.T.);
#8904 = ORIENTED_EDGE('',*,*,#8905,.T.);
#8905 = EDGE_CURVE('',#2341,#8906,#8908,.T.);
#8906 = VERTEX_POINT('',#8907);
#8907 = CARTESIAN_POINT('',(-2.002909601095,26.317702673418,3.));
#8908 = LINE('',#8909,#8910);
#8909 = CARTESIAN_POINT('',(-2.002909601095,26.317702673418,0.));
#8910 = VECTOR('',#8911,1.);
#8911 = DIRECTION('',(0.,0.,1.));
#8912 = ORIENTED_EDGE('',*,*,#8913,.F.);
#8913 = EDGE_CURVE('',#8914,#8906,#8916,.T.);
#8914 = VERTEX_POINT('',#8915);
#8915 = CARTESIAN_POINT('',(-8.250975122355,19.254063818865,3.));
#8916 = LINE('',#8917,#8918);
#8917 = CARTESIAN_POINT('',(-7.773791364479,19.793535391535,3.));
#8918 = VECTOR('',#8919,1.);
#8919 = DIRECTION('',(0.662541872389,0.749024877645,0.));
#8920 = ORIENTED_EDGE('',*,*,#8921,.F.);
#8921 = EDGE_CURVE('',#2339,#8914,#8922,.T.);
#8922 = LINE('',#8923,#8924);
#8923 = CARTESIAN_POINT('',(-8.250975122355,19.254063818865,0.));
#8924 = VECTOR('',#8925,1.);
#8925 = DIRECTION('',(0.,0.,1.));
#8926 = PLANE('',#8927);
#8927 = AXIS2_PLACEMENT_3D('',#8928,#8929,#8930);
#8928 = CARTESIAN_POINT('',(-1.416865337719,26.980244545808,-1.));
#8929 = DIRECTION('',(0.749024877645,-0.662541872389,0.));
#8930 = DIRECTION('',(-0.662541872389,-0.749024877645,0.));
#8931 = ADVANCED_FACE('',(#8932),#8951,.F.);
#8932 = FACE_BOUND('',#8933,.T.);
#8933 = EDGE_LOOP('',(#8934,#8935,#8943,#8950));
#8934 = ORIENTED_EDGE('',*,*,#2400,.T.);
#8935 = ORIENTED_EDGE('',*,*,#8936,.T.);
#8936 = EDGE_CURVE('',#2393,#8937,#8939,.T.);
#8937 = VERTEX_POINT('',#8938);
#8938 = CARTESIAN_POINT('',(-10.,19.916605691254,3.));
#8939 = LINE('',#8940,#8941);
#8940 = CARTESIAN_POINT('',(-10.,19.916605691254,0.));
#8941 = VECTOR('',#8942,1.);
#8942 = DIRECTION('',(0.,0.,1.));
#8943 = ORIENTED_EDGE('',*,*,#8944,.F.);
#8944 = EDGE_CURVE('',#8914,#8937,#8945,.T.);
#8945 = CIRCLE('',#8946,1.);
#8946 = AXIS2_PLACEMENT_3D('',#8947,#8948,#8949);
#8947 = CARTESIAN_POINT('',(-9.,19.916605691254,3.));
#8948 = DIRECTION('',(-0.,-0.,-1.));
#8949 = DIRECTION('',(0.,-1.,0.));
#8950 = ORIENTED_EDGE('',*,*,#8921,.F.);
#8951 = CYLINDRICAL_SURFACE('',#8952,1.);
#8952 = AXIS2_PLACEMENT_3D('',#8953,#8954,#8955);
#8953 = CARTESIAN_POINT('',(-9.,19.916605691254,0.));
#8954 = DIRECTION('',(0.,0.,1.));
#8955 = DIRECTION('',(0.749024877645,-0.662541872389,0.));
#8956 = ADVANCED_FACE('',(#8957),#8976,.F.);
#8957 = FACE_BOUND('',#8958,.F.);
#8958 = EDGE_LOOP('',(#8959,#8960,#8968,#8975));
#8959 = ORIENTED_EDGE('',*,*,#2348,.T.);
#8960 = ORIENTED_EDGE('',*,*,#8961,.T.);
#8961 = EDGE_CURVE('',#2349,#8962,#8964,.T.);
#8962 = VERTEX_POINT('',#8963);
#8963 = CARTESIAN_POINT('',(-2.002909601095,27.642786418197,3.));
#8964 = LINE('',#8965,#8966);
#8965 = CARTESIAN_POINT('',(-2.002909601095,27.642786418197,0.));
#8966 = VECTOR('',#8967,1.);
#8967 = DIRECTION('',(0.,0.,1.));
#8968 = ORIENTED_EDGE('',*,*,#8969,.F.);
#8969 = EDGE_CURVE('',#8906,#8962,#8970,.T.);
#8970 = CIRCLE('',#8971,1.);
#8971 = AXIS2_PLACEMENT_3D('',#8972,#8973,#8974);
#8972 = CARTESIAN_POINT('',(-2.751934478739,26.980244545808,3.));
#8973 = DIRECTION('',(-0.,0.,1.));
#8974 = DIRECTION('',(0.,-1.,0.));
#8975 = ORIENTED_EDGE('',*,*,#8905,.F.);
#8976 = CYLINDRICAL_SURFACE('',#8977,1.);
#8977 = AXIS2_PLACEMENT_3D('',#8978,#8979,#8980);
#8978 = CARTESIAN_POINT('',(-2.751934478739,26.980244545808,0.));
#8979 = DIRECTION('',(0.,0.,1.));
#8980 = DIRECTION('',(0.749024877645,-0.662541872389,0.));
#8981 = ADVANCED_FACE('',(#8982),#9000,.F.);
#8982 = FACE_BOUND('',#8983,.F.);
#8983 = EDGE_LOOP('',(#8984,#8985,#8986,#8994));
#8984 = ORIENTED_EDGE('',*,*,#2392,.T.);
#8985 = ORIENTED_EDGE('',*,*,#8936,.T.);
#8986 = ORIENTED_EDGE('',*,*,#8987,.F.);
#8987 = EDGE_CURVE('',#8988,#8937,#8990,.T.);
#8988 = VERTEX_POINT('',#8989);
#8989 = CARTESIAN_POINT('',(-10.,31.207964155724,3.));
#8990 = LINE('',#8991,#8992);
#8991 = CARTESIAN_POINT('',(-10.,8.762489077515,3.));
#8992 = VECTOR('',#8993,1.);
#8993 = DIRECTION('',(-1.2E-16,-1.,0.));
#8994 = ORIENTED_EDGE('',*,*,#8995,.F.);
#8995 = EDGE_CURVE('',#2384,#8988,#8996,.T.);
#8996 = LINE('',#8997,#8998);
#8997 = CARTESIAN_POINT('',(-10.,31.207964155724,0.));
#8998 = VECTOR('',#8999,1.);
#8999 = DIRECTION('',(0.,0.,1.));
#9000 = PLANE('',#9001);
#9001 = AXIS2_PLACEMENT_3D('',#9002,#9003,#9004);
#9002 = CARTESIAN_POINT('',(-10.,17.276734989442,-1.));
#9003 = DIRECTION('',(-1.,1.2E-16,0.));
#9004 = DIRECTION('',(1.2E-16,1.,0.));
#9005 = ADVANCED_FACE('',(#9006),#9024,.T.);
#9006 = FACE_BOUND('',#9007,.T.);
#9007 = EDGE_LOOP('',(#9008,#9009,#9010,#9018));
#9008 = ORIENTED_EDGE('',*,*,#2357,.T.);
#9009 = ORIENTED_EDGE('',*,*,#8961,.T.);
#9010 = ORIENTED_EDGE('',*,*,#9011,.F.);
#9011 = EDGE_CURVE('',#9012,#8962,#9014,.T.);
#9012 = VERTEX_POINT('',#9013);
#9013 = CARTESIAN_POINT('',(-6.608729428869,32.849813742388,3.));
#9014 = LINE('',#9015,#9016);
#9015 = CARTESIAN_POINT('',(5.492240860363,19.16927796344,3.));
#9016 = VECTOR('',#9017,1.);
#9017 = DIRECTION('',(0.662541872389,-0.749024877645,0.));
#9018 = ORIENTED_EDGE('',*,*,#9019,.F.);
#9019 = EDGE_CURVE('',#2358,#9012,#9020,.T.);
#9020 = LINE('',#9021,#9022);
#9021 = CARTESIAN_POINT('',(-6.608729428869,32.849813742388,0.));
#9022 = VECTOR('',#9023,1.);
#9023 = DIRECTION('',(0.,0.,1.));
#9024 = PLANE('',#9025);
#9025 = AXIS2_PLACEMENT_3D('',#9026,#9027,#9028);
#9026 = CARTESIAN_POINT('',(-1.416865337719,26.980244545808,-1.));
#9027 = DIRECTION('',(-0.749024877645,-0.662541872389,0.));
#9028 = DIRECTION('',(-0.662541872389,0.749024877645,0.));
#9029 = ADVANCED_FACE('',(#9030),#9049,.F.);
#9030 = FACE_BOUND('',#9031,.T.);
#9031 = EDGE_LOOP('',(#9032,#9033,#9041,#9048));
#9032 = ORIENTED_EDGE('',*,*,#2383,.T.);
#9033 = ORIENTED_EDGE('',*,*,#9034,.T.);
#9034 = EDGE_CURVE('',#2375,#9035,#9037,.T.);
#9035 = VERTEX_POINT('',#9036);
#9036 = CARTESIAN_POINT('',(-9.25,32.176209992276,3.));
#9037 = LINE('',#9038,#9039);
#9038 = CARTESIAN_POINT('',(-9.25,32.176209992276,0.));
#9039 = VECTOR('',#9040,1.);
#9040 = DIRECTION('',(0.,0.,1.));
#9041 = ORIENTED_EDGE('',*,*,#9042,.F.);
#9042 = EDGE_CURVE('',#8988,#9035,#9043,.T.);
#9043 = CIRCLE('',#9044,1.);
#9044 = AXIS2_PLACEMENT_3D('',#9045,#9046,#9047);
#9045 = CARTESIAN_POINT('',(-9.,31.207964155724,3.));
#9046 = DIRECTION('',(-0.,-0.,-1.));
#9047 = DIRECTION('',(0.,-1.,0.));
#9048 = ORIENTED_EDGE('',*,*,#8995,.F.);
#9049 = CYLINDRICAL_SURFACE('',#9050,1.);
#9050 = AXIS2_PLACEMENT_3D('',#9051,#9052,#9053);
#9051 = CARTESIAN_POINT('',(-9.,31.207964155724,0.));
#9052 = DIRECTION('',(0.,0.,1.));
#9053 = DIRECTION('',(-1.,1.2E-16,0.));
#9054 = ADVANCED_FACE('',(#9055),#9074,.F.);
#9055 = FACE_BOUND('',#9056,.F.);
#9056 = EDGE_LOOP('',(#9057,#9058,#9066,#9073));
#9057 = ORIENTED_EDGE('',*,*,#2365,.T.);
#9058 = ORIENTED_EDGE('',*,*,#9059,.T.);
#9059 = EDGE_CURVE('',#2366,#9060,#9062,.T.);
#9060 = VERTEX_POINT('',#9061);
#9061 = CARTESIAN_POINT('',(-8.090767745774,32.867486025882,3.));
#9062 = LINE('',#9063,#9064);
#9063 = CARTESIAN_POINT('',(-8.090767745774,32.867486025882,0.));
#9064 = VECTOR('',#9065,1.);
#9065 = DIRECTION('',(0.,0.,1.));
#9066 = ORIENTED_EDGE('',*,*,#9067,.F.);
#9067 = EDGE_CURVE('',#9012,#9060,#9068,.T.);
#9068 = CIRCLE('',#9069,1.);
#9069 = AXIS2_PLACEMENT_3D('',#9070,#9071,#9072);
#9070 = CARTESIAN_POINT('',(-7.357754306514,32.187271869999,3.));
#9071 = DIRECTION('',(-0.,0.,1.));
#9072 = DIRECTION('',(0.,-1.,0.));
#9073 = ORIENTED_EDGE('',*,*,#9019,.F.);
#9074 = CYLINDRICAL_SURFACE('',#9075,1.);
#9075 = AXIS2_PLACEMENT_3D('',#9076,#9077,#9078);
#9076 = CARTESIAN_POINT('',(-7.357754306514,32.187271869999,0.));
#9077 = DIRECTION('',(0.,0.,1.));
#9078 = DIRECTION('',(0.749024877645,0.662541872389,0.));
#9079 = ADVANCED_FACE('',(#9080),#9092,.T.);
#9080 = FACE_BOUND('',#9081,.F.);
#9081 = EDGE_LOOP('',(#9082,#9083,#9084,#9091));
#9082 = ORIENTED_EDGE('',*,*,#2374,.T.);
#9083 = ORIENTED_EDGE('',*,*,#9034,.T.);
#9084 = ORIENTED_EDGE('',*,*,#9085,.F.);
#9085 = EDGE_CURVE('',#9060,#9035,#9086,.T.);
#9086 = CIRCLE('',#9087,2.4);
#9087 = AXIS2_PLACEMENT_3D('',#9088,#9089,#9090);
#9088 = CARTESIAN_POINT('',(-9.85,34.5,3.));
#9089 = DIRECTION('',(0.,0.,-1.));
#9090 = DIRECTION('',(-1.,1.2E-16,0.));
#9091 = ORIENTED_EDGE('',*,*,#9059,.F.);
#9092 = CYLINDRICAL_SURFACE('',#9093,2.4);
#9093 = AXIS2_PLACEMENT_3D('',#9094,#9095,#9096);
#9094 = CARTESIAN_POINT('',(-9.85,34.5,-1.));
#9095 = DIRECTION('',(-0.,-0.,-1.));
#9096 = DIRECTION('',(-1.,1.2E-16,0.));
#9097 = ADVANCED_FACE('',(#9098),#9117,.F.);
#9098 = FACE_BOUND('',#9099,.T.);
#9099 = EDGE_LOOP('',(#9100,#9108,#9115,#9116));
#9100 = ORIENTED_EDGE('',*,*,#9101,.T.);
#9101 = EDGE_CURVE('',#2410,#9102,#9104,.T.);
#9102 = VERTEX_POINT('',#9103);
#9103 = CARTESIAN_POINT('',(-8.8,34.5,3.));
#9104 = LINE('',#9105,#9106);
#9105 = CARTESIAN_POINT('',(-8.8,34.5,0.));
#9106 = VECTOR('',#9107,1.);
#9107 = DIRECTION('',(0.,0.,1.));
#9108 = ORIENTED_EDGE('',*,*,#9109,.T.);
#9109 = EDGE_CURVE('',#9102,#9102,#9110,.T.);
#9110 = CIRCLE('',#9111,1.05);
#9111 = AXIS2_PLACEMENT_3D('',#9112,#9113,#9114);
#9112 = CARTESIAN_POINT('',(-9.85,34.5,3.));
#9113 = DIRECTION('',(0.,0.,1.));
#9114 = DIRECTION('',(1.,0.,0.));
#9115 = ORIENTED_EDGE('',*,*,#9101,.F.);
#9116 = ORIENTED_EDGE('',*,*,#2409,.F.);
#9117 = CYLINDRICAL_SURFACE('',#9118,1.05);
#9118 = AXIS2_PLACEMENT_3D('',#9119,#9120,#9121);
#9119 = CARTESIAN_POINT('',(-9.85,34.5,0.));
#9120 = DIRECTION('',(-0.,-0.,-1.));
#9121 = DIRECTION('',(1.,0.,0.));
#9122 = ADVANCED_FACE('',(#9123),#9142,.F.);
#9123 = FACE_BOUND('',#9124,.T.);
#9124 = EDGE_LOOP('',(#9125,#9133,#9140,#9141));
#9125 = ORIENTED_EDGE('',*,*,#9126,.T.);
#9126 = EDGE_CURVE('',#2421,#9127,#9129,.T.);
#9127 = VERTEX_POINT('',#9128);
#9128 = CARTESIAN_POINT('',(-45.95,33.5,3.));
#9129 = LINE('',#9130,#9131);
#9130 = CARTESIAN_POINT('',(-45.95,33.5,0.));
#9131 = VECTOR('',#9132,1.);
#9132 = DIRECTION('',(0.,0.,1.));
#9133 = ORIENTED_EDGE('',*,*,#9134,.T.);
#9134 = EDGE_CURVE('',#9127,#9127,#9135,.T.);
#9135 = CIRCLE('',#9136,1.05);
#9136 = AXIS2_PLACEMENT_3D('',#9137,#9138,#9139);
#9137 = CARTESIAN_POINT('',(-47.,33.5,3.));
#9138 = DIRECTION('',(0.,0.,1.));
#9139 = DIRECTION('',(1.,0.,0.));
#9140 = ORIENTED_EDGE('',*,*,#9126,.F.);
#9141 = ORIENTED_EDGE('',*,*,#2420,.F.);
#9142 = CYLINDRICAL_SURFACE('',#9143,1.05);
#9143 = AXIS2_PLACEMENT_3D('',#9144,#9145,#9146);
#9144 = CARTESIAN_POINT('',(-47.,33.5,0.));
#9145 = DIRECTION('',(-0.,-0.,-1.));
#9146 = DIRECTION('',(1.,0.,0.));
#9147 = ADVANCED_FACE('',(#9148),#9167,.F.);
#9148 = FACE_BOUND('',#9149,.T.);
#9149 = EDGE_LOOP('',(#9150,#9158,#9165,#9166));
#9150 = ORIENTED_EDGE('',*,*,#9151,.T.);
#9151 = EDGE_CURVE('',#2432,#9152,#9154,.T.);
#9152 = VERTEX_POINT('',#9153);
#9153 = CARTESIAN_POINT('',(-45.125,38.,3.));
#9154 = LINE('',#9155,#9156);
#9155 = CARTESIAN_POINT('',(-45.125,38.,0.));
#9156 = VECTOR('',#9157,1.);
#9157 = DIRECTION('',(0.,0.,1.));
#9158 = ORIENTED_EDGE('',*,*,#9159,.T.);
#9159 = EDGE_CURVE('',#9152,#9152,#9160,.T.);
#9160 = CIRCLE('',#9161,2.375);
#9161 = AXIS2_PLACEMENT_3D('',#9162,#9163,#9164);
#9162 = CARTESIAN_POINT('',(-47.5,38.,3.));
#9163 = DIRECTION('',(0.,0.,1.));
#9164 = DIRECTION('',(1.,0.,0.));
#9165 = ORIENTED_EDGE('',*,*,#9151,.F.);
#9166 = ORIENTED_EDGE('',*,*,#2431,.F.);
#9167 = CYLINDRICAL_SURFACE('',#9168,2.375);
#9168 = AXIS2_PLACEMENT_3D('',#9169,#9170,#9171);
#9169 = CARTESIAN_POINT('',(-47.5,38.,0.));
#9170 = DIRECTION('',(-0.,-0.,-1.));
#9171 = DIRECTION('',(1.,0.,0.));
#9172 = ADVANCED_FACE('',(#9173),#9192,.F.);
#9173 = FACE_BOUND('',#9174,.T.);
#9174 = EDGE_LOOP('',(#9175,#9183,#9190,#9191));
#9175 = ORIENTED_EDGE('',*,*,#9176,.T.);
#9176 = EDGE_CURVE('',#2443,#9177,#9179,.T.);
#9177 = VERTEX_POINT('',#9178);
#9178 = CARTESIAN_POINT('',(-50.95,37.5,3.));
#9179 = LINE('',#9180,#9181);
#9180 = CARTESIAN_POINT('',(-50.95,37.5,0.));
#9181 = VECTOR('',#9182,1.);
#9182 = DIRECTION('',(0.,0.,1.));
#9183 = ORIENTED_EDGE('',*,*,#9184,.T.);
#9184 = EDGE_CURVE('',#9177,#9177,#9185,.T.);
#9185 = CIRCLE('',#9186,1.05);
#9186 = AXIS2_PLACEMENT_3D('',#9187,#9188,#9189);
#9187 = CARTESIAN_POINT('',(-52.,37.5,3.));
#9188 = DIRECTION('',(0.,0.,1.));
#9189 = DIRECTION('',(1.,0.,0.));
#9190 = ORIENTED_EDGE('',*,*,#9176,.F.);
#9191 = ORIENTED_EDGE('',*,*,#2442,.F.);
#9192 = CYLINDRICAL_SURFACE('',#9193,1.05);
#9193 = AXIS2_PLACEMENT_3D('',#9194,#9195,#9196);
#9194 = CARTESIAN_POINT('',(-52.,37.5,0.));
#9195 = DIRECTION('',(-0.,-0.,-1.));
#9196 = DIRECTION('',(1.,0.,0.));
#9197 = ADVANCED_FACE('',(#9198),#9217,.F.);
#9198 = FACE_BOUND('',#9199,.T.);
#9199 = EDGE_LOOP('',(#9200,#9208,#9215,#9216));
#9200 = ORIENTED_EDGE('',*,*,#9201,.T.);
#9201 = EDGE_CURVE('',#2454,#9202,#9204,.T.);
#9202 = VERTEX_POINT('',#9203);
#9203 = CARTESIAN_POINT('',(-41.95,38.5,3.));
#9204 = LINE('',#9205,#9206);
#9205 = CARTESIAN_POINT('',(-41.95,38.5,0.));
#9206 = VECTOR('',#9207,1.);
#9207 = DIRECTION('',(0.,0.,1.));
#9208 = ORIENTED_EDGE('',*,*,#9209,.T.);
#9209 = EDGE_CURVE('',#9202,#9202,#9210,.T.);
#9210 = CIRCLE('',#9211,1.05);
#9211 = AXIS2_PLACEMENT_3D('',#9212,#9213,#9214);
#9212 = CARTESIAN_POINT('',(-43.,38.5,3.));
#9213 = DIRECTION('',(0.,0.,1.));
#9214 = DIRECTION('',(1.,0.,0.));
#9215 = ORIENTED_EDGE('',*,*,#9201,.F.);
#9216 = ORIENTED_EDGE('',*,*,#2453,.F.);
#9217 = CYLINDRICAL_SURFACE('',#9218,1.05);
#9218 = AXIS2_PLACEMENT_3D('',#9219,#9220,#9221);
#9219 = CARTESIAN_POINT('',(-43.,38.5,0.));
#9220 = DIRECTION('',(-0.,-0.,-1.));
#9221 = DIRECTION('',(1.,0.,0.));
#9222 = ADVANCED_FACE('',(#9223),#9242,.F.);
#9223 = FACE_BOUND('',#9224,.T.);
#9224 = EDGE_LOOP('',(#9225,#9233,#9240,#9241));
#9225 = ORIENTED_EDGE('',*,*,#9226,.T.);
#9226 = EDGE_CURVE('',#2465,#9227,#9229,.T.);
#9227 = VERTEX_POINT('',#9228);
#9228 = CARTESIAN_POINT('',(-46.95,42.5,3.));
#9229 = LINE('',#9230,#9231);
#9230 = CARTESIAN_POINT('',(-46.95,42.5,0.));
#9231 = VECTOR('',#9232,1.);
#9232 = DIRECTION('',(0.,0.,1.));
#9233 = ORIENTED_EDGE('',*,*,#9234,.T.);
#9234 = EDGE_CURVE('',#9227,#9227,#9235,.T.);
#9235 = CIRCLE('',#9236,1.05);
#9236 = AXIS2_PLACEMENT_3D('',#9237,#9238,#9239);
#9237 = CARTESIAN_POINT('',(-48.,42.5,3.));
#9238 = DIRECTION('',(0.,0.,1.));
#9239 = DIRECTION('',(1.,0.,0.));
#9240 = ORIENTED_EDGE('',*,*,#9226,.F.);
#9241 = ORIENTED_EDGE('',*,*,#2464,.F.);
#9242 = CYLINDRICAL_SURFACE('',#9243,1.05);
#9243 = AXIS2_PLACEMENT_3D('',#9244,#9245,#9246);
#9244 = CARTESIAN_POINT('',(-48.,42.5,0.));
#9245 = DIRECTION('',(-0.,-0.,-1.));
#9246 = DIRECTION('',(1.,0.,0.));
#9247 = ADVANCED_FACE('',(#9248),#9273,.T.);
#9248 = FACE_BOUND('',#9249,.T.);
#9249 = EDGE_LOOP('',(#9250,#9251,#9259,#9267));
#9250 = ORIENTED_EDGE('',*,*,#2475,.F.);
#9251 = ORIENTED_EDGE('',*,*,#9252,.T.);
#9252 = EDGE_CURVE('',#2476,#9253,#9255,.T.);
#9253 = VERTEX_POINT('',#9254);
#9254 = CARTESIAN_POINT('',(-50.23433924717,41.16848694588,3.));
#9255 = LINE('',#9256,#9257);
#9256 = CARTESIAN_POINT('',(-50.23433924717,41.16848694588,0.));
#9257 = VECTOR('',#9258,1.);
#9258 = DIRECTION('',(0.,0.,1.));
#9259 = ORIENTED_EDGE('',*,*,#9260,.T.);
#9260 = EDGE_CURVE('',#9253,#9261,#9263,.T.);
#9261 = VERTEX_POINT('',#9262);
#9262 = CARTESIAN_POINT('',(-50.60997480822,43.041520399608,3.));
#9263 = LINE('',#9264,#9265);
#9264 = CARTESIAN_POINT('',(-50.,40.,3.));
#9265 = VECTOR('',#9266,1.);
#9266 = DIRECTION('',(-0.196633975878,0.980476965324,0.));
#9267 = ORIENTED_EDGE('',*,*,#9268,.F.);
#9268 = EDGE_CURVE('',#2478,#9261,#9269,.T.);
#9269 = LINE('',#9270,#9271);
#9270 = CARTESIAN_POINT('',(-50.60997480822,43.041520399608,0.));
#9271 = VECTOR('',#9272,1.);
#9272 = DIRECTION('',(0.,0.,1.));
#9273 = PLANE('',#9274);
#9274 = AXIS2_PLACEMENT_3D('',#9275,#9276,#9277);
#9275 = CARTESIAN_POINT('',(-50.,40.,0.));
#9276 = DIRECTION('',(-0.980476965324,-0.196633975878,0.));
#9277 = DIRECTION('',(-0.196633975878,0.980476965324,0.));
#9278 = ADVANCED_FACE('',(#9279),#9298,.F.);
#9279 = FACE_BOUND('',#9280,.T.);
#9280 = EDGE_LOOP('',(#9281,#9282,#9290,#9297));
#9281 = ORIENTED_EDGE('',*,*,#2536,.T.);
#9282 = ORIENTED_EDGE('',*,*,#9283,.T.);
#9283 = EDGE_CURVE('',#2529,#9284,#9286,.T.);
#9284 = VERTEX_POINT('',#9285);
#9285 = CARTESIAN_POINT('',(-51.19142758682,39.972126521323,3.));
#9286 = LINE('',#9287,#9288);
#9287 = CARTESIAN_POINT('',(-51.19142758682,39.972126521323,0.));
#9288 = VECTOR('',#9289,1.);
#9289 = DIRECTION('',(0.,0.,1.));
#9290 = ORIENTED_EDGE('',*,*,#9291,.F.);
#9291 = EDGE_CURVE('',#9253,#9284,#9292,.T.);
#9292 = CIRCLE('',#9293,1.);
#9293 = AXIS2_PLACEMENT_3D('',#9294,#9295,#9296);
#9294 = CARTESIAN_POINT('',(-51.2148162125,40.971852970002,3.));
#9295 = DIRECTION('',(-0.,-0.,-1.));
#9296 = DIRECTION('',(0.,-1.,0.));
#9297 = ORIENTED_EDGE('',*,*,#9252,.F.);
#9298 = CYLINDRICAL_SURFACE('',#9299,1.);
#9299 = AXIS2_PLACEMENT_3D('',#9300,#9301,#9302);
#9300 = CARTESIAN_POINT('',(-51.2148162125,40.971852970002,0.));
#9301 = DIRECTION('',(0.,0.,1.));
#9302 = DIRECTION('',(0.980476965324,0.196633975878,0.));
#9303 = ADVANCED_FACE('',(#9304),#9323,.F.);
#9304 = FACE_BOUND('',#9305,.F.);
#9305 = EDGE_LOOP('',(#9306,#9307,#9315,#9322));
#9306 = ORIENTED_EDGE('',*,*,#2485,.T.);
#9307 = ORIENTED_EDGE('',*,*,#9308,.T.);
#9308 = EDGE_CURVE('',#2486,#9309,#9311,.T.);
#9309 = VERTEX_POINT('',#9310);
#9310 = CARTESIAN_POINT('',(-51.87179169594,43.804494597969,3.));
#9311 = LINE('',#9312,#9313);
#9312 = CARTESIAN_POINT('',(-51.87179169594,43.804494597969,0.));
#9313 = VECTOR('',#9314,1.);
#9314 = DIRECTION('',(0.,0.,1.));
#9315 = ORIENTED_EDGE('',*,*,#9316,.F.);
#9316 = EDGE_CURVE('',#9261,#9309,#9317,.T.);
#9317 = CIRCLE('',#9318,1.);
#9318 = AXIS2_PLACEMENT_3D('',#9319,#9320,#9321);
#9319 = CARTESIAN_POINT('',(-51.59045177354,42.84488642373,3.));
#9320 = DIRECTION('',(-0.,0.,1.));
#9321 = DIRECTION('',(0.,-1.,0.));
#9322 = ORIENTED_EDGE('',*,*,#9268,.F.);
#9323 = CYLINDRICAL_SURFACE('',#9324,1.);
#9324 = AXIS2_PLACEMENT_3D('',#9325,#9326,#9327);
#9325 = CARTESIAN_POINT('',(-51.59045177354,42.84488642373,0.));
#9326 = DIRECTION('',(0.,0.,1.));
#9327 = DIRECTION('',(0.980476965324,0.196633975878,0.));
#9328 = ADVANCED_FACE('',(#9329),#9347,.T.);
#9329 = FACE_BOUND('',#9330,.T.);
#9330 = EDGE_LOOP('',(#9331,#9332,#9340,#9346));
#9331 = ORIENTED_EDGE('',*,*,#2528,.F.);
#9332 = ORIENTED_EDGE('',*,*,#9333,.T.);
#9333 = EDGE_CURVE('',#2520,#9334,#9336,.T.);
#9334 = VERTEX_POINT('',#9335);
#9335 = CARTESIAN_POINT('',(-53.10123388434,39.927446554449,3.));
#9336 = LINE('',#9337,#9338);
#9337 = CARTESIAN_POINT('',(-53.10123388434,39.927446554449,0.));
#9338 = VECTOR('',#9339,1.);
#9339 = DIRECTION('',(0.,0.,1.));
#9340 = ORIENTED_EDGE('',*,*,#9341,.T.);
#9341 = EDGE_CURVE('',#9334,#9284,#9342,.T.);
#9342 = LINE('',#9343,#9344);
#9343 = CARTESIAN_POINT('',(-54.19224385653,39.901922348419,3.));
#9344 = VECTOR('',#9345,1.);
#9345 = DIRECTION('',(0.999726448679,2.338862567765E-02,0.));
#9346 = ORIENTED_EDGE('',*,*,#9283,.F.);
#9347 = PLANE('',#9348);
#9348 = AXIS2_PLACEMENT_3D('',#9349,#9350,#9351);
#9349 = CARTESIAN_POINT('',(-54.19224385653,39.901922348419,0.));
#9350 = DIRECTION('',(-2.338862567765E-02,0.999726448679,0.));
#9351 = DIRECTION('',(0.999726448679,2.338862567765E-02,0.));
#9352 = ADVANCED_FACE('',(#9353),#9371,.T.);
#9353 = FACE_BOUND('',#9354,.T.);
#9354 = EDGE_LOOP('',(#9355,#9356,#9357,#9365));
#9355 = ORIENTED_EDGE('',*,*,#2494,.F.);
#9356 = ORIENTED_EDGE('',*,*,#9308,.T.);
#9357 = ORIENTED_EDGE('',*,*,#9358,.T.);
#9358 = EDGE_CURVE('',#9309,#9359,#9361,.T.);
#9359 = VERTEX_POINT('',#9360);
#9360 = CARTESIAN_POINT('',(-53.31027576079,43.382756844961,3.));
#9361 = LINE('',#9362,#9363);
#9362 = CARTESIAN_POINT('',(-50.82456313769,44.111523246968,3.));
#9363 = VECTOR('',#9364,1.);
#9364 = DIRECTION('',(-0.959608174239,-0.281339922394,0.));
#9365 = ORIENTED_EDGE('',*,*,#9366,.F.);
#9366 = EDGE_CURVE('',#2495,#9359,#9367,.T.);
#9367 = LINE('',#9368,#9369);
#9368 = CARTESIAN_POINT('',(-53.31027576079,43.382756844961,0.));
#9369 = VECTOR('',#9370,1.);
#9370 = DIRECTION('',(0.,0.,1.));
#9371 = PLANE('',#9372);
#9372 = AXIS2_PLACEMENT_3D('',#9373,#9374,#9375);
#9373 = CARTESIAN_POINT('',(-50.82456313769,44.111523246968,0.));
#9374 = DIRECTION('',(0.281339922394,-0.959608174239,0.));
#9375 = DIRECTION('',(-0.959608174239,-0.281339922394,0.));
#9376 = ADVANCED_FACE('',(#9377),#9396,.F.);
#9377 = FACE_BOUND('',#9378,.T.);
#9378 = EDGE_LOOP('',(#9379,#9380,#9388,#9395));
#9379 = ORIENTED_EDGE('',*,*,#2519,.T.);
#9380 = ORIENTED_EDGE('',*,*,#9381,.T.);
#9381 = EDGE_CURVE('',#2512,#9382,#9384,.T.);
#9382 = VERTEX_POINT('',#9383);
#9383 = CARTESIAN_POINT('',(-54.12258315078,40.991005279412,3.));
#9384 = LINE('',#9385,#9386);
#9385 = CARTESIAN_POINT('',(-54.12258315078,40.991005279412,0.));
#9386 = VECTOR('',#9387,1.);
#9387 = DIRECTION('',(0.,0.,1.));
#9388 = ORIENTED_EDGE('',*,*,#9389,.F.);
#9389 = EDGE_CURVE('',#9334,#9382,#9390,.T.);
#9390 = CIRCLE('',#9391,1.);
#9391 = AXIS2_PLACEMENT_3D('',#9392,#9393,#9394);
#9392 = CARTESIAN_POINT('',(-53.12462251002,40.927173003129,3.));
#9393 = DIRECTION('',(-0.,-0.,-1.));
#9394 = DIRECTION('',(0.,-1.,0.));
#9395 = ORIENTED_EDGE('',*,*,#9333,.F.);
#9396 = CYLINDRICAL_SURFACE('',#9397,1.);
#9397 = AXIS2_PLACEMENT_3D('',#9398,#9399,#9400);
#9398 = CARTESIAN_POINT('',(-53.12462251002,40.927173003129,0.));
#9399 = DIRECTION('',(0.,0.,1.));
#9400 = DIRECTION('',(2.338862567765E-02,-0.999726448679,0.));
#9401 = ADVANCED_FACE('',(#9402),#9421,.F.);
#9402 = FACE_BOUND('',#9403,.F.);
#9403 = EDGE_LOOP('',(#9404,#9405,#9413,#9420));
#9404 = ORIENTED_EDGE('',*,*,#2502,.T.);
#9405 = ORIENTED_EDGE('',*,*,#9406,.T.);
#9406 = EDGE_CURVE('',#2503,#9407,#9409,.T.);
#9407 = VERTEX_POINT('',#9408);
#9408 = CARTESIAN_POINT('',(-54.02689647916,42.486980947005,3.));
#9409 = LINE('',#9410,#9411);
#9410 = CARTESIAN_POINT('',(-54.02689647916,42.486980947005,0.));
#9411 = VECTOR('',#9412,1.);
#9412 = DIRECTION('',(0.,0.,1.));
#9413 = ORIENTED_EDGE('',*,*,#9414,.F.);
#9414 = EDGE_CURVE('',#9359,#9407,#9415,.T.);
#9415 = CIRCLE('',#9416,1.);
#9416 = AXIS2_PLACEMENT_3D('',#9417,#9418,#9419);
#9417 = CARTESIAN_POINT('',(-53.0289358384,42.423148670721,3.));
#9418 = DIRECTION('',(-0.,0.,1.));
#9419 = DIRECTION('',(0.,-1.,0.));
#9420 = ORIENTED_EDGE('',*,*,#9366,.F.);
#9421 = CYLINDRICAL_SURFACE('',#9422,1.);
#9422 = AXIS2_PLACEMENT_3D('',#9423,#9424,#9425);
#9423 = CARTESIAN_POINT('',(-53.0289358384,42.423148670721,0.));
#9424 = DIRECTION('',(0.,0.,1.));
#9425 = DIRECTION('',(-0.281339922394,0.959608174239,0.));
#9426 = ADVANCED_FACE('',(#9427),#9438,.T.);
#9427 = FACE_BOUND('',#9428,.T.);
#9428 = EDGE_LOOP('',(#9429,#9430,#9431,#9437));
#9429 = ORIENTED_EDGE('',*,*,#2511,.F.);
#9430 = ORIENTED_EDGE('',*,*,#9406,.T.);
#9431 = ORIENTED_EDGE('',*,*,#9432,.T.);
#9432 = EDGE_CURVE('',#9407,#9382,#9433,.T.);
#9433 = LINE('',#9434,#9435);
#9434 = CARTESIAN_POINT('',(-53.98220063812,43.185760510501,3.));
#9435 = VECTOR('',#9436,1.);
#9436 = DIRECTION('',(-6.38322762834E-02,-0.997960640759,0.));
#9437 = ORIENTED_EDGE('',*,*,#9381,.F.);
#9438 = PLANE('',#9439);
#9439 = AXIS2_PLACEMENT_3D('',#9440,#9441,#9442);
#9440 = CARTESIAN_POINT('',(-53.98220063812,43.185760510501,0.));
#9441 = DIRECTION('',(0.997960640759,-6.38322762834E-02,0.));
#9442 = DIRECTION('',(-6.38322762834E-02,-0.997960640759,0.));
#9443 = ADVANCED_FACE('',(#9444),#9469,.T.);
#9444 = FACE_BOUND('',#9445,.T.);
#9445 = EDGE_LOOP('',(#9446,#9454,#9462,#9468));
#9446 = ORIENTED_EDGE('',*,*,#9447,.T.);
#9447 = EDGE_CURVE('',#2552,#9448,#9450,.T.);
#9448 = VERTEX_POINT('',#9449);
#9449 = CARTESIAN_POINT('',(-9.415970682756,43.,2.7));
#9450 = LINE('',#9451,#9452);
#9451 = CARTESIAN_POINT('',(-9.415970682756,43.,0.));
#9452 = VECTOR('',#9453,1.);
#9453 = DIRECTION('',(0.,0.,1.));
#9454 = ORIENTED_EDGE('',*,*,#9455,.T.);
#9455 = EDGE_CURVE('',#9448,#9456,#9458,.T.);
#9456 = VERTEX_POINT('',#9457);
#9457 = CARTESIAN_POINT('',(9.415970682756,43.,2.7));
#9458 = LINE('',#9459,#9460);
#9459 = CARTESIAN_POINT('',(-9.415970682756,43.,2.7));
#9460 = VECTOR('',#9461,1.);
#9461 = DIRECTION('',(1.,0.,0.));
#9462 = ORIENTED_EDGE('',*,*,#9463,.F.);
#9463 = EDGE_CURVE('',#2561,#9456,#9464,.T.);
#9464 = LINE('',#9465,#9466);
#9465 = CARTESIAN_POINT('',(9.415970682756,43.,0.));
#9466 = VECTOR('',#9467,1.);
#9467 = DIRECTION('',(0.,0.,1.));
#9468 = ORIENTED_EDGE('',*,*,#2568,.F.);
#9469 = PLANE('',#9470);
#9470 = AXIS2_PLACEMENT_3D('',#9471,#9472,#9473);
#9471 = CARTESIAN_POINT('',(-11.,43.,0.));
#9472 = DIRECTION('',(0.,1.,0.));
#9473 = DIRECTION('',(1.,0.,0.));
#9474 = ADVANCED_FACE('',(#9475),#9494,.T.);
#9475 = FACE_BOUND('',#9476,.T.);
#9476 = EDGE_LOOP('',(#9477,#9478,#9479,#9487));
#9477 = ORIENTED_EDGE('',*,*,#9447,.F.);
#9478 = ORIENTED_EDGE('',*,*,#2592,.F.);
#9479 = ORIENTED_EDGE('',*,*,#9480,.T.);
#9480 = EDGE_CURVE('',#2583,#9481,#9483,.T.);
#9481 = VERTEX_POINT('',#9482);
#9482 = CARTESIAN_POINT('',(-11.36280501942,41.458078667451,2.7));
#9483 = LINE('',#9484,#9485);
#9484 = CARTESIAN_POINT('',(-11.36280501942,41.458078667451,0.));
#9485 = VECTOR('',#9486,1.);
#9486 = DIRECTION('',(0.,0.,1.));
#9487 = ORIENTED_EDGE('',*,*,#9488,.T.);
#9488 = EDGE_CURVE('',#9481,#9448,#9489,.T.);
#9489 = CIRCLE('',#9490,2.);
#9490 = AXIS2_PLACEMENT_3D('',#9491,#9492,#9493);
#9491 = CARTESIAN_POINT('',(-9.415970682756,41.,2.7));
#9492 = DIRECTION('',(0.,0.,-1.));
#9493 = DIRECTION('',(-0.973417168334,0.229039333726,0.));
#9494 = CYLINDRICAL_SURFACE('',#9495,2.);
#9495 = AXIS2_PLACEMENT_3D('',#9496,#9497,#9498);
#9496 = CARTESIAN_POINT('',(-9.415970682756,41.,0.));
#9497 = DIRECTION('',(0.,0.,1.));
#9498 = DIRECTION('',(0.,1.,0.));
#9499 = ADVANCED_FACE('',(#9500),#9519,.T.);
#9500 = FACE_BOUND('',#9501,.T.);
#9501 = EDGE_LOOP('',(#9502,#9510,#9511,#9512));
#9502 = ORIENTED_EDGE('',*,*,#9503,.F.);
#9503 = EDGE_CURVE('',#2610,#9504,#9506,.T.);
#9504 = VERTEX_POINT('',#9505);
#9505 = CARTESIAN_POINT('',(11.362805019423,41.458078667451,2.7));
#9506 = LINE('',#9507,#9508);
#9507 = CARTESIAN_POINT('',(11.362805019423,41.458078667451,0.));
#9508 = VECTOR('',#9509,1.);
#9509 = DIRECTION('',(0.,0.,1.));
#9510 = ORIENTED_EDGE('',*,*,#2617,.F.);
#9511 = ORIENTED_EDGE('',*,*,#9463,.T.);
#9512 = ORIENTED_EDGE('',*,*,#9513,.T.);
#9513 = EDGE_CURVE('',#9456,#9504,#9514,.T.);
#9514 = CIRCLE('',#9515,2.);
#9515 = AXIS2_PLACEMENT_3D('',#9516,#9517,#9518);
#9516 = CARTESIAN_POINT('',(9.415970682756,41.,2.7));
#9517 = DIRECTION('',(0.,0.,-1.));
#9518 = DIRECTION('',(0.,1.,0.));
#9519 = CYLINDRICAL_SURFACE('',#9520,2.);
#9520 = AXIS2_PLACEMENT_3D('',#9521,#9522,#9523);
#9521 = CARTESIAN_POINT('',(9.415970682756,41.,0.));
#9522 = DIRECTION('',(0.,0.,1.));
#9523 = DIRECTION('',(0.973417168334,0.229039333726,0.));
#9524 = ADVANCED_FACE('',(#9525),#9543,.F.);
#9525 = FACE_BOUND('',#9526,.F.);
#9526 = EDGE_LOOP('',(#9527,#9528,#9536,#9542));
#9527 = ORIENTED_EDGE('',*,*,#9480,.T.);
#9528 = ORIENTED_EDGE('',*,*,#9529,.F.);
#9529 = EDGE_CURVE('',#9530,#9481,#9532,.T.);
#9530 = VERTEX_POINT('',#9531);
#9531 = CARTESIAN_POINT('',(-12.94683433666,34.725954069165,2.7));
#9532 = LINE('',#9533,#9534);
#9533 = CARTESIAN_POINT('',(-12.94683433666,34.725954069165,2.7));
#9534 = VECTOR('',#9535,1.);
#9535 = DIRECTION('',(0.229039333726,0.973417168334,0.));
#9536 = ORIENTED_EDGE('',*,*,#9537,.F.);
#9537 = EDGE_CURVE('',#2633,#9530,#9538,.T.);
#9538 = LINE('',#9539,#9540);
#9539 = CARTESIAN_POINT('',(-12.94683433666,34.725954069165,0.));
#9540 = VECTOR('',#9541,1.);
#9541 = DIRECTION('',(0.,0.,1.));
#9542 = ORIENTED_EDGE('',*,*,#2642,.T.);
#9543 = PLANE('',#9544);
#9544 = AXIS2_PLACEMENT_3D('',#9545,#9546,#9547);
#9545 = CARTESIAN_POINT('',(-11.,43.,0.));
#9546 = DIRECTION('',(0.973417168334,-0.229039333726,0.));
#9547 = DIRECTION('',(-0.229039333726,-0.973417168334,0.));
#9548 = ADVANCED_FACE('',(#9549),#9567,.T.);
#9549 = FACE_BOUND('',#9550,.T.);
#9550 = EDGE_LOOP('',(#9551,#9552,#9560,#9566));
#9551 = ORIENTED_EDGE('',*,*,#9503,.T.);
#9552 = ORIENTED_EDGE('',*,*,#9553,.T.);
#9553 = EDGE_CURVE('',#9504,#9554,#9556,.T.);
#9554 = VERTEX_POINT('',#9555);
#9555 = CARTESIAN_POINT('',(12.946834336667,34.725954069165,2.7));
#9556 = LINE('',#9557,#9558);
#9557 = CARTESIAN_POINT('',(11.362805019423,41.458078667451,2.7));
#9558 = VECTOR('',#9559,1.);
#9559 = DIRECTION('',(0.229039333726,-0.973417168334,0.));
#9560 = ORIENTED_EDGE('',*,*,#9561,.F.);
#9561 = EDGE_CURVE('',#2659,#9554,#9562,.T.);
#9562 = LINE('',#9563,#9564);
#9563 = CARTESIAN_POINT('',(12.946834336667,34.725954069165,0.));
#9564 = VECTOR('',#9565,1.);
#9565 = DIRECTION('',(0.,0.,1.));
#9566 = ORIENTED_EDGE('',*,*,#2666,.F.);
#9567 = PLANE('',#9568);
#9568 = AXIS2_PLACEMENT_3D('',#9569,#9570,#9571);
#9569 = CARTESIAN_POINT('',(11.,43.,0.));
#9570 = DIRECTION('',(0.973417168334,0.229039333726,0.));
#9571 = DIRECTION('',(0.229039333726,-0.973417168334,0.));
#9572 = ADVANCED_FACE('',(#9573),#9592,.T.);
#9573 = FACE_BOUND('',#9574,.T.);
#9574 = EDGE_LOOP('',(#9575,#9576,#9577,#9585));
#9575 = ORIENTED_EDGE('',*,*,#9537,.F.);
#9576 = ORIENTED_EDGE('',*,*,#2690,.F.);
#9577 = ORIENTED_EDGE('',*,*,#9578,.T.);
#9578 = EDGE_CURVE('',#2681,#9579,#9581,.T.);
#9579 = VERTEX_POINT('',#9580);
#9580 = CARTESIAN_POINT('',(-13.,34.267875401713,2.7));
#9581 = LINE('',#9582,#9583);
#9582 = CARTESIAN_POINT('',(-13.,34.267875401713,0.));
#9583 = VECTOR('',#9584,1.);
#9584 = DIRECTION('',(0.,0.,1.));
#9585 = ORIENTED_EDGE('',*,*,#9586,.T.);
#9586 = EDGE_CURVE('',#9579,#9530,#9587,.T.);
#9587 = CIRCLE('',#9588,2.);
#9588 = AXIS2_PLACEMENT_3D('',#9589,#9590,#9591);
#9589 = CARTESIAN_POINT('',(-11.,34.267875401713,2.7));
#9590 = DIRECTION('',(0.,0.,-1.));
#9591 = DIRECTION('',(-1.,0.,0.));
#9592 = CYLINDRICAL_SURFACE('',#9593,2.);
#9593 = AXIS2_PLACEMENT_3D('',#9594,#9595,#9596);
#9594 = CARTESIAN_POINT('',(-11.,34.267875401713,0.));
#9595 = DIRECTION('',(0.,0.,1.));
#9596 = DIRECTION('',(-0.973417168334,0.229039333726,0.));
#9597 = ADVANCED_FACE('',(#9598),#9617,.T.);
#9598 = FACE_BOUND('',#9599,.T.);
#9599 = EDGE_LOOP('',(#9600,#9608,#9609,#9610));
#9600 = ORIENTED_EDGE('',*,*,#9601,.F.);
#9601 = EDGE_CURVE('',#2708,#9602,#9604,.T.);
#9602 = VERTEX_POINT('',#9603);
#9603 = CARTESIAN_POINT('',(13.,34.267875401714,2.7));
#9604 = LINE('',#9605,#9606);
#9605 = CARTESIAN_POINT('',(13.,34.267875401714,0.));
#9606 = VECTOR('',#9607,1.);
#9607 = DIRECTION('',(0.,0.,1.));
#9608 = ORIENTED_EDGE('',*,*,#2715,.F.);
#9609 = ORIENTED_EDGE('',*,*,#9561,.T.);
#9610 = ORIENTED_EDGE('',*,*,#9611,.T.);
#9611 = EDGE_CURVE('',#9554,#9602,#9612,.T.);
#9612 = CIRCLE('',#9613,2.);
#9613 = AXIS2_PLACEMENT_3D('',#9614,#9615,#9616);
#9614 = CARTESIAN_POINT('',(11.,34.267875401714,2.7));
#9615 = DIRECTION('',(0.,0.,-1.));
#9616 = DIRECTION('',(0.973417168334,0.229039333726,0.));
#9617 = CYLINDRICAL_SURFACE('',#9618,2.);
#9618 = AXIS2_PLACEMENT_3D('',#9619,#9620,#9621);
#9619 = CARTESIAN_POINT('',(11.,34.267875401714,0.));
#9620 = DIRECTION('',(0.,0.,1.));
#9621 = DIRECTION('',(1.,0.,0.));
#9622 = ADVANCED_FACE('',(#9623),#9641,.F.);
#9623 = FACE_BOUND('',#9624,.F.);
#9624 = EDGE_LOOP('',(#9625,#9626,#9634,#9640));
#9625 = ORIENTED_EDGE('',*,*,#9578,.T.);
#9626 = ORIENTED_EDGE('',*,*,#9627,.F.);
#9627 = EDGE_CURVE('',#9628,#9579,#9630,.T.);
#9628 = VERTEX_POINT('',#9629);
#9629 = CARTESIAN_POINT('',(-13.,20.329649542917,2.7));
#9630 = LINE('',#9631,#9632);
#9631 = CARTESIAN_POINT('',(-13.,20.329649542917,2.7));
#9632 = VECTOR('',#9633,1.);
#9633 = DIRECTION('',(0.,1.,0.));
#9634 = ORIENTED_EDGE('',*,*,#9635,.F.);
#9635 = EDGE_CURVE('',#2731,#9628,#9636,.T.);
#9636 = LINE('',#9637,#9638);
#9637 = CARTESIAN_POINT('',(-13.,20.329649542917,0.));
#9638 = VECTOR('',#9639,1.);
#9639 = DIRECTION('',(0.,0.,1.));
#9640 = ORIENTED_EDGE('',*,*,#2740,.T.);
#9641 = PLANE('',#9642);
#9642 = AXIS2_PLACEMENT_3D('',#9643,#9644,#9645);
#9643 = CARTESIAN_POINT('',(-13.,34.5,0.));
#9644 = DIRECTION('',(1.,0.,0.));
#9645 = DIRECTION('',(0.,-1.,0.));
#9646 = ADVANCED_FACE('',(#9647),#9665,.F.);
#9647 = FACE_BOUND('',#9648,.F.);
#9648 = EDGE_LOOP('',(#9649,#9650,#9651,#9659));
#9649 = ORIENTED_EDGE('',*,*,#9601,.F.);
#9650 = ORIENTED_EDGE('',*,*,#2764,.T.);
#9651 = ORIENTED_EDGE('',*,*,#9652,.T.);
#9652 = EDGE_CURVE('',#2757,#9653,#9655,.T.);
#9653 = VERTEX_POINT('',#9654);
#9654 = CARTESIAN_POINT('',(13.,20.329649542917,2.7));
#9655 = LINE('',#9656,#9657);
#9656 = CARTESIAN_POINT('',(13.,20.329649542917,0.));
#9657 = VECTOR('',#9658,1.);
#9658 = DIRECTION('',(0.,0.,1.));
#9659 = ORIENTED_EDGE('',*,*,#9660,.F.);
#9660 = EDGE_CURVE('',#9602,#9653,#9661,.T.);
#9661 = LINE('',#9662,#9663);
#9662 = CARTESIAN_POINT('',(13.,34.267875401714,2.7));
#9663 = VECTOR('',#9664,1.);
#9664 = DIRECTION('',(-0.,-1.,-0.));
#9665 = PLANE('',#9666);
#9666 = AXIS2_PLACEMENT_3D('',#9667,#9668,#9669);
#9667 = CARTESIAN_POINT('',(13.,14.191543704419,0.));
#9668 = DIRECTION('',(-1.,0.,0.));
#9669 = DIRECTION('',(0.,1.,0.));
#9670 = ADVANCED_FACE('',(#9671),#9690,.F.);
#9671 = FACE_BOUND('',#9672,.T.);
#9672 = EDGE_LOOP('',(#9673,#9674,#9675,#9683));
#9673 = ORIENTED_EDGE('',*,*,#9635,.F.);
#9674 = ORIENTED_EDGE('',*,*,#2788,.F.);
#9675 = ORIENTED_EDGE('',*,*,#9676,.T.);
#9676 = EDGE_CURVE('',#2779,#9677,#9679,.T.);
#9677 = VERTEX_POINT('',#9678);
#9678 = CARTESIAN_POINT('',(-17.84309703374,17.962585258997,2.7));
#9679 = LINE('',#9680,#9681);
#9680 = CARTESIAN_POINT('',(-17.84309703374,17.962585258997,0.));
#9681 = VECTOR('',#9682,1.);
#9682 = DIRECTION('',(0.,0.,1.));
#9683 = ORIENTED_EDGE('',*,*,#9684,.T.);
#9684 = EDGE_CURVE('',#9677,#9628,#9685,.T.);
#9685 = CIRCLE('',#9686,3.);
#9686 = AXIS2_PLACEMENT_3D('',#9687,#9688,#9689);
#9687 = CARTESIAN_POINT('',(-16.,20.329649542917,2.7));
#9688 = DIRECTION('',(0.,0.,1.));
#9689 = DIRECTION('',(-0.614365677914,-0.789021427973,0.));
#9690 = CYLINDRICAL_SURFACE('',#9691,3.);
#9691 = AXIS2_PLACEMENT_3D('',#9692,#9693,#9694);
#9692 = CARTESIAN_POINT('',(-16.,20.329649542917,0.));
#9693 = DIRECTION('',(0.,0.,1.));
#9694 = DIRECTION('',(1.,0.,0.));
#9695 = ADVANCED_FACE('',(#9696),#9715,.F.);
#9696 = FACE_BOUND('',#9697,.T.);
#9697 = EDGE_LOOP('',(#9698,#9706,#9707,#9708));
#9698 = ORIENTED_EDGE('',*,*,#9699,.F.);
#9699 = EDGE_CURVE('',#2806,#9700,#9702,.T.);
#9700 = VERTEX_POINT('',#9701);
#9701 = CARTESIAN_POINT('',(17.843097033743,17.962585258997,2.7));
#9702 = LINE('',#9703,#9704);
#9703 = CARTESIAN_POINT('',(17.843097033743,17.962585258997,0.));
#9704 = VECTOR('',#9705,1.);
#9705 = DIRECTION('',(0.,0.,1.));
#9706 = ORIENTED_EDGE('',*,*,#2813,.F.);
#9707 = ORIENTED_EDGE('',*,*,#9652,.T.);
#9708 = ORIENTED_EDGE('',*,*,#9709,.T.);
#9709 = EDGE_CURVE('',#9653,#9700,#9710,.T.);
#9710 = CIRCLE('',#9711,3.);
#9711 = AXIS2_PLACEMENT_3D('',#9712,#9713,#9714);
#9712 = CARTESIAN_POINT('',(16.,20.329649542917,2.7));
#9713 = DIRECTION('',(0.,0.,1.));
#9714 = DIRECTION('',(-1.,0.,0.));
#9715 = CYLINDRICAL_SURFACE('',#9716,3.);
#9716 = AXIS2_PLACEMENT_3D('',#9717,#9718,#9719);
#9717 = CARTESIAN_POINT('',(16.,20.329649542917,0.));
#9718 = DIRECTION('',(0.,0.,1.));
#9719 = DIRECTION('',(0.614365677914,-0.789021427973,0.));
#9720 = ADVANCED_FACE('',(#9721),#9739,.T.);
#9721 = FACE_BOUND('',#9722,.T.);
#9722 = EDGE_LOOP('',(#9723,#9731,#9737,#9738));
#9723 = ORIENTED_EDGE('',*,*,#9724,.T.);
#9724 = EDGE_CURVE('',#2829,#9725,#9727,.T.);
#9725 = VERTEX_POINT('',#9726);
#9726 = CARTESIAN_POINT('',(-39.1501308059,34.55314894166,2.7));
#9727 = LINE('',#9728,#9729);
#9728 = CARTESIAN_POINT('',(-39.1501308059,34.55314894166,0.));
#9729 = VECTOR('',#9730,1.);
#9730 = DIRECTION('',(0.,0.,1.));
#9731 = ORIENTED_EDGE('',*,*,#9732,.T.);
#9732 = EDGE_CURVE('',#9725,#9677,#9733,.T.);
#9733 = LINE('',#9734,#9735);
#9734 = CARTESIAN_POINT('',(-39.1501308059,34.55314894166,2.7));
#9735 = VECTOR('',#9736,1.);
#9736 = DIRECTION('',(0.789021427973,-0.614365677914,0.));
#9737 = ORIENTED_EDGE('',*,*,#9676,.F.);
#9738 = ORIENTED_EDGE('',*,*,#2838,.F.);
#9739 = PLANE('',#9740);
#9740 = AXIS2_PLACEMENT_3D('',#9741,#9742,#9743);
#9741 = CARTESIAN_POINT('',(-40.62419338755,35.700916828761,0.));
#9742 = DIRECTION('',(0.614365677914,0.789021427973,0.));
#9743 = DIRECTION('',(0.789021427973,-0.614365677914,0.));
#9744 = ADVANCED_FACE('',(#9745),#9763,.F.);
#9745 = FACE_BOUND('',#9746,.F.);
#9746 = EDGE_LOOP('',(#9747,#9755,#9761,#9762));
#9747 = ORIENTED_EDGE('',*,*,#9748,.T.);
#9748 = EDGE_CURVE('',#2855,#9749,#9751,.T.);
#9749 = VERTEX_POINT('',#9750);
#9750 = CARTESIAN_POINT('',(39.150130805907,34.55314894166,2.7));
#9751 = LINE('',#9752,#9753);
#9752 = CARTESIAN_POINT('',(39.150130805907,34.55314894166,0.));
#9753 = VECTOR('',#9754,1.);
#9754 = DIRECTION('',(0.,0.,1.));
#9755 = ORIENTED_EDGE('',*,*,#9756,.F.);
#9756 = EDGE_CURVE('',#9700,#9749,#9757,.T.);
#9757 = LINE('',#9758,#9759);
#9758 = CARTESIAN_POINT('',(17.843097033743,17.962585258997,2.7));
#9759 = VECTOR('',#9760,1.);
#9760 = DIRECTION('',(0.789021427973,0.614365677914,0.));
#9761 = ORIENTED_EDGE('',*,*,#9699,.F.);
#9762 = ORIENTED_EDGE('',*,*,#2862,.T.);
#9763 = PLANE('',#9764);
#9764 = AXIS2_PLACEMENT_3D('',#9765,#9766,#9767);
#9765 = CARTESIAN_POINT('',(40.624193387556,35.700916828761,0.));
#9766 = DIRECTION('',(0.614365677914,-0.789021427973,0.));
#9767 = DIRECTION('',(-0.789021427973,-0.614365677914,0.));
#9768 = ADVANCED_FACE('',(#9769),#9788,.F.);
#9769 = FACE_BOUND('',#9770,.T.);
#9770 = EDGE_LOOP('',(#9771,#9772,#9773,#9781));
#9771 = ORIENTED_EDGE('',*,*,#9724,.F.);
#9772 = ORIENTED_EDGE('',*,*,#2886,.F.);
#9773 = ORIENTED_EDGE('',*,*,#9774,.T.);
#9774 = EDGE_CURVE('',#2877,#9775,#9777,.T.);
#9775 = VERTEX_POINT('',#9776);
#9776 = CARTESIAN_POINT('',(-40.2903409608,37.236248379069,2.7));
#9777 = LINE('',#9778,#9779);
#9778 = CARTESIAN_POINT('',(-40.2903409608,37.236248379069,0.));
#9779 = VECTOR('',#9780,1.);
#9780 = DIRECTION('',(0.,0.,1.));
#9781 = ORIENTED_EDGE('',*,*,#9782,.T.);
#9782 = EDGE_CURVE('',#9775,#9725,#9783,.T.);
#9783 = CIRCLE('',#9784,3.);
#9784 = AXIS2_PLACEMENT_3D('',#9785,#9786,#9787);
#9785 = CARTESIAN_POINT('',(-37.30703377216,36.92021322558,2.7));
#9786 = DIRECTION('',(0.,0.,1.));
#9787 = DIRECTION('',(-0.994435729545,0.105345051163,0.));
#9788 = CYLINDRICAL_SURFACE('',#9789,3.);
#9789 = AXIS2_PLACEMENT_3D('',#9790,#9791,#9792);
#9790 = CARTESIAN_POINT('',(-37.30703377216,36.92021322558,0.));
#9791 = DIRECTION('',(0.,0.,1.));
#9792 = DIRECTION('',(-0.614365677914,-0.789021427973,0.));
#9793 = ADVANCED_FACE('',(#9794),#9813,.F.);
#9794 = FACE_BOUND('',#9795,.T.);
#9795 = EDGE_LOOP('',(#9796,#9804,#9805,#9806));
#9796 = ORIENTED_EDGE('',*,*,#9797,.F.);
#9797 = EDGE_CURVE('',#2904,#9798,#9800,.T.);
#9798 = VERTEX_POINT('',#9799);
#9799 = CARTESIAN_POINT('',(40.2903409608,37.236248379069,2.7));
#9800 = LINE('',#9801,#9802);
#9801 = CARTESIAN_POINT('',(40.2903409608,37.236248379069,0.));
#9802 = VECTOR('',#9803,1.);
#9803 = DIRECTION('',(0.,0.,1.));
#9804 = ORIENTED_EDGE('',*,*,#2911,.F.);
#9805 = ORIENTED_EDGE('',*,*,#9748,.T.);
#9806 = ORIENTED_EDGE('',*,*,#9807,.T.);
#9807 = EDGE_CURVE('',#9749,#9798,#9808,.T.);
#9808 = CIRCLE('',#9809,3.);
#9809 = AXIS2_PLACEMENT_3D('',#9810,#9811,#9812);
#9810 = CARTESIAN_POINT('',(37.307033772165,36.92021322558,2.7));
#9811 = DIRECTION('',(-0.,0.,1.));
#9812 = DIRECTION('',(0.614365677914,-0.789021427973,0.));
#9813 = CYLINDRICAL_SURFACE('',#9814,3.);
#9814 = AXIS2_PLACEMENT_3D('',#9815,#9816,#9817);
#9815 = CARTESIAN_POINT('',(37.307033772165,36.92021322558,0.));
#9816 = DIRECTION('',(0.,0.,1.));
#9817 = DIRECTION('',(0.994435729545,0.105345051163,0.));
#9818 = ADVANCED_FACE('',(#9819),#9838,.T.);
#9819 = FACE_BOUND('',#9820,.F.);
#9820 = EDGE_LOOP('',(#9821,#9822,#9831,#9837));
#9821 = ORIENTED_EDGE('',*,*,#9774,.T.);
#9822 = ORIENTED_EDGE('',*,*,#9823,.F.);
#9823 = EDGE_CURVE('',#9824,#9775,#9826,.T.);
#9824 = VERTEX_POINT('',#9825);
#9825 = CARTESIAN_POINT('',(-40.29337859449,38.791901457039,2.7));
#9826 = CIRCLE('',#9827,7.25);
#9827 = AXIS2_PLACEMENT_3D('',#9828,#9829,#9830);
#9828 = CARTESIAN_POINT('',(-47.5,38.,2.7));
#9829 = DIRECTION('',(0.,0.,-1.));
#9830 = DIRECTION('',(0.994016745587,0.109227787178,0.));
#9831 = ORIENTED_EDGE('',*,*,#9832,.F.);
#9832 = EDGE_CURVE('',#2927,#9824,#9833,.T.);
#9833 = LINE('',#9834,#9835);
#9834 = CARTESIAN_POINT('',(-40.29337859449,38.791901457039,0.));
#9835 = VECTOR('',#9836,1.);
#9836 = DIRECTION('',(0.,0.,1.));
#9837 = ORIENTED_EDGE('',*,*,#2936,.T.);
#9838 = CYLINDRICAL_SURFACE('',#9839,7.25);
#9839 = AXIS2_PLACEMENT_3D('',#9840,#9841,#9842);
#9840 = CARTESIAN_POINT('',(-47.5,38.,0.));
#9841 = DIRECTION('',(-0.,-0.,-1.));
#9842 = DIRECTION('',(1.,0.,0.));
#9843 = ADVANCED_FACE('',(#9844),#9863,.T.);
#9844 = FACE_BOUND('',#9845,.F.);
#9845 = EDGE_LOOP('',(#9846,#9847,#9848,#9856));
#9846 = ORIENTED_EDGE('',*,*,#9797,.F.);
#9847 = ORIENTED_EDGE('',*,*,#2961,.T.);
#9848 = ORIENTED_EDGE('',*,*,#9849,.T.);
#9849 = EDGE_CURVE('',#2954,#9850,#9852,.T.);
#9850 = VERTEX_POINT('',#9851);
#9851 = CARTESIAN_POINT('',(40.288393139292,38.745135213626,2.7));
#9852 = LINE('',#9853,#9854);
#9853 = CARTESIAN_POINT('',(40.288393139292,38.745135213626,0.));
#9854 = VECTOR('',#9855,1.);
#9855 = DIRECTION('',(0.,0.,1.));
#9856 = ORIENTED_EDGE('',*,*,#9857,.F.);
#9857 = EDGE_CURVE('',#9798,#9850,#9858,.T.);
#9858 = CIRCLE('',#9859,7.25);
#9859 = AXIS2_PLACEMENT_3D('',#9860,#9861,#9862);
#9860 = CARTESIAN_POINT('',(47.5,38.,2.7));
#9861 = DIRECTION('',(-0.,0.,-1.));
#9862 = DIRECTION('',(-0.994435729545,-0.105345051163,0.));
#9863 = CYLINDRICAL_SURFACE('',#9864,7.25);
#9864 = AXIS2_PLACEMENT_3D('',#9865,#9866,#9867);
#9865 = CARTESIAN_POINT('',(47.5,38.,0.));
#9866 = DIRECTION('',(-0.,-0.,-1.));
#9867 = DIRECTION('',(1.,0.,0.));
#9868 = ADVANCED_FACE('',(#9869),#9888,.T.);
#9869 = FACE_BOUND('',#9870,.T.);
#9870 = EDGE_LOOP('',(#9871,#9872,#9873,#9881));
#9871 = ORIENTED_EDGE('',*,*,#9832,.F.);
#9872 = ORIENTED_EDGE('',*,*,#2986,.F.);
#9873 = ORIENTED_EDGE('',*,*,#9874,.T.);
#9874 = EDGE_CURVE('',#2977,#9875,#9877,.T.);
#9875 = VERTEX_POINT('',#9876);
#9876 = CARTESIAN_POINT('',(-41.40134368859,40.806824523834,2.7));
#9877 = LINE('',#9878,#9879);
#9878 = CARTESIAN_POINT('',(-41.40134368859,40.806824523834,0.));
#9879 = VECTOR('',#9880,1.);
#9880 = DIRECTION('',(0.,0.,1.));
#9881 = ORIENTED_EDGE('',*,*,#9882,.T.);
#9882 = EDGE_CURVE('',#9875,#9824,#9883,.T.);
#9883 = CIRCLE('',#9884,3.);
#9884 = AXIS2_PLACEMENT_3D('',#9885,#9886,#9887);
#9885 = CARTESIAN_POINT('',(-43.27542883125,38.464218095505,2.7));
#9886 = DIRECTION('',(0.,0.,-1.));
#9887 = DIRECTION('',(0.624695047554,0.780868809443,0.));
#9888 = CYLINDRICAL_SURFACE('',#9889,3.);
#9889 = AXIS2_PLACEMENT_3D('',#9890,#9891,#9892);
#9890 = CARTESIAN_POINT('',(-43.27542883125,38.464218095505,0.));
#9891 = DIRECTION('',(0.,0.,1.));
#9892 = DIRECTION('',(0.994016745587,0.109227787178,0.));
#9893 = ADVANCED_FACE('',(#9894),#9913,.T.);
#9894 = FACE_BOUND('',#9895,.T.);
#9895 = EDGE_LOOP('',(#9896,#9904,#9905,#9906));
#9896 = ORIENTED_EDGE('',*,*,#9897,.F.);
#9897 = EDGE_CURVE('',#3004,#9898,#9900,.T.);
#9898 = VERTEX_POINT('',#9899);
#9899 = CARTESIAN_POINT('',(41.39842118037,40.77940982942,2.7));
#9900 = LINE('',#9901,#9902);
#9901 = CARTESIAN_POINT('',(41.39842118037,40.77940982942,0.));
#9902 = VECTOR('',#9903,1.);
#9903 = DIRECTION('',(0.,0.,1.));
#9904 = ORIENTED_EDGE('',*,*,#3011,.F.);
#9905 = ORIENTED_EDGE('',*,*,#9849,.T.);
#9906 = ORIENTED_EDGE('',*,*,#9907,.T.);
#9907 = EDGE_CURVE('',#9850,#9898,#9908,.T.);
#9908 = CIRCLE('',#9909,3.);
#9909 = AXIS2_PLACEMENT_3D('',#9910,#9911,#9912);
#9910 = CARTESIAN_POINT('',(43.272506323033,38.436803401091,2.7));
#9911 = DIRECTION('',(0.,0.,-1.));
#9912 = DIRECTION('',(-0.99470439458,0.102777270845,0.));
#9913 = CYLINDRICAL_SURFACE('',#9914,3.);
#9914 = AXIS2_PLACEMENT_3D('',#9915,#9916,#9917);
#9915 = CARTESIAN_POINT('',(43.272506323033,38.436803401091,0.));
#9916 = DIRECTION('',(0.,0.,1.));
#9917 = DIRECTION('',(-0.624695047554,0.780868809443,0.));
#9918 = ADVANCED_FACE('',(#9919),#9937,.F.);
#9919 = FACE_BOUND('',#9920,.F.);
#9920 = EDGE_LOOP('',(#9921,#9922,#9930,#9936));
#9921 = ORIENTED_EDGE('',*,*,#9874,.T.);
#9922 = ORIENTED_EDGE('',*,*,#9923,.F.);
#9923 = EDGE_CURVE('',#9924,#9875,#9926,.T.);
#9924 = VERTEX_POINT('',#9925);
#9925 = CARTESIAN_POINT('',(-47.63862490507,45.796649497019,2.7));
#9926 = LINE('',#9927,#9928);
#9927 = CARTESIAN_POINT('',(-47.63862490507,45.796649497019,2.7));
#9928 = VECTOR('',#9929,1.);
#9929 = DIRECTION('',(0.780868809443,-0.624695047554,0.));
#9930 = ORIENTED_EDGE('',*,*,#9931,.F.);
#9931 = EDGE_CURVE('',#3027,#9924,#9932,.T.);
#9932 = LINE('',#9933,#9934);
#9933 = CARTESIAN_POINT('',(-47.63862490507,45.796649497019,0.));
#9934 = VECTOR('',#9935,1.);
#9935 = DIRECTION('',(0.,0.,1.));
#9936 = ORIENTED_EDGE('',*,*,#3036,.T.);
#9937 = PLANE('',#9938);
#9938 = AXIS2_PLACEMENT_3D('',#9939,#9940,#9941);
#9939 = CARTESIAN_POINT('',(-40.57474717138,40.14554731007,0.));
#9940 = DIRECTION('',(-0.624695047554,-0.780868809443,0.));
#9941 = DIRECTION('',(-0.780868809443,0.624695047554,0.));
#9942 = ADVANCED_FACE('',(#9943),#9961,.T.);
#9943 = FACE_BOUND('',#9944,.T.);
#9944 = EDGE_LOOP('',(#9945,#9946,#9954,#9960));
#9945 = ORIENTED_EDGE('',*,*,#9897,.T.);
#9946 = ORIENTED_EDGE('',*,*,#9947,.T.);
#9947 = EDGE_CURVE('',#9898,#9948,#9950,.T.);
#9948 = VERTEX_POINT('',#9949);
#9949 = CARTESIAN_POINT('',(47.661564073441,45.789924143877,2.7));
#9950 = LINE('',#9951,#9952);
#9951 = CARTESIAN_POINT('',(41.39842118037,40.77940982942,2.7));
#9952 = VECTOR('',#9953,1.);
#9953 = DIRECTION('',(0.780868809443,0.624695047554,0.));
#9954 = ORIENTED_EDGE('',*,*,#9955,.F.);
#9955 = EDGE_CURVE('',#3053,#9948,#9956,.T.);
#9956 = LINE('',#9957,#9958);
#9957 = CARTESIAN_POINT('',(47.661564073441,45.789924143877,0.));
#9958 = VECTOR('',#9959,1.);
#9959 = DIRECTION('',(0.,0.,1.));
#9960 = ORIENTED_EDGE('',*,*,#3060,.F.);
#9961 = PLANE('',#9962);
#9962 = AXIS2_PLACEMENT_3D('',#9963,#9964,#9965);
#9963 = CARTESIAN_POINT('',(40.564534027334,40.112300106992,0.));
#9964 = DIRECTION('',(-0.624695047554,0.780868809443,0.));
#9965 = DIRECTION('',(0.780868809443,0.624695047554,0.));
#9966 = ADVANCED_FACE('',(#9967),#9986,.T.);
#9967 = FACE_BOUND('',#9968,.T.);
#9968 = EDGE_LOOP('',(#9969,#9970,#9971,#9979));
#9969 = ORIENTED_EDGE('',*,*,#9931,.F.);
#9970 = ORIENTED_EDGE('',*,*,#3084,.F.);
#9971 = ORIENTED_EDGE('',*,*,#9972,.T.);
#9972 = EDGE_CURVE('',#3075,#9973,#9975,.T.);
#9973 = VERTEX_POINT('',#9974);
#9974 = CARTESIAN_POINT('',(-50.35672981491,46.332867591408,2.7));
#9975 = LINE('',#9976,#9977);
#9976 = CARTESIAN_POINT('',(-50.35672981491,46.332867591408,0.));
#9977 = VECTOR('',#9978,1.);
#9978 = DIRECTION('',(0.,0.,1.));
#9979 = ORIENTED_EDGE('',*,*,#9980,.T.);
#9980 = EDGE_CURVE('',#9973,#9924,#9981,.T.);
#9981 = CIRCLE('',#9982,3.);
#9982 = AXIS2_PLACEMENT_3D('',#9983,#9984,#9985);
#9983 = CARTESIAN_POINT('',(-49.51271004773,43.454043068689,2.7));
#9984 = DIRECTION('',(0.,0.,-1.));
#9985 = DIRECTION('',(-0.281339922394,0.959608174239,0.));
#9986 = CYLINDRICAL_SURFACE('',#9987,3.);
#9987 = AXIS2_PLACEMENT_3D('',#9988,#9989,#9990);
#9988 = CARTESIAN_POINT('',(-49.51271004773,43.454043068689,0.));
#9989 = DIRECTION('',(0.,0.,1.));
#9990 = DIRECTION('',(0.624695047554,0.780868809443,0.));
#9991 = ADVANCED_FACE('',(#9992),#10011,.T.);
#9992 = FACE_BOUND('',#9993,.T.);
#9993 = EDGE_LOOP('',(#9994,#10002,#10003,#10004));
#9994 = ORIENTED_EDGE('',*,*,#9995,.F.);
#9995 = EDGE_CURVE('',#3102,#9996,#9998,.T.);
#9996 = VERTEX_POINT('',#9997);
#9997 = CARTESIAN_POINT('',(50.379668983287,46.326142238266,2.7));
#9998 = LINE('',#9999,#10000);
#9999 = CARTESIAN_POINT('',(50.379668983287,46.326142238266,0.));
#10000 = VECTOR('',#10001,1.);
#10001 = DIRECTION('',(0.,0.,1.));
#10002 = ORIENTED_EDGE('',*,*,#3109,.F.);
#10003 = ORIENTED_EDGE('',*,*,#9955,.T.);
#10004 = ORIENTED_EDGE('',*,*,#10005,.T.);
#10005 = EDGE_CURVE('',#9948,#9996,#10006,.T.);
#10006 = CIRCLE('',#10007,3.);
#10007 = AXIS2_PLACEMENT_3D('',#10008,#10009,#10010);
#10008 = CARTESIAN_POINT('',(49.535649216104,43.447317715548,2.7));
#10009 = DIRECTION('',(0.,0.,-1.));
#10010 = DIRECTION('',(-0.624695047554,0.780868809443,0.));
#10011 = CYLINDRICAL_SURFACE('',#10012,3.);
#10012 = AXIS2_PLACEMENT_3D('',#10013,#10014,#10015);
#10013 = CARTESIAN_POINT('',(49.535649216104,43.447317715548,0.));
#10014 = DIRECTION('',(0.,0.,1.));
#10015 = DIRECTION('',(0.281339922394,0.959608174239,0.));
#10016 = ADVANCED_FACE('',(#10017),#10035,.F.);
#10017 = FACE_BOUND('',#10018,.F.);
#10018 = EDGE_LOOP('',(#10019,#10020,#10028,#10034));
#10019 = ORIENTED_EDGE('',*,*,#9972,.T.);
#10020 = ORIENTED_EDGE('',*,*,#10021,.F.);
#10021 = EDGE_CURVE('',#10022,#9973,#10024,.T.);
#10022 = VERTEX_POINT('',#10023);
#10023 = CARTESIAN_POINT('',(-53.87295560558,45.30197319344,2.7));
#10024 = LINE('',#10025,#10026);
#10025 = CARTESIAN_POINT('',(-53.87295560558,45.30197319344,2.7));
#10026 = VECTOR('',#10027,1.);
#10027 = DIRECTION('',(0.959608174239,0.281339922394,0.));
#10028 = ORIENTED_EDGE('',*,*,#10029,.F.);
#10029 = EDGE_CURVE('',#3125,#10022,#10030,.T.);
#10030 = LINE('',#10031,#10032);
#10031 = CARTESIAN_POINT('',(-53.87295560558,45.30197319344,0.));
#10032 = VECTOR('',#10033,1.);
#10033 = DIRECTION('',(0.,0.,1.));
#10034 = ORIENTED_EDGE('',*,*,#3134,.T.);
#10035 = PLANE('',#10036);
#10036 = AXIS2_PLACEMENT_3D('',#10037,#10038,#10039);
#10037 = CARTESIAN_POINT('',(-48.85810862406,46.772236472218,0.));
#10038 = DIRECTION('',(0.281339922394,-0.959608174239,0.));
#10039 = DIRECTION('',(-0.959608174239,-0.281339922394,0.));
#10040 = ADVANCED_FACE('',(#10041),#10059,.T.);
#10041 = FACE_BOUND('',#10042,.T.);
#10042 = EDGE_LOOP('',(#10043,#10044,#10052,#10058));
#10043 = ORIENTED_EDGE('',*,*,#9995,.T.);
#10044 = ORIENTED_EDGE('',*,*,#10045,.T.);
#10045 = EDGE_CURVE('',#9996,#10046,#10048,.T.);
#10046 = VERTEX_POINT('',#10047);
#10047 = CARTESIAN_POINT('',(53.872955605585,45.30197319344,2.7));
#10048 = LINE('',#10049,#10050);
#10049 = CARTESIAN_POINT('',(50.379668983287,46.326142238266,2.7));
#10050 = VECTOR('',#10051,1.);
#10051 = DIRECTION('',(0.959608174239,-0.281339922394,0.));
#10052 = ORIENTED_EDGE('',*,*,#10053,.F.);
#10053 = EDGE_CURVE('',#3151,#10046,#10054,.T.);
#10054 = LINE('',#10055,#10056);
#10055 = CARTESIAN_POINT('',(53.872955605585,45.30197319344,0.));
#10056 = VECTOR('',#10057,1.);
#10057 = DIRECTION('',(0.,0.,1.));
#10058 = ORIENTED_EDGE('',*,*,#3158,.F.);
#10059 = PLANE('',#10060);
#10060 = AXIS2_PLACEMENT_3D('',#10061,#10062,#10063);
#10061 = CARTESIAN_POINT('',(48.88104779244,46.765511119076,0.));
#10062 = DIRECTION('',(0.281339922394,0.959608174239,0.));
#10063 = DIRECTION('',(0.959608174239,-0.281339922394,0.));
#10064 = ADVANCED_FACE('',(#10065),#10084,.T.);
#10065 = FACE_BOUND('',#10066,.T.);
#10066 = EDGE_LOOP('',(#10067,#10068,#10069,#10077));
#10067 = ORIENTED_EDGE('',*,*,#10029,.F.);
#10068 = ORIENTED_EDGE('',*,*,#3182,.F.);
#10069 = ORIENTED_EDGE('',*,*,#10070,.T.);
#10070 = EDGE_CURVE('',#3173,#10071,#10073,.T.);
#10071 = VERTEX_POINT('',#10072);
#10072 = CARTESIAN_POINT('',(-56.02281776067,42.614645499572,2.7));
#10073 = LINE('',#10074,#10075);
#10074 = CARTESIAN_POINT('',(-56.02281776067,42.614645499572,0.));
#10075 = VECTOR('',#10076,1.);
#10076 = DIRECTION('',(0.,0.,1.));
#10077 = ORIENTED_EDGE('',*,*,#10078,.T.);
#10078 = EDGE_CURVE('',#10071,#10022,#10079,.T.);
#10079 = CIRCLE('',#10080,3.);
#10080 = AXIS2_PLACEMENT_3D('',#10081,#10082,#10083);
#10081 = CARTESIAN_POINT('',(-53.0289358384,42.423148670722,2.7));
#10082 = DIRECTION('',(0.,0.,-1.));
#10083 = DIRECTION('',(-0.997960640759,6.38322762834E-02,0.));
#10084 = CYLINDRICAL_SURFACE('',#10085,3.);
#10085 = AXIS2_PLACEMENT_3D('',#10086,#10087,#10088);
#10086 = CARTESIAN_POINT('',(-53.0289358384,42.423148670722,0.));
#10087 = DIRECTION('',(0.,0.,1.));
#10088 = DIRECTION('',(-0.281339922394,0.959608174239,0.));
#10089 = ADVANCED_FACE('',(#10090),#10109,.T.);
#10090 = FACE_BOUND('',#10091,.T.);
#10091 = EDGE_LOOP('',(#10092,#10100,#10101,#10102));
#10092 = ORIENTED_EDGE('',*,*,#10093,.F.);
#10093 = EDGE_CURVE('',#3200,#10094,#10096,.T.);
#10094 = VERTEX_POINT('',#10095);
#10095 = CARTESIAN_POINT('',(56.022817760679,42.614645499572,2.7));
#10096 = LINE('',#10097,#10098);
#10097 = CARTESIAN_POINT('',(56.022817760679,42.614645499572,0.));
#10098 = VECTOR('',#10099,1.);
#10099 = DIRECTION('',(0.,0.,1.));
#10100 = ORIENTED_EDGE('',*,*,#3207,.F.);
#10101 = ORIENTED_EDGE('',*,*,#10053,.T.);
#10102 = ORIENTED_EDGE('',*,*,#10103,.T.);
#10103 = EDGE_CURVE('',#10046,#10094,#10104,.T.);
#10104 = CIRCLE('',#10105,3.);
#10105 = AXIS2_PLACEMENT_3D('',#10106,#10107,#10108);
#10106 = CARTESIAN_POINT('',(53.028935838402,42.423148670722,2.7));
#10107 = DIRECTION('',(0.,0.,-1.));
#10108 = DIRECTION('',(0.281339922394,0.959608174239,0.));
#10109 = CYLINDRICAL_SURFACE('',#10110,3.);
#10110 = AXIS2_PLACEMENT_3D('',#10111,#10112,#10113);
#10111 = CARTESIAN_POINT('',(53.028935838402,42.423148670722,0.));
#10112 = DIRECTION('',(0.,0.,1.));
#10113 = DIRECTION('',(0.997960640759,6.38322762834E-02,0.));
#10114 = ADVANCED_FACE('',(#10115),#10133,.T.);
#10115 = FACE_BOUND('',#10116,.T.);
#10116 = EDGE_LOOP('',(#10117,#10125,#10131,#10132));
#10117 = ORIENTED_EDGE('',*,*,#10118,.T.);
#10118 = EDGE_CURVE('',#3223,#10119,#10121,.T.);
#10119 = VERTEX_POINT('',#10120);
#10120 = CARTESIAN_POINT('',(-56.25671395098,38.957887421317,2.7));
#10121 = LINE('',#10122,#10123);
#10122 = CARTESIAN_POINT('',(-56.25671395098,38.957887421317,0.));
#10123 = VECTOR('',#10124,1.);
#10124 = DIRECTION('',(0.,0.,1.));
#10125 = ORIENTED_EDGE('',*,*,#10126,.T.);
#10126 = EDGE_CURVE('',#10119,#10071,#10127,.T.);
#10127 = LINE('',#10128,#10129);
#10128 = CARTESIAN_POINT('',(-56.25671395098,38.957887421317,2.7));
#10129 = VECTOR('',#10130,1.);
#10130 = DIRECTION('',(6.38322762834E-02,0.997960640759,0.));
#10131 = ORIENTED_EDGE('',*,*,#10070,.F.);
#10132 = ORIENTED_EDGE('',*,*,#3232,.F.);
#10133 = PLANE('',#10134);
#10134 = AXIS2_PLACEMENT_3D('',#10135,#10136,#10137);
#10135 = CARTESIAN_POINT('',(-56.35640089037,37.399371139337,0.));
#10136 = DIRECTION('',(-0.997960640759,6.38322762834E-02,0.));
#10137 = DIRECTION('',(6.38322762834E-02,0.997960640759,0.));
#10138 = ADVANCED_FACE('',(#10139),#10157,.F.);
#10139 = FACE_BOUND('',#10140,.F.);
#10140 = EDGE_LOOP('',(#10141,#10149,#10155,#10156));
#10141 = ORIENTED_EDGE('',*,*,#10142,.T.);
#10142 = EDGE_CURVE('',#3249,#10143,#10145,.T.);
#10143 = VERTEX_POINT('',#10144);
#10144 = CARTESIAN_POINT('',(56.255188058055,38.981743394807,2.7));
#10145 = LINE('',#10146,#10147);
#10146 = CARTESIAN_POINT('',(56.255188058055,38.981743394807,0.));
#10147 = VECTOR('',#10148,1.);
#10148 = DIRECTION('',(0.,0.,1.));
#10149 = ORIENTED_EDGE('',*,*,#10150,.F.);
#10150 = EDGE_CURVE('',#10094,#10143,#10151,.T.);
#10151 = LINE('',#10152,#10153);
#10152 = CARTESIAN_POINT('',(56.022817760679,42.614645499572,2.7));
#10153 = VECTOR('',#10154,1.);
#10154 = DIRECTION('',(6.38322762834E-02,-0.997960640759,0.));
#10155 = ORIENTED_EDGE('',*,*,#10093,.F.);
#10156 = ORIENTED_EDGE('',*,*,#3256,.T.);
#10157 = PLANE('',#10158);
#10158 = AXIS2_PLACEMENT_3D('',#10159,#10160,#10161);
#10159 = CARTESIAN_POINT('',(56.354874997439,37.423227112827,0.));
#10160 = DIRECTION('',(-0.997960640759,-6.38322762834E-02,0.));
#10161 = DIRECTION('',(-6.38322762834E-02,0.997960640759,0.));
#10162 = ADVANCED_FACE('',(#10163),#10182,.T.);
#10163 = FACE_BOUND('',#10164,.T.);
#10164 = EDGE_LOOP('',(#10165,#10166,#10167,#10175));
#10165 = ORIENTED_EDGE('',*,*,#10118,.F.);
#10166 = ORIENTED_EDGE('',*,*,#3280,.F.);
#10167 = ORIENTED_EDGE('',*,*,#10168,.T.);
#10168 = EDGE_CURVE('',#3271,#10169,#10171,.T.);
#10169 = VERTEX_POINT('',#10170);
#10170 = CARTESIAN_POINT('',(-55.13691717137,36.423784164138,2.7));
#10171 = LINE('',#10172,#10173);
#10172 = CARTESIAN_POINT('',(-55.13691717137,36.423784164138,0.));
#10173 = VECTOR('',#10174,1.);
#10174 = DIRECTION('',(0.,0.,1.));
#10175 = ORIENTED_EDGE('',*,*,#10176,.T.);
#10176 = EDGE_CURVE('',#10169,#10119,#10177,.T.);
#10177 = CIRCLE('',#10178,3.);
#10178 = AXIS2_PLACEMENT_3D('',#10179,#10180,#10181);
#10179 = CARTESIAN_POINT('',(-53.26283202871,38.766390592467,2.7));
#10180 = DIRECTION('',(-0.,0.,-1.));
#10181 = DIRECTION('',(-0.624695047554,-0.780868809443,0.));
#10182 = CYLINDRICAL_SURFACE('',#10183,3.);
#10183 = AXIS2_PLACEMENT_3D('',#10184,#10185,#10186);
#10184 = CARTESIAN_POINT('',(-53.26283202871,38.766390592467,0.));
#10185 = DIRECTION('',(0.,0.,1.));
#10186 = DIRECTION('',(-0.997960640759,6.38322762834E-02,0.));
#10187 = ADVANCED_FACE('',(#10188),#10207,.T.);
#10188 = FACE_BOUND('',#10189,.T.);
#10189 = EDGE_LOOP('',(#10190,#10198,#10199,#10200));
#10190 = ORIENTED_EDGE('',*,*,#10191,.F.);
#10191 = EDGE_CURVE('',#3298,#10192,#10194,.T.);
#10192 = VERTEX_POINT('',#10193);
#10193 = CARTESIAN_POINT('',(55.13539127844,36.447640137628,2.7));
#10194 = LINE('',#10195,#10196);
#10195 = CARTESIAN_POINT('',(55.13539127844,36.447640137628,0.));
#10196 = VECTOR('',#10197,1.);
#10197 = DIRECTION('',(0.,0.,1.));
#10198 = ORIENTED_EDGE('',*,*,#3305,.F.);
#10199 = ORIENTED_EDGE('',*,*,#10142,.T.);
#10200 = ORIENTED_EDGE('',*,*,#10201,.T.);
#10201 = EDGE_CURVE('',#10143,#10192,#10202,.T.);
#10202 = CIRCLE('',#10203,3.);
#10203 = AXIS2_PLACEMENT_3D('',#10204,#10205,#10206);
#10204 = CARTESIAN_POINT('',(53.261306135777,38.790246565957,2.7));
#10205 = DIRECTION('',(0.,0.,-1.));
#10206 = DIRECTION('',(0.997960640759,6.38322762834E-02,0.));
#10207 = CYLINDRICAL_SURFACE('',#10208,3.);
#10208 = AXIS2_PLACEMENT_3D('',#10209,#10210,#10211);
#10209 = CARTESIAN_POINT('',(53.261306135777,38.790246565957,0.));
#10210 = DIRECTION('',(0.,0.,1.));
#10211 = DIRECTION('',(0.624695047554,-0.780868809443,0.));
#10212 = ADVANCED_FACE('',(#10213),#10231,.T.);
#10213 = FACE_BOUND('',#10214,.T.);
#10214 = EDGE_LOOP('',(#10215,#10223,#10229,#10230));
#10215 = ORIENTED_EDGE('',*,*,#10216,.T.);
#10216 = EDGE_CURVE('',#3321,#10217,#10219,.T.);
#10217 = VERTEX_POINT('',#10218);
#10218 = CARTESIAN_POINT('',(-48.89963595489,31.433959190953,2.7));
#10219 = LINE('',#10220,#10221);
#10220 = CARTESIAN_POINT('',(-48.89963595489,31.433959190953,0.));
#10221 = VECTOR('',#10222,1.);
#10222 = DIRECTION('',(0.,0.,1.));
#10223 = ORIENTED_EDGE('',*,*,#10224,.T.);
#10224 = EDGE_CURVE('',#10217,#10169,#10225,.T.);
#10225 = LINE('',#10226,#10227);
#10226 = CARTESIAN_POINT('',(-48.89963595489,31.433959190953,2.7));
#10227 = VECTOR('',#10228,1.);
#10228 = DIRECTION('',(-0.780868809443,0.624695047554,0.));
#10229 = ORIENTED_EDGE('',*,*,#10168,.F.);
#10230 = ORIENTED_EDGE('',*,*,#3330,.F.);
#10231 = PLANE('',#10232);
#10232 = AXIS2_PLACEMENT_3D('',#10233,#10234,#10235);
#10233 = CARTESIAN_POINT('',(-48.07303943768,30.772681977189,0.));
#10234 = DIRECTION('',(-0.624695047554,-0.780868809443,0.));
#10235 = DIRECTION('',(-0.780868809443,0.624695047554,0.));
#10236 = ADVANCED_FACE('',(#10237),#10255,.F.);
#10237 = FACE_BOUND('',#10238,.F.);
#10238 = EDGE_LOOP('',(#10239,#10247,#10253,#10254));
#10239 = ORIENTED_EDGE('',*,*,#10240,.T.);
#10240 = EDGE_CURVE('',#3347,#10241,#10243,.T.);
#10241 = VERTEX_POINT('',#10242);
#10242 = CARTESIAN_POINT('',(48.872248385369,31.437125823171,2.7));
#10243 = LINE('',#10244,#10245);
#10244 = CARTESIAN_POINT('',(48.872248385369,31.437125823171,0.));
#10245 = VECTOR('',#10246,1.);
#10246 = DIRECTION('',(0.,0.,1.));
#10247 = ORIENTED_EDGE('',*,*,#10248,.F.);
#10248 = EDGE_CURVE('',#10192,#10241,#10249,.T.);
#10249 = LINE('',#10250,#10251);
#10250 = CARTESIAN_POINT('',(55.13539127844,36.447640137628,2.7));
#10251 = VECTOR('',#10252,1.);
#10252 = DIRECTION('',(-0.780868809443,-0.624695047554,-0.));
#10253 = ORIENTED_EDGE('',*,*,#10191,.F.);
#10254 = ORIENTED_EDGE('',*,*,#3354,.T.);
#10255 = PLANE('',#10256);
#10256 = AXIS2_PLACEMENT_3D('',#10257,#10258,#10259);
#10257 = CARTESIAN_POINT('',(48.038361232334,30.770016100743,0.));
#10258 = DIRECTION('',(-0.624695047554,0.780868809443,0.));
#10259 = DIRECTION('',(0.780868809443,0.624695047554,0.));
#10260 = ADVANCED_FACE('',(#10261),#10280,.T.);
#10261 = FACE_BOUND('',#10262,.T.);
#10262 = EDGE_LOOP('',(#10263,#10264,#10265,#10273));
#10263 = ORIENTED_EDGE('',*,*,#10216,.F.);
#10264 = ORIENTED_EDGE('',*,*,#3378,.F.);
#10265 = ORIENTED_EDGE('',*,*,#10266,.T.);
#10266 = EDGE_CURVE('',#3369,#10267,#10269,.T.);
#10267 = VERTEX_POINT('',#10268);
#10268 = CARTESIAN_POINT('',(-46.69064550321,30.795317821129,2.7));
#10269 = LINE('',#10270,#10271);
#10270 = CARTESIAN_POINT('',(-46.69064550321,30.795317821129,0.));
#10271 = VECTOR('',#10272,1.);
#10272 = DIRECTION('',(0.,0.,1.));
#10273 = ORIENTED_EDGE('',*,*,#10274,.T.);
#10274 = EDGE_CURVE('',#10267,#10217,#10275,.T.);
#10275 = CIRCLE('',#10276,3.);
#10276 = AXIS2_PLACEMENT_3D('',#10277,#10278,#10279);
#10277 = CARTESIAN_POINT('',(-47.02555081223,33.776565619283,2.7));
#10278 = DIRECTION('',(0.,-0.,-1.));
#10279 = DIRECTION('',(0.111635103004,-0.993749266051,0.));
#10280 = CYLINDRICAL_SURFACE('',#10281,3.);
#10281 = AXIS2_PLACEMENT_3D('',#10282,#10283,#10284);
#10282 = CARTESIAN_POINT('',(-47.02555081223,33.776565619283,0.));
#10283 = DIRECTION('',(0.,0.,1.));
#10284 = DIRECTION('',(-0.624695047554,-0.780868809443,0.));
#10285 = ADVANCED_FACE('',(#10286),#10305,.T.);
#10286 = FACE_BOUND('',#10287,.T.);
#10287 = EDGE_LOOP('',(#10288,#10296,#10297,#10298));
#10288 = ORIENTED_EDGE('',*,*,#10289,.F.);
#10289 = EDGE_CURVE('',#3396,#10290,#10292,.T.);
#10290 = VERTEX_POINT('',#10291);
#10291 = CARTESIAN_POINT('',(46.643925531675,30.800719723147,2.7));
#10292 = LINE('',#10293,#10294);
#10293 = CARTESIAN_POINT('',(46.643925531675,30.800719723147,0.));
#10294 = VECTOR('',#10295,1.);
#10295 = DIRECTION('',(0.,0.,1.));
#10296 = ORIENTED_EDGE('',*,*,#3403,.F.);
#10297 = ORIENTED_EDGE('',*,*,#10240,.T.);
#10298 = ORIENTED_EDGE('',*,*,#10299,.T.);
#10299 = EDGE_CURVE('',#10241,#10290,#10300,.T.);
#10300 = CIRCLE('',#10301,3.);
#10301 = AXIS2_PLACEMENT_3D('',#10302,#10303,#10304);
#10302 = CARTESIAN_POINT('',(46.998163242706,33.7797322515,2.7));
#10303 = DIRECTION('',(0.,-0.,-1.));
#10304 = DIRECTION('',(0.624695047554,-0.780868809443,0.));
#10305 = CYLINDRICAL_SURFACE('',#10306,3.);
#10306 = AXIS2_PLACEMENT_3D('',#10307,#10308,#10309);
#10307 = CARTESIAN_POINT('',(46.998163242706,33.7797322515,0.));
#10308 = DIRECTION('',(0.,0.,1.));
#10309 = DIRECTION('',(-0.11807923701,-0.993004176118,0.));
#10310 = ADVANCED_FACE('',(#10311),#10330,.T.);
#10311 = FACE_BOUND('',#10312,.F.);
#10312 = EDGE_LOOP('',(#10313,#10321,#10322,#10323));
#10313 = ORIENTED_EDGE('',*,*,#10314,.F.);
#10314 = EDGE_CURVE('',#3419,#10315,#10317,.T.);
#10315 = VERTEX_POINT('',#10316);
#10316 = CARTESIAN_POINT('',(-45.17261465626,31.133721716842,2.7));
#10317 = LINE('',#10318,#10319);
#10318 = CARTESIAN_POINT('',(-45.17261465626,31.133721716842,0.));
#10319 = VECTOR('',#10320,1.);
#10320 = DIRECTION('',(0.,0.,1.));
#10321 = ORIENTED_EDGE('',*,*,#3428,.T.);
#10322 = ORIENTED_EDGE('',*,*,#10266,.T.);
#10323 = ORIENTED_EDGE('',*,*,#10324,.F.);
#10324 = EDGE_CURVE('',#10315,#10267,#10325,.T.);
#10325 = CIRCLE('',#10326,7.25);
#10326 = AXIS2_PLACEMENT_3D('',#10327,#10328,#10329);
#10327 = CARTESIAN_POINT('',(-47.5,38.,2.7));
#10328 = DIRECTION('',(0.,-0.,-1.));
#10329 = DIRECTION('',(0.321018668101,-0.947072866642,0.));
#10330 = CYLINDRICAL_SURFACE('',#10331,7.25);
#10331 = AXIS2_PLACEMENT_3D('',#10332,#10333,#10334);
#10332 = CARTESIAN_POINT('',(-47.5,38.,0.));
#10333 = DIRECTION('',(-0.,-0.,-1.));
#10334 = DIRECTION('',(1.,0.,0.));
#10335 = ADVANCED_FACE('',(#10336),#10355,.T.);
#10336 = FACE_BOUND('',#10337,.F.);
#10337 = EDGE_LOOP('',(#10338,#10346,#10353,#10354));
#10338 = ORIENTED_EDGE('',*,*,#10339,.T.);
#10339 = EDGE_CURVE('',#3446,#10340,#10342,.T.);
#10340 = VERTEX_POINT('',#10341);
#10341 = CARTESIAN_POINT('',(45.172614656265,31.133721716842,2.7));
#10342 = LINE('',#10343,#10344);
#10343 = CARTESIAN_POINT('',(45.172614656265,31.133721716842,0.));
#10344 = VECTOR('',#10345,1.);
#10345 = DIRECTION('',(0.,0.,1.));
#10346 = ORIENTED_EDGE('',*,*,#10347,.F.);
#10347 = EDGE_CURVE('',#10290,#10340,#10348,.T.);
#10348 = CIRCLE('',#10349,7.25);
#10349 = AXIS2_PLACEMENT_3D('',#10350,#10351,#10352);
#10350 = CARTESIAN_POINT('',(47.5,38.,2.7));
#10351 = DIRECTION('',(-0.,0.,-1.));
#10352 = DIRECTION('',(-0.11807923701,-0.993004176118,0.));
#10353 = ORIENTED_EDGE('',*,*,#10289,.F.);
#10354 = ORIENTED_EDGE('',*,*,#3453,.T.);
#10355 = CYLINDRICAL_SURFACE('',#10356,7.25);
#10356 = AXIS2_PLACEMENT_3D('',#10357,#10358,#10359);
#10357 = CARTESIAN_POINT('',(47.5,38.,0.));
#10358 = DIRECTION('',(-0.,-0.,-1.));
#10359 = DIRECTION('',(1.,0.,0.));
#10360 = ADVANCED_FACE('',(#10361),#10380,.F.);
#10361 = FACE_BOUND('',#10362,.F.);
#10362 = EDGE_LOOP('',(#10363,#10371,#10372,#10373));
#10363 = ORIENTED_EDGE('',*,*,#10364,.F.);
#10364 = EDGE_CURVE('',#3469,#10365,#10367,.T.);
#10365 = VERTEX_POINT('',#10366);
#10366 = CARTESIAN_POINT('',(-42.30426531575,30.609798372816,2.7));
#10367 = LINE('',#10368,#10369);
#10368 = CARTESIAN_POINT('',(-42.30426531575,30.609798372816,0.));
#10369 = VECTOR('',#10370,1.);
#10370 = DIRECTION('',(0.,0.,1.));
#10371 = ORIENTED_EDGE('',*,*,#3478,.T.);
#10372 = ORIENTED_EDGE('',*,*,#10314,.T.);
#10373 = ORIENTED_EDGE('',*,*,#10374,.F.);
#10374 = EDGE_CURVE('',#10365,#10315,#10375,.T.);
#10375 = CIRCLE('',#10376,3.);
#10376 = AXIS2_PLACEMENT_3D('',#10377,#10378,#10379);
#10377 = CARTESIAN_POINT('',(-44.20955865196,28.292503116915,2.7));
#10378 = DIRECTION('',(0.,-0.,1.));
#10379 = DIRECTION('',(0.635097778734,0.772431751967,0.));
#10380 = CYLINDRICAL_SURFACE('',#10381,3.);
#10381 = AXIS2_PLACEMENT_3D('',#10382,#10383,#10384);
#10382 = CARTESIAN_POINT('',(-44.20955865196,28.292503116915,0.));
#10383 = DIRECTION('',(0.,0.,1.));
#10384 = DIRECTION('',(0.635097778734,0.772431751967,0.));
#10385 = ADVANCED_FACE('',(#10386),#10405,.F.);
#10386 = FACE_BOUND('',#10387,.T.);
#10387 = EDGE_LOOP('',(#10388,#10396,#10397,#10398));
#10388 = ORIENTED_EDGE('',*,*,#10389,.F.);
#10389 = EDGE_CURVE('',#3496,#10390,#10392,.T.);
#10390 = VERTEX_POINT('',#10391);
#10391 = CARTESIAN_POINT('',(42.304265315758,30.609798372816,2.7));
#10392 = LINE('',#10393,#10394);
#10393 = CARTESIAN_POINT('',(42.304265315758,30.609798372816,0.));
#10394 = VECTOR('',#10395,1.);
#10395 = DIRECTION('',(0.,0.,1.));
#10396 = ORIENTED_EDGE('',*,*,#3503,.F.);
#10397 = ORIENTED_EDGE('',*,*,#10339,.T.);
#10398 = ORIENTED_EDGE('',*,*,#10399,.T.);
#10399 = EDGE_CURVE('',#10340,#10390,#10400,.T.);
#10400 = CIRCLE('',#10401,3.);
#10401 = AXIS2_PLACEMENT_3D('',#10402,#10403,#10404);
#10402 = CARTESIAN_POINT('',(44.209558651961,28.292503116915,2.7));
#10403 = DIRECTION('',(0.,-0.,1.));
#10404 = DIRECTION('',(0.321018668101,0.947072866642,0.));
#10405 = CYLINDRICAL_SURFACE('',#10406,3.);
#10406 = AXIS2_PLACEMENT_3D('',#10407,#10408,#10409);
#10407 = CARTESIAN_POINT('',(44.209558651961,28.292503116915,0.));
#10408 = DIRECTION('',(0.,0.,1.));
#10409 = DIRECTION('',(-0.635097778734,0.772431751967,0.));
#10410 = ADVANCED_FACE('',(#10411),#10429,.F.);
#10411 = FACE_BOUND('',#10412,.F.);
#10412 = EDGE_LOOP('',(#10413,#10414,#10422,#10428));
#10413 = ORIENTED_EDGE('',*,*,#10364,.T.);
#10414 = ORIENTED_EDGE('',*,*,#10415,.F.);
#10415 = EDGE_CURVE('',#10416,#10365,#10418,.T.);
#10416 = VERTEX_POINT('',#10417);
#10417 = CARTESIAN_POINT('',(-19.12592958405,11.552438935594,2.7));
#10418 = LINE('',#10419,#10420);
#10419 = CARTESIAN_POINT('',(-19.12592958405,11.552438935594,2.7));
#10420 = VECTOR('',#10421,1.);
#10421 = DIRECTION('',(-0.772431751967,0.635097778734,0.));
#10422 = ORIENTED_EDGE('',*,*,#10423,.F.);
#10423 = EDGE_CURVE('',#3519,#10416,#10424,.T.);
#10424 = LINE('',#10425,#10426);
#10425 = CARTESIAN_POINT('',(-19.12592958405,11.552438935594,0.));
#10426 = VECTOR('',#10427,1.);
#10427 = DIRECTION('',(0.,0.,1.));
#10428 = ORIENTED_EDGE('',*,*,#3528,.T.);
#10429 = PLANE('',#10430);
#10430 = AXIS2_PLACEMENT_3D('',#10431,#10432,#10433);
#10431 = CARTESIAN_POINT('',(-43.74766862532,31.796572781546,0.));
#10432 = DIRECTION('',(0.635097778734,0.772431751967,0.));
#10433 = DIRECTION('',(0.772431751967,-0.635097778734,0.));
#10434 = ADVANCED_FACE('',(#10435),#10453,.F.);
#10435 = FACE_BOUND('',#10436,.F.);
#10436 = EDGE_LOOP('',(#10437,#10438,#10439,#10447));
#10437 = ORIENTED_EDGE('',*,*,#10389,.F.);
#10438 = ORIENTED_EDGE('',*,*,#3552,.T.);
#10439 = ORIENTED_EDGE('',*,*,#10440,.T.);
#10440 = EDGE_CURVE('',#3545,#10441,#10443,.T.);
#10441 = VERTEX_POINT('',#10442);
#10442 = CARTESIAN_POINT('',(19.125929584054,11.552438935594,2.7));
#10443 = LINE('',#10444,#10445);
#10444 = CARTESIAN_POINT('',(19.125929584054,11.552438935594,0.));
#10445 = VECTOR('',#10446,1.);
#10446 = DIRECTION('',(0.,0.,1.));
#10447 = ORIENTED_EDGE('',*,*,#10448,.F.);
#10448 = EDGE_CURVE('',#10390,#10441,#10449,.T.);
#10449 = LINE('',#10450,#10451);
#10450 = CARTESIAN_POINT('',(42.304265315758,30.609798372816,2.7));
#10451 = VECTOR('',#10452,1.);
#10452 = DIRECTION('',(-0.772431751967,-0.635097778734,-0.));
#10453 = PLANE('',#10454);
#10454 = AXIS2_PLACEMENT_3D('',#10455,#10456,#10457);
#10455 = CARTESIAN_POINT('',(18.031222920257,10.652364891806,0.));
#10456 = DIRECTION('',(-0.635097778734,0.772431751967,0.));
#10457 = DIRECTION('',(0.772431751967,0.635097778734,0.));
#10458 = ADVANCED_FACE('',(#10459),#10478,.F.);
#10459 = FACE_BOUND('',#10460,.T.);
#10460 = EDGE_LOOP('',(#10461,#10462,#10463,#10471));
#10461 = ORIENTED_EDGE('',*,*,#10423,.F.);
#10462 = ORIENTED_EDGE('',*,*,#3576,.F.);
#10463 = ORIENTED_EDGE('',*,*,#10464,.T.);
#10464 = EDGE_CURVE('',#3567,#10465,#10467,.T.);
#10465 = VERTEX_POINT('',#10466);
#10466 = CARTESIAN_POINT('',(-18.03122292025,9.235143679693,2.7));
#10467 = LINE('',#10468,#10469);
#10468 = CARTESIAN_POINT('',(-18.03122292025,9.235143679693,0.));
#10469 = VECTOR('',#10470,1.);
#10470 = DIRECTION('',(0.,0.,1.));
#10471 = ORIENTED_EDGE('',*,*,#10472,.T.);
#10472 = EDGE_CURVE('',#10465,#10416,#10473,.T.);
#10473 = CIRCLE('',#10474,3.);
#10474 = AXIS2_PLACEMENT_3D('',#10475,#10476,#10477);
#10475 = CARTESIAN_POINT('',(-21.03122292025,9.235143679693,2.7));
#10476 = DIRECTION('',(0.,0.,1.));
#10477 = DIRECTION('',(1.,0.,-0.));
#10478 = CYLINDRICAL_SURFACE('',#10479,3.);
#10479 = AXIS2_PLACEMENT_3D('',#10480,#10481,#10482);
#10480 = CARTESIAN_POINT('',(-21.03122292025,9.235143679693,0.));
#10481 = DIRECTION('',(0.,0.,1.));
#10482 = DIRECTION('',(0.635097778734,0.772431751967,0.));
#10483 = ADVANCED_FACE('',(#10484),#10503,.F.);
#10484 = FACE_BOUND('',#10485,.T.);
#10485 = EDGE_LOOP('',(#10486,#10494,#10495,#10496));
#10486 = ORIENTED_EDGE('',*,*,#10487,.F.);
#10487 = EDGE_CURVE('',#3594,#10488,#10490,.T.);
#10488 = VERTEX_POINT('',#10489);
#10489 = CARTESIAN_POINT('',(18.031222920257,9.235143679693,2.7));
#10490 = LINE('',#10491,#10492);
#10491 = CARTESIAN_POINT('',(18.031222920257,9.235143679693,0.));
#10492 = VECTOR('',#10493,1.);
#10493 = DIRECTION('',(0.,0.,1.));
#10494 = ORIENTED_EDGE('',*,*,#3601,.F.);
#10495 = ORIENTED_EDGE('',*,*,#10440,.T.);
#10496 = ORIENTED_EDGE('',*,*,#10497,.T.);
#10497 = EDGE_CURVE('',#10441,#10488,#10498,.T.);
#10498 = CIRCLE('',#10499,3.);
#10499 = AXIS2_PLACEMENT_3D('',#10500,#10501,#10502);
#10500 = CARTESIAN_POINT('',(21.031222920257,9.235143679693,2.7));
#10501 = DIRECTION('',(0.,0.,1.));
#10502 = DIRECTION('',(-0.635097778734,0.772431751967,0.));
#10503 = CYLINDRICAL_SURFACE('',#10504,3.);
#10504 = AXIS2_PLACEMENT_3D('',#10505,#10506,#10507);
#10505 = CARTESIAN_POINT('',(21.031222920257,9.235143679693,0.));
#10506 = DIRECTION('',(0.,0.,1.));
#10507 = DIRECTION('',(-1.,0.,0.));
#10508 = ADVANCED_FACE('',(#10509),#10527,.T.);
#10509 = FACE_BOUND('',#10510,.T.);
#10510 = EDGE_LOOP('',(#10511,#10519,#10525,#10526));
#10511 = ORIENTED_EDGE('',*,*,#10512,.T.);
#10512 = EDGE_CURVE('',#3617,#10513,#10515,.T.);
#10513 = VERTEX_POINT('',#10514);
#10514 = CARTESIAN_POINT('',(-18.03122292025,3.919183588453,2.7));
#10515 = LINE('',#10516,#10517);
#10516 = CARTESIAN_POINT('',(-18.03122292025,3.919183588453,0.));
#10517 = VECTOR('',#10518,1.);
#10518 = DIRECTION('',(0.,0.,1.));
#10519 = ORIENTED_EDGE('',*,*,#10520,.T.);
#10520 = EDGE_CURVE('',#10513,#10465,#10521,.T.);
#10521 = LINE('',#10522,#10523);
#10522 = CARTESIAN_POINT('',(-18.03122292025,3.919183588453,2.7));
#10523 = VECTOR('',#10524,1.);
#10524 = DIRECTION('',(0.,1.,0.));
#10525 = ORIENTED_EDGE('',*,*,#10464,.F.);
#10526 = ORIENTED_EDGE('',*,*,#3626,.F.);
#10527 = PLANE('',#10528);
#10528 = AXIS2_PLACEMENT_3D('',#10529,#10530,#10531);
#10529 = CARTESIAN_POINT('',(-18.03122292025,2.4,0.));
#10530 = DIRECTION('',(-1.,0.,0.));
#10531 = DIRECTION('',(0.,1.,0.));
#10532 = ADVANCED_FACE('',(#10533),#10551,.T.);
#10533 = FACE_BOUND('',#10534,.T.);
#10534 = EDGE_LOOP('',(#10535,#10543,#10544,#10545));
#10535 = ORIENTED_EDGE('',*,*,#10536,.F.);
#10536 = EDGE_CURVE('',#3643,#10537,#10539,.T.);
#10537 = VERTEX_POINT('',#10538);
#10538 = CARTESIAN_POINT('',(18.031222920257,3.919183588453,2.7));
#10539 = LINE('',#10540,#10541);
#10540 = CARTESIAN_POINT('',(18.031222920257,3.919183588453,0.));
#10541 = VECTOR('',#10542,1.);
#10542 = DIRECTION('',(0.,0.,1.));
#10543 = ORIENTED_EDGE('',*,*,#3650,.F.);
#10544 = ORIENTED_EDGE('',*,*,#10487,.T.);
#10545 = ORIENTED_EDGE('',*,*,#10546,.T.);
#10546 = EDGE_CURVE('',#10488,#10537,#10547,.T.);
#10547 = LINE('',#10548,#10549);
#10548 = CARTESIAN_POINT('',(18.031222920257,9.235143679693,2.7));
#10549 = VECTOR('',#10550,1.);
#10550 = DIRECTION('',(0.,-1.,0.));
#10551 = PLANE('',#10552);
#10552 = AXIS2_PLACEMENT_3D('',#10553,#10554,#10555);
#10553 = CARTESIAN_POINT('',(18.031222920257,10.652364891806,0.));
#10554 = DIRECTION('',(1.,0.,0.));
#10555 = DIRECTION('',(0.,-1.,0.));
#10556 = ADVANCED_FACE('',(#10557),#10576,.F.);
#10557 = FACE_BOUND('',#10558,.F.);
#10558 = EDGE_LOOP('',(#10559,#10567,#10568,#10569));
#10559 = ORIENTED_EDGE('',*,*,#10560,.F.);
#10560 = EDGE_CURVE('',#3665,#10561,#10563,.T.);
#10561 = VERTEX_POINT('',#10562);
#10562 = CARTESIAN_POINT('',(-19.12213201116,2.137736502793,2.7));
#10563 = LINE('',#10564,#10565);
#10564 = CARTESIAN_POINT('',(-19.12213201116,2.137736502793,0.));
#10565 = VECTOR('',#10566,1.);
#10566 = DIRECTION('',(0.,0.,1.));
#10567 = ORIENTED_EDGE('',*,*,#3674,.T.);
#10568 = ORIENTED_EDGE('',*,*,#10512,.T.);
#10569 = ORIENTED_EDGE('',*,*,#10570,.F.);
#10570 = EDGE_CURVE('',#10561,#10513,#10571,.T.);
#10571 = CIRCLE('',#10572,2.);
#10572 = AXIS2_PLACEMENT_3D('',#10573,#10574,#10575);
#10573 = CARTESIAN_POINT('',(-20.03122292025,3.919183588453,2.7));
#10574 = DIRECTION('',(-0.,0.,1.));
#10575 = DIRECTION('',(0.454545454545,-0.89072354283,0.));
#10576 = CYLINDRICAL_SURFACE('',#10577,2.);
#10577 = AXIS2_PLACEMENT_3D('',#10578,#10579,#10580);
#10578 = CARTESIAN_POINT('',(-20.03122292025,3.919183588453,0.));
#10579 = DIRECTION('',(0.,0.,1.));
#10580 = DIRECTION('',(0.454545454545,-0.89072354283,0.));
#10581 = ADVANCED_FACE('',(#10582),#10601,.F.);
#10582 = FACE_BOUND('',#10583,.T.);
#10583 = EDGE_LOOP('',(#10584,#10592,#10593,#10594));
#10584 = ORIENTED_EDGE('',*,*,#10585,.F.);
#10585 = EDGE_CURVE('',#3692,#10586,#10588,.T.);
#10586 = VERTEX_POINT('',#10587);
#10587 = CARTESIAN_POINT('',(19.122132011166,2.137736502793,2.7));
#10588 = LINE('',#10589,#10590);
#10589 = CARTESIAN_POINT('',(19.122132011166,2.137736502793,0.));
#10590 = VECTOR('',#10591,1.);
#10591 = DIRECTION('',(0.,0.,1.));
#10592 = ORIENTED_EDGE('',*,*,#3699,.F.);
#10593 = ORIENTED_EDGE('',*,*,#10536,.T.);
#10594 = ORIENTED_EDGE('',*,*,#10595,.T.);
#10595 = EDGE_CURVE('',#10537,#10586,#10596,.T.);
#10596 = CIRCLE('',#10597,2.);
#10597 = AXIS2_PLACEMENT_3D('',#10598,#10599,#10600);
#10598 = CARTESIAN_POINT('',(20.031222920257,3.919183588453,2.7));
#10599 = DIRECTION('',(0.,0.,1.));
#10600 = DIRECTION('',(-1.,4.4E-16,0.));
#10601 = CYLINDRICAL_SURFACE('',#10602,2.);
#10602 = AXIS2_PLACEMENT_3D('',#10603,#10604,#10605);
#10603 = CARTESIAN_POINT('',(20.031222920257,3.919183588453,0.));
#10604 = DIRECTION('',(0.,0.,1.));
#10605 = DIRECTION('',(-0.454545454545,-0.89072354283,0.));
#10606 = ADVANCED_FACE('',(#10607),#10626,.T.);
#10607 = FACE_BOUND('',#10608,.F.);
#10608 = EDGE_LOOP('',(#10609,#10610,#10619,#10625));
#10609 = ORIENTED_EDGE('',*,*,#10560,.T.);
#10610 = ORIENTED_EDGE('',*,*,#10611,.F.);
#10611 = EDGE_CURVE('',#10612,#10561,#10614,.T.);
#10612 = VERTEX_POINT('',#10613);
#10613 = CARTESIAN_POINT('',(-19.12213201116,-2.137736502793,2.7));
#10614 = CIRCLE('',#10615,2.4);
#10615 = AXIS2_PLACEMENT_3D('',#10616,#10617,#10618);
#10616 = CARTESIAN_POINT('',(-18.03122292025,0.,2.7));
#10617 = DIRECTION('',(-0.,0.,-1.));
#10618 = DIRECTION('',(-0.454545454545,-0.89072354283,0.));
#10619 = ORIENTED_EDGE('',*,*,#10620,.F.);
#10620 = EDGE_CURVE('',#3715,#10612,#10621,.T.);
#10621 = LINE('',#10622,#10623);
#10622 = CARTESIAN_POINT('',(-19.12213201116,-2.137736502793,0.));
#10623 = VECTOR('',#10624,1.);
#10624 = DIRECTION('',(0.,0.,1.));
#10625 = ORIENTED_EDGE('',*,*,#3724,.T.);
#10626 = CYLINDRICAL_SURFACE('',#10627,2.4);
#10627 = AXIS2_PLACEMENT_3D('',#10628,#10629,#10630);
#10628 = CARTESIAN_POINT('',(-18.03122292025,0.,0.));
#10629 = DIRECTION('',(-0.,-0.,-1.));
#10630 = DIRECTION('',(1.,0.,0.));
#10631 = ADVANCED_FACE('',(#10632),#10651,.T.);
#10632 = FACE_BOUND('',#10633,.F.);
#10633 = EDGE_LOOP('',(#10634,#10642,#10649,#10650));
#10634 = ORIENTED_EDGE('',*,*,#10635,.T.);
#10635 = EDGE_CURVE('',#3742,#10636,#10638,.T.);
#10636 = VERTEX_POINT('',#10637);
#10637 = CARTESIAN_POINT('',(19.122132011166,-2.137736502793,2.7));
#10638 = LINE('',#10639,#10640);
#10639 = CARTESIAN_POINT('',(19.122132011166,-2.137736502793,0.));
#10640 = VECTOR('',#10641,1.);
#10641 = DIRECTION('',(0.,0.,1.));
#10642 = ORIENTED_EDGE('',*,*,#10643,.F.);
#10643 = EDGE_CURVE('',#10586,#10636,#10644,.T.);
#10644 = CIRCLE('',#10645,2.4);
#10645 = AXIS2_PLACEMENT_3D('',#10646,#10647,#10648);
#10646 = CARTESIAN_POINT('',(18.031222920257,0.,2.7));
#10647 = DIRECTION('',(0.,0.,-1.));
#10648 = DIRECTION('',(0.454545454545,0.89072354283,0.));
#10649 = ORIENTED_EDGE('',*,*,#10585,.F.);
#10650 = ORIENTED_EDGE('',*,*,#3749,.T.);
#10651 = CYLINDRICAL_SURFACE('',#10652,2.4);
#10652 = AXIS2_PLACEMENT_3D('',#10653,#10654,#10655);
#10653 = CARTESIAN_POINT('',(18.031222920257,0.,0.));
#10654 = DIRECTION('',(-0.,-0.,-1.));
#10655 = DIRECTION('',(1.,0.,0.));
#10656 = ADVANCED_FACE('',(#10657),#10676,.F.);
#10657 = FACE_BOUND('',#10658,.F.);
#10658 = EDGE_LOOP('',(#10659,#10667,#10668,#10669));
#10659 = ORIENTED_EDGE('',*,*,#10660,.F.);
#10660 = EDGE_CURVE('',#3765,#10661,#10663,.T.);
#10661 = VERTEX_POINT('',#10662);
#10662 = CARTESIAN_POINT('',(-18.03122292025,-3.919183588453,2.7));
#10663 = LINE('',#10664,#10665);
#10664 = CARTESIAN_POINT('',(-18.03122292025,-3.919183588453,0.));
#10665 = VECTOR('',#10666,1.);
#10666 = DIRECTION('',(0.,0.,1.));
#10667 = ORIENTED_EDGE('',*,*,#3774,.T.);
#10668 = ORIENTED_EDGE('',*,*,#10620,.T.);
#10669 = ORIENTED_EDGE('',*,*,#10670,.F.);
#10670 = EDGE_CURVE('',#10661,#10612,#10671,.T.);
#10671 = CIRCLE('',#10672,2.);
#10672 = AXIS2_PLACEMENT_3D('',#10673,#10674,#10675);
#10673 = CARTESIAN_POINT('',(-20.03122292025,-3.919183588453,2.7));
#10674 = DIRECTION('',(0.,-0.,1.));
#10675 = DIRECTION('',(1.,2.2E-16,0.));
#10676 = CYLINDRICAL_SURFACE('',#10677,2.);
#10677 = AXIS2_PLACEMENT_3D('',#10678,#10679,#10680);
#10678 = CARTESIAN_POINT('',(-20.03122292025,-3.919183588453,0.));
#10679 = DIRECTION('',(0.,0.,1.));
#10680 = DIRECTION('',(1.,0.,0.));
#10681 = ADVANCED_FACE('',(#10682),#10701,.F.);
#10682 = FACE_BOUND('',#10683,.T.);
#10683 = EDGE_LOOP('',(#10684,#10692,#10693,#10694));
#10684 = ORIENTED_EDGE('',*,*,#10685,.F.);
#10685 = EDGE_CURVE('',#3792,#10686,#10688,.T.);
#10686 = VERTEX_POINT('',#10687);
#10687 = CARTESIAN_POINT('',(18.031222920257,-3.919183588453,2.7));
#10688 = LINE('',#10689,#10690);
#10689 = CARTESIAN_POINT('',(18.031222920257,-3.919183588453,0.));
#10690 = VECTOR('',#10691,1.);
#10691 = DIRECTION('',(0.,0.,1.));
#10692 = ORIENTED_EDGE('',*,*,#3799,.F.);
#10693 = ORIENTED_EDGE('',*,*,#10635,.T.);
#10694 = ORIENTED_EDGE('',*,*,#10695,.T.);
#10695 = EDGE_CURVE('',#10636,#10686,#10696,.T.);
#10696 = CIRCLE('',#10697,2.);
#10697 = AXIS2_PLACEMENT_3D('',#10698,#10699,#10700);
#10698 = CARTESIAN_POINT('',(20.031222920257,-3.919183588453,2.7));
#10699 = DIRECTION('',(0.,0.,1.));
#10700 = DIRECTION('',(-0.454545454545,0.89072354283,0.));
#10701 = CYLINDRICAL_SURFACE('',#10702,2.);
#10702 = AXIS2_PLACEMENT_3D('',#10703,#10704,#10705);
#10703 = CARTESIAN_POINT('',(20.031222920257,-3.919183588453,0.));
#10704 = DIRECTION('',(0.,0.,1.));
#10705 = DIRECTION('',(-1.,0.,0.));
#10706 = ADVANCED_FACE('',(#10707),#10725,.T.);
#10707 = FACE_BOUND('',#10708,.T.);
#10708 = EDGE_LOOP('',(#10709,#10710,#10711,#10719));
#10709 = ORIENTED_EDGE('',*,*,#10660,.F.);
#10710 = ORIENTED_EDGE('',*,*,#3824,.F.);
#10711 = ORIENTED_EDGE('',*,*,#10712,.T.);
#10712 = EDGE_CURVE('',#3815,#10713,#10715,.T.);
#10713 = VERTEX_POINT('',#10714);
#10714 = CARTESIAN_POINT('',(-18.03122292025,-9.235143679693,2.7));
#10715 = LINE('',#10716,#10717);
#10716 = CARTESIAN_POINT('',(-18.03122292025,-9.235143679693,0.));
#10717 = VECTOR('',#10718,1.);
#10718 = DIRECTION('',(0.,0.,1.));
#10719 = ORIENTED_EDGE('',*,*,#10720,.T.);
#10720 = EDGE_CURVE('',#10713,#10661,#10721,.T.);
#10721 = LINE('',#10722,#10723);
#10722 = CARTESIAN_POINT('',(-18.03122292025,-9.235143679693,2.7));
#10723 = VECTOR('',#10724,1.);
#10724 = DIRECTION('',(0.,1.,0.));
#10725 = PLANE('',#10726);
#10726 = AXIS2_PLACEMENT_3D('',#10727,#10728,#10729);
#10727 = CARTESIAN_POINT('',(-18.03122292025,-10.6523648918,0.));
#10728 = DIRECTION('',(-1.,0.,0.));
#10729 = DIRECTION('',(0.,1.,0.));
#10730 = ADVANCED_FACE('',(#10731),#10749,.T.);
#10731 = FACE_BOUND('',#10732,.T.);
#10732 = EDGE_LOOP('',(#10733,#10734,#10742,#10748));
#10733 = ORIENTED_EDGE('',*,*,#10685,.T.);
#10734 = ORIENTED_EDGE('',*,*,#10735,.T.);
#10735 = EDGE_CURVE('',#10686,#10736,#10738,.T.);
#10736 = VERTEX_POINT('',#10737);
#10737 = CARTESIAN_POINT('',(18.031222920257,-9.235143680215,2.7));
#10738 = LINE('',#10739,#10740);
#10739 = CARTESIAN_POINT('',(18.031222920257,-3.919183588453,2.7));
#10740 = VECTOR('',#10741,1.);
#10741 = DIRECTION('',(0.,-1.,0.));
#10742 = ORIENTED_EDGE('',*,*,#10743,.F.);
#10743 = EDGE_CURVE('',#3841,#10736,#10744,.T.);
#10744 = LINE('',#10745,#10746);
#10745 = CARTESIAN_POINT('',(18.031222920257,-9.235143680215,0.));
#10746 = VECTOR('',#10747,1.);
#10747 = DIRECTION('',(0.,0.,1.));
#10748 = ORIENTED_EDGE('',*,*,#3848,.F.);
#10749 = PLANE('',#10750);
#10750 = AXIS2_PLACEMENT_3D('',#10751,#10752,#10753);
#10751 = CARTESIAN_POINT('',(18.031222920257,-2.4,0.));
#10752 = DIRECTION('',(1.,0.,0.));
#10753 = DIRECTION('',(0.,-1.,0.));
#10754 = ADVANCED_FACE('',(#10755),#10774,.F.);
#10755 = FACE_BOUND('',#10756,.T.);
#10756 = EDGE_LOOP('',(#10757,#10758,#10759,#10767));
#10757 = ORIENTED_EDGE('',*,*,#10712,.F.);
#10758 = ORIENTED_EDGE('',*,*,#3872,.F.);
#10759 = ORIENTED_EDGE('',*,*,#10760,.T.);
#10760 = EDGE_CURVE('',#3863,#10761,#10763,.T.);
#10761 = VERTEX_POINT('',#10762);
#10762 = CARTESIAN_POINT('',(-19.12592958405,-11.55243893559,2.7));
#10763 = LINE('',#10764,#10765);
#10764 = CARTESIAN_POINT('',(-19.12592958405,-11.55243893559,0.));
#10765 = VECTOR('',#10766,1.);
#10766 = DIRECTION('',(0.,0.,1.));
#10767 = ORIENTED_EDGE('',*,*,#10768,.T.);
#10768 = EDGE_CURVE('',#10761,#10713,#10769,.T.);
#10769 = CIRCLE('',#10770,3.);
#10770 = AXIS2_PLACEMENT_3D('',#10771,#10772,#10773);
#10771 = CARTESIAN_POINT('',(-21.03122292025,-9.235143679693,2.7));
#10772 = DIRECTION('',(-0.,0.,1.));
#10773 = DIRECTION('',(0.635097778734,-0.772431751967,0.));
#10774 = CYLINDRICAL_SURFACE('',#10775,3.);
#10775 = AXIS2_PLACEMENT_3D('',#10776,#10777,#10778);
#10776 = CARTESIAN_POINT('',(-21.03122292025,-9.235143679693,0.));
#10777 = DIRECTION('',(0.,0.,1.));
#10778 = DIRECTION('',(1.,0.,0.));
#10779 = ADVANCED_FACE('',(#10780),#10799,.F.);
#10780 = FACE_BOUND('',#10781,.T.);
#10781 = EDGE_LOOP('',(#10782,#10790,#10791,#10792));
#10782 = ORIENTED_EDGE('',*,*,#10783,.F.);
#10783 = EDGE_CURVE('',#3890,#10784,#10786,.T.);
#10784 = VERTEX_POINT('',#10785);
#10785 = CARTESIAN_POINT('',(19.125929584084,-11.55243893614,2.7));
#10786 = LINE('',#10787,#10788);
#10787 = CARTESIAN_POINT('',(19.125929584084,-11.55243893614,0.));
#10788 = VECTOR('',#10789,1.);
#10789 = DIRECTION('',(0.,0.,1.));
#10790 = ORIENTED_EDGE('',*,*,#3897,.F.);
#10791 = ORIENTED_EDGE('',*,*,#10743,.T.);
#10792 = ORIENTED_EDGE('',*,*,#10793,.T.);
#10793 = EDGE_CURVE('',#10736,#10784,#10794,.T.);
#10794 = CIRCLE('',#10795,3.);
#10795 = AXIS2_PLACEMENT_3D('',#10796,#10797,#10798);
#10796 = CARTESIAN_POINT('',(21.031222920257,-9.235143680215,2.7));
#10797 = DIRECTION('',(0.,0.,1.));
#10798 = DIRECTION('',(-1.,5.9E-16,0.));
#10799 = CYLINDRICAL_SURFACE('',#10800,3.);
#10800 = AXIS2_PLACEMENT_3D('',#10801,#10802,#10803);
#10801 = CARTESIAN_POINT('',(21.031222920257,-9.235143680215,0.));
#10802 = DIRECTION('',(0.,0.,1.));
#10803 = DIRECTION('',(-0.635097778724,-0.772431751975,0.));
#10804 = ADVANCED_FACE('',(#10805),#10823,.F.);
#10805 = FACE_BOUND('',#10806,.F.);
#10806 = EDGE_LOOP('',(#10807,#10815,#10816,#10817));
#10807 = ORIENTED_EDGE('',*,*,#10808,.F.);
#10808 = EDGE_CURVE('',#3913,#10809,#10811,.T.);
#10809 = VERTEX_POINT('',#10810);
#10810 = CARTESIAN_POINT('',(-42.30426531575,-30.60979837281,2.7));
#10811 = LINE('',#10812,#10813);
#10812 = CARTESIAN_POINT('',(-42.30426531575,-30.60979837281,0.));
#10813 = VECTOR('',#10814,1.);
#10814 = DIRECTION('',(0.,0.,1.));
#10815 = ORIENTED_EDGE('',*,*,#3922,.T.);
#10816 = ORIENTED_EDGE('',*,*,#10760,.T.);
#10817 = ORIENTED_EDGE('',*,*,#10818,.F.);
#10818 = EDGE_CURVE('',#10809,#10761,#10819,.T.);
#10819 = LINE('',#10820,#10821);
#10820 = CARTESIAN_POINT('',(-42.30426531575,-30.60979837281,2.7));
#10821 = VECTOR('',#10822,1.);
#10822 = DIRECTION('',(0.772431751967,0.635097778734,0.));
#10823 = PLANE('',#10824);
#10824 = AXIS2_PLACEMENT_3D('',#10825,#10826,#10827);
#10825 = CARTESIAN_POINT('',(-18.03122292025,-10.6523648918,0.));
#10826 = DIRECTION('',(0.635097778734,-0.772431751967,0.));
#10827 = DIRECTION('',(-0.772431751967,-0.635097778734,0.));
#10828 = ADVANCED_FACE('',(#10829),#10847,.F.);
#10829 = FACE_BOUND('',#10830,.F.);
#10830 = EDGE_LOOP('',(#10831,#10839,#10845,#10846));
#10831 = ORIENTED_EDGE('',*,*,#10832,.T.);
#10832 = EDGE_CURVE('',#3939,#10833,#10835,.T.);
#10833 = VERTEX_POINT('',#10834);
#10834 = CARTESIAN_POINT('',(42.304265315761,-30.60979837284,2.7));
#10835 = LINE('',#10836,#10837);
#10836 = CARTESIAN_POINT('',(42.304265315761,-30.60979837284,0.));
#10837 = VECTOR('',#10838,1.);
#10838 = DIRECTION('',(0.,0.,1.));
#10839 = ORIENTED_EDGE('',*,*,#10840,.F.);
#10840 = EDGE_CURVE('',#10784,#10833,#10841,.T.);
#10841 = LINE('',#10842,#10843);
#10842 = CARTESIAN_POINT('',(19.125929584084,-11.55243893614,2.7));
#10843 = VECTOR('',#10844,1.);
#10844 = DIRECTION('',(0.772431751975,-0.635097778724,0.));
#10845 = ORIENTED_EDGE('',*,*,#10783,.F.);
#10846 = ORIENTED_EDGE('',*,*,#3946,.T.);
#10847 = PLANE('',#10848);
#10848 = AXIS2_PLACEMENT_3D('',#10849,#10850,#10851);
#10849 = CARTESIAN_POINT('',(43.747668625328,-31.79657278154,0.));
#10850 = DIRECTION('',(-0.635097778724,-0.772431751975,0.));
#10851 = DIRECTION('',(-0.772431751975,0.635097778724,0.));
#10852 = ADVANCED_FACE('',(#10853),#10872,.F.);
#10853 = FACE_BOUND('',#10854,.F.);
#10854 = EDGE_LOOP('',(#10855,#10863,#10864,#10865));
#10855 = ORIENTED_EDGE('',*,*,#10856,.F.);
#10856 = EDGE_CURVE('',#3961,#10857,#10859,.T.);
#10857 = VERTEX_POINT('',#10858);
#10858 = CARTESIAN_POINT('',(-45.17261465626,-31.13372171684,2.7));
#10859 = LINE('',#10860,#10861);
#10860 = CARTESIAN_POINT('',(-45.17261465626,-31.13372171684,0.));
#10861 = VECTOR('',#10862,1.);
#10862 = DIRECTION('',(0.,0.,1.));
#10863 = ORIENTED_EDGE('',*,*,#3970,.T.);
#10864 = ORIENTED_EDGE('',*,*,#10808,.T.);
#10865 = ORIENTED_EDGE('',*,*,#10866,.F.);
#10866 = EDGE_CURVE('',#10857,#10809,#10867,.T.);
#10867 = CIRCLE('',#10868,3.);
#10868 = AXIS2_PLACEMENT_3D('',#10869,#10870,#10871);
#10869 = CARTESIAN_POINT('',(-44.20955865196,-28.29250311691,2.7));
#10870 = DIRECTION('',(0.,0.,1.));
#10871 = DIRECTION('',(-0.321018668101,-0.947072866642,0.));
#10872 = CYLINDRICAL_SURFACE('',#10873,3.);
#10873 = AXIS2_PLACEMENT_3D('',#10874,#10875,#10876);
#10874 = CARTESIAN_POINT('',(-44.20955865196,-28.29250311691,0.));
#10875 = DIRECTION('',(0.,0.,1.));
#10876 = DIRECTION('',(-0.321018668101,-0.947072866642,0.));
#10877 = ADVANCED_FACE('',(#10878),#10897,.F.);
#10878 = FACE_BOUND('',#10879,.T.);
#10879 = EDGE_LOOP('',(#10880,#10888,#10889,#10890));
#10880 = ORIENTED_EDGE('',*,*,#10881,.F.);
#10881 = EDGE_CURVE('',#3988,#10882,#10884,.T.);
#10882 = VERTEX_POINT('',#10883);
#10883 = CARTESIAN_POINT('',(45.172614656246,-31.13372171684,2.7));
#10884 = LINE('',#10885,#10886);
#10885 = CARTESIAN_POINT('',(45.172614656246,-31.13372171684,0.));
#10886 = VECTOR('',#10887,1.);
#10887 = DIRECTION('',(0.,0.,1.));
#10888 = ORIENTED_EDGE('',*,*,#3995,.F.);
#10889 = ORIENTED_EDGE('',*,*,#10832,.T.);
#10890 = ORIENTED_EDGE('',*,*,#10891,.T.);
#10891 = EDGE_CURVE('',#10833,#10882,#10892,.T.);
#10892 = CIRCLE('',#10893,3.);
#10893 = AXIS2_PLACEMENT_3D('',#10894,#10895,#10896);
#10894 = CARTESIAN_POINT('',(44.209558651935,-28.29250311692,2.7));
#10895 = DIRECTION('',(0.,0.,1.));
#10896 = DIRECTION('',(-0.635097778724,-0.772431751975,0.));
#10897 = CYLINDRICAL_SURFACE('',#10898,3.);
#10898 = AXIS2_PLACEMENT_3D('',#10899,#10900,#10901);
#10899 = CARTESIAN_POINT('',(44.209558651935,-28.29250311692,0.));
#10900 = DIRECTION('',(0.,0.,1.));
#10901 = DIRECTION('',(0.321018668104,-0.947072866642,0.));
#10902 = ADVANCED_FACE('',(#10903),#10922,.T.);
#10903 = FACE_BOUND('',#10904,.F.);
#10904 = EDGE_LOOP('',(#10905,#10906,#10915,#10921));
#10905 = ORIENTED_EDGE('',*,*,#10856,.T.);
#10906 = ORIENTED_EDGE('',*,*,#10907,.F.);
#10907 = EDGE_CURVE('',#10908,#10857,#10910,.T.);
#10908 = VERTEX_POINT('',#10909);
#10909 = CARTESIAN_POINT('',(-46.64392553167,-30.80071972314,2.7));
#10910 = CIRCLE('',#10911,7.25);
#10911 = AXIS2_PLACEMENT_3D('',#10912,#10913,#10914);
#10912 = CARTESIAN_POINT('',(-47.5,-38.,2.7));
#10913 = DIRECTION('',(0.,0.,-1.));
#10914 = DIRECTION('',(0.11807923701,0.993004176118,0.));
#10915 = ORIENTED_EDGE('',*,*,#10916,.F.);
#10916 = EDGE_CURVE('',#4011,#10908,#10917,.T.);
#10917 = LINE('',#10918,#10919);
#10918 = CARTESIAN_POINT('',(-46.64392553167,-30.80071972314,0.));
#10919 = VECTOR('',#10920,1.);
#10920 = DIRECTION('',(0.,0.,1.));
#10921 = ORIENTED_EDGE('',*,*,#4020,.T.);
#10922 = CYLINDRICAL_SURFACE('',#10923,7.25);
#10923 = AXIS2_PLACEMENT_3D('',#10924,#10925,#10926);
#10924 = CARTESIAN_POINT('',(-47.5,-38.,0.));
#10925 = DIRECTION('',(-0.,-0.,-1.));
#10926 = DIRECTION('',(1.,0.,0.));
#10927 = ADVANCED_FACE('',(#10928),#10947,.T.);
#10928 = FACE_BOUND('',#10929,.F.);
#10929 = EDGE_LOOP('',(#10930,#10931,#10932,#10940));
#10930 = ORIENTED_EDGE('',*,*,#10881,.F.);
#10931 = ORIENTED_EDGE('',*,*,#4045,.T.);
#10932 = ORIENTED_EDGE('',*,*,#10933,.T.);
#10933 = EDGE_CURVE('',#4038,#10934,#10936,.T.);
#10934 = VERTEX_POINT('',#10935);
#10935 = CARTESIAN_POINT('',(46.690645503219,-30.79531782112,2.7));
#10936 = LINE('',#10937,#10938);
#10937 = CARTESIAN_POINT('',(46.690645503219,-30.79531782112,0.));
#10938 = VECTOR('',#10939,1.);
#10939 = DIRECTION('',(0.,0.,1.));
#10940 = ORIENTED_EDGE('',*,*,#10941,.F.);
#10941 = EDGE_CURVE('',#10882,#10934,#10942,.T.);
#10942 = CIRCLE('',#10943,7.25);
#10943 = AXIS2_PLACEMENT_3D('',#10944,#10945,#10946);
#10944 = CARTESIAN_POINT('',(47.5,-38.,2.7));
#10945 = DIRECTION('',(0.,0.,-1.));
#10946 = DIRECTION('',(-0.321018668104,0.947072866642,0.));
#10947 = CYLINDRICAL_SURFACE('',#10948,7.25);
#10948 = AXIS2_PLACEMENT_3D('',#10949,#10950,#10951);
#10949 = CARTESIAN_POINT('',(47.5,-38.,0.));
#10950 = DIRECTION('',(-0.,-0.,-1.));
#10951 = DIRECTION('',(1.,0.,0.));
#10952 = ADVANCED_FACE('',(#10953),#10972,.T.);
#10953 = FACE_BOUND('',#10954,.F.);
#10954 = EDGE_LOOP('',(#10955,#10963,#10964,#10965));
#10955 = ORIENTED_EDGE('',*,*,#10956,.F.);
#10956 = EDGE_CURVE('',#4061,#10957,#10959,.T.);
#10957 = VERTEX_POINT('',#10958);
#10958 = CARTESIAN_POINT('',(-48.87224838536,-31.43712582317,2.7));
#10959 = LINE('',#10960,#10961);
#10960 = CARTESIAN_POINT('',(-48.87224838536,-31.43712582317,0.));
#10961 = VECTOR('',#10962,1.);
#10962 = DIRECTION('',(0.,0.,1.));
#10963 = ORIENTED_EDGE('',*,*,#4070,.T.);
#10964 = ORIENTED_EDGE('',*,*,#10916,.T.);
#10965 = ORIENTED_EDGE('',*,*,#10966,.F.);
#10966 = EDGE_CURVE('',#10957,#10908,#10967,.T.);
#10967 = CIRCLE('',#10968,3.);
#10968 = AXIS2_PLACEMENT_3D('',#10969,#10970,#10971);
#10969 = CARTESIAN_POINT('',(-46.9981632427,-33.7797322515,2.7));
#10970 = DIRECTION('',(0.,0.,-1.));
#10971 = DIRECTION('',(-0.624695047554,0.780868809443,0.));
#10972 = CYLINDRICAL_SURFACE('',#10973,3.);
#10973 = AXIS2_PLACEMENT_3D('',#10974,#10975,#10976);
#10974 = CARTESIAN_POINT('',(-46.9981632427,-33.7797322515,0.));
#10975 = DIRECTION('',(0.,0.,1.));
#10976 = DIRECTION('',(-0.624695047554,0.780868809443,0.));
#10977 = ADVANCED_FACE('',(#10978),#10997,.T.);
#10978 = FACE_BOUND('',#10979,.F.);
#10979 = EDGE_LOOP('',(#10980,#10981,#10982,#10990));
#10980 = ORIENTED_EDGE('',*,*,#10933,.F.);
#10981 = ORIENTED_EDGE('',*,*,#4095,.T.);
#10982 = ORIENTED_EDGE('',*,*,#10983,.T.);
#10983 = EDGE_CURVE('',#4088,#10984,#10986,.T.);
#10984 = VERTEX_POINT('',#10985);
#10985 = CARTESIAN_POINT('',(48.899635954895,-31.43395919095,2.7));
#10986 = LINE('',#10987,#10988);
#10987 = CARTESIAN_POINT('',(48.899635954895,-31.43395919095,0.));
#10988 = VECTOR('',#10989,1.);
#10989 = DIRECTION('',(0.,0.,1.));
#10990 = ORIENTED_EDGE('',*,*,#10991,.F.);
#10991 = EDGE_CURVE('',#10934,#10984,#10992,.T.);
#10992 = CIRCLE('',#10993,3.);
#10993 = AXIS2_PLACEMENT_3D('',#10994,#10995,#10996);
#10994 = CARTESIAN_POINT('',(47.025550812232,-33.77656561928,2.7));
#10995 = DIRECTION('',(0.,0.,-1.));
#10996 = DIRECTION('',(-0.111635103004,0.993749266051,0.));
#10997 = CYLINDRICAL_SURFACE('',#10998,3.);
#10998 = AXIS2_PLACEMENT_3D('',#10999,#11000,#11001);
#10999 = CARTESIAN_POINT('',(47.025550812232,-33.77656561928,0.));
#11000 = DIRECTION('',(0.,0.,1.));
#11001 = DIRECTION('',(-0.111635103004,0.993749266051,0.));
#11002 = ADVANCED_FACE('',(#11003),#11021,.F.);
#11003 = FACE_BOUND('',#11004,.F.);
#11004 = EDGE_LOOP('',(#11005,#11006,#11014,#11020));
#11005 = ORIENTED_EDGE('',*,*,#10956,.T.);
#11006 = ORIENTED_EDGE('',*,*,#11007,.F.);
#11007 = EDGE_CURVE('',#11008,#10957,#11010,.T.);
#11008 = VERTEX_POINT('',#11009);
#11009 = CARTESIAN_POINT('',(-55.19528090848,-36.49555184166,2.7));
#11010 = LINE('',#11011,#11012);
#11011 = CARTESIAN_POINT('',(-55.19528090848,-36.49555184166,2.7));
#11012 = VECTOR('',#11013,1.);
#11013 = DIRECTION('',(0.780868809443,0.624695047554,0.));
#11014 = ORIENTED_EDGE('',*,*,#11015,.F.);
#11015 = EDGE_CURVE('',#4111,#11008,#11016,.T.);
#11016 = LINE('',#11017,#11018);
#11017 = CARTESIAN_POINT('',(-55.19528090848,-36.49555184166,0.));
#11018 = VECTOR('',#11019,1.);
#11019 = DIRECTION('',(0.,0.,1.));
#11020 = ORIENTED_EDGE('',*,*,#4120,.T.);
#11021 = PLANE('',#11022);
#11022 = AXIS2_PLACEMENT_3D('',#11023,#11024,#11025);
#11023 = CARTESIAN_POINT('',(-48.03836123233,-30.77001610074,0.));
#11024 = DIRECTION('',(0.624695047554,-0.780868809443,0.));
#11025 = DIRECTION('',(-0.780868809443,-0.624695047554,0.));
#11026 = ADVANCED_FACE('',(#11027),#11045,.T.);
#11027 = FACE_BOUND('',#11028,.T.);
#11028 = EDGE_LOOP('',(#11029,#11030,#11038,#11044));
#11029 = ORIENTED_EDGE('',*,*,#10983,.T.);
#11030 = ORIENTED_EDGE('',*,*,#11031,.T.);
#11031 = EDGE_CURVE('',#10984,#11032,#11034,.T.);
#11032 = VERTEX_POINT('',#11033);
#11033 = CARTESIAN_POINT('',(55.136917171375,-36.42378416413,2.7));
#11034 = LINE('',#11035,#11036);
#11035 = CARTESIAN_POINT('',(48.899635954895,-31.43395919095,2.7));
#11036 = VECTOR('',#11037,1.);
#11037 = DIRECTION('',(0.780868809443,-0.624695047554,0.));
#11038 = ORIENTED_EDGE('',*,*,#11039,.F.);
#11039 = EDGE_CURVE('',#4137,#11032,#11040,.T.);
#11040 = LINE('',#11041,#11042);
#11041 = CARTESIAN_POINT('',(55.136917171375,-36.42378416413,0.));
#11042 = VECTOR('',#11043,1.);
#11043 = DIRECTION('',(0.,0.,1.));
#11044 = ORIENTED_EDGE('',*,*,#4144,.F.);
#11045 = PLANE('',#11046);
#11046 = AXIS2_PLACEMENT_3D('',#11047,#11048,#11049);
#11047 = CARTESIAN_POINT('',(48.073039437689,-30.77268197718,0.));
#11048 = DIRECTION('',(0.624695047554,0.780868809443,0.));
#11049 = DIRECTION('',(0.780868809443,-0.624695047554,0.));
#11050 = ADVANCED_FACE('',(#11051),#11070,.T.);
#11051 = FACE_BOUND('',#11052,.F.);
#11052 = EDGE_LOOP('',(#11053,#11061,#11062,#11063));
#11053 = ORIENTED_EDGE('',*,*,#11054,.F.);
#11054 = EDGE_CURVE('',#4159,#11055,#11057,.T.);
#11055 = VERTEX_POINT('',#11056);
#11056 = CARTESIAN_POINT('',(-56.32037511186,-38.76799239296,2.7));
#11057 = LINE('',#11058,#11059);
#11058 = CARTESIAN_POINT('',(-56.32037511186,-38.76799239296,0.));
#11059 = VECTOR('',#11060,1.);
#11060 = DIRECTION('',(0.,0.,1.));
#11061 = ORIENTED_EDGE('',*,*,#4168,.T.);
#11062 = ORIENTED_EDGE('',*,*,#11015,.T.);
#11063 = ORIENTED_EDGE('',*,*,#11064,.F.);
#11064 = EDGE_CURVE('',#11055,#11008,#11065,.T.);
#11065 = CIRCLE('',#11066,3.);
#11066 = AXIS2_PLACEMENT_3D('',#11067,#11068,#11069);
#11067 = CARTESIAN_POINT('',(-53.32119576582,-38.83815826999,2.7));
#11068 = DIRECTION('',(0.,0.,-1.));
#11069 = DIRECTION('',(-0.999726448679,2.338862567765E-02,0.));
#11070 = CYLINDRICAL_SURFACE('',#11071,3.);
#11071 = AXIS2_PLACEMENT_3D('',#11072,#11073,#11074);
#11072 = CARTESIAN_POINT('',(-53.32119576582,-38.83815826999,0.));
#11073 = DIRECTION('',(0.,0.,1.));
#11074 = DIRECTION('',(-0.999726448679,2.338862567765E-02,0.));
#11075 = ADVANCED_FACE('',(#11076),#11095,.T.);
#11076 = FACE_BOUND('',#11077,.F.);
#11077 = EDGE_LOOP('',(#11078,#11079,#11080,#11088));
#11078 = ORIENTED_EDGE('',*,*,#11039,.F.);
#11079 = ORIENTED_EDGE('',*,*,#4193,.T.);
#11080 = ORIENTED_EDGE('',*,*,#11081,.T.);
#11081 = EDGE_CURVE('',#4186,#11082,#11084,.T.);
#11082 = VERTEX_POINT('',#11083);
#11083 = CARTESIAN_POINT('',(56.256713950989,-38.95788742131,2.7));
#11084 = LINE('',#11085,#11086);
#11085 = CARTESIAN_POINT('',(56.256713950989,-38.95788742131,0.));
#11086 = VECTOR('',#11087,1.);
#11087 = DIRECTION('',(0.,0.,1.));
#11088 = ORIENTED_EDGE('',*,*,#11089,.F.);
#11089 = EDGE_CURVE('',#11032,#11082,#11090,.T.);
#11090 = CIRCLE('',#11091,3.);
#11091 = AXIS2_PLACEMENT_3D('',#11092,#11093,#11094);
#11092 = CARTESIAN_POINT('',(53.262832028712,-38.76639059246,2.7));
#11093 = DIRECTION('',(0.,0.,-1.));
#11094 = DIRECTION('',(0.624695047554,0.780868809443,0.));
#11095 = CYLINDRICAL_SURFACE('',#11096,3.);
#11096 = AXIS2_PLACEMENT_3D('',#11097,#11098,#11099);
#11097 = CARTESIAN_POINT('',(53.262832028712,-38.76639059246,0.));
#11098 = DIRECTION('',(0.,0.,1.));
#11099 = DIRECTION('',(0.624695047554,0.780868809443,0.));
#11100 = ADVANCED_FACE('',(#11101),#11119,.F.);
#11101 = FACE_BOUND('',#11102,.F.);
#11102 = EDGE_LOOP('',(#11103,#11104,#11112,#11118));
#11103 = ORIENTED_EDGE('',*,*,#11054,.T.);
#11104 = ORIENTED_EDGE('',*,*,#11105,.F.);
#11105 = EDGE_CURVE('',#11106,#11055,#11108,.T.);
#11106 = VERTEX_POINT('',#11107);
#11107 = CARTESIAN_POINT('',(-56.41141999402,-42.65962664135,2.7));
#11108 = LINE('',#11109,#11110);
#11109 = CARTESIAN_POINT('',(-56.41141999402,-42.65962664135,2.7));
#11110 = VECTOR('',#11111,1.);
#11111 = DIRECTION('',(2.338862567765E-02,0.999726448679,0.));
#11112 = ORIENTED_EDGE('',*,*,#11113,.F.);
#11113 = EDGE_CURVE('',#4209,#11106,#11114,.T.);
#11114 = LINE('',#11115,#11116);
#11115 = CARTESIAN_POINT('',(-56.41141999402,-42.65962664135,0.));
#11116 = VECTOR('',#11117,1.);
#11117 = DIRECTION('',(0.,0.,1.));
#11118 = ORIENTED_EDGE('',*,*,#4218,.T.);
#11119 = PLANE('',#11120);
#11120 = AXIS2_PLACEMENT_3D('',#11121,#11122,#11123);
#11121 = CARTESIAN_POINT('',(-56.28765622606,-37.36945209572,0.));
#11122 = DIRECTION('',(0.999726448679,-2.338862567765E-02,0.));
#11123 = DIRECTION('',(-2.338862567765E-02,-0.999726448679,0.));
#11124 = ADVANCED_FACE('',(#11125),#11143,.T.);
#11125 = FACE_BOUND('',#11126,.T.);
#11126 = EDGE_LOOP('',(#11127,#11128,#11136,#11142));
#11127 = ORIENTED_EDGE('',*,*,#11081,.T.);
#11128 = ORIENTED_EDGE('',*,*,#11129,.T.);
#11129 = EDGE_CURVE('',#11082,#11130,#11132,.T.);
#11130 = VERTEX_POINT('',#11131);
#11131 = CARTESIAN_POINT('',(56.022817760679,-42.61464549957,2.7));
#11132 = LINE('',#11133,#11134);
#11133 = CARTESIAN_POINT('',(56.256713950989,-38.95788742131,2.7));
#11134 = VECTOR('',#11135,1.);
#11135 = DIRECTION('',(-6.38322762834E-02,-0.997960640759,0.));
#11136 = ORIENTED_EDGE('',*,*,#11137,.F.);
#11137 = EDGE_CURVE('',#4235,#11130,#11138,.T.);
#11138 = LINE('',#11139,#11140);
#11139 = CARTESIAN_POINT('',(56.022817760679,-42.61464549957,0.));
#11140 = VECTOR('',#11141,1.);
#11141 = DIRECTION('',(0.,0.,1.));
#11142 = ORIENTED_EDGE('',*,*,#4242,.F.);
#11143 = PLANE('',#11144);
#11144 = AXIS2_PLACEMENT_3D('',#11145,#11146,#11147);
#11145 = CARTESIAN_POINT('',(56.356400890374,-37.39937113933,0.));
#11146 = DIRECTION('',(0.997960640759,-6.38322762834E-02,0.));
#11147 = DIRECTION('',(-6.38322762834E-02,-0.997960640759,0.));
#11148 = ADVANCED_FACE('',(#11149),#11168,.T.);
#11149 = FACE_BOUND('',#11150,.F.);
#11150 = EDGE_LOOP('',(#11151,#11159,#11160,#11161));
#11151 = ORIENTED_EDGE('',*,*,#11152,.F.);
#11152 = EDGE_CURVE('',#4257,#11153,#11155,.T.);
#11153 = VERTEX_POINT('',#11154);
#11154 = CARTESIAN_POINT('',(-54.00214257561,-45.67122341435,2.7));
#11155 = LINE('',#11156,#11157);
#11156 = CARTESIAN_POINT('',(-54.00214257561,-45.67122341435,0.));
#11157 = VECTOR('',#11158,1.);
#11158 = DIRECTION('',(0.,0.,1.));
#11159 = ORIENTED_EDGE('',*,*,#4266,.T.);
#11160 = ORIENTED_EDGE('',*,*,#11113,.T.);
#11161 = ORIENTED_EDGE('',*,*,#11162,.F.);
#11162 = EDGE_CURVE('',#11153,#11106,#11163,.T.);
#11163 = CIRCLE('',#11164,3.);
#11164 = AXIS2_PLACEMENT_3D('',#11165,#11166,#11167);
#11165 = CARTESIAN_POINT('',(-53.41224064798,-42.72979251838,2.7));
#11166 = DIRECTION('',(-0.,0.,-1.));
#11167 = DIRECTION('',(-0.196633975878,-0.980476965324,0.));
#11168 = CYLINDRICAL_SURFACE('',#11169,3.);
#11169 = AXIS2_PLACEMENT_3D('',#11170,#11171,#11172);
#11170 = CARTESIAN_POINT('',(-53.41224064798,-42.72979251838,0.));
#11171 = DIRECTION('',(0.,0.,1.));
#11172 = DIRECTION('',(-0.196633975878,-0.980476965324,0.));
#11173 = ADVANCED_FACE('',(#11174),#11193,.T.);
#11174 = FACE_BOUND('',#11175,.F.);
#11175 = EDGE_LOOP('',(#11176,#11177,#11178,#11186));
#11176 = ORIENTED_EDGE('',*,*,#11137,.F.);
#11177 = ORIENTED_EDGE('',*,*,#4291,.T.);
#11178 = ORIENTED_EDGE('',*,*,#11179,.T.);
#11179 = EDGE_CURVE('',#4284,#11180,#11182,.T.);
#11180 = VERTEX_POINT('',#11181);
#11181 = CARTESIAN_POINT('',(53.872955605585,-45.30197319344,2.7));
#11182 = LINE('',#11183,#11184);
#11183 = CARTESIAN_POINT('',(53.872955605585,-45.30197319344,0.));
#11184 = VECTOR('',#11185,1.);
#11185 = DIRECTION('',(0.,0.,1.));
#11186 = ORIENTED_EDGE('',*,*,#11187,.F.);
#11187 = EDGE_CURVE('',#11130,#11180,#11188,.T.);
#11188 = CIRCLE('',#11189,3.);
#11189 = AXIS2_PLACEMENT_3D('',#11190,#11191,#11192);
#11190 = CARTESIAN_POINT('',(53.028935838402,-42.42314867072,2.7));
#11191 = DIRECTION('',(0.,-0.,-1.));
#11192 = DIRECTION('',(0.997960640759,-6.38322762834E-02,0.));
#11193 = CYLINDRICAL_SURFACE('',#11194,3.);
#11194 = AXIS2_PLACEMENT_3D('',#11195,#11196,#11197);
#11195 = CARTESIAN_POINT('',(53.028935838402,-42.42314867072,0.));
#11196 = DIRECTION('',(0.,0.,1.));
#11197 = DIRECTION('',(0.997960640759,-6.38322762834E-02,0.));
#11198 = ADVANCED_FACE('',(#11199),#11217,.T.);
#11199 = FACE_BOUND('',#11200,.T.);
#11200 = EDGE_LOOP('',(#11201,#11209,#11215,#11216));
#11201 = ORIENTED_EDGE('',*,*,#11202,.T.);
#11202 = EDGE_CURVE('',#4307,#11203,#11205,.T.);
#11203 = VERTEX_POINT('',#11204);
#11204 = CARTESIAN_POINT('',(-50.18544077378,-46.43666031555,2.7));
#11205 = LINE('',#11206,#11207);
#11206 = CARTESIAN_POINT('',(-50.18544077378,-46.43666031555,0.));
#11207 = VECTOR('',#11208,1.);
#11208 = DIRECTION('',(0.,0.,1.));
#11209 = ORIENTED_EDGE('',*,*,#11210,.T.);
#11210 = EDGE_CURVE('',#11203,#11153,#11211,.T.);
#11211 = LINE('',#11212,#11213);
#11212 = CARTESIAN_POINT('',(-50.18544077378,-46.43666031555,2.7));
#11213 = VECTOR('',#11214,1.);
#11214 = DIRECTION('',(-0.980476965324,0.196633975878,0.));
#11215 = ORIENTED_EDGE('',*,*,#11152,.F.);
#11216 = ORIENTED_EDGE('',*,*,#4316,.F.);
#11217 = PLANE('',#11218);
#11218 = AXIS2_PLACEMENT_3D('',#11219,#11220,#11221);
#11219 = CARTESIAN_POINT('',(-48.81382902106,-46.71173610197,0.));
#11220 = DIRECTION('',(-0.196633975878,-0.980476965324,0.));
#11221 = DIRECTION('',(-0.980476965324,0.196633975878,0.));
#11222 = ADVANCED_FACE('',(#11223),#11241,.F.);
#11223 = FACE_BOUND('',#11224,.F.);
#11224 = EDGE_LOOP('',(#11225,#11233,#11239,#11240));
#11225 = ORIENTED_EDGE('',*,*,#11226,.T.);
#11226 = EDGE_CURVE('',#4333,#11227,#11229,.T.);
#11227 = VERTEX_POINT('',#11228);
#11228 = CARTESIAN_POINT('',(50.356729814917,-46.3328675914,2.7));
#11229 = LINE('',#11230,#11231);
#11230 = CARTESIAN_POINT('',(50.356729814917,-46.3328675914,0.));
#11231 = VECTOR('',#11232,1.);
#11232 = DIRECTION('',(0.,0.,1.));
#11233 = ORIENTED_EDGE('',*,*,#11234,.F.);
#11234 = EDGE_CURVE('',#11180,#11227,#11235,.T.);
#11235 = LINE('',#11236,#11237);
#11236 = CARTESIAN_POINT('',(53.872955605585,-45.30197319344,2.7));
#11237 = VECTOR('',#11238,1.);
#11238 = DIRECTION('',(-0.959608174239,-0.281339922394,-0.));
#11239 = ORIENTED_EDGE('',*,*,#11179,.F.);
#11240 = ORIENTED_EDGE('',*,*,#4340,.T.);
#11241 = PLANE('',#11242);
#11242 = AXIS2_PLACEMENT_3D('',#11243,#11244,#11245);
#11243 = CARTESIAN_POINT('',(48.858108624069,-46.77223647221,0.));
#11244 = DIRECTION('',(-0.281339922394,0.959608174239,0.));
#11245 = DIRECTION('',(0.959608174239,0.281339922394,0.));
#11246 = ADVANCED_FACE('',(#11247),#11266,.T.);
#11247 = FACE_BOUND('',#11248,.F.);
#11248 = EDGE_LOOP('',(#11249,#11257,#11258,#11259));
#11249 = ORIENTED_EDGE('',*,*,#11250,.F.);
#11250 = EDGE_CURVE('',#4355,#11251,#11253,.T.);
#11251 = VERTEX_POINT('',#11252);
#11252 = CARTESIAN_POINT('',(-47.72145370348,-45.83783584791,2.7));
#11253 = LINE('',#11254,#11255);
#11254 = CARTESIAN_POINT('',(-47.72145370348,-45.83783584791,0.));
#11255 = VECTOR('',#11256,1.);
#11256 = DIRECTION('',(0.,0.,1.));
#11257 = ORIENTED_EDGE('',*,*,#4364,.T.);
#11258 = ORIENTED_EDGE('',*,*,#11202,.T.);
#11259 = ORIENTED_EDGE('',*,*,#11260,.F.);
#11260 = EDGE_CURVE('',#11251,#11203,#11261,.T.);
#11261 = CIRCLE('',#11262,3.);
#11262 = AXIS2_PLACEMENT_3D('',#11263,#11264,#11265);
#11263 = CARTESIAN_POINT('',(-49.59553884615,-43.49522941958,2.7));
#11264 = DIRECTION('',(0.,-0.,-1.));
#11265 = DIRECTION('',(0.624695047554,-0.780868809443,0.));
#11266 = CYLINDRICAL_SURFACE('',#11267,3.);
#11267 = AXIS2_PLACEMENT_3D('',#11268,#11269,#11270);
#11268 = CARTESIAN_POINT('',(-49.59553884615,-43.49522941958,0.));
#11269 = DIRECTION('',(0.,0.,1.));
#11270 = DIRECTION('',(0.624695047554,-0.780868809443,0.));
#11271 = ADVANCED_FACE('',(#11272),#11291,.T.);
#11272 = FACE_BOUND('',#11273,.F.);
#11273 = EDGE_LOOP('',(#11274,#11275,#11276,#11284));
#11274 = ORIENTED_EDGE('',*,*,#11226,.F.);
#11275 = ORIENTED_EDGE('',*,*,#4389,.T.);
#11276 = ORIENTED_EDGE('',*,*,#11277,.T.);
#11277 = EDGE_CURVE('',#4382,#11278,#11280,.T.);
#11278 = VERTEX_POINT('',#11279);
#11279 = CARTESIAN_POINT('',(47.63862490507,-45.79664949701,2.7));
#11280 = LINE('',#11281,#11282);
#11281 = CARTESIAN_POINT('',(47.63862490507,-45.79664949701,0.));
#11282 = VECTOR('',#11283,1.);
#11283 = DIRECTION('',(0.,0.,1.));
#11284 = ORIENTED_EDGE('',*,*,#11285,.F.);
#11285 = EDGE_CURVE('',#11227,#11278,#11286,.T.);
#11286 = CIRCLE('',#11287,3.);
#11287 = AXIS2_PLACEMENT_3D('',#11288,#11289,#11290);
#11288 = CARTESIAN_POINT('',(49.512710047733,-43.45404306868,2.7));
#11289 = DIRECTION('',(0.,-0.,-1.));
#11290 = DIRECTION('',(0.281339922394,-0.959608174239,0.));
#11291 = CYLINDRICAL_SURFACE('',#11292,3.);
#11292 = AXIS2_PLACEMENT_3D('',#11293,#11294,#11295);
#11293 = CARTESIAN_POINT('',(49.512710047733,-43.45404306868,0.));
#11294 = DIRECTION('',(0.,0.,1.));
#11295 = DIRECTION('',(0.281339922394,-0.959608174239,0.));
#11296 = ADVANCED_FACE('',(#11297),#11315,.T.);
#11297 = FACE_BOUND('',#11298,.T.);
#11298 = EDGE_LOOP('',(#11299,#11307,#11313,#11314));
#11299 = ORIENTED_EDGE('',*,*,#11300,.T.);
#11300 = EDGE_CURVE('',#4405,#11301,#11303,.T.);
#11301 = VERTEX_POINT('',#11302);
#11302 = CARTESIAN_POINT('',(-41.39842118037,-40.77940982942,2.7));
#11303 = LINE('',#11304,#11305);
#11304 = CARTESIAN_POINT('',(-41.39842118037,-40.77940982942,0.));
#11305 = VECTOR('',#11306,1.);
#11306 = DIRECTION('',(0.,0.,1.));
#11307 = ORIENTED_EDGE('',*,*,#11308,.T.);
#11308 = EDGE_CURVE('',#11301,#11251,#11309,.T.);
#11309 = LINE('',#11310,#11311);
#11310 = CARTESIAN_POINT('',(-41.39842118037,-40.77940982942,2.7));
#11311 = VECTOR('',#11312,1.);
#11312 = DIRECTION('',(-0.780868809443,-0.624695047554,0.));
#11313 = ORIENTED_EDGE('',*,*,#11250,.F.);
#11314 = ORIENTED_EDGE('',*,*,#4414,.F.);
#11315 = PLANE('',#11316);
#11316 = AXIS2_PLACEMENT_3D('',#11317,#11318,#11319);
#11317 = CARTESIAN_POINT('',(-40.56453402733,-40.11230010699,0.));
#11318 = DIRECTION('',(0.624695047554,-0.780868809443,0.));
#11319 = DIRECTION('',(-0.780868809443,-0.624695047554,0.));
#11320 = ADVANCED_FACE('',(#11321),#11339,.F.);
#11321 = FACE_BOUND('',#11322,.F.);
#11322 = EDGE_LOOP('',(#11323,#11331,#11337,#11338));
#11323 = ORIENTED_EDGE('',*,*,#11324,.T.);
#11324 = EDGE_CURVE('',#4431,#11325,#11327,.T.);
#11325 = VERTEX_POINT('',#11326);
#11326 = CARTESIAN_POINT('',(41.40134368859,-40.80682452383,2.7));
#11327 = LINE('',#11328,#11329);
#11328 = CARTESIAN_POINT('',(41.40134368859,-40.80682452383,0.));
#11329 = VECTOR('',#11330,1.);
#11330 = DIRECTION('',(0.,0.,1.));
#11331 = ORIENTED_EDGE('',*,*,#11332,.F.);
#11332 = EDGE_CURVE('',#11278,#11325,#11333,.T.);
#11333 = LINE('',#11334,#11335);
#11334 = CARTESIAN_POINT('',(47.63862490507,-45.79664949701,2.7));
#11335 = VECTOR('',#11336,1.);
#11336 = DIRECTION('',(-0.780868809443,0.624695047554,0.));
#11337 = ORIENTED_EDGE('',*,*,#11277,.F.);
#11338 = ORIENTED_EDGE('',*,*,#4438,.T.);
#11339 = PLANE('',#11340);
#11340 = AXIS2_PLACEMENT_3D('',#11341,#11342,#11343);
#11341 = CARTESIAN_POINT('',(40.574747171384,-40.14554731007,0.));
#11342 = DIRECTION('',(0.624695047554,0.780868809443,0.));
#11343 = DIRECTION('',(0.780868809443,-0.624695047554,0.));
#11344 = ADVANCED_FACE('',(#11345),#11364,.T.);
#11345 = FACE_BOUND('',#11346,.F.);
#11346 = EDGE_LOOP('',(#11347,#11355,#11356,#11357));
#11347 = ORIENTED_EDGE('',*,*,#11348,.F.);
#11348 = EDGE_CURVE('',#4453,#11349,#11351,.T.);
#11349 = VERTEX_POINT('',#11350);
#11350 = CARTESIAN_POINT('',(-40.28839313929,-38.74513521362,2.7));
#11351 = LINE('',#11352,#11353);
#11352 = CARTESIAN_POINT('',(-40.28839313929,-38.74513521362,0.));
#11353 = VECTOR('',#11354,1.);
#11354 = DIRECTION('',(0.,0.,1.));
#11355 = ORIENTED_EDGE('',*,*,#4462,.T.);
#11356 = ORIENTED_EDGE('',*,*,#11300,.T.);
#11357 = ORIENTED_EDGE('',*,*,#11358,.F.);
#11358 = EDGE_CURVE('',#11349,#11301,#11359,.T.);
#11359 = CIRCLE('',#11360,3.);
#11360 = AXIS2_PLACEMENT_3D('',#11361,#11362,#11363);
#11361 = CARTESIAN_POINT('',(-43.27250632303,-38.43680340109,2.7));
#11362 = DIRECTION('',(0.,-0.,-1.));
#11363 = DIRECTION('',(0.99470439458,-0.102777270845,0.));
#11364 = CYLINDRICAL_SURFACE('',#11365,3.);
#11365 = AXIS2_PLACEMENT_3D('',#11366,#11367,#11368);
#11366 = CARTESIAN_POINT('',(-43.27250632303,-38.43680340109,0.));
#11367 = DIRECTION('',(0.,0.,1.));
#11368 = DIRECTION('',(0.99470439458,-0.102777270845,0.));
#11369 = ADVANCED_FACE('',(#11370),#11389,.T.);
#11370 = FACE_BOUND('',#11371,.F.);
#11371 = EDGE_LOOP('',(#11372,#11373,#11374,#11382));
#11372 = ORIENTED_EDGE('',*,*,#11324,.F.);
#11373 = ORIENTED_EDGE('',*,*,#4487,.T.);
#11374 = ORIENTED_EDGE('',*,*,#11375,.T.);
#11375 = EDGE_CURVE('',#4480,#11376,#11378,.T.);
#11376 = VERTEX_POINT('',#11377);
#11377 = CARTESIAN_POINT('',(40.293378594491,-38.79190145703,2.7));
#11378 = LINE('',#11379,#11380);
#11379 = CARTESIAN_POINT('',(40.293378594491,-38.79190145703,0.));
#11380 = VECTOR('',#11381,1.);
#11381 = DIRECTION('',(0.,0.,1.));
#11382 = ORIENTED_EDGE('',*,*,#11383,.F.);
#11383 = EDGE_CURVE('',#11325,#11376,#11384,.T.);
#11384 = CIRCLE('',#11385,3.);
#11385 = AXIS2_PLACEMENT_3D('',#11386,#11387,#11388);
#11386 = CARTESIAN_POINT('',(43.275428831253,-38.4642180955,2.7));
#11387 = DIRECTION('',(-0.,0.,-1.));
#11388 = DIRECTION('',(-0.624695047554,-0.780868809443,0.));
#11389 = CYLINDRICAL_SURFACE('',#11390,3.);
#11390 = AXIS2_PLACEMENT_3D('',#11391,#11392,#11393);
#11391 = CARTESIAN_POINT('',(43.275428831253,-38.4642180955,0.));
#11392 = DIRECTION('',(0.,0.,1.));
#11393 = DIRECTION('',(-0.624695047554,-0.780868809443,0.));
#11394 = ADVANCED_FACE('',(#11395),#11414,.T.);
#11395 = FACE_BOUND('',#11396,.F.);
#11396 = EDGE_LOOP('',(#11397,#11405,#11406,#11407));
#11397 = ORIENTED_EDGE('',*,*,#11398,.F.);
#11398 = EDGE_CURVE('',#4503,#11399,#11401,.T.);
#11399 = VERTEX_POINT('',#11400);
#11400 = CARTESIAN_POINT('',(-40.2903409608,-37.23624837906,2.7));
#11401 = LINE('',#11402,#11403);
#11402 = CARTESIAN_POINT('',(-40.2903409608,-37.23624837906,0.));
#11403 = VECTOR('',#11404,1.);
#11404 = DIRECTION('',(0.,0.,1.));
#11405 = ORIENTED_EDGE('',*,*,#4512,.T.);
#11406 = ORIENTED_EDGE('',*,*,#11348,.T.);
#11407 = ORIENTED_EDGE('',*,*,#11408,.F.);
#11408 = EDGE_CURVE('',#11399,#11349,#11409,.T.);
#11409 = CIRCLE('',#11410,7.25);
#11410 = AXIS2_PLACEMENT_3D('',#11411,#11412,#11413);
#11411 = CARTESIAN_POINT('',(-47.5,-38.,2.7));
#11412 = DIRECTION('',(0.,0.,-1.));
#11413 = DIRECTION('',(0.994435729545,0.105345051163,0.));
#11414 = CYLINDRICAL_SURFACE('',#11415,7.25);
#11415 = AXIS2_PLACEMENT_3D('',#11416,#11417,#11418);
#11416 = CARTESIAN_POINT('',(-47.5,-38.,0.));
#11417 = DIRECTION('',(-0.,-0.,-1.));
#11418 = DIRECTION('',(1.,0.,0.));
#11419 = ADVANCED_FACE('',(#11420),#11439,.T.);
#11420 = FACE_BOUND('',#11421,.F.);
#11421 = EDGE_LOOP('',(#11422,#11430,#11437,#11438));
#11422 = ORIENTED_EDGE('',*,*,#11423,.T.);
#11423 = EDGE_CURVE('',#4530,#11424,#11426,.T.);
#11424 = VERTEX_POINT('',#11425);
#11425 = CARTESIAN_POINT('',(40.290340960799,-37.23624837907,2.7));
#11426 = LINE('',#11427,#11428);
#11427 = CARTESIAN_POINT('',(40.290340960799,-37.23624837907,0.));
#11428 = VECTOR('',#11429,1.);
#11429 = DIRECTION('',(0.,0.,1.));
#11430 = ORIENTED_EDGE('',*,*,#11431,.F.);
#11431 = EDGE_CURVE('',#11376,#11424,#11432,.T.);
#11432 = CIRCLE('',#11433,7.25);
#11433 = AXIS2_PLACEMENT_3D('',#11434,#11435,#11436);
#11434 = CARTESIAN_POINT('',(47.5,-38.,2.7));
#11435 = DIRECTION('',(-0.,0.,-1.));
#11436 = DIRECTION('',(-0.994016745587,-0.109227787178,0.));
#11437 = ORIENTED_EDGE('',*,*,#11375,.F.);
#11438 = ORIENTED_EDGE('',*,*,#4537,.T.);
#11439 = CYLINDRICAL_SURFACE('',#11440,7.25);
#11440 = AXIS2_PLACEMENT_3D('',#11441,#11442,#11443);
#11441 = CARTESIAN_POINT('',(47.5,-38.,0.));
#11442 = DIRECTION('',(-0.,-0.,-1.));
#11443 = DIRECTION('',(1.,0.,0.));
#11444 = ADVANCED_FACE('',(#11445),#11464,.F.);
#11445 = FACE_BOUND('',#11446,.F.);
#11446 = EDGE_LOOP('',(#11447,#11455,#11456,#11457));
#11447 = ORIENTED_EDGE('',*,*,#11448,.F.);
#11448 = EDGE_CURVE('',#4553,#11449,#11451,.T.);
#11449 = VERTEX_POINT('',#11450);
#11450 = CARTESIAN_POINT('',(-39.1501308059,-34.55314894166,2.7));
#11451 = LINE('',#11452,#11453);
#11452 = CARTESIAN_POINT('',(-39.1501308059,-34.55314894166,0.));
#11453 = VECTOR('',#11454,1.);
#11454 = DIRECTION('',(0.,0.,1.));
#11455 = ORIENTED_EDGE('',*,*,#4562,.T.);
#11456 = ORIENTED_EDGE('',*,*,#11398,.T.);
#11457 = ORIENTED_EDGE('',*,*,#11458,.F.);
#11458 = EDGE_CURVE('',#11449,#11399,#11459,.T.);
#11459 = CIRCLE('',#11460,3.);
#11460 = AXIS2_PLACEMENT_3D('',#11461,#11462,#11463);
#11461 = CARTESIAN_POINT('',(-37.30703377216,-36.92021322558,2.7));
#11462 = DIRECTION('',(0.,0.,1.));
#11463 = DIRECTION('',(-0.614365677914,0.789021427973,0.));
#11464 = CYLINDRICAL_SURFACE('',#11465,3.);
#11465 = AXIS2_PLACEMENT_3D('',#11466,#11467,#11468);
#11466 = CARTESIAN_POINT('',(-37.30703377216,-36.92021322558,0.));
#11467 = DIRECTION('',(0.,0.,1.));
#11468 = DIRECTION('',(-0.614365677914,0.789021427973,0.));
#11469 = ADVANCED_FACE('',(#11470),#11489,.F.);
#11470 = FACE_BOUND('',#11471,.F.);
#11471 = EDGE_LOOP('',(#11472,#11473,#11474,#11482));
#11472 = ORIENTED_EDGE('',*,*,#11423,.F.);
#11473 = ORIENTED_EDGE('',*,*,#4587,.T.);
#11474 = ORIENTED_EDGE('',*,*,#11475,.T.);
#11475 = EDGE_CURVE('',#4580,#11476,#11478,.T.);
#11476 = VERTEX_POINT('',#11477);
#11477 = CARTESIAN_POINT('',(39.1501308059,-34.55314894166,2.7));
#11478 = LINE('',#11479,#11480);
#11479 = CARTESIAN_POINT('',(39.1501308059,-34.55314894166,0.));
#11480 = VECTOR('',#11481,1.);
#11481 = DIRECTION('',(0.,0.,1.));
#11482 = ORIENTED_EDGE('',*,*,#11483,.F.);
#11483 = EDGE_CURVE('',#11424,#11476,#11484,.T.);
#11484 = CIRCLE('',#11485,3.);
#11485 = AXIS2_PLACEMENT_3D('',#11486,#11487,#11488);
#11486 = CARTESIAN_POINT('',(37.307033772164,-36.92021322558,2.7));
#11487 = DIRECTION('',(-0.,0.,1.));
#11488 = DIRECTION('',(0.994435729545,-0.105345051162,0.));
#11489 = CYLINDRICAL_SURFACE('',#11490,3.);
#11490 = AXIS2_PLACEMENT_3D('',#11491,#11492,#11493);
#11491 = CARTESIAN_POINT('',(37.307033772164,-36.92021322558,0.));
#11492 = DIRECTION('',(0.,0.,1.));
#11493 = DIRECTION('',(0.994435729545,-0.105345051162,0.));
#11494 = ADVANCED_FACE('',(#11495),#11513,.F.);
#11495 = FACE_BOUND('',#11496,.F.);
#11496 = EDGE_LOOP('',(#11497,#11498,#11506,#11512));
#11497 = ORIENTED_EDGE('',*,*,#11448,.T.);
#11498 = ORIENTED_EDGE('',*,*,#11499,.F.);
#11499 = EDGE_CURVE('',#11500,#11449,#11502,.T.);
#11500 = VERTEX_POINT('',#11501);
#11501 = CARTESIAN_POINT('',(-17.05233105768,-17.34686120166,2.7));
#11502 = LINE('',#11503,#11504);
#11503 = CARTESIAN_POINT('',(-17.05233105768,-17.34686120166,2.7));
#11504 = VECTOR('',#11505,1.);
#11505 = DIRECTION('',(-0.789021427973,-0.614365677914,-0.));
#11506 = ORIENTED_EDGE('',*,*,#11507,.F.);
#11507 = EDGE_CURVE('',#4603,#11500,#11508,.T.);
#11508 = LINE('',#11509,#11510);
#11509 = CARTESIAN_POINT('',(-17.05233105768,-17.34686120166,0.));
#11510 = VECTOR('',#11511,1.);
#11511 = DIRECTION('',(0.,0.,1.));
#11512 = ORIENTED_EDGE('',*,*,#4612,.T.);
#11513 = PLANE('',#11514);
#11514 = AXIS2_PLACEMENT_3D('',#11515,#11516,#11517);
#11515 = CARTESIAN_POINT('',(-40.62419338755,-35.70091682876,0.));
#11516 = DIRECTION('',(-0.614365677914,0.789021427973,0.));
#11517 = DIRECTION('',(0.789021427973,0.614365677914,0.));
#11518 = ADVANCED_FACE('',(#11519),#11537,.T.);
#11519 = FACE_BOUND('',#11520,.T.);
#11520 = EDGE_LOOP('',(#11521,#11522,#11530,#11536));
#11521 = ORIENTED_EDGE('',*,*,#11475,.T.);
#11522 = ORIENTED_EDGE('',*,*,#11523,.T.);
#11523 = EDGE_CURVE('',#11476,#11524,#11526,.T.);
#11524 = VERTEX_POINT('',#11525);
#11525 = CARTESIAN_POINT('',(17.052331057672,-17.34686120177,2.7));
#11526 = LINE('',#11527,#11528);
#11527 = CARTESIAN_POINT('',(39.1501308059,-34.55314894166,2.7));
#11528 = VECTOR('',#11529,1.);
#11529 = DIRECTION('',(-0.789021427975,0.614365677912,0.));
#11530 = ORIENTED_EDGE('',*,*,#11531,.F.);
#11531 = EDGE_CURVE('',#4629,#11524,#11532,.T.);
#11532 = LINE('',#11533,#11534);
#11533 = CARTESIAN_POINT('',(17.052331057672,-17.34686120177,0.));
#11534 = VECTOR('',#11535,1.);
#11535 = DIRECTION('',(0.,0.,1.));
#11536 = ORIENTED_EDGE('',*,*,#4636,.F.);
#11537 = PLANE('',#11538);
#11538 = AXIS2_PLACEMENT_3D('',#11539,#11540,#11541);
#11539 = CARTESIAN_POINT('',(40.624193387556,-35.70091682876,0.));
#11540 = DIRECTION('',(-0.614365677912,-0.789021427975,0.));
#11541 = DIRECTION('',(-0.789021427975,0.614365677912,0.));
#11542 = ADVANCED_FACE('',(#11543),#11562,.F.);
#11543 = FACE_BOUND('',#11544,.T.);
#11544 = EDGE_LOOP('',(#11545,#11546,#11547,#11555));
#11545 = ORIENTED_EDGE('',*,*,#11507,.F.);
#11546 = ORIENTED_EDGE('',*,*,#4660,.F.);
#11547 = ORIENTED_EDGE('',*,*,#11548,.T.);
#11548 = EDGE_CURVE('',#4651,#11549,#11551,.T.);
#11549 = VERTEX_POINT('',#11550);
#11550 = CARTESIAN_POINT('',(-12.24208053049,-19.27120644786,2.7));
#11551 = LINE('',#11552,#11553);
#11552 = CARTESIAN_POINT('',(-12.24208053049,-19.27120644786,0.));
#11553 = VECTOR('',#11554,1.);
#11554 = DIRECTION('',(0.,0.,1.));
#11555 = ORIENTED_EDGE('',*,*,#11556,.T.);
#11556 = EDGE_CURVE('',#11549,#11500,#11557,.T.);
#11557 = CIRCLE('',#11558,3.);
#11558 = AXIS2_PLACEMENT_3D('',#11559,#11560,#11561);
#11559 = CARTESIAN_POINT('',(-15.20923402393,-19.71392548558,2.7));
#11560 = DIRECTION('',(0.,-0.,1.));
#11561 = DIRECTION('',(0.989051164481,0.147573012571,0.));
#11562 = CYLINDRICAL_SURFACE('',#11563,3.);
#11563 = AXIS2_PLACEMENT_3D('',#11564,#11565,#11566);
#11564 = CARTESIAN_POINT('',(-15.20923402393,-19.71392548558,0.));
#11565 = DIRECTION('',(0.,0.,1.));
#11566 = DIRECTION('',(-0.614365677914,0.789021427973,0.));
#11567 = ADVANCED_FACE('',(#11568),#11587,.F.);
#11568 = FACE_BOUND('',#11569,.T.);
#11569 = EDGE_LOOP('',(#11570,#11578,#11579,#11580));
#11570 = ORIENTED_EDGE('',*,*,#11571,.F.);
#11571 = EDGE_CURVE('',#4678,#11572,#11574,.T.);
#11572 = VERTEX_POINT('',#11573);
#11573 = CARTESIAN_POINT('',(12.242080530494,-19.27120644798,2.7));
#11574 = LINE('',#11575,#11576);
#11575 = CARTESIAN_POINT('',(12.242080530494,-19.27120644798,0.));
#11576 = VECTOR('',#11577,1.);
#11577 = DIRECTION('',(0.,0.,1.));
#11578 = ORIENTED_EDGE('',*,*,#4685,.F.);
#11579 = ORIENTED_EDGE('',*,*,#11531,.T.);
#11580 = ORIENTED_EDGE('',*,*,#11581,.T.);
#11581 = EDGE_CURVE('',#11524,#11572,#11582,.T.);
#11582 = CIRCLE('',#11583,3.);
#11583 = AXIS2_PLACEMENT_3D('',#11584,#11585,#11586);
#11584 = CARTESIAN_POINT('',(15.209234023936,-19.71392548569,2.7));
#11585 = DIRECTION('',(0.,-0.,1.));
#11586 = DIRECTION('',(0.614365677912,0.789021427975,0.));
#11587 = CYLINDRICAL_SURFACE('',#11588,3.);
#11588 = AXIS2_PLACEMENT_3D('',#11589,#11590,#11591);
#11589 = CARTESIAN_POINT('',(15.209234023936,-19.71392548569,0.));
#11590 = DIRECTION('',(0.,0.,1.));
#11591 = DIRECTION('',(-0.989051164481,0.147573012572,0.));
#11592 = ADVANCED_FACE('',(#11593),#11611,.F.);
#11593 = FACE_BOUND('',#11594,.F.);
#11594 = EDGE_LOOP('',(#11595,#11603,#11604,#11605));
#11595 = ORIENTED_EDGE('',*,*,#11596,.F.);
#11596 = EDGE_CURVE('',#4701,#11597,#11599,.T.);
#11597 = VERTEX_POINT('',#11598);
#11598 = CARTESIAN_POINT('',(-9.254375553155,-39.29514602514,2.7));
#11599 = LINE('',#11600,#11601);
#11600 = CARTESIAN_POINT('',(-9.254375553155,-39.29514602514,0.));
#11601 = VECTOR('',#11602,1.);
#11602 = DIRECTION('',(0.,0.,1.));
#11603 = ORIENTED_EDGE('',*,*,#4710,.T.);
#11604 = ORIENTED_EDGE('',*,*,#11548,.T.);
#11605 = ORIENTED_EDGE('',*,*,#11606,.F.);
#11606 = EDGE_CURVE('',#11597,#11549,#11607,.T.);
#11607 = LINE('',#11608,#11609);
#11608 = CARTESIAN_POINT('',(-9.254375553155,-39.29514602514,2.7));
#11609 = VECTOR('',#11610,1.);
#11610 = DIRECTION('',(-0.147573012571,0.989051164481,0.));
#11611 = PLANE('',#11612);
#11612 = AXIS2_PLACEMENT_3D('',#11613,#11614,#11615);
#11613 = CARTESIAN_POINT('',(-13.,-14.19154370441,0.));
#11614 = DIRECTION('',(0.989051164481,0.147573012571,0.));
#11615 = DIRECTION('',(0.147573012571,-0.989051164481,0.));
#11616 = ADVANCED_FACE('',(#11617),#11635,.F.);
#11617 = FACE_BOUND('',#11618,.F.);
#11618 = EDGE_LOOP('',(#11619,#11627,#11633,#11634));
#11619 = ORIENTED_EDGE('',*,*,#11620,.T.);
#11620 = EDGE_CURVE('',#4727,#11621,#11623,.T.);
#11621 = VERTEX_POINT('',#11622);
#11622 = CARTESIAN_POINT('',(9.254375553156,-39.29514602514,2.7));
#11623 = LINE('',#11624,#11625);
#11624 = CARTESIAN_POINT('',(9.254375553156,-39.29514602514,0.));
#11625 = VECTOR('',#11626,1.);
#11626 = DIRECTION('',(0.,0.,1.));
#11627 = ORIENTED_EDGE('',*,*,#11628,.F.);
#11628 = EDGE_CURVE('',#11572,#11621,#11629,.T.);
#11629 = LINE('',#11630,#11631);
#11630 = CARTESIAN_POINT('',(12.242080530494,-19.27120644798,2.7));
#11631 = VECTOR('',#11632,1.);
#11632 = DIRECTION('',(-0.147573012572,-0.989051164481,-0.));
#11633 = ORIENTED_EDGE('',*,*,#11571,.F.);
#11634 = ORIENTED_EDGE('',*,*,#4734,.T.);
#11635 = PLANE('',#11636);
#11636 = AXIS2_PLACEMENT_3D('',#11637,#11638,#11639);
#11637 = CARTESIAN_POINT('',(9.,-41.,0.));
#11638 = DIRECTION('',(-0.989051164481,0.147573012572,0.));
#11639 = DIRECTION('',(0.147573012572,0.989051164481,0.));
#11640 = ADVANCED_FACE('',(#11641),#11660,.T.);
#11641 = FACE_BOUND('',#11642,.F.);
#11642 = EDGE_LOOP('',(#11643,#11651,#11652,#11653));
#11643 = ORIENTED_EDGE('',*,*,#11644,.F.);
#11644 = EDGE_CURVE('',#4749,#11645,#11647,.T.);
#11645 = VERTEX_POINT('',#11646);
#11646 = CARTESIAN_POINT('',(-7.276273224194,-41.,2.7));
#11647 = LINE('',#11648,#11649);
#11648 = CARTESIAN_POINT('',(-7.276273224194,-41.,0.));
#11649 = VECTOR('',#11650,1.);
#11650 = DIRECTION('',(0.,0.,1.));
#11651 = ORIENTED_EDGE('',*,*,#4758,.T.);
#11652 = ORIENTED_EDGE('',*,*,#11596,.T.);
#11653 = ORIENTED_EDGE('',*,*,#11654,.F.);
#11654 = EDGE_CURVE('',#11645,#11597,#11655,.T.);
#11655 = CIRCLE('',#11656,2.);
#11656 = AXIS2_PLACEMENT_3D('',#11657,#11658,#11659);
#11657 = CARTESIAN_POINT('',(-7.276273224194,-39.,2.7));
#11658 = DIRECTION('',(-0.,-0.,-1.));
#11659 = DIRECTION('',(0.,-1.,0.));
#11660 = CYLINDRICAL_SURFACE('',#11661,2.);
#11661 = AXIS2_PLACEMENT_3D('',#11662,#11663,#11664);
#11662 = CARTESIAN_POINT('',(-7.276273224194,-39.,0.));
#11663 = DIRECTION('',(0.,0.,1.));
#11664 = DIRECTION('',(0.,-1.,0.));
#11665 = ADVANCED_FACE('',(#11666),#11685,.T.);
#11666 = FACE_BOUND('',#11667,.F.);
#11667 = EDGE_LOOP('',(#11668,#11669,#11670,#11678));
#11668 = ORIENTED_EDGE('',*,*,#11620,.F.);
#11669 = ORIENTED_EDGE('',*,*,#4783,.T.);
#11670 = ORIENTED_EDGE('',*,*,#11671,.T.);
#11671 = EDGE_CURVE('',#4776,#11672,#11674,.T.);
#11672 = VERTEX_POINT('',#11673);
#11673 = CARTESIAN_POINT('',(7.276273224195,-41.,2.7));
#11674 = LINE('',#11675,#11676);
#11675 = CARTESIAN_POINT('',(7.276273224195,-41.,0.));
#11676 = VECTOR('',#11677,1.);
#11677 = DIRECTION('',(0.,0.,1.));
#11678 = ORIENTED_EDGE('',*,*,#11679,.F.);
#11679 = EDGE_CURVE('',#11621,#11672,#11680,.T.);
#11680 = CIRCLE('',#11681,2.);
#11681 = AXIS2_PLACEMENT_3D('',#11682,#11683,#11684);
#11682 = CARTESIAN_POINT('',(7.276273224195,-39.,2.7));
#11683 = DIRECTION('',(0.,-0.,-1.));
#11684 = DIRECTION('',(0.989051164481,-0.147573012572,0.));
#11685 = CYLINDRICAL_SURFACE('',#11686,2.);
#11686 = AXIS2_PLACEMENT_3D('',#11687,#11688,#11689);
#11687 = CARTESIAN_POINT('',(7.276273224195,-39.,0.));
#11688 = DIRECTION('',(0.,0.,1.));
#11689 = DIRECTION('',(0.989051164481,-0.147573012572,0.));
#11690 = ADVANCED_FACE('',(#11691),#11702,.F.);
#11691 = FACE_BOUND('',#11692,.F.);
#11692 = EDGE_LOOP('',(#11693,#11694,#11700,#11701));
#11693 = ORIENTED_EDGE('',*,*,#11644,.T.);
#11694 = ORIENTED_EDGE('',*,*,#11695,.F.);
#11695 = EDGE_CURVE('',#11672,#11645,#11696,.T.);
#11696 = LINE('',#11697,#11698);
#11697 = CARTESIAN_POINT('',(7.276273224195,-41.,2.7));
#11698 = VECTOR('',#11699,1.);
#11699 = DIRECTION('',(-1.,-0.,-0.));
#11700 = ORIENTED_EDGE('',*,*,#11671,.F.);
#11701 = ORIENTED_EDGE('',*,*,#4801,.T.);
#11702 = PLANE('',#11703);
#11703 = AXIS2_PLACEMENT_3D('',#11704,#11705,#11706);
#11704 = CARTESIAN_POINT('',(-9.,-41.,0.));
#11705 = DIRECTION('',(0.,1.,0.));
#11706 = DIRECTION('',(1.,0.,0.));
#11707 = ADVANCED_FACE('',(#11708,#12502,#12512,#12515,#12518,#12521,
    #12524,#12527,#12530,#12538,#12541,#12551,#12559,#12562,#12574,
    #12582,#12585,#12595,#12598,#12601,#12604,#12607,#12619,#12622,
    #12632,#12635,#12643,#12646,#12654,#12657,#12667,#12670,#12673,
    #12676,#12686,#12689,#12692,#12702,#12705,#12711,#12719,#12729,
    #12732,#12735,#12738,#12750,#12760,#12768,#12771,#12774,#12777,
    #12780,#12783,#12786),#12796,.T.);
#11708 = FACE_BOUND('',#11709,.T.);
#11709 = EDGE_LOOP('',(#11710,#11720,#11729,#11737,#11746,#11754,#11763,
    #11771,#11780,#11789,#11798,#11806,#11815,#11823,#11832,#11840,
    #11849,#11857,#11866,#11875,#11884,#11892,#11901,#11909,#11918,
    #11927,#11936,#11944,#11953,#11961,#11970,#11979,#11988,#11996,
    #12005,#12013,#12022,#12030,#12039,#12047,#12056,#12065,#12074,
    #12082,#12091,#12099,#12108,#12116,#12125,#12133,#12142,#12150,
    #12159,#12168,#12177,#12185,#12194,#12202,#12211,#12219,#12228,
    #12236,#12245,#12254,#12263,#12271,#12280,#12288,#12297,#12306,
    #12315,#12323,#12332,#12340,#12349,#12358,#12367,#12375,#12384,
    #12392,#12401,#12409,#12418,#12426,#12435,#12444,#12453,#12461,
    #12470,#12478,#12487,#12495));
#11710 = ORIENTED_EDGE('',*,*,#11711,.F.);
#11711 = EDGE_CURVE('',#11712,#11714,#11716,.T.);
#11712 = VERTEX_POINT('',#11713);
#11713 = CARTESIAN_POINT('',(-9.415970682756,42.7,3.));
#11714 = VERTEX_POINT('',#11715);
#11715 = CARTESIAN_POINT('',(9.415970682756,42.7,3.));
#11716 = LINE('',#11717,#11718);
#11717 = CARTESIAN_POINT('',(-9.415970682756,42.7,3.));
#11718 = VECTOR('',#11719,1.);
#11719 = DIRECTION('',(1.,0.,0.));
#11720 = ORIENTED_EDGE('',*,*,#11721,.F.);
#11721 = EDGE_CURVE('',#11722,#11712,#11724,.T.);
#11722 = VERTEX_POINT('',#11723);
#11723 = CARTESIAN_POINT('',(-11.07077986892,41.389366867333,3.));
#11724 = CIRCLE('',#11725,1.7);
#11725 = AXIS2_PLACEMENT_3D('',#11726,#11727,#11728);
#11726 = CARTESIAN_POINT('',(-9.415970682756,41.,3.));
#11727 = DIRECTION('',(0.,0.,-1.));
#11728 = DIRECTION('',(-0.973417168334,0.229039333726,0.));
#11729 = ORIENTED_EDGE('',*,*,#11730,.F.);
#11730 = EDGE_CURVE('',#11731,#11722,#11733,.T.);
#11731 = VERTEX_POINT('',#11732);
#11732 = CARTESIAN_POINT('',(-12.65480918616,34.657242269047,3.));
#11733 = LINE('',#11734,#11735);
#11734 = CARTESIAN_POINT('',(-12.65480918616,34.657242269047,3.));
#11735 = VECTOR('',#11736,1.);
#11736 = DIRECTION('',(0.229039333726,0.973417168334,0.));
#11737 = ORIENTED_EDGE('',*,*,#11738,.F.);
#11738 = EDGE_CURVE('',#11739,#11731,#11741,.T.);
#11739 = VERTEX_POINT('',#11740);
#11740 = CARTESIAN_POINT('',(-12.7,34.267875401713,3.));
#11741 = CIRCLE('',#11742,1.7);
#11742 = AXIS2_PLACEMENT_3D('',#11743,#11744,#11745);
#11743 = CARTESIAN_POINT('',(-11.,34.267875401713,3.));
#11744 = DIRECTION('',(0.,0.,-1.));
#11745 = DIRECTION('',(-1.,0.,0.));
#11746 = ORIENTED_EDGE('',*,*,#11747,.F.);
#11747 = EDGE_CURVE('',#11748,#11739,#11750,.T.);
#11748 = VERTEX_POINT('',#11749);
#11749 = CARTESIAN_POINT('',(-12.7,20.329649542917,3.));
#11750 = LINE('',#11751,#11752);
#11751 = CARTESIAN_POINT('',(-12.7,20.329649542917,3.));
#11752 = VECTOR('',#11753,1.);
#11753 = DIRECTION('',(0.,1.,0.));
#11754 = ORIENTED_EDGE('',*,*,#11755,.F.);
#11755 = EDGE_CURVE('',#11756,#11748,#11758,.T.);
#11756 = VERTEX_POINT('',#11757);
#11757 = CARTESIAN_POINT('',(-18.02740673711,17.725878830605,3.));
#11758 = CIRCLE('',#11759,3.3);
#11759 = AXIS2_PLACEMENT_3D('',#11760,#11761,#11762);
#11760 = CARTESIAN_POINT('',(-16.,20.329649542917,3.));
#11761 = DIRECTION('',(0.,0.,1.));
#11762 = DIRECTION('',(-0.614365677914,-0.789021427973,0.));
#11763 = ORIENTED_EDGE('',*,*,#11764,.F.);
#11764 = EDGE_CURVE('',#11765,#11756,#11767,.T.);
#11765 = VERTEX_POINT('',#11766);
#11766 = CARTESIAN_POINT('',(-39.33444050928,34.316442513268,3.));
#11767 = LINE('',#11768,#11769);
#11768 = CARTESIAN_POINT('',(-39.33444050928,34.316442513268,3.));
#11769 = VECTOR('',#11770,1.);
#11770 = DIRECTION('',(0.789021427973,-0.614365677914,0.));
#11771 = ORIENTED_EDGE('',*,*,#11772,.F.);
#11772 = EDGE_CURVE('',#11773,#11765,#11775,.T.);
#11773 = VERTEX_POINT('',#11774);
#11774 = CARTESIAN_POINT('',(-40.58867167966,37.267851894418,3.));
#11775 = CIRCLE('',#11776,3.3);
#11776 = AXIS2_PLACEMENT_3D('',#11777,#11778,#11779);
#11777 = CARTESIAN_POINT('',(-37.30703377216,36.92021322558,3.));
#11778 = DIRECTION('',(0.,0.,1.));
#11779 = DIRECTION('',(-0.994435729545,0.105345051163,0.));
#11780 = ORIENTED_EDGE('',*,*,#11781,.F.);
#11781 = EDGE_CURVE('',#11782,#11773,#11784,.T.);
#11782 = VERTEX_POINT('',#11783);
#11783 = CARTESIAN_POINT('',(-40.59158361816,38.759133120885,3.));
#11784 = CIRCLE('',#11785,6.95);
#11785 = AXIS2_PLACEMENT_3D('',#11786,#11787,#11788);
#11786 = CARTESIAN_POINT('',(-47.5,38.,3.));
#11787 = DIRECTION('',(0.,0.,-1.));
#11788 = DIRECTION('',(0.994016745587,0.109227787178,0.));
#11789 = ORIENTED_EDGE('',*,*,#11790,.F.);
#11790 = EDGE_CURVE('',#11791,#11782,#11793,.T.);
#11791 = VERTEX_POINT('',#11792);
#11792 = CARTESIAN_POINT('',(-41.58875220285,40.572563881002,3.));
#11793 = CIRCLE('',#11794,2.7);
#11794 = AXIS2_PLACEMENT_3D('',#11795,#11796,#11797);
#11795 = CARTESIAN_POINT('',(-43.27542883125,38.464218095505,3.));
#11796 = DIRECTION('',(0.,0.,-1.));
#11797 = DIRECTION('',(0.624695047554,0.780868809443,0.));
#11798 = ORIENTED_EDGE('',*,*,#11799,.F.);
#11799 = EDGE_CURVE('',#11800,#11791,#11802,.T.);
#11800 = VERTEX_POINT('',#11801);
#11801 = CARTESIAN_POINT('',(-47.82603341933,45.562388854186,3.));
#11802 = LINE('',#11803,#11804);
#11803 = CARTESIAN_POINT('',(-47.82603341933,45.562388854186,3.));
#11804 = VECTOR('',#11805,1.);
#11805 = DIRECTION('',(0.780868809443,-0.624695047554,0.));
#11806 = ORIENTED_EDGE('',*,*,#11807,.F.);
#11807 = EDGE_CURVE('',#11808,#11800,#11810,.T.);
#11808 = VERTEX_POINT('',#11809);
#11809 = CARTESIAN_POINT('',(-50.27232783819,46.044985139136,3.));
#11810 = CIRCLE('',#11811,2.7);
#11811 = AXIS2_PLACEMENT_3D('',#11812,#11813,#11814);
#11812 = CARTESIAN_POINT('',(-49.51271004773,43.454043068689,3.));
#11813 = DIRECTION('',(0.,0.,-1.));
#11814 = DIRECTION('',(-0.281339922394,0.959608174239,0.));
#11815 = ORIENTED_EDGE('',*,*,#11816,.F.);
#11816 = EDGE_CURVE('',#11817,#11808,#11819,.T.);
#11817 = VERTEX_POINT('',#11818);
#11818 = CARTESIAN_POINT('',(-53.78855362886,45.014090741168,3.));
#11819 = LINE('',#11820,#11821);
#11820 = CARTESIAN_POINT('',(-53.78855362886,45.014090741168,3.));
#11821 = VECTOR('',#11822,1.);
#11822 = DIRECTION('',(0.959608174239,0.281339922394,0.));
#11823 = ORIENTED_EDGE('',*,*,#11824,.F.);
#11824 = EDGE_CURVE('',#11825,#11817,#11827,.T.);
#11825 = VERTEX_POINT('',#11826);
#11826 = CARTESIAN_POINT('',(-55.72342956845,42.595495816687,3.));
#11827 = CIRCLE('',#11828,2.7);
#11828 = AXIS2_PLACEMENT_3D('',#11829,#11830,#11831);
#11829 = CARTESIAN_POINT('',(-53.0289358384,42.423148670722,3.));
#11830 = DIRECTION('',(0.,0.,-1.));
#11831 = DIRECTION('',(-0.997960640759,6.38322762834E-02,0.));
#11832 = ORIENTED_EDGE('',*,*,#11833,.F.);
#11833 = EDGE_CURVE('',#11834,#11825,#11836,.T.);
#11834 = VERTEX_POINT('',#11835);
#11835 = CARTESIAN_POINT('',(-55.95732575876,38.938737738432,3.));
#11836 = LINE('',#11837,#11838);
#11837 = CARTESIAN_POINT('',(-55.95732575876,38.938737738432,3.));
#11838 = VECTOR('',#11839,1.);
#11839 = DIRECTION('',(6.38322762834E-02,0.997960640759,0.));
#11840 = ORIENTED_EDGE('',*,*,#11841,.F.);
#11841 = EDGE_CURVE('',#11842,#11834,#11844,.T.);
#11842 = VERTEX_POINT('',#11843);
#11843 = CARTESIAN_POINT('',(-54.9495086571,36.65804480697,3.));
#11844 = CIRCLE('',#11845,2.7);
#11845 = AXIS2_PLACEMENT_3D('',#11846,#11847,#11848);
#11846 = CARTESIAN_POINT('',(-53.26283202871,38.766390592467,3.));
#11847 = DIRECTION('',(-0.,0.,-1.));
#11848 = DIRECTION('',(-0.624695047554,-0.780868809443,0.));
#11849 = ORIENTED_EDGE('',*,*,#11850,.F.);
#11850 = EDGE_CURVE('',#11851,#11842,#11853,.T.);
#11851 = VERTEX_POINT('',#11852);
#11852 = CARTESIAN_POINT('',(-48.71222744062,31.668219833786,3.));
#11853 = LINE('',#11854,#11855);
#11854 = CARTESIAN_POINT('',(-48.71222744062,31.668219833786,3.));
#11855 = VECTOR('',#11856,1.);
#11856 = DIRECTION('',(-0.780868809443,0.624695047554,0.));
#11857 = ORIENTED_EDGE('',*,*,#11858,.F.);
#11858 = EDGE_CURVE('',#11859,#11851,#11861,.T.);
#11859 = VERTEX_POINT('',#11860);
#11860 = CARTESIAN_POINT('',(-46.72413603412,31.093442600944,3.));
#11861 = CIRCLE('',#11862,2.7);
#11862 = AXIS2_PLACEMENT_3D('',#11863,#11864,#11865);
#11863 = CARTESIAN_POINT('',(-47.02555081223,33.776565619283,3.));
#11864 = DIRECTION('',(0.,-0.,-1.));
#11865 = DIRECTION('',(0.111635103004,-0.993749266051,0.));
#11866 = ORIENTED_EDGE('',*,*,#11867,.F.);
#11867 = EDGE_CURVE('',#11868,#11859,#11870,.T.);
#11868 = VERTEX_POINT('',#11869);
#11869 = CARTESIAN_POINT('',(-45.26892025669,31.417843576835,3.));
#11870 = CIRCLE('',#11871,6.95);
#11871 = AXIS2_PLACEMENT_3D('',#11872,#11873,#11874);
#11872 = CARTESIAN_POINT('',(-47.5,38.,3.));
#11873 = DIRECTION('',(0.,-0.,-1.));
#11874 = DIRECTION('',(0.321018668101,-0.947072866642,0.));
#11875 = ORIENTED_EDGE('',*,*,#11876,.F.);
#11876 = EDGE_CURVE('',#11877,#11868,#11879,.T.);
#11877 = VERTEX_POINT('',#11878);
#11878 = CARTESIAN_POINT('',(-42.11373598213,30.841527898406,3.));
#11879 = CIRCLE('',#11880,3.3);
#11880 = AXIS2_PLACEMENT_3D('',#11881,#11882,#11883);
#11881 = CARTESIAN_POINT('',(-44.20955865196,28.292503116915,3.));
#11882 = DIRECTION('',(0.,-0.,1.));
#11883 = DIRECTION('',(0.635097778734,0.772431751967,0.));
#11884 = ORIENTED_EDGE('',*,*,#11885,.F.);
#11885 = EDGE_CURVE('',#11886,#11877,#11888,.T.);
#11886 = VERTEX_POINT('',#11887);
#11887 = CARTESIAN_POINT('',(-18.93540025043,11.784168461184,3.));
#11888 = LINE('',#11889,#11890);
#11889 = CARTESIAN_POINT('',(-18.93540025043,11.784168461184,3.));
#11890 = VECTOR('',#11891,1.);
#11891 = DIRECTION('',(-0.772431751967,0.635097778734,0.));
#11892 = ORIENTED_EDGE('',*,*,#11893,.F.);
#11893 = EDGE_CURVE('',#11894,#11886,#11896,.T.);
#11894 = VERTEX_POINT('',#11895);
#11895 = CARTESIAN_POINT('',(-17.73122292025,9.235143679693,3.));
#11896 = CIRCLE('',#11897,3.3);
#11897 = AXIS2_PLACEMENT_3D('',#11898,#11899,#11900);
#11898 = CARTESIAN_POINT('',(-21.03122292025,9.235143679693,3.));
#11899 = DIRECTION('',(0.,0.,1.));
#11900 = DIRECTION('',(1.,0.,-0.));
#11901 = ORIENTED_EDGE('',*,*,#11902,.F.);
#11902 = EDGE_CURVE('',#11903,#11894,#11905,.T.);
#11903 = VERTEX_POINT('',#11904);
#11904 = CARTESIAN_POINT('',(-17.73122292025,3.919183588453,3.));
#11905 = LINE('',#11906,#11907);
#11906 = CARTESIAN_POINT('',(-17.73122292025,3.919183588453,3.));
#11907 = VECTOR('',#11908,1.);
#11908 = DIRECTION('',(0.,1.,0.));
#11909 = ORIENTED_EDGE('',*,*,#11910,.F.);
#11910 = EDGE_CURVE('',#11911,#11903,#11913,.T.);
#11911 = VERTEX_POINT('',#11912);
#11912 = CARTESIAN_POINT('',(-18.9857683748,1.870519439944,3.));
#11913 = CIRCLE('',#11914,2.3);
#11914 = AXIS2_PLACEMENT_3D('',#11915,#11916,#11917);
#11915 = CARTESIAN_POINT('',(-20.03122292025,3.919183588453,3.));
#11916 = DIRECTION('',(-0.,0.,1.));
#11917 = DIRECTION('',(0.454545454545,-0.89072354283,0.));
#11918 = ORIENTED_EDGE('',*,*,#11919,.F.);
#11919 = EDGE_CURVE('',#11920,#11911,#11922,.T.);
#11920 = VERTEX_POINT('',#11921);
#11921 = CARTESIAN_POINT('',(-18.9857683748,-1.870519439944,3.));
#11922 = CIRCLE('',#11923,2.1);
#11923 = AXIS2_PLACEMENT_3D('',#11924,#11925,#11926);
#11924 = CARTESIAN_POINT('',(-18.03122292025,0.,3.));
#11925 = DIRECTION('',(-0.,0.,-1.));
#11926 = DIRECTION('',(-0.454545454545,-0.89072354283,0.));
#11927 = ORIENTED_EDGE('',*,*,#11928,.F.);
#11928 = EDGE_CURVE('',#11929,#11920,#11931,.T.);
#11929 = VERTEX_POINT('',#11930);
#11930 = CARTESIAN_POINT('',(-17.73122292025,-3.919183588453,3.));
#11931 = CIRCLE('',#11932,2.3);
#11932 = AXIS2_PLACEMENT_3D('',#11933,#11934,#11935);
#11933 = CARTESIAN_POINT('',(-20.03122292025,-3.919183588453,3.));
#11934 = DIRECTION('',(0.,-0.,1.));
#11935 = DIRECTION('',(1.,2.2E-16,0.));
#11936 = ORIENTED_EDGE('',*,*,#11937,.F.);
#11937 = EDGE_CURVE('',#11938,#11929,#11940,.T.);
#11938 = VERTEX_POINT('',#11939);
#11939 = CARTESIAN_POINT('',(-17.73122292025,-9.235143679693,3.));
#11940 = LINE('',#11941,#11942);
#11941 = CARTESIAN_POINT('',(-17.73122292025,-9.235143679693,3.));
#11942 = VECTOR('',#11943,1.);
#11943 = DIRECTION('',(0.,1.,0.));
#11944 = ORIENTED_EDGE('',*,*,#11945,.F.);
#11945 = EDGE_CURVE('',#11946,#11938,#11948,.T.);
#11946 = VERTEX_POINT('',#11947);
#11947 = CARTESIAN_POINT('',(-18.93540025043,-11.78416846118,3.));
#11948 = CIRCLE('',#11949,3.3);
#11949 = AXIS2_PLACEMENT_3D('',#11950,#11951,#11952);
#11950 = CARTESIAN_POINT('',(-21.03122292025,-9.235143679693,3.));
#11951 = DIRECTION('',(-0.,0.,1.));
#11952 = DIRECTION('',(0.635097778734,-0.772431751967,0.));
#11953 = ORIENTED_EDGE('',*,*,#11954,.F.);
#11954 = EDGE_CURVE('',#11955,#11946,#11957,.T.);
#11955 = VERTEX_POINT('',#11956);
#11956 = CARTESIAN_POINT('',(-42.11373598213,-30.8415278984,3.));
#11957 = LINE('',#11958,#11959);
#11958 = CARTESIAN_POINT('',(-42.11373598213,-30.8415278984,3.));
#11959 = VECTOR('',#11960,1.);
#11960 = DIRECTION('',(0.772431751967,0.635097778734,0.));
#11961 = ORIENTED_EDGE('',*,*,#11962,.F.);
#11962 = EDGE_CURVE('',#11963,#11955,#11965,.T.);
#11963 = VERTEX_POINT('',#11964);
#11964 = CARTESIAN_POINT('',(-45.26892025669,-31.41784357683,3.));
#11965 = CIRCLE('',#11966,3.3);
#11966 = AXIS2_PLACEMENT_3D('',#11967,#11968,#11969);
#11967 = CARTESIAN_POINT('',(-44.20955865196,-28.29250311691,3.));
#11968 = DIRECTION('',(0.,0.,1.));
#11969 = DIRECTION('',(-0.321018668101,-0.947072866642,0.));
#11970 = ORIENTED_EDGE('',*,*,#11971,.F.);
#11971 = EDGE_CURVE('',#11972,#11963,#11974,.T.);
#11972 = VERTEX_POINT('',#11973);
#11973 = CARTESIAN_POINT('',(-46.67934930277,-31.09862097598,3.));
#11974 = CIRCLE('',#11975,6.95);
#11975 = AXIS2_PLACEMENT_3D('',#11976,#11977,#11978);
#11976 = CARTESIAN_POINT('',(-47.5,-38.,3.));
#11977 = DIRECTION('',(0.,0.,-1.));
#11978 = DIRECTION('',(0.11807923701,0.993004176118,0.));
#11979 = ORIENTED_EDGE('',*,*,#11980,.F.);
#11980 = EDGE_CURVE('',#11981,#11972,#11983,.T.);
#11981 = VERTEX_POINT('',#11982);
#11982 = CARTESIAN_POINT('',(-48.6848398711,-31.671386466,3.));
#11983 = CIRCLE('',#11984,2.7);
#11984 = AXIS2_PLACEMENT_3D('',#11985,#11986,#11987);
#11985 = CARTESIAN_POINT('',(-46.9981632427,-33.7797322515,3.));
#11986 = DIRECTION('',(0.,0.,-1.));
#11987 = DIRECTION('',(-0.624695047554,0.780868809443,0.));
#11988 = ORIENTED_EDGE('',*,*,#11989,.F.);
#11989 = EDGE_CURVE('',#11990,#11981,#11992,.T.);
#11990 = VERTEX_POINT('',#11991);
#11991 = CARTESIAN_POINT('',(-55.00787239422,-36.7298124845,3.));
#11992 = LINE('',#11993,#11994);
#11993 = CARTESIAN_POINT('',(-55.00787239422,-36.7298124845,3.));
#11994 = VECTOR('',#11995,1.);
#11995 = DIRECTION('',(0.780868809443,0.624695047554,0.));
#11996 = ORIENTED_EDGE('',*,*,#11997,.F.);
#11997 = EDGE_CURVE('',#11998,#11990,#12000,.T.);
#11998 = VERTEX_POINT('',#11999);
#11999 = CARTESIAN_POINT('',(-56.02045717725,-38.77500898066,3.));
#12000 = CIRCLE('',#12001,2.7);
#12001 = AXIS2_PLACEMENT_3D('',#12002,#12003,#12004);
#12002 = CARTESIAN_POINT('',(-53.32119576582,-38.83815826999,3.));
#12003 = DIRECTION('',(0.,0.,-1.));
#12004 = DIRECTION('',(-0.999726448679,2.338862567765E-02,0.));
#12005 = ORIENTED_EDGE('',*,*,#12006,.F.);
#12006 = EDGE_CURVE('',#12007,#11998,#12009,.T.);
#12007 = VERTEX_POINT('',#12008);
#12008 = CARTESIAN_POINT('',(-56.11150205941,-42.66664322905,3.));
#12009 = LINE('',#12010,#12011);
#12010 = CARTESIAN_POINT('',(-56.11150205941,-42.66664322905,3.));
#12011 = VECTOR('',#12012,1.);
#12012 = DIRECTION('',(2.338862567765E-02,0.999726448679,0.));
#12013 = ORIENTED_EDGE('',*,*,#12014,.F.);
#12014 = EDGE_CURVE('',#12015,#12007,#12017,.T.);
#12015 = VERTEX_POINT('',#12016);
#12016 = CARTESIAN_POINT('',(-53.94315238285,-45.37708032476,3.));
#12017 = CIRCLE('',#12018,2.7);
#12018 = AXIS2_PLACEMENT_3D('',#12019,#12020,#12021);
#12019 = CARTESIAN_POINT('',(-53.41224064798,-42.72979251838,3.));
#12020 = DIRECTION('',(-0.,0.,-1.));
#12021 = DIRECTION('',(-0.196633975878,-0.980476965324,0.));
#12022 = ORIENTED_EDGE('',*,*,#12023,.F.);
#12023 = EDGE_CURVE('',#12024,#12015,#12026,.T.);
#12024 = VERTEX_POINT('',#12025);
#12025 = CARTESIAN_POINT('',(-50.12645058102,-46.14251722596,3.));
#12026 = LINE('',#12027,#12028);
#12027 = CARTESIAN_POINT('',(-50.12645058102,-46.14251722596,3.));
#12028 = VECTOR('',#12029,1.);
#12029 = DIRECTION('',(-0.980476965324,0.196633975878,0.));
#12030 = ORIENTED_EDGE('',*,*,#12031,.F.);
#12031 = EDGE_CURVE('',#12032,#12024,#12034,.T.);
#12032 = VERTEX_POINT('',#12033);
#12033 = CARTESIAN_POINT('',(-47.90886221775,-45.60357520508,3.));
#12034 = CIRCLE('',#12035,2.7);
#12035 = AXIS2_PLACEMENT_3D('',#12036,#12037,#12038);
#12036 = CARTESIAN_POINT('',(-49.59553884615,-43.49522941958,3.));
#12037 = DIRECTION('',(0.,-0.,-1.));
#12038 = DIRECTION('',(0.624695047554,-0.780868809443,0.));
#12039 = ORIENTED_EDGE('',*,*,#12040,.F.);
#12040 = EDGE_CURVE('',#12041,#12032,#12043,.T.);
#12041 = VERTEX_POINT('',#12042);
#12042 = CARTESIAN_POINT('',(-41.58582969463,-40.54514918658,3.));
#12043 = LINE('',#12044,#12045);
#12044 = CARTESIAN_POINT('',(-41.58582969463,-40.54514918658,3.));
#12045 = VECTOR('',#12046,1.);
#12046 = DIRECTION('',(-0.780868809443,-0.624695047554,0.));
#12047 = ORIENTED_EDGE('',*,*,#12048,.F.);
#12048 = EDGE_CURVE('',#12049,#12041,#12051,.T.);
#12049 = VERTEX_POINT('',#12050);
#12050 = CARTESIAN_POINT('',(-40.58680445766,-38.71430203237,3.));
#12051 = CIRCLE('',#12052,2.7);
#12052 = AXIS2_PLACEMENT_3D('',#12053,#12054,#12055);
#12053 = CARTESIAN_POINT('',(-43.27250632303,-38.43680340109,3.));
#12054 = DIRECTION('',(0.,-0.,-1.));
#12055 = DIRECTION('',(0.99470439458,-0.102777270845,0.));
#12056 = ORIENTED_EDGE('',*,*,#12057,.F.);
#12057 = EDGE_CURVE('',#12058,#12049,#12060,.T.);
#12058 = VERTEX_POINT('',#12059);
#12059 = CARTESIAN_POINT('',(-40.58867167966,-37.26785189441,3.));
#12060 = CIRCLE('',#12061,6.95);
#12061 = AXIS2_PLACEMENT_3D('',#12062,#12063,#12064);
#12062 = CARTESIAN_POINT('',(-47.5,-38.,3.));
#12063 = DIRECTION('',(0.,0.,-1.));
#12064 = DIRECTION('',(0.994435729545,0.105345051163,0.));
#12065 = ORIENTED_EDGE('',*,*,#12066,.F.);
#12066 = EDGE_CURVE('',#12067,#12058,#12069,.T.);
#12067 = VERTEX_POINT('',#12068);
#12068 = CARTESIAN_POINT('',(-39.33444050928,-34.31644251326,3.));
#12069 = CIRCLE('',#12070,3.3);
#12070 = AXIS2_PLACEMENT_3D('',#12071,#12072,#12073);
#12071 = CARTESIAN_POINT('',(-37.30703377216,-36.92021322558,3.));
#12072 = DIRECTION('',(0.,0.,1.));
#12073 = DIRECTION('',(-0.614365677914,0.789021427973,0.));
#12074 = ORIENTED_EDGE('',*,*,#12075,.F.);
#12075 = EDGE_CURVE('',#12076,#12067,#12078,.T.);
#12076 = VERTEX_POINT('',#12077);
#12077 = CARTESIAN_POINT('',(-17.23664076105,-17.11015477327,3.));
#12078 = LINE('',#12079,#12080);
#12079 = CARTESIAN_POINT('',(-17.23664076105,-17.11015477327,3.));
#12080 = VECTOR('',#12081,1.);
#12081 = DIRECTION('',(-0.789021427973,-0.614365677914,-0.));
#12082 = ORIENTED_EDGE('',*,*,#12083,.F.);
#12083 = EDGE_CURVE('',#12084,#12076,#12086,.T.);
#12084 = VERTEX_POINT('',#12085);
#12085 = CARTESIAN_POINT('',(-11.94536518115,-19.22693454409,3.));
#12086 = CIRCLE('',#12087,3.3);
#12087 = AXIS2_PLACEMENT_3D('',#12088,#12089,#12090);
#12088 = CARTESIAN_POINT('',(-15.20923402393,-19.71392548558,3.));
#12089 = DIRECTION('',(0.,-0.,1.));
#12090 = DIRECTION('',(0.989051164481,0.147573012571,0.));
#12091 = ORIENTED_EDGE('',*,*,#12092,.F.);
#12092 = EDGE_CURVE('',#12093,#12084,#12095,.T.);
#12093 = VERTEX_POINT('',#12094);
#12094 = CARTESIAN_POINT('',(-8.957660203811,-39.25087412137,3.));
#12095 = LINE('',#12096,#12097);
#12096 = CARTESIAN_POINT('',(-8.957660203811,-39.25087412137,3.));
#12097 = VECTOR('',#12098,1.);
#12098 = DIRECTION('',(-0.147573012571,0.989051164481,0.));
#12099 = ORIENTED_EDGE('',*,*,#12100,.F.);
#12100 = EDGE_CURVE('',#12101,#12093,#12103,.T.);
#12101 = VERTEX_POINT('',#12102);
#12102 = CARTESIAN_POINT('',(-7.276273224194,-40.7,3.));
#12103 = CIRCLE('',#12104,1.7);
#12104 = AXIS2_PLACEMENT_3D('',#12105,#12106,#12107);
#12105 = CARTESIAN_POINT('',(-7.276273224194,-39.,3.));
#12106 = DIRECTION('',(-0.,-0.,-1.));
#12107 = DIRECTION('',(0.,-1.,0.));
#12108 = ORIENTED_EDGE('',*,*,#12109,.F.);
#12109 = EDGE_CURVE('',#12110,#12101,#12112,.T.);
#12110 = VERTEX_POINT('',#12111);
#12111 = CARTESIAN_POINT('',(7.276273224195,-40.7,3.));
#12112 = LINE('',#12113,#12114);
#12113 = CARTESIAN_POINT('',(7.276273224195,-40.7,3.));
#12114 = VECTOR('',#12115,1.);
#12115 = DIRECTION('',(-1.,-0.,-0.));
#12116 = ORIENTED_EDGE('',*,*,#12117,.F.);
#12117 = EDGE_CURVE('',#12118,#12110,#12120,.T.);
#12118 = VERTEX_POINT('',#12119);
#12119 = CARTESIAN_POINT('',(8.957660203812,-39.25087412137,3.));
#12120 = CIRCLE('',#12121,1.7);
#12121 = AXIS2_PLACEMENT_3D('',#12122,#12123,#12124);
#12122 = CARTESIAN_POINT('',(7.276273224195,-39.,3.));
#12123 = DIRECTION('',(0.,-0.,-1.));
#12124 = DIRECTION('',(0.989051164481,-0.147573012572,0.));
#12125 = ORIENTED_EDGE('',*,*,#12126,.F.);
#12126 = EDGE_CURVE('',#12127,#12118,#12129,.T.);
#12127 = VERTEX_POINT('',#12128);
#12128 = CARTESIAN_POINT('',(11.94536518115,-19.22693454421,3.));
#12129 = LINE('',#12130,#12131);
#12130 = CARTESIAN_POINT('',(11.94536518115,-19.22693454421,3.));
#12131 = VECTOR('',#12132,1.);
#12132 = DIRECTION('',(-0.147573012572,-0.989051164481,-0.));
#12133 = ORIENTED_EDGE('',*,*,#12134,.F.);
#12134 = EDGE_CURVE('',#12135,#12127,#12137,.T.);
#12135 = VERTEX_POINT('',#12136);
#12136 = CARTESIAN_POINT('',(17.236640761045,-17.11015477338,3.));
#12137 = CIRCLE('',#12138,3.3);
#12138 = AXIS2_PLACEMENT_3D('',#12139,#12140,#12141);
#12139 = CARTESIAN_POINT('',(15.209234023936,-19.71392548569,3.));
#12140 = DIRECTION('',(0.,-0.,1.));
#12141 = DIRECTION('',(0.614365677912,0.789021427975,0.));
#12142 = ORIENTED_EDGE('',*,*,#12143,.F.);
#12143 = EDGE_CURVE('',#12144,#12135,#12146,.T.);
#12144 = VERTEX_POINT('',#12145);
#12145 = CARTESIAN_POINT('',(39.334440509273,-34.31644251326,3.));
#12146 = LINE('',#12147,#12148);
#12147 = CARTESIAN_POINT('',(39.334440509273,-34.31644251326,3.));
#12148 = VECTOR('',#12149,1.);
#12149 = DIRECTION('',(-0.789021427975,0.614365677912,0.));
#12150 = ORIENTED_EDGE('',*,*,#12151,.F.);
#12151 = EDGE_CURVE('',#12152,#12144,#12154,.T.);
#12152 = VERTEX_POINT('',#12153);
#12153 = CARTESIAN_POINT('',(40.588671679663,-37.26785189442,3.));
#12154 = CIRCLE('',#12155,3.3);
#12155 = AXIS2_PLACEMENT_3D('',#12156,#12157,#12158);
#12156 = CARTESIAN_POINT('',(37.307033772164,-36.92021322558,3.));
#12157 = DIRECTION('',(-0.,0.,1.));
#12158 = DIRECTION('',(0.994435729545,-0.105345051162,0.));
#12159 = ORIENTED_EDGE('',*,*,#12160,.F.);
#12160 = EDGE_CURVE('',#12161,#12152,#12163,.T.);
#12161 = VERTEX_POINT('',#12162);
#12162 = CARTESIAN_POINT('',(40.591583618167,-38.75913312088,3.));
#12163 = CIRCLE('',#12164,6.95);
#12164 = AXIS2_PLACEMENT_3D('',#12165,#12166,#12167);
#12165 = CARTESIAN_POINT('',(47.5,-38.,3.));
#12166 = DIRECTION('',(-0.,0.,-1.));
#12167 = DIRECTION('',(-0.994016745587,-0.109227787178,0.));
#12168 = ORIENTED_EDGE('',*,*,#12169,.F.);
#12169 = EDGE_CURVE('',#12170,#12161,#12172,.T.);
#12170 = VERTEX_POINT('',#12171);
#12171 = CARTESIAN_POINT('',(41.588752202856,-40.572563881,3.));
#12172 = CIRCLE('',#12173,2.7);
#12173 = AXIS2_PLACEMENT_3D('',#12174,#12175,#12176);
#12174 = CARTESIAN_POINT('',(43.275428831253,-38.4642180955,3.));
#12175 = DIRECTION('',(-0.,0.,-1.));
#12176 = DIRECTION('',(-0.624695047554,-0.780868809443,0.));
#12177 = ORIENTED_EDGE('',*,*,#12178,.F.);
#12178 = EDGE_CURVE('',#12179,#12170,#12181,.T.);
#12179 = VERTEX_POINT('',#12180);
#12180 = CARTESIAN_POINT('',(47.826033419337,-45.56238885418,3.));
#12181 = LINE('',#12182,#12183);
#12182 = CARTESIAN_POINT('',(47.826033419337,-45.56238885418,3.));
#12183 = VECTOR('',#12184,1.);
#12184 = DIRECTION('',(-0.780868809443,0.624695047554,0.));
#12185 = ORIENTED_EDGE('',*,*,#12186,.F.);
#12186 = EDGE_CURVE('',#12187,#12179,#12189,.T.);
#12187 = VERTEX_POINT('',#12188);
#12188 = CARTESIAN_POINT('',(50.272327838198,-46.04498513913,3.));
#12189 = CIRCLE('',#12190,2.7);
#12190 = AXIS2_PLACEMENT_3D('',#12191,#12192,#12193);
#12191 = CARTESIAN_POINT('',(49.512710047733,-43.45404306868,3.));
#12192 = DIRECTION('',(0.,-0.,-1.));
#12193 = DIRECTION('',(0.281339922394,-0.959608174239,0.));
#12194 = ORIENTED_EDGE('',*,*,#12195,.F.);
#12195 = EDGE_CURVE('',#12196,#12187,#12198,.T.);
#12196 = VERTEX_POINT('',#12197);
#12197 = CARTESIAN_POINT('',(53.788553628867,-45.01409074116,3.));
#12198 = LINE('',#12199,#12200);
#12199 = CARTESIAN_POINT('',(53.788553628867,-45.01409074116,3.));
#12200 = VECTOR('',#12201,1.);
#12201 = DIRECTION('',(-0.959608174239,-0.281339922394,-0.));
#12202 = ORIENTED_EDGE('',*,*,#12203,.F.);
#12203 = EDGE_CURVE('',#12204,#12196,#12206,.T.);
#12204 = VERTEX_POINT('',#12205);
#12205 = CARTESIAN_POINT('',(55.723429568452,-42.59549581668,3.));
#12206 = CIRCLE('',#12207,2.7);
#12207 = AXIS2_PLACEMENT_3D('',#12208,#12209,#12210);
#12208 = CARTESIAN_POINT('',(53.028935838402,-42.42314867072,3.));
#12209 = DIRECTION('',(0.,-0.,-1.));
#12210 = DIRECTION('',(0.997960640759,-6.38322762834E-02,0.));
#12211 = ORIENTED_EDGE('',*,*,#12212,.F.);
#12212 = EDGE_CURVE('',#12213,#12204,#12215,.T.);
#12213 = VERTEX_POINT('',#12214);
#12214 = CARTESIAN_POINT('',(55.957325758761,-38.93873773843,3.));
#12215 = LINE('',#12216,#12217);
#12216 = CARTESIAN_POINT('',(55.957325758761,-38.93873773843,3.));
#12217 = VECTOR('',#12218,1.);
#12218 = DIRECTION('',(-6.38322762834E-02,-0.997960640759,0.));
#12219 = ORIENTED_EDGE('',*,*,#12220,.F.);
#12220 = EDGE_CURVE('',#12221,#12213,#12223,.T.);
#12221 = VERTEX_POINT('',#12222);
#12222 = CARTESIAN_POINT('',(54.949508657109,-36.65804480697,3.));
#12223 = CIRCLE('',#12224,2.7);
#12224 = AXIS2_PLACEMENT_3D('',#12225,#12226,#12227);
#12225 = CARTESIAN_POINT('',(53.262832028712,-38.76639059246,3.));
#12226 = DIRECTION('',(0.,0.,-1.));
#12227 = DIRECTION('',(0.624695047554,0.780868809443,0.));
#12228 = ORIENTED_EDGE('',*,*,#12229,.F.);
#12229 = EDGE_CURVE('',#12230,#12221,#12232,.T.);
#12230 = VERTEX_POINT('',#12231);
#12231 = CARTESIAN_POINT('',(48.712227440629,-31.66821983378,3.));
#12232 = LINE('',#12233,#12234);
#12233 = CARTESIAN_POINT('',(48.712227440629,-31.66821983378,3.));
#12234 = VECTOR('',#12235,1.);
#12235 = DIRECTION('',(0.780868809443,-0.624695047554,0.));
#12236 = ORIENTED_EDGE('',*,*,#12237,.F.);
#12237 = EDGE_CURVE('',#12238,#12230,#12240,.T.);
#12238 = VERTEX_POINT('',#12239);
#12239 = CARTESIAN_POINT('',(46.72413603412,-31.09344260094,3.));
#12240 = CIRCLE('',#12241,2.7);
#12241 = AXIS2_PLACEMENT_3D('',#12242,#12243,#12244);
#12242 = CARTESIAN_POINT('',(47.025550812232,-33.77656561928,3.));
#12243 = DIRECTION('',(0.,0.,-1.));
#12244 = DIRECTION('',(-0.111635103004,0.993749266051,0.));
#12245 = ORIENTED_EDGE('',*,*,#12246,.F.);
#12246 = EDGE_CURVE('',#12247,#12238,#12249,.T.);
#12247 = VERTEX_POINT('',#12248);
#12248 = CARTESIAN_POINT('',(45.268920256678,-31.41784357684,3.));
#12249 = CIRCLE('',#12250,6.95);
#12250 = AXIS2_PLACEMENT_3D('',#12251,#12252,#12253);
#12251 = CARTESIAN_POINT('',(47.5,-38.,3.));
#12252 = DIRECTION('',(0.,0.,-1.));
#12253 = DIRECTION('',(-0.321018668104,0.947072866642,0.));
#12254 = ORIENTED_EDGE('',*,*,#12255,.F.);
#12255 = EDGE_CURVE('',#12256,#12247,#12258,.T.);
#12256 = VERTEX_POINT('',#12257);
#12257 = CARTESIAN_POINT('',(42.113735982144,-30.84152789844,3.));
#12258 = CIRCLE('',#12259,3.3);
#12259 = AXIS2_PLACEMENT_3D('',#12260,#12261,#12262);
#12260 = CARTESIAN_POINT('',(44.209558651935,-28.29250311692,3.));
#12261 = DIRECTION('',(0.,0.,1.));
#12262 = DIRECTION('',(-0.635097778724,-0.772431751975,0.));
#12263 = ORIENTED_EDGE('',*,*,#12264,.F.);
#12264 = EDGE_CURVE('',#12265,#12256,#12267,.T.);
#12265 = VERTEX_POINT('',#12266);
#12266 = CARTESIAN_POINT('',(18.935400250467,-11.78416846173,3.));
#12267 = LINE('',#12268,#12269);
#12268 = CARTESIAN_POINT('',(18.935400250466,-11.78416846173,3.));
#12269 = VECTOR('',#12270,1.);
#12270 = DIRECTION('',(0.772431751975,-0.635097778724,0.));
#12271 = ORIENTED_EDGE('',*,*,#12272,.F.);
#12272 = EDGE_CURVE('',#12273,#12265,#12275,.T.);
#12273 = VERTEX_POINT('',#12274);
#12274 = CARTESIAN_POINT('',(17.731222920257,-9.235143680215,3.));
#12275 = CIRCLE('',#12276,3.3);
#12276 = AXIS2_PLACEMENT_3D('',#12277,#12278,#12279);
#12277 = CARTESIAN_POINT('',(21.031222920257,-9.235143680215,3.));
#12278 = DIRECTION('',(0.,0.,1.));
#12279 = DIRECTION('',(-1.,5.9E-16,0.));
#12280 = ORIENTED_EDGE('',*,*,#12281,.F.);
#12281 = EDGE_CURVE('',#12282,#12273,#12284,.T.);
#12282 = VERTEX_POINT('',#12283);
#12283 = CARTESIAN_POINT('',(17.731222920257,-3.919183588453,3.));
#12284 = LINE('',#12285,#12286);
#12285 = CARTESIAN_POINT('',(17.731222920257,-3.919183588453,3.));
#12286 = VECTOR('',#12287,1.);
#12287 = DIRECTION('',(0.,-1.,0.));
#12288 = ORIENTED_EDGE('',*,*,#12289,.F.);
#12289 = EDGE_CURVE('',#12290,#12282,#12292,.T.);
#12290 = VERTEX_POINT('',#12291);
#12291 = CARTESIAN_POINT('',(18.985768374802,-1.870519439944,3.));
#12292 = CIRCLE('',#12293,2.3);
#12293 = AXIS2_PLACEMENT_3D('',#12294,#12295,#12296);
#12294 = CARTESIAN_POINT('',(20.031222920257,-3.919183588453,3.));
#12295 = DIRECTION('',(0.,0.,1.));
#12296 = DIRECTION('',(-0.454545454545,0.89072354283,0.));
#12297 = ORIENTED_EDGE('',*,*,#12298,.F.);
#12298 = EDGE_CURVE('',#12299,#12290,#12301,.T.);
#12299 = VERTEX_POINT('',#12300);
#12300 = CARTESIAN_POINT('',(18.985768374802,1.870519439944,3.));
#12301 = CIRCLE('',#12302,2.1);
#12302 = AXIS2_PLACEMENT_3D('',#12303,#12304,#12305);
#12303 = CARTESIAN_POINT('',(18.031222920257,0.,3.));
#12304 = DIRECTION('',(0.,0.,-1.));
#12305 = DIRECTION('',(0.454545454545,0.89072354283,0.));
#12306 = ORIENTED_EDGE('',*,*,#12307,.F.);
#12307 = EDGE_CURVE('',#12308,#12299,#12310,.T.);
#12308 = VERTEX_POINT('',#12309);
#12309 = CARTESIAN_POINT('',(17.731222920257,3.919183588453,3.));
#12310 = CIRCLE('',#12311,2.3);
#12311 = AXIS2_PLACEMENT_3D('',#12312,#12313,#12314);
#12312 = CARTESIAN_POINT('',(20.031222920257,3.919183588453,3.));
#12313 = DIRECTION('',(0.,0.,1.));
#12314 = DIRECTION('',(-1.,4.4E-16,0.));
#12315 = ORIENTED_EDGE('',*,*,#12316,.F.);
#12316 = EDGE_CURVE('',#12317,#12308,#12319,.T.);
#12317 = VERTEX_POINT('',#12318);
#12318 = CARTESIAN_POINT('',(17.731222920257,9.235143679693,3.));
#12319 = LINE('',#12320,#12321);
#12320 = CARTESIAN_POINT('',(17.731222920257,9.235143679693,3.));
#12321 = VECTOR('',#12322,1.);
#12322 = DIRECTION('',(0.,-1.,0.));
#12323 = ORIENTED_EDGE('',*,*,#12324,.F.);
#12324 = EDGE_CURVE('',#12325,#12317,#12327,.T.);
#12325 = VERTEX_POINT('',#12326);
#12326 = CARTESIAN_POINT('',(18.935400250434,11.784168461184,3.));
#12327 = CIRCLE('',#12328,3.3);
#12328 = AXIS2_PLACEMENT_3D('',#12329,#12330,#12331);
#12329 = CARTESIAN_POINT('',(21.031222920257,9.235143679693,3.));
#12330 = DIRECTION('',(0.,0.,1.));
#12331 = DIRECTION('',(-0.635097778734,0.772431751967,0.));
#12332 = ORIENTED_EDGE('',*,*,#12333,.F.);
#12333 = EDGE_CURVE('',#12334,#12325,#12336,.T.);
#12334 = VERTEX_POINT('',#12335);
#12335 = CARTESIAN_POINT('',(42.113735982138,30.841527898406,3.));
#12336 = LINE('',#12337,#12338);
#12337 = CARTESIAN_POINT('',(42.113735982138,30.841527898406,3.));
#12338 = VECTOR('',#12339,1.);
#12339 = DIRECTION('',(-0.772431751967,-0.635097778734,-0.));
#12340 = ORIENTED_EDGE('',*,*,#12341,.F.);
#12341 = EDGE_CURVE('',#12342,#12334,#12344,.T.);
#12342 = VERTEX_POINT('',#12343);
#12343 = CARTESIAN_POINT('',(45.268920256695,31.417843576835,3.));
#12344 = CIRCLE('',#12345,3.3);
#12345 = AXIS2_PLACEMENT_3D('',#12346,#12347,#12348);
#12346 = CARTESIAN_POINT('',(44.209558651961,28.292503116915,3.));
#12347 = DIRECTION('',(0.,-0.,1.));
#12348 = DIRECTION('',(0.321018668101,0.947072866642,0.));
#12349 = ORIENTED_EDGE('',*,*,#12350,.F.);
#12350 = EDGE_CURVE('',#12351,#12342,#12353,.T.);
#12351 = VERTEX_POINT('',#12352);
#12352 = CARTESIAN_POINT('',(46.679349302778,31.098620975983,3.));
#12353 = CIRCLE('',#12354,6.95);
#12354 = AXIS2_PLACEMENT_3D('',#12355,#12356,#12357);
#12355 = CARTESIAN_POINT('',(47.5,38.,3.));
#12356 = DIRECTION('',(-0.,0.,-1.));
#12357 = DIRECTION('',(-0.11807923701,-0.993004176118,0.));
#12358 = ORIENTED_EDGE('',*,*,#12359,.F.);
#12359 = EDGE_CURVE('',#12360,#12351,#12362,.T.);
#12360 = VERTEX_POINT('',#12361);
#12361 = CARTESIAN_POINT('',(48.684839871103,31.671386466004,3.));
#12362 = CIRCLE('',#12363,2.7);
#12363 = AXIS2_PLACEMENT_3D('',#12364,#12365,#12366);
#12364 = CARTESIAN_POINT('',(46.998163242706,33.7797322515,3.));
#12365 = DIRECTION('',(0.,-0.,-1.));
#12366 = DIRECTION('',(0.624695047554,-0.780868809443,0.));
#12367 = ORIENTED_EDGE('',*,*,#12368,.F.);
#12368 = EDGE_CURVE('',#12369,#12360,#12371,.T.);
#12369 = VERTEX_POINT('',#12370);
#12370 = CARTESIAN_POINT('',(54.947982764174,36.681900780461,3.));
#12371 = LINE('',#12372,#12373);
#12372 = CARTESIAN_POINT('',(54.947982764174,36.681900780461,3.));
#12373 = VECTOR('',#12374,1.);
#12374 = DIRECTION('',(-0.780868809443,-0.624695047554,-0.));
#12375 = ORIENTED_EDGE('',*,*,#12376,.F.);
#12376 = EDGE_CURVE('',#12377,#12369,#12379,.T.);
#12377 = VERTEX_POINT('',#12378);
#12378 = CARTESIAN_POINT('',(55.955799865827,38.962593711922,3.));
#12379 = CIRCLE('',#12380,2.7);
#12380 = AXIS2_PLACEMENT_3D('',#12381,#12382,#12383);
#12381 = CARTESIAN_POINT('',(53.261306135777,38.790246565957,3.));
#12382 = DIRECTION('',(0.,0.,-1.));
#12383 = DIRECTION('',(0.997960640759,6.38322762834E-02,0.));
#12384 = ORIENTED_EDGE('',*,*,#12385,.F.);
#12385 = EDGE_CURVE('',#12386,#12377,#12388,.T.);
#12386 = VERTEX_POINT('',#12387);
#12387 = CARTESIAN_POINT('',(55.723429568452,42.595495816687,3.));
#12388 = LINE('',#12389,#12390);
#12389 = CARTESIAN_POINT('',(55.723429568452,42.595495816687,3.));
#12390 = VECTOR('',#12391,1.);
#12391 = DIRECTION('',(6.38322762834E-02,-0.997960640759,0.));
#12392 = ORIENTED_EDGE('',*,*,#12393,.F.);
#12393 = EDGE_CURVE('',#12394,#12386,#12396,.T.);
#12394 = VERTEX_POINT('',#12395);
#12395 = CARTESIAN_POINT('',(53.788553628867,45.014090741168,3.));
#12396 = CIRCLE('',#12397,2.7);
#12397 = AXIS2_PLACEMENT_3D('',#12398,#12399,#12400);
#12398 = CARTESIAN_POINT('',(53.028935838402,42.423148670722,3.));
#12399 = DIRECTION('',(0.,0.,-1.));
#12400 = DIRECTION('',(0.281339922394,0.959608174239,0.));
#12401 = ORIENTED_EDGE('',*,*,#12402,.F.);
#12402 = EDGE_CURVE('',#12403,#12394,#12405,.T.);
#12403 = VERTEX_POINT('',#12404);
#12404 = CARTESIAN_POINT('',(50.295267006569,46.038259785994,3.));
#12405 = LINE('',#12406,#12407);
#12406 = CARTESIAN_POINT('',(50.295267006569,46.038259785994,3.));
#12407 = VECTOR('',#12408,1.);
#12408 = DIRECTION('',(0.959608174239,-0.281339922394,0.));
#12409 = ORIENTED_EDGE('',*,*,#12410,.F.);
#12410 = EDGE_CURVE('',#12411,#12403,#12413,.T.);
#12411 = VERTEX_POINT('',#12412);
#12412 = CARTESIAN_POINT('',(47.848972587707,45.555663501044,3.));
#12413 = CIRCLE('',#12414,2.7);
#12414 = AXIS2_PLACEMENT_3D('',#12415,#12416,#12417);
#12415 = CARTESIAN_POINT('',(49.535649216104,43.447317715548,3.));
#12416 = DIRECTION('',(0.,0.,-1.));
#12417 = DIRECTION('',(-0.624695047554,0.780868809443,0.));
#12418 = ORIENTED_EDGE('',*,*,#12419,.F.);
#12419 = EDGE_CURVE('',#12420,#12411,#12422,.T.);
#12420 = VERTEX_POINT('',#12421);
#12421 = CARTESIAN_POINT('',(41.585829694636,40.545149186587,3.));
#12422 = LINE('',#12423,#12424);
#12423 = CARTESIAN_POINT('',(41.585829694636,40.545149186587,3.));
#12424 = VECTOR('',#12425,1.);
#12425 = DIRECTION('',(0.780868809443,0.624695047554,0.));
#12426 = ORIENTED_EDGE('',*,*,#12427,.F.);
#12427 = EDGE_CURVE('',#12428,#12420,#12430,.T.);
#12428 = VERTEX_POINT('',#12429);
#12429 = CARTESIAN_POINT('',(40.586804457666,38.714302032372,3.));
#12430 = CIRCLE('',#12431,2.7);
#12431 = AXIS2_PLACEMENT_3D('',#12432,#12433,#12434);
#12432 = CARTESIAN_POINT('',(43.272506323033,38.436803401091,3.));
#12433 = DIRECTION('',(0.,0.,-1.));
#12434 = DIRECTION('',(-0.99470439458,0.102777270845,0.));
#12435 = ORIENTED_EDGE('',*,*,#12436,.F.);
#12436 = EDGE_CURVE('',#12437,#12428,#12439,.T.);
#12437 = VERTEX_POINT('',#12438);
#12438 = CARTESIAN_POINT('',(40.588671679663,37.267851894418,3.));
#12439 = CIRCLE('',#12440,6.95);
#12440 = AXIS2_PLACEMENT_3D('',#12441,#12442,#12443);
#12441 = CARTESIAN_POINT('',(47.5,38.,3.));
#12442 = DIRECTION('',(-0.,0.,-1.));
#12443 = DIRECTION('',(-0.994435729545,-0.105345051163,0.));
#12444 = ORIENTED_EDGE('',*,*,#12445,.F.);
#12445 = EDGE_CURVE('',#12446,#12437,#12448,.T.);
#12446 = VERTEX_POINT('',#12447);
#12447 = CARTESIAN_POINT('',(39.334440509282,34.316442513268,3.));
#12448 = CIRCLE('',#12449,3.3);
#12449 = AXIS2_PLACEMENT_3D('',#12450,#12451,#12452);
#12450 = CARTESIAN_POINT('',(37.307033772165,36.92021322558,3.));
#12451 = DIRECTION('',(-0.,0.,1.));
#12452 = DIRECTION('',(0.614365677914,-0.789021427973,0.));
#12453 = ORIENTED_EDGE('',*,*,#12454,.F.);
#12454 = EDGE_CURVE('',#12455,#12446,#12457,.T.);
#12455 = VERTEX_POINT('',#12456);
#12456 = CARTESIAN_POINT('',(18.027406737117,17.725878830605,3.));
#12457 = LINE('',#12458,#12459);
#12458 = CARTESIAN_POINT('',(18.027406737117,17.725878830605,3.));
#12459 = VECTOR('',#12460,1.);
#12460 = DIRECTION('',(0.789021427973,0.614365677914,0.));
#12461 = ORIENTED_EDGE('',*,*,#12462,.F.);
#12462 = EDGE_CURVE('',#12463,#12455,#12465,.T.);
#12463 = VERTEX_POINT('',#12464);
#12464 = CARTESIAN_POINT('',(12.7,20.329649542917,3.));
#12465 = CIRCLE('',#12466,3.3);
#12466 = AXIS2_PLACEMENT_3D('',#12467,#12468,#12469);
#12467 = CARTESIAN_POINT('',(16.,20.329649542917,3.));
#12468 = DIRECTION('',(0.,0.,1.));
#12469 = DIRECTION('',(-1.,0.,0.));
#12470 = ORIENTED_EDGE('',*,*,#12471,.F.);
#12471 = EDGE_CURVE('',#12472,#12463,#12474,.T.);
#12472 = VERTEX_POINT('',#12473);
#12473 = CARTESIAN_POINT('',(12.7,34.267875401714,3.));
#12474 = LINE('',#12475,#12476);
#12475 = CARTESIAN_POINT('',(12.7,34.267875401714,3.));
#12476 = VECTOR('',#12477,1.);
#12477 = DIRECTION('',(-0.,-1.,-0.));
#12478 = ORIENTED_EDGE('',*,*,#12479,.F.);
#12479 = EDGE_CURVE('',#12480,#12472,#12482,.T.);
#12480 = VERTEX_POINT('',#12481);
#12481 = CARTESIAN_POINT('',(12.654809186167,34.657242269047,3.));
#12482 = CIRCLE('',#12483,1.7);
#12483 = AXIS2_PLACEMENT_3D('',#12484,#12485,#12486);
#12484 = CARTESIAN_POINT('',(11.,34.267875401714,3.));
#12485 = DIRECTION('',(0.,0.,-1.));
#12486 = DIRECTION('',(0.973417168334,0.229039333726,0.));
#12487 = ORIENTED_EDGE('',*,*,#12488,.F.);
#12488 = EDGE_CURVE('',#12489,#12480,#12491,.T.);
#12489 = VERTEX_POINT('',#12490);
#12490 = CARTESIAN_POINT('',(11.070779868923,41.389366867333,3.));
#12491 = LINE('',#12492,#12493);
#12492 = CARTESIAN_POINT('',(11.070779868923,41.389366867333,3.));
#12493 = VECTOR('',#12494,1.);
#12494 = DIRECTION('',(0.229039333726,-0.973417168334,0.));
#12495 = ORIENTED_EDGE('',*,*,#12496,.F.);
#12496 = EDGE_CURVE('',#11714,#12489,#12497,.T.);
#12497 = CIRCLE('',#12498,1.7);
#12498 = AXIS2_PLACEMENT_3D('',#12499,#12500,#12501);
#12499 = CARTESIAN_POINT('',(9.415970682756,41.,3.));
#12500 = DIRECTION('',(0.,0.,-1.));
#12501 = DIRECTION('',(0.,1.,0.));
#12502 = FACE_BOUND('',#12503,.T.);
#12503 = EDGE_LOOP('',(#12504,#12505,#12506,#12507,#12508,#12509,#12510,
    #12511));
#12504 = ORIENTED_EDGE('',*,*,#6401,.T.);
#12505 = ORIENTED_EDGE('',*,*,#6457,.T.);
#12506 = ORIENTED_EDGE('',*,*,#6499,.T.);
#12507 = ORIENTED_EDGE('',*,*,#6555,.T.);
#12508 = ORIENTED_EDGE('',*,*,#6573,.T.);
#12509 = ORIENTED_EDGE('',*,*,#6530,.F.);
#12510 = ORIENTED_EDGE('',*,*,#6482,.T.);
#12511 = ORIENTED_EDGE('',*,*,#6432,.F.);
#12512 = FACE_BOUND('',#12513,.T.);
#12513 = EDGE_LOOP('',(#12514));
#12514 = ORIENTED_EDGE('',*,*,#6375,.F.);
#12515 = FACE_BOUND('',#12516,.T.);
#12516 = EDGE_LOOP('',(#12517));
#12517 = ORIENTED_EDGE('',*,*,#6671,.F.);
#12518 = FACE_BOUND('',#12519,.T.);
#12519 = EDGE_LOOP('',(#12520));
#12520 = ORIENTED_EDGE('',*,*,#6621,.F.);
#12521 = FACE_BOUND('',#12522,.T.);
#12522 = EDGE_LOOP('',(#12523));
#12523 = ORIENTED_EDGE('',*,*,#6596,.F.);
#12524 = FACE_BOUND('',#12525,.T.);
#12525 = EDGE_LOOP('',(#12526));
#12526 = ORIENTED_EDGE('',*,*,#6646,.F.);
#12527 = FACE_BOUND('',#12528,.T.);
#12528 = EDGE_LOOP('',(#12529));
#12529 = ORIENTED_EDGE('',*,*,#6203,.F.);
#12530 = FACE_BOUND('',#12531,.T.);
#12531 = EDGE_LOOP('',(#12532,#12533,#12534,#12535,#12536,#12537));
#12532 = ORIENTED_EDGE('',*,*,#6229,.F.);
#12533 = ORIENTED_EDGE('',*,*,#6260,.T.);
#12534 = ORIENTED_EDGE('',*,*,#6310,.T.);
#12535 = ORIENTED_EDGE('',*,*,#6351,.T.);
#12536 = ORIENTED_EDGE('',*,*,#6334,.F.);
#12537 = ORIENTED_EDGE('',*,*,#6278,.T.);
#12538 = FACE_BOUND('',#12539,.T.);
#12539 = EDGE_LOOP('',(#12540));
#12540 = ORIENTED_EDGE('',*,*,#6893,.F.);
#12541 = FACE_BOUND('',#12542,.T.);
#12542 = EDGE_LOOP('',(#12543,#12544,#12545,#12546,#12547,#12548,#12549,
    #12550));
#12543 = ORIENTED_EDGE('',*,*,#6688,.F.);
#12544 = ORIENTED_EDGE('',*,*,#6728,.T.);
#12545 = ORIENTED_EDGE('',*,*,#6778,.T.);
#12546 = ORIENTED_EDGE('',*,*,#6827,.T.);
#12547 = ORIENTED_EDGE('',*,*,#6868,.F.);
#12548 = ORIENTED_EDGE('',*,*,#6843,.F.);
#12549 = ORIENTED_EDGE('',*,*,#6802,.T.);
#12550 = ORIENTED_EDGE('',*,*,#6744,.F.);
#12551 = FACE_BOUND('',#12552,.T.);
#12552 = EDGE_LOOP('',(#12553,#12554,#12555,#12556,#12557,#12558));
#12553 = ORIENTED_EDGE('',*,*,#6919,.F.);
#12554 = ORIENTED_EDGE('',*,*,#6950,.T.);
#12555 = ORIENTED_EDGE('',*,*,#7000,.T.);
#12556 = ORIENTED_EDGE('',*,*,#7041,.T.);
#12557 = ORIENTED_EDGE('',*,*,#7024,.F.);
#12558 = ORIENTED_EDGE('',*,*,#6975,.F.);
#12559 = FACE_BOUND('',#12560,.T.);
#12560 = EDGE_LOOP('',(#12561));
#12561 = ORIENTED_EDGE('',*,*,#5144,.F.);
#12562 = FACE_BOUND('',#12563,.T.);
#12563 = EDGE_LOOP('',(#12564,#12565,#12566,#12567,#12568,#12569,#12570,
    #12571,#12572,#12573));
#12564 = ORIENTED_EDGE('',*,*,#5170,.F.);
#12565 = ORIENTED_EDGE('',*,*,#5202,.T.);
#12566 = ORIENTED_EDGE('',*,*,#5245,.F.);
#12567 = ORIENTED_EDGE('',*,*,#5300,.T.);
#12568 = ORIENTED_EDGE('',*,*,#5343,.F.);
#12569 = ORIENTED_EDGE('',*,*,#5392,.T.);
#12570 = ORIENTED_EDGE('',*,*,#5368,.T.);
#12571 = ORIENTED_EDGE('',*,*,#5325,.F.);
#12572 = ORIENTED_EDGE('',*,*,#5269,.T.);
#12573 = ORIENTED_EDGE('',*,*,#5227,.F.);
#12574 = FACE_BOUND('',#12575,.T.);
#12575 = EDGE_LOOP('',(#12576,#12577,#12578,#12579,#12580,#12581));
#12576 = ORIENTED_EDGE('',*,*,#5417,.F.);
#12577 = ORIENTED_EDGE('',*,*,#5448,.T.);
#12578 = ORIENTED_EDGE('',*,*,#5491,.F.);
#12579 = ORIENTED_EDGE('',*,*,#5539,.T.);
#12580 = ORIENTED_EDGE('',*,*,#5515,.T.);
#12581 = ORIENTED_EDGE('',*,*,#5466,.T.);
#12582 = FACE_BOUND('',#12583,.T.);
#12583 = EDGE_LOOP('',(#12584));
#12584 = ORIENTED_EDGE('',*,*,#5019,.F.);
#12585 = FACE_BOUND('',#12586,.T.);
#12586 = EDGE_LOOP('',(#12587,#12588,#12589,#12590,#12591,#12592,#12593,
    #12594));
#12587 = ORIENTED_EDGE('',*,*,#4824,.F.);
#12588 = ORIENTED_EDGE('',*,*,#4855,.T.);
#12589 = ORIENTED_EDGE('',*,*,#4905,.F.);
#12590 = ORIENTED_EDGE('',*,*,#4953,.T.);
#12591 = ORIENTED_EDGE('',*,*,#4996,.F.);
#12592 = ORIENTED_EDGE('',*,*,#4978,.F.);
#12593 = ORIENTED_EDGE('',*,*,#4922,.F.);
#12594 = ORIENTED_EDGE('',*,*,#4880,.F.);
#12595 = FACE_BOUND('',#12596,.T.);
#12596 = EDGE_LOOP('',(#12597));
#12597 = ORIENTED_EDGE('',*,*,#5094,.F.);
#12598 = FACE_BOUND('',#12599,.T.);
#12599 = EDGE_LOOP('',(#12600));
#12600 = ORIENTED_EDGE('',*,*,#5119,.F.);
#12601 = FACE_BOUND('',#12602,.T.);
#12602 = EDGE_LOOP('',(#12603));
#12603 = ORIENTED_EDGE('',*,*,#5069,.F.);
#12604 = FACE_BOUND('',#12605,.T.);
#12605 = EDGE_LOOP('',(#12606));
#12606 = ORIENTED_EDGE('',*,*,#5044,.F.);
#12607 = FACE_BOUND('',#12608,.T.);
#12608 = EDGE_LOOP('',(#12609,#12610,#12611,#12612,#12613,#12614,#12615,
    #12616,#12617,#12618));
#12609 = ORIENTED_EDGE('',*,*,#5564,.F.);
#12610 = ORIENTED_EDGE('',*,*,#5595,.T.);
#12611 = ORIENTED_EDGE('',*,*,#5645,.T.);
#12612 = ORIENTED_EDGE('',*,*,#5693,.T.);
#12613 = ORIENTED_EDGE('',*,*,#5736,.F.);
#12614 = ORIENTED_EDGE('',*,*,#5785,.T.);
#12615 = ORIENTED_EDGE('',*,*,#5761,.T.);
#12616 = ORIENTED_EDGE('',*,*,#5718,.F.);
#12617 = ORIENTED_EDGE('',*,*,#5662,.T.);
#12618 = ORIENTED_EDGE('',*,*,#5620,.F.);
#12619 = FACE_BOUND('',#12620,.T.);
#12620 = EDGE_LOOP('',(#12621));
#12621 = ORIENTED_EDGE('',*,*,#5809,.F.);
#12622 = FACE_BOUND('',#12623,.T.);
#12623 = EDGE_LOOP('',(#12624,#12625,#12626,#12627,#12628,#12629,#12630,
    #12631));
#12624 = ORIENTED_EDGE('',*,*,#5860,.F.);
#12625 = ORIENTED_EDGE('',*,*,#5891,.T.);
#12626 = ORIENTED_EDGE('',*,*,#5932,.T.);
#12627 = ORIENTED_EDGE('',*,*,#5980,.T.);
#12628 = ORIENTED_EDGE('',*,*,#6032,.T.);
#12629 = ORIENTED_EDGE('',*,*,#6005,.F.);
#12630 = ORIENTED_EDGE('',*,*,#5956,.F.);
#12631 = ORIENTED_EDGE('',*,*,#5916,.F.);
#12632 = FACE_BOUND('',#12633,.T.);
#12633 = EDGE_LOOP('',(#12634));
#12634 = ORIENTED_EDGE('',*,*,#5834,.F.);
#12635 = FACE_BOUND('',#12636,.T.);
#12636 = EDGE_LOOP('',(#12637,#12638,#12639,#12640,#12641,#12642));
#12637 = ORIENTED_EDGE('',*,*,#6057,.F.);
#12638 = ORIENTED_EDGE('',*,*,#6088,.T.);
#12639 = ORIENTED_EDGE('',*,*,#6138,.T.);
#12640 = ORIENTED_EDGE('',*,*,#6179,.T.);
#12641 = ORIENTED_EDGE('',*,*,#6162,.F.);
#12642 = ORIENTED_EDGE('',*,*,#6113,.F.);
#12643 = FACE_BOUND('',#12644,.T.);
#12644 = EDGE_LOOP('',(#12645));
#12645 = ORIENTED_EDGE('',*,*,#8887,.F.);
#12646 = FACE_BOUND('',#12647,.T.);
#12647 = EDGE_LOOP('',(#12648,#12649,#12650,#12651,#12652,#12653));
#12648 = ORIENTED_EDGE('',*,*,#8519,.T.);
#12649 = ORIENTED_EDGE('',*,*,#8575,.T.);
#12650 = ORIENTED_EDGE('',*,*,#8624,.T.);
#12651 = ORIENTED_EDGE('',*,*,#8641,.F.);
#12652 = ORIENTED_EDGE('',*,*,#8600,.F.);
#12653 = ORIENTED_EDGE('',*,*,#8550,.F.);
#12654 = FACE_BOUND('',#12655,.T.);
#12655 = EDGE_LOOP('',(#12656));
#12656 = ORIENTED_EDGE('',*,*,#8862,.F.);
#12657 = FACE_BOUND('',#12658,.T.);
#12658 = EDGE_LOOP('',(#12659,#12660,#12661,#12662,#12663,#12664,#12665,
    #12666));
#12659 = ORIENTED_EDGE('',*,*,#8657,.F.);
#12660 = ORIENTED_EDGE('',*,*,#8688,.T.);
#12661 = ORIENTED_EDGE('',*,*,#8740,.T.);
#12662 = ORIENTED_EDGE('',*,*,#8787,.T.);
#12663 = ORIENTED_EDGE('',*,*,#8837,.T.);
#12664 = ORIENTED_EDGE('',*,*,#8821,.F.);
#12665 = ORIENTED_EDGE('',*,*,#8765,.T.);
#12666 = ORIENTED_EDGE('',*,*,#8722,.F.);
#12667 = FACE_BOUND('',#12668,.T.);
#12668 = EDGE_LOOP('',(#12669));
#12669 = ORIENTED_EDGE('',*,*,#9184,.F.);
#12670 = FACE_BOUND('',#12671,.T.);
#12671 = EDGE_LOOP('',(#12672));
#12672 = ORIENTED_EDGE('',*,*,#9134,.F.);
#12673 = FACE_BOUND('',#12674,.T.);
#12674 = EDGE_LOOP('',(#12675));
#12675 = ORIENTED_EDGE('',*,*,#9159,.F.);
#12676 = FACE_BOUND('',#12677,.T.);
#12677 = EDGE_LOOP('',(#12678,#12679,#12680,#12681,#12682,#12683,#12684,
    #12685));
#12678 = ORIENTED_EDGE('',*,*,#9260,.F.);
#12679 = ORIENTED_EDGE('',*,*,#9291,.T.);
#12680 = ORIENTED_EDGE('',*,*,#9341,.F.);
#12681 = ORIENTED_EDGE('',*,*,#9389,.T.);
#12682 = ORIENTED_EDGE('',*,*,#9432,.F.);
#12683 = ORIENTED_EDGE('',*,*,#9414,.F.);
#12684 = ORIENTED_EDGE('',*,*,#9358,.F.);
#12685 = ORIENTED_EDGE('',*,*,#9316,.F.);
#12686 = FACE_BOUND('',#12687,.T.);
#12687 = EDGE_LOOP('',(#12688));
#12688 = ORIENTED_EDGE('',*,*,#9234,.F.);
#12689 = FACE_BOUND('',#12690,.T.);
#12690 = EDGE_LOOP('',(#12691));
#12691 = ORIENTED_EDGE('',*,*,#9209,.F.);
#12692 = FACE_BOUND('',#12693,.T.);
#12693 = EDGE_LOOP('',(#12694,#12695,#12696,#12697,#12698,#12699,#12700,
    #12701));
#12694 = ORIENTED_EDGE('',*,*,#8913,.F.);
#12695 = ORIENTED_EDGE('',*,*,#8944,.T.);
#12696 = ORIENTED_EDGE('',*,*,#8987,.F.);
#12697 = ORIENTED_EDGE('',*,*,#9042,.T.);
#12698 = ORIENTED_EDGE('',*,*,#9085,.F.);
#12699 = ORIENTED_EDGE('',*,*,#9067,.F.);
#12700 = ORIENTED_EDGE('',*,*,#9011,.T.);
#12701 = ORIENTED_EDGE('',*,*,#8969,.F.);
#12702 = FACE_BOUND('',#12703,.T.);
#12703 = EDGE_LOOP('',(#12704));
#12704 = ORIENTED_EDGE('',*,*,#9109,.F.);
#12705 = FACE_BOUND('',#12706,.T.);
#12706 = EDGE_LOOP('',(#12707,#12708,#12709,#12710));
#12707 = ORIENTED_EDGE('',*,*,#7294,.T.);
#12708 = ORIENTED_EDGE('',*,*,#7311,.T.);
#12709 = ORIENTED_EDGE('',*,*,#7238,.F.);
#12710 = ORIENTED_EDGE('',*,*,#7269,.T.);
#12711 = FACE_BOUND('',#12712,.T.);
#12712 = EDGE_LOOP('',(#12713,#12714,#12715,#12716,#12717,#12718));
#12713 = ORIENTED_EDGE('',*,*,#7091,.F.);
#12714 = ORIENTED_EDGE('',*,*,#7122,.T.);
#12715 = ORIENTED_EDGE('',*,*,#7172,.T.);
#12716 = ORIENTED_EDGE('',*,*,#7213,.T.);
#12717 = ORIENTED_EDGE('',*,*,#7196,.F.);
#12718 = ORIENTED_EDGE('',*,*,#7147,.F.);
#12719 = FACE_BOUND('',#12720,.T.);
#12720 = EDGE_LOOP('',(#12721,#12722,#12723,#12724,#12725,#12726,#12727,
    #12728));
#12721 = ORIENTED_EDGE('',*,*,#7361,.F.);
#12722 = ORIENTED_EDGE('',*,*,#7392,.T.);
#12723 = ORIENTED_EDGE('',*,*,#7433,.F.);
#12724 = ORIENTED_EDGE('',*,*,#7481,.T.);
#12725 = ORIENTED_EDGE('',*,*,#7533,.T.);
#12726 = ORIENTED_EDGE('',*,*,#7506,.F.);
#12727 = ORIENTED_EDGE('',*,*,#7457,.T.);
#12728 = ORIENTED_EDGE('',*,*,#7417,.F.);
#12729 = FACE_BOUND('',#12730,.T.);
#12730 = EDGE_LOOP('',(#12731));
#12731 = ORIENTED_EDGE('',*,*,#7335,.F.);
#12732 = FACE_BOUND('',#12733,.T.);
#12733 = EDGE_LOOP('',(#12734));
#12734 = ORIENTED_EDGE('',*,*,#7065,.F.);
#12735 = FACE_BOUND('',#12736,.T.);
#12736 = EDGE_LOOP('',(#12737));
#12737 = ORIENTED_EDGE('',*,*,#7557,.F.);
#12738 = FACE_BOUND('',#12739,.T.);
#12739 = EDGE_LOOP('',(#12740,#12741,#12742,#12743,#12744,#12745,#12746,
    #12747,#12748,#12749));
#12740 = ORIENTED_EDGE('',*,*,#7583,.F.);
#12741 = ORIENTED_EDGE('',*,*,#7615,.T.);
#12742 = ORIENTED_EDGE('',*,*,#7658,.F.);
#12743 = ORIENTED_EDGE('',*,*,#7713,.T.);
#12744 = ORIENTED_EDGE('',*,*,#7756,.F.);
#12745 = ORIENTED_EDGE('',*,*,#7804,.T.);
#12746 = ORIENTED_EDGE('',*,*,#7780,.T.);
#12747 = ORIENTED_EDGE('',*,*,#7738,.F.);
#12748 = ORIENTED_EDGE('',*,*,#7682,.T.);
#12749 = ORIENTED_EDGE('',*,*,#7640,.F.);
#12750 = FACE_BOUND('',#12751,.T.);
#12751 = EDGE_LOOP('',(#12752,#12753,#12754,#12755,#12756,#12757,#12758,
    #12759));
#12752 = ORIENTED_EDGE('',*,*,#8150,.T.);
#12753 = ORIENTED_EDGE('',*,*,#8206,.T.);
#12754 = ORIENTED_EDGE('',*,*,#8256,.T.);
#12755 = ORIENTED_EDGE('',*,*,#8305,.T.);
#12756 = ORIENTED_EDGE('',*,*,#8323,.F.);
#12757 = ORIENTED_EDGE('',*,*,#8280,.F.);
#12758 = ORIENTED_EDGE('',*,*,#8231,.F.);
#12759 = ORIENTED_EDGE('',*,*,#8181,.F.);
#12760 = FACE_BOUND('',#12761,.T.);
#12761 = EDGE_LOOP('',(#12762,#12763,#12764,#12765,#12766,#12767));
#12762 = ORIENTED_EDGE('',*,*,#8372,.F.);
#12763 = ORIENTED_EDGE('',*,*,#8403,.T.);
#12764 = ORIENTED_EDGE('',*,*,#8453,.T.);
#12765 = ORIENTED_EDGE('',*,*,#8494,.T.);
#12766 = ORIENTED_EDGE('',*,*,#8470,.T.);
#12767 = ORIENTED_EDGE('',*,*,#8428,.F.);
#12768 = FACE_BOUND('',#12769,.T.);
#12769 = EDGE_LOOP('',(#12770));
#12770 = ORIENTED_EDGE('',*,*,#8346,.F.);
#12771 = FACE_BOUND('',#12772,.T.);
#12772 = EDGE_LOOP('',(#12773));
#12773 = ORIENTED_EDGE('',*,*,#7878,.F.);
#12774 = FACE_BOUND('',#12775,.T.);
#12775 = EDGE_LOOP('',(#12776));
#12776 = ORIENTED_EDGE('',*,*,#7853,.F.);
#12777 = FACE_BOUND('',#12778,.T.);
#12778 = EDGE_LOOP('',(#12779));
#12779 = ORIENTED_EDGE('',*,*,#7828,.F.);
#12780 = FACE_BOUND('',#12781,.T.);
#12781 = EDGE_LOOP('',(#12782));
#12782 = ORIENTED_EDGE('',*,*,#8124,.F.);
#12783 = FACE_BOUND('',#12784,.T.);
#12784 = EDGE_LOOP('',(#12785));
#12785 = ORIENTED_EDGE('',*,*,#8099,.F.);
#12786 = FACE_BOUND('',#12787,.T.);
#12787 = EDGE_LOOP('',(#12788,#12789,#12790,#12791,#12792,#12793,#12794,
    #12795));
#12788 = ORIENTED_EDGE('',*,*,#7904,.T.);
#12789 = ORIENTED_EDGE('',*,*,#7960,.T.);
#12790 = ORIENTED_EDGE('',*,*,#8002,.T.);
#12791 = ORIENTED_EDGE('',*,*,#8058,.T.);
#12792 = ORIENTED_EDGE('',*,*,#8076,.T.);
#12793 = ORIENTED_EDGE('',*,*,#8033,.F.);
#12794 = ORIENTED_EDGE('',*,*,#7985,.T.);
#12795 = ORIENTED_EDGE('',*,*,#7935,.F.);
#12796 = PLANE('',#12797);
#12797 = AXIS2_PLACEMENT_3D('',#12798,#12799,#12800);
#12798 = CARTESIAN_POINT('',(-7.886311556645E-02,0.453282703723,3.));
#12799 = DIRECTION('',(0.,0.,1.));
#12800 = DIRECTION('',(1.,0.,0.));
#12801 = ADVANCED_FACE('',(#12802),#12818,.T.);
#12802 = FACE_BOUND('',#12803,.F.);
#12803 = EDGE_LOOP('',(#12804,#12810,#12811,#12817));
#12804 = ORIENTED_EDGE('',*,*,#12805,.F.);
#12805 = EDGE_CURVE('',#9448,#11712,#12806,.T.);
#12806 = LINE('',#12807,#12808);
#12807 = CARTESIAN_POINT('',(-9.415970682756,42.85,2.85));
#12808 = VECTOR('',#12809,1.);
#12809 = DIRECTION('',(0.,-0.707106781187,0.707106781187));
#12810 = ORIENTED_EDGE('',*,*,#9455,.T.);
#12811 = ORIENTED_EDGE('',*,*,#12812,.T.);
#12812 = EDGE_CURVE('',#9456,#11714,#12813,.T.);
#12813 = LINE('',#12814,#12815);
#12814 = CARTESIAN_POINT('',(9.415970682756,42.85,2.85));
#12815 = VECTOR('',#12816,1.);
#12816 = DIRECTION('',(0.,-0.707106781187,0.707106781187));
#12817 = ORIENTED_EDGE('',*,*,#11711,.F.);
#12818 = PLANE('',#12819);
#12819 = AXIS2_PLACEMENT_3D('',#12820,#12821,#12822);
#12820 = CARTESIAN_POINT('',(-9.415970682756,42.85,2.85));
#12821 = DIRECTION('',(0.,0.707106781187,0.707106781187));
#12822 = DIRECTION('',(-1.,-0.,0.));
#12823 = ADVANCED_FACE('',(#12824),#12835,.T.);
#12824 = FACE_BOUND('',#12825,.F.);
#12825 = EDGE_LOOP('',(#12826,#12832,#12833,#12834));
#12826 = ORIENTED_EDGE('',*,*,#12827,.F.);
#12827 = EDGE_CURVE('',#9481,#11722,#12828,.T.);
#12828 = LINE('',#12829,#12830);
#12829 = CARTESIAN_POINT('',(-11.21679244417,41.423722767392,2.85));
#12830 = VECTOR('',#12831,1.);
#12831 = DIRECTION('',(0.688309880652,-0.161955266036,0.707106781187));
#12832 = ORIENTED_EDGE('',*,*,#9488,.T.);
#12833 = ORIENTED_EDGE('',*,*,#12805,.T.);
#12834 = ORIENTED_EDGE('',*,*,#11721,.F.);
#12835 = CONICAL_SURFACE('',#12836,2.,0.785398163397);
#12836 = AXIS2_PLACEMENT_3D('',#12837,#12838,#12839);
#12837 = CARTESIAN_POINT('',(-9.415970682756,41.,2.7));
#12838 = DIRECTION('',(-0.,-0.,-1.));
#12839 = DIRECTION('',(-0.973417168334,0.229039333726,0.));
#12840 = ADVANCED_FACE('',(#12841),#12852,.T.);
#12841 = FACE_BOUND('',#12842,.F.);
#12842 = EDGE_LOOP('',(#12843,#12844,#12845,#12851));
#12843 = ORIENTED_EDGE('',*,*,#12812,.F.);
#12844 = ORIENTED_EDGE('',*,*,#9513,.T.);
#12845 = ORIENTED_EDGE('',*,*,#12846,.T.);
#12846 = EDGE_CURVE('',#9504,#12489,#12847,.T.);
#12847 = LINE('',#12848,#12849);
#12848 = CARTESIAN_POINT('',(11.362805019423,41.458078667451,2.7));
#12849 = VECTOR('',#12850,1.);
#12850 = DIRECTION('',(-0.688309880652,-0.161955266036,0.707106781187));
#12851 = ORIENTED_EDGE('',*,*,#12496,.F.);
#12852 = CONICAL_SURFACE('',#12853,2.,0.785398163397);
#12853 = AXIS2_PLACEMENT_3D('',#12854,#12855,#12856);
#12854 = CARTESIAN_POINT('',(9.415970682756,41.,2.7));
#12855 = DIRECTION('',(-0.,-0.,-1.));
#12856 = DIRECTION('',(0.,1.,0.));
#12857 = ADVANCED_FACE('',(#12858),#12869,.F.);
#12858 = FACE_BOUND('',#12859,.F.);
#12859 = EDGE_LOOP('',(#12860,#12866,#12867,#12868));
#12860 = ORIENTED_EDGE('',*,*,#12861,.F.);
#12861 = EDGE_CURVE('',#9530,#11731,#12862,.T.);
#12862 = LINE('',#12863,#12864);
#12863 = CARTESIAN_POINT('',(-12.94683433666,34.725954069165,2.7));
#12864 = VECTOR('',#12865,1.);
#12865 = DIRECTION('',(0.688309880652,-0.161955266036,0.707106781187));
#12866 = ORIENTED_EDGE('',*,*,#9529,.T.);
#12867 = ORIENTED_EDGE('',*,*,#12827,.T.);
#12868 = ORIENTED_EDGE('',*,*,#11730,.F.);
#12869 = PLANE('',#12870);
#12870 = AXIS2_PLACEMENT_3D('',#12871,#12872,#12873);
#12871 = CARTESIAN_POINT('',(-12.80082176141,34.691598169106,2.85));
#12872 = DIRECTION('',(0.688309880652,-0.161955266036,-0.707106781187));
#12873 = DIRECTION('',(0.229039333726,0.973417168334,0.));
#12874 = ADVANCED_FACE('',(#12875),#12886,.T.);
#12875 = FACE_BOUND('',#12876,.F.);
#12876 = EDGE_LOOP('',(#12877,#12878,#12879,#12885));
#12877 = ORIENTED_EDGE('',*,*,#12846,.F.);
#12878 = ORIENTED_EDGE('',*,*,#9553,.T.);
#12879 = ORIENTED_EDGE('',*,*,#12880,.T.);
#12880 = EDGE_CURVE('',#9554,#12480,#12881,.T.);
#12881 = LINE('',#12882,#12883);
#12882 = CARTESIAN_POINT('',(12.800821761417,34.691598169106,2.85));
#12883 = VECTOR('',#12884,1.);
#12884 = DIRECTION('',(-0.688309880652,-0.161955266036,0.707106781187));
#12885 = ORIENTED_EDGE('',*,*,#12488,.F.);
#12886 = PLANE('',#12887);
#12887 = AXIS2_PLACEMENT_3D('',#12888,#12889,#12890);
#12888 = CARTESIAN_POINT('',(11.216792444173,41.423722767392,2.85));
#12889 = DIRECTION('',(0.688309880652,0.161955266036,0.707106781187));
#12890 = DIRECTION('',(-0.229039333726,0.973417168334,9.71445146547E-17)
  );
#12891 = ADVANCED_FACE('',(#12892),#12903,.T.);
#12892 = FACE_BOUND('',#12893,.F.);
#12893 = EDGE_LOOP('',(#12894,#12900,#12901,#12902));
#12894 = ORIENTED_EDGE('',*,*,#12895,.F.);
#12895 = EDGE_CURVE('',#9579,#11739,#12896,.T.);
#12896 = LINE('',#12897,#12898);
#12897 = CARTESIAN_POINT('',(-12.85,34.267875401713,2.85));
#12898 = VECTOR('',#12899,1.);
#12899 = DIRECTION('',(0.707106781187,0.,0.707106781187));
#12900 = ORIENTED_EDGE('',*,*,#9586,.T.);
#12901 = ORIENTED_EDGE('',*,*,#12861,.T.);
#12902 = ORIENTED_EDGE('',*,*,#11738,.F.);
#12903 = CONICAL_SURFACE('',#12904,2.,0.785398163397);
#12904 = AXIS2_PLACEMENT_3D('',#12905,#12906,#12907);
#12905 = CARTESIAN_POINT('',(-11.,34.267875401713,2.7));
#12906 = DIRECTION('',(-0.,-0.,-1.));
#12907 = DIRECTION('',(-1.,0.,0.));
#12908 = ADVANCED_FACE('',(#12909),#12920,.T.);
#12909 = FACE_BOUND('',#12910,.F.);
#12910 = EDGE_LOOP('',(#12911,#12912,#12913,#12919));
#12911 = ORIENTED_EDGE('',*,*,#12880,.F.);
#12912 = ORIENTED_EDGE('',*,*,#9611,.T.);
#12913 = ORIENTED_EDGE('',*,*,#12914,.T.);
#12914 = EDGE_CURVE('',#9602,#12472,#12915,.T.);
#12915 = LINE('',#12916,#12917);
#12916 = CARTESIAN_POINT('',(13.,34.267875401714,2.7));
#12917 = VECTOR('',#12918,1.);
#12918 = DIRECTION('',(-0.707106781187,0.,0.707106781187));
#12919 = ORIENTED_EDGE('',*,*,#12479,.F.);
#12920 = CONICAL_SURFACE('',#12921,2.,0.785398163397);
#12921 = AXIS2_PLACEMENT_3D('',#12922,#12923,#12924);
#12922 = CARTESIAN_POINT('',(11.,34.267875401714,2.7));
#12923 = DIRECTION('',(-0.,-0.,-1.));
#12924 = DIRECTION('',(0.973417168334,0.229039333726,-0.));
#12925 = ADVANCED_FACE('',(#12926),#12937,.F.);
#12926 = FACE_BOUND('',#12927,.F.);
#12927 = EDGE_LOOP('',(#12928,#12934,#12935,#12936));
#12928 = ORIENTED_EDGE('',*,*,#12929,.F.);
#12929 = EDGE_CURVE('',#9628,#11748,#12930,.T.);
#12930 = LINE('',#12931,#12932);
#12931 = CARTESIAN_POINT('',(-13.,20.329649542917,2.7));
#12932 = VECTOR('',#12933,1.);
#12933 = DIRECTION('',(0.707106781187,6.E-17,0.707106781187));
#12934 = ORIENTED_EDGE('',*,*,#9627,.T.);
#12935 = ORIENTED_EDGE('',*,*,#12895,.T.);
#12936 = ORIENTED_EDGE('',*,*,#11747,.F.);
#12937 = PLANE('',#12938);
#12938 = AXIS2_PLACEMENT_3D('',#12939,#12940,#12941);
#12939 = CARTESIAN_POINT('',(-12.85,20.329649542917,2.85));
#12940 = DIRECTION('',(0.707106781187,0.,-0.707106781187));
#12941 = DIRECTION('',(0.,1.,0.));
#12942 = ADVANCED_FACE('',(#12943),#12954,.F.);
#12943 = FACE_BOUND('',#12944,.F.);
#12944 = EDGE_LOOP('',(#12945,#12946,#12947,#12953));
#12945 = ORIENTED_EDGE('',*,*,#12914,.F.);
#12946 = ORIENTED_EDGE('',*,*,#9660,.T.);
#12947 = ORIENTED_EDGE('',*,*,#12948,.T.);
#12948 = EDGE_CURVE('',#9653,#12463,#12949,.T.);
#12949 = LINE('',#12950,#12951);
#12950 = CARTESIAN_POINT('',(12.85,20.329649542917,2.85));
#12951 = VECTOR('',#12952,1.);
#12952 = DIRECTION('',(-0.707106781187,0.,0.707106781187));
#12953 = ORIENTED_EDGE('',*,*,#12471,.F.);
#12954 = PLANE('',#12955);
#12955 = AXIS2_PLACEMENT_3D('',#12956,#12957,#12958);
#12956 = CARTESIAN_POINT('',(12.85,34.267875401714,2.85));
#12957 = DIRECTION('',(-0.707106781187,0.,-0.707106781187));
#12958 = DIRECTION('',(0.,-1.,-0.));
#12959 = ADVANCED_FACE('',(#12960),#12971,.F.);
#12960 = FACE_BOUND('',#12961,.F.);
#12961 = EDGE_LOOP('',(#12962,#12968,#12969,#12970));
#12962 = ORIENTED_EDGE('',*,*,#12963,.F.);
#12963 = EDGE_CURVE('',#9677,#11756,#12964,.T.);
#12964 = LINE('',#12965,#12966);
#12965 = CARTESIAN_POINT('',(-17.93525188543,17.844232044801,2.85));
#12966 = VECTOR('',#12967,1.);
#12967 = DIRECTION('',(-0.434422136981,-0.557922402221,0.707106781187));
#12968 = ORIENTED_EDGE('',*,*,#9684,.T.);
#12969 = ORIENTED_EDGE('',*,*,#12929,.T.);
#12970 = ORIENTED_EDGE('',*,*,#11755,.F.);
#12971 = CONICAL_SURFACE('',#12972,3.,0.785398163397);
#12972 = AXIS2_PLACEMENT_3D('',#12973,#12974,#12975);
#12973 = CARTESIAN_POINT('',(-16.,20.329649542917,2.7));
#12974 = DIRECTION('',(0.,0.,1.));
#12975 = DIRECTION('',(-0.614365677914,-0.789021427973,0.));
#12976 = ADVANCED_FACE('',(#12977),#12988,.F.);
#12977 = FACE_BOUND('',#12978,.F.);
#12978 = EDGE_LOOP('',(#12979,#12980,#12981,#12987));
#12979 = ORIENTED_EDGE('',*,*,#12948,.F.);
#12980 = ORIENTED_EDGE('',*,*,#9709,.T.);
#12981 = ORIENTED_EDGE('',*,*,#12982,.T.);
#12982 = EDGE_CURVE('',#9700,#12455,#12983,.T.);
#12983 = LINE('',#12984,#12985);
#12984 = CARTESIAN_POINT('',(17.843097033743,17.962585258997,2.7));
#12985 = VECTOR('',#12986,1.);
#12986 = DIRECTION('',(0.434422136981,-0.557922402221,0.707106781187));
#12987 = ORIENTED_EDGE('',*,*,#12462,.F.);
#12988 = CONICAL_SURFACE('',#12989,3.,0.785398163397);
#12989 = AXIS2_PLACEMENT_3D('',#12990,#12991,#12992);
#12990 = CARTESIAN_POINT('',(16.,20.329649542917,2.7));
#12991 = DIRECTION('',(0.,0.,1.));
#12992 = DIRECTION('',(-1.,0.,0.));
#12993 = ADVANCED_FACE('',(#12994),#13005,.T.);
#12994 = FACE_BOUND('',#12995,.F.);
#12995 = EDGE_LOOP('',(#12996,#13002,#13003,#13004));
#12996 = ORIENTED_EDGE('',*,*,#12997,.F.);
#12997 = EDGE_CURVE('',#9725,#11765,#12998,.T.);
#12998 = LINE('',#12999,#13000);
#12999 = CARTESIAN_POINT('',(-39.1501308059,34.55314894166,2.7));
#13000 = VECTOR('',#13001,1.);
#13001 = DIRECTION('',(-0.434422136981,-0.557922402221,0.707106781187));
#13002 = ORIENTED_EDGE('',*,*,#9732,.T.);
#13003 = ORIENTED_EDGE('',*,*,#12963,.T.);
#13004 = ORIENTED_EDGE('',*,*,#11764,.F.);
#13005 = PLANE('',#13006);
#13006 = AXIS2_PLACEMENT_3D('',#13007,#13008,#13009);
#13007 = CARTESIAN_POINT('',(-39.24228565759,34.434795727464,2.85));
#13008 = DIRECTION('',(0.434422136981,0.557922402221,0.707106781187));
#13009 = DIRECTION('',(-0.789021427973,0.614365677914,
    -3.053113317719E-16));
#13010 = ADVANCED_FACE('',(#13011),#13022,.F.);
#13011 = FACE_BOUND('',#13012,.F.);
#13012 = EDGE_LOOP('',(#13013,#13014,#13015,#13021));
#13013 = ORIENTED_EDGE('',*,*,#12982,.F.);
#13014 = ORIENTED_EDGE('',*,*,#9756,.T.);
#13015 = ORIENTED_EDGE('',*,*,#13016,.T.);
#13016 = EDGE_CURVE('',#9749,#12446,#13017,.T.);
#13017 = LINE('',#13018,#13019);
#13018 = CARTESIAN_POINT('',(39.242285657595,34.434795727464,2.85));
#13019 = VECTOR('',#13020,1.);
#13020 = DIRECTION('',(0.434422136981,-0.557922402221,0.707106781187));
#13021 = ORIENTED_EDGE('',*,*,#12454,.F.);
#13022 = PLANE('',#13023);
#13023 = AXIS2_PLACEMENT_3D('',#13024,#13025,#13026);
#13024 = CARTESIAN_POINT('',(17.93525188543,17.844232044801,2.85));
#13025 = DIRECTION('',(0.434422136981,-0.557922402221,-0.707106781187));
#13026 = DIRECTION('',(0.789021427973,0.614365677914,-3.053113317719E-16
    ));
#13027 = ADVANCED_FACE('',(#13028),#13039,.F.);
#13028 = FACE_BOUND('',#13029,.F.);
#13029 = EDGE_LOOP('',(#13030,#13036,#13037,#13038));
#13030 = ORIENTED_EDGE('',*,*,#13031,.F.);
#13031 = EDGE_CURVE('',#9775,#11773,#13032,.T.);
#13032 = LINE('',#13033,#13034);
#13033 = CARTESIAN_POINT('',(-40.2903409608,37.236248379069,2.7));
#13034 = VECTOR('',#13035,1.);
#13035 = DIRECTION('',(-0.703172247815,7.449020004175E-02,0.707106781187
    ));
#13036 = ORIENTED_EDGE('',*,*,#9782,.T.);
#13037 = ORIENTED_EDGE('',*,*,#12997,.T.);
#13038 = ORIENTED_EDGE('',*,*,#11772,.F.);
#13039 = CONICAL_SURFACE('',#13040,3.,0.785398163397);
#13040 = AXIS2_PLACEMENT_3D('',#13041,#13042,#13043);
#13041 = CARTESIAN_POINT('',(-37.30703377216,36.92021322558,2.7));
#13042 = DIRECTION('',(0.,0.,1.));
#13043 = DIRECTION('',(-0.994435729545,0.105345051163,0.));
#13044 = ADVANCED_FACE('',(#13045),#13056,.F.);
#13045 = FACE_BOUND('',#13046,.F.);
#13046 = EDGE_LOOP('',(#13047,#13048,#13049,#13055));
#13047 = ORIENTED_EDGE('',*,*,#13016,.F.);
#13048 = ORIENTED_EDGE('',*,*,#9807,.T.);
#13049 = ORIENTED_EDGE('',*,*,#13050,.T.);
#13050 = EDGE_CURVE('',#9798,#12437,#13051,.T.);
#13051 = LINE('',#13052,#13053);
#13052 = CARTESIAN_POINT('',(40.2903409608,37.236248379069,2.7));
#13053 = VECTOR('',#13054,1.);
#13054 = DIRECTION('',(0.703172247815,7.449020004175E-02,0.707106781187)
  );
#13055 = ORIENTED_EDGE('',*,*,#12445,.F.);
#13056 = CONICAL_SURFACE('',#13057,3.,0.785398163397);
#13057 = AXIS2_PLACEMENT_3D('',#13058,#13059,#13060);
#13058 = CARTESIAN_POINT('',(37.307033772165,36.92021322558,2.7));
#13059 = DIRECTION('',(0.,0.,1.));
#13060 = DIRECTION('',(0.614365677914,-0.789021427973,0.));
#13061 = ADVANCED_FACE('',(#13062),#13073,.T.);
#13062 = FACE_BOUND('',#13063,.F.);
#13063 = EDGE_LOOP('',(#13064,#13070,#13071,#13072));
#13064 = ORIENTED_EDGE('',*,*,#13065,.F.);
#13065 = EDGE_CURVE('',#9824,#11782,#13066,.T.);
#13066 = LINE('',#13067,#13068);
#13067 = CARTESIAN_POINT('',(-40.29337859449,38.791901457039,2.7));
#13068 = VECTOR('',#13069,1.);
#13069 = DIRECTION('',(-0.702875981418,-7.723570900737E-02,
    0.707106781187));
#13070 = ORIENTED_EDGE('',*,*,#9823,.T.);
#13071 = ORIENTED_EDGE('',*,*,#13031,.T.);
#13072 = ORIENTED_EDGE('',*,*,#11781,.F.);
#13073 = CONICAL_SURFACE('',#13074,7.25,0.785398163397);
#13074 = AXIS2_PLACEMENT_3D('',#13075,#13076,#13077);
#13075 = CARTESIAN_POINT('',(-47.5,38.,2.7));
#13076 = DIRECTION('',(-0.,-0.,-1.));
#13077 = DIRECTION('',(0.994016745587,0.109227787178,-0.));
#13078 = ADVANCED_FACE('',(#13079),#13090,.T.);
#13079 = FACE_BOUND('',#13080,.F.);
#13080 = EDGE_LOOP('',(#13081,#13082,#13083,#13089));
#13081 = ORIENTED_EDGE('',*,*,#13050,.F.);
#13082 = ORIENTED_EDGE('',*,*,#9857,.T.);
#13083 = ORIENTED_EDGE('',*,*,#13084,.T.);
#13084 = EDGE_CURVE('',#9850,#12428,#13085,.T.);
#13085 = LINE('',#13086,#13087);
#13086 = CARTESIAN_POINT('',(40.288393139292,38.745135213626,2.7));
#13087 = VECTOR('',#13088,1.);
#13088 = DIRECTION('',(0.703362222684,-7.26745051663E-02,0.707106781187)
  );
#13089 = ORIENTED_EDGE('',*,*,#12436,.F.);
#13090 = CONICAL_SURFACE('',#13091,7.25,0.785398163397);
#13091 = AXIS2_PLACEMENT_3D('',#13092,#13093,#13094);
#13092 = CARTESIAN_POINT('',(47.5,38.,2.7));
#13093 = DIRECTION('',(-0.,-0.,-1.));
#13094 = DIRECTION('',(-0.994435729545,-0.105345051163,0.));
#13095 = ADVANCED_FACE('',(#13096),#13107,.T.);
#13096 = FACE_BOUND('',#13097,.F.);
#13097 = EDGE_LOOP('',(#13098,#13104,#13105,#13106));
#13098 = ORIENTED_EDGE('',*,*,#13099,.F.);
#13099 = EDGE_CURVE('',#9875,#11791,#13100,.T.);
#13100 = LINE('',#13101,#13102);
#13101 = CARTESIAN_POINT('',(-41.49504794572,40.689694202418,2.85));
#13102 = VECTOR('',#13103,1.);
#13103 = DIRECTION('',(-0.441726104299,-0.552157630374,0.707106781187));
#13104 = ORIENTED_EDGE('',*,*,#9882,.T.);
#13105 = ORIENTED_EDGE('',*,*,#13065,.T.);
#13106 = ORIENTED_EDGE('',*,*,#11790,.F.);
#13107 = CONICAL_SURFACE('',#13108,3.,0.785398163397);
#13108 = AXIS2_PLACEMENT_3D('',#13109,#13110,#13111);
#13109 = CARTESIAN_POINT('',(-43.27542883125,38.464218095505,2.7));
#13110 = DIRECTION('',(-0.,-0.,-1.));
#13111 = DIRECTION('',(0.624695047554,0.780868809443,-0.));
#13112 = ADVANCED_FACE('',(#13113),#13124,.T.);
#13113 = FACE_BOUND('',#13114,.F.);
#13114 = EDGE_LOOP('',(#13115,#13116,#13117,#13123));
#13115 = ORIENTED_EDGE('',*,*,#13084,.F.);
#13116 = ORIENTED_EDGE('',*,*,#9907,.T.);
#13117 = ORIENTED_EDGE('',*,*,#13118,.T.);
#13118 = EDGE_CURVE('',#9898,#12420,#13119,.T.);
#13119 = LINE('',#13120,#13121);
#13120 = CARTESIAN_POINT('',(41.39842118037,40.77940982942,2.7));
#13121 = VECTOR('',#13122,1.);
#13122 = DIRECTION('',(0.441726104299,-0.552157630374,0.707106781187));
#13123 = ORIENTED_EDGE('',*,*,#12427,.F.);
#13124 = CONICAL_SURFACE('',#13125,3.,0.785398163397);
#13125 = AXIS2_PLACEMENT_3D('',#13126,#13127,#13128);
#13126 = CARTESIAN_POINT('',(43.272506323033,38.436803401091,2.7));
#13127 = DIRECTION('',(-0.,-0.,-1.));
#13128 = DIRECTION('',(-0.99470439458,0.102777270845,0.));
#13129 = ADVANCED_FACE('',(#13130),#13141,.F.);
#13130 = FACE_BOUND('',#13131,.F.);
#13131 = EDGE_LOOP('',(#13132,#13138,#13139,#13140));
#13132 = ORIENTED_EDGE('',*,*,#13133,.F.);
#13133 = EDGE_CURVE('',#9924,#11800,#13134,.T.);
#13134 = LINE('',#13135,#13136);
#13135 = CARTESIAN_POINT('',(-47.63862490507,45.796649497019,2.7));
#13136 = VECTOR('',#13137,1.);
#13137 = DIRECTION('',(-0.441726104299,-0.552157630374,0.707106781187));
#13138 = ORIENTED_EDGE('',*,*,#9923,.T.);
#13139 = ORIENTED_EDGE('',*,*,#13099,.T.);
#13140 = ORIENTED_EDGE('',*,*,#11799,.F.);
#13141 = PLANE('',#13142);
#13142 = AXIS2_PLACEMENT_3D('',#13143,#13144,#13145);
#13143 = CARTESIAN_POINT('',(-47.7323291622,45.679519175602,2.85));
#13144 = DIRECTION('',(-0.441726104299,-0.552157630374,-0.707106781187)
  );
#13145 = DIRECTION('',(0.780868809443,-0.624695047554,3.330669073875E-16
    ));
#13146 = ADVANCED_FACE('',(#13147),#13158,.T.);
#13147 = FACE_BOUND('',#13148,.F.);
#13148 = EDGE_LOOP('',(#13149,#13150,#13151,#13157));
#13149 = ORIENTED_EDGE('',*,*,#13118,.F.);
#13150 = ORIENTED_EDGE('',*,*,#9947,.T.);
#13151 = ORIENTED_EDGE('',*,*,#13152,.T.);
#13152 = EDGE_CURVE('',#9948,#12411,#13153,.T.);
#13153 = LINE('',#13154,#13155);
#13154 = CARTESIAN_POINT('',(47.755268330574,45.672793822461,2.85));
#13155 = VECTOR('',#13156,1.);
#13156 = DIRECTION('',(0.441726104299,-0.552157630374,0.707106781187));
#13157 = ORIENTED_EDGE('',*,*,#12419,.F.);
#13158 = PLANE('',#13159);
#13159 = AXIS2_PLACEMENT_3D('',#13160,#13161,#13162);
#13160 = CARTESIAN_POINT('',(41.492125437503,40.662279508004,2.85));
#13161 = DIRECTION('',(-0.441726104299,0.552157630374,0.707106781187));
#13162 = DIRECTION('',(-0.780868809443,-0.624695047554,
    2.498001805407E-16));
#13163 = ADVANCED_FACE('',(#13164),#13175,.T.);
#13164 = FACE_BOUND('',#13165,.F.);
#13165 = EDGE_LOOP('',(#13166,#13172,#13173,#13174));
#13166 = ORIENTED_EDGE('',*,*,#13167,.F.);
#13167 = EDGE_CURVE('',#9973,#11808,#13168,.T.);
#13168 = LINE('',#13169,#13170);
#13169 = CARTESIAN_POINT('',(-50.31452882655,46.188926365272,2.85));
#13170 = VECTOR('',#13171,1.);
#13171 = DIRECTION('',(0.198937366944,-0.678545447287,0.707106781187));
#13172 = ORIENTED_EDGE('',*,*,#9980,.T.);
#13173 = ORIENTED_EDGE('',*,*,#13133,.T.);
#13174 = ORIENTED_EDGE('',*,*,#11807,.F.);
#13175 = CONICAL_SURFACE('',#13176,3.,0.785398163397);
#13176 = AXIS2_PLACEMENT_3D('',#13177,#13178,#13179);
#13177 = CARTESIAN_POINT('',(-49.51271004773,43.454043068689,2.7));
#13178 = DIRECTION('',(-0.,-0.,-1.));
#13179 = DIRECTION('',(-0.281339922394,0.959608174239,0.));
#13180 = ADVANCED_FACE('',(#13181),#13192,.T.);
#13181 = FACE_BOUND('',#13182,.F.);
#13182 = EDGE_LOOP('',(#13183,#13184,#13185,#13191));
#13183 = ORIENTED_EDGE('',*,*,#13152,.F.);
#13184 = ORIENTED_EDGE('',*,*,#10005,.T.);
#13185 = ORIENTED_EDGE('',*,*,#13186,.T.);
#13186 = EDGE_CURVE('',#9996,#12403,#13187,.T.);
#13187 = LINE('',#13188,#13189);
#13188 = CARTESIAN_POINT('',(50.379668983287,46.326142238266,2.7));
#13189 = VECTOR('',#13190,1.);
#13190 = DIRECTION('',(-0.198937366944,-0.678545447287,0.707106781187));
#13191 = ORIENTED_EDGE('',*,*,#12410,.F.);
#13192 = CONICAL_SURFACE('',#13193,3.,0.785398163397);
#13193 = AXIS2_PLACEMENT_3D('',#13194,#13195,#13196);
#13194 = CARTESIAN_POINT('',(49.535649216104,43.447317715548,2.7));
#13195 = DIRECTION('',(-0.,-0.,-1.));
#13196 = DIRECTION('',(-0.624695047554,0.780868809443,0.));
#13197 = ADVANCED_FACE('',(#13198),#13209,.F.);
#13198 = FACE_BOUND('',#13199,.F.);
#13199 = EDGE_LOOP('',(#13200,#13206,#13207,#13208));
#13200 = ORIENTED_EDGE('',*,*,#13201,.F.);
#13201 = EDGE_CURVE('',#10022,#11817,#13202,.T.);
#13202 = LINE('',#13203,#13204);
#13203 = CARTESIAN_POINT('',(-53.87295560558,45.30197319344,2.7));
#13204 = VECTOR('',#13205,1.);
#13205 = DIRECTION('',(0.198937366944,-0.678545447287,0.707106781187));
#13206 = ORIENTED_EDGE('',*,*,#10021,.T.);
#13207 = ORIENTED_EDGE('',*,*,#13167,.T.);
#13208 = ORIENTED_EDGE('',*,*,#11816,.F.);
#13209 = PLANE('',#13210);
#13210 = AXIS2_PLACEMENT_3D('',#13211,#13212,#13213);
#13211 = CARTESIAN_POINT('',(-53.83075461722,45.158031967304,2.85));
#13212 = DIRECTION('',(0.198937366944,-0.678545447287,-0.707106781187));
#13213 = DIRECTION('',(0.959608174239,0.281339922394,1.110223024625E-16)
  );
#13214 = ADVANCED_FACE('',(#13215),#13226,.T.);
#13215 = FACE_BOUND('',#13216,.F.);
#13216 = EDGE_LOOP('',(#13217,#13218,#13219,#13225));
#13217 = ORIENTED_EDGE('',*,*,#13186,.F.);
#13218 = ORIENTED_EDGE('',*,*,#10045,.T.);
#13219 = ORIENTED_EDGE('',*,*,#13220,.T.);
#13220 = EDGE_CURVE('',#10046,#12394,#13221,.T.);
#13221 = LINE('',#13222,#13223);
#13222 = CARTESIAN_POINT('',(53.830754617226,45.158031967304,2.85));
#13223 = VECTOR('',#13224,1.);
#13224 = DIRECTION('',(-0.198937366944,-0.678545447287,0.707106781187));
#13225 = ORIENTED_EDGE('',*,*,#12402,.F.);
#13226 = PLANE('',#13227);
#13227 = AXIS2_PLACEMENT_3D('',#13228,#13229,#13230);
#13228 = CARTESIAN_POINT('',(50.337467994928,46.18220101213,2.85));
#13229 = DIRECTION('',(0.198937366944,0.678545447287,0.707106781187));
#13230 = DIRECTION('',(-0.959608174239,0.281339922394,2.775557561563E-17
    ));
#13231 = ADVANCED_FACE('',(#13232),#13243,.T.);
#13232 = FACE_BOUND('',#13233,.F.);
#13233 = EDGE_LOOP('',(#13234,#13240,#13241,#13242));
#13234 = ORIENTED_EDGE('',*,*,#13235,.F.);
#13235 = EDGE_CURVE('',#10071,#11825,#13236,.T.);
#13236 = LINE('',#13237,#13238);
#13237 = CARTESIAN_POINT('',(-55.87312366456,42.605070658129,2.85));
#13238 = VECTOR('',#13239,1.);
#13239 = DIRECTION('',(0.705664736438,-4.513623541856E-02,0.707106781187
    ));
#13240 = ORIENTED_EDGE('',*,*,#10078,.T.);
#13241 = ORIENTED_EDGE('',*,*,#13201,.T.);
#13242 = ORIENTED_EDGE('',*,*,#11824,.F.);
#13243 = CONICAL_SURFACE('',#13244,3.,0.785398163397);
#13244 = AXIS2_PLACEMENT_3D('',#13245,#13246,#13247);
#13245 = CARTESIAN_POINT('',(-53.0289358384,42.423148670722,2.7));
#13246 = DIRECTION('',(-0.,-0.,-1.));
#13247 = DIRECTION('',(-0.997960640759,6.38322762834E-02,0.));
#13248 = ADVANCED_FACE('',(#13249),#13260,.T.);
#13249 = FACE_BOUND('',#13250,.F.);
#13250 = EDGE_LOOP('',(#13251,#13252,#13253,#13259));
#13251 = ORIENTED_EDGE('',*,*,#13220,.F.);
#13252 = ORIENTED_EDGE('',*,*,#10103,.T.);
#13253 = ORIENTED_EDGE('',*,*,#13254,.T.);
#13254 = EDGE_CURVE('',#10094,#12386,#13255,.T.);
#13255 = LINE('',#13256,#13257);
#13256 = CARTESIAN_POINT('',(56.022817760679,42.614645499572,2.7));
#13257 = VECTOR('',#13258,1.);
#13258 = DIRECTION('',(-0.705664736438,-4.513623541857E-02,
    0.707106781187));
#13259 = ORIENTED_EDGE('',*,*,#12393,.F.);
#13260 = CONICAL_SURFACE('',#13261,3.,0.785398163397);
#13261 = AXIS2_PLACEMENT_3D('',#13262,#13263,#13264);
#13262 = CARTESIAN_POINT('',(53.028935838402,42.423148670722,2.7));
#13263 = DIRECTION('',(-0.,-0.,-1.));
#13264 = DIRECTION('',(0.281339922394,0.959608174239,-0.));
#13265 = ADVANCED_FACE('',(#13266),#13277,.T.);
#13266 = FACE_BOUND('',#13267,.F.);
#13267 = EDGE_LOOP('',(#13268,#13274,#13275,#13276));
#13268 = ORIENTED_EDGE('',*,*,#13269,.F.);
#13269 = EDGE_CURVE('',#10119,#11834,#13270,.T.);
#13270 = LINE('',#13271,#13272);
#13271 = CARTESIAN_POINT('',(-56.25671395098,38.957887421317,2.7));
#13272 = VECTOR('',#13273,1.);
#13273 = DIRECTION('',(0.705664736438,-4.513623541856E-02,0.707106781187
    ));
#13274 = ORIENTED_EDGE('',*,*,#10126,.T.);
#13275 = ORIENTED_EDGE('',*,*,#13235,.T.);
#13276 = ORIENTED_EDGE('',*,*,#11833,.F.);
#13277 = PLANE('',#13278);
#13278 = AXIS2_PLACEMENT_3D('',#13279,#13280,#13281);
#13279 = CARTESIAN_POINT('',(-56.10701985487,38.948312579874,2.85));
#13280 = DIRECTION('',(-0.705664736438,4.513623541856E-02,0.707106781187
    ));
#13281 = DIRECTION('',(-6.38322762834E-02,-0.997960640759,
    -1.873501354055E-16));
#13282 = ADVANCED_FACE('',(#13283),#13294,.F.);
#13283 = FACE_BOUND('',#13284,.F.);
#13284 = EDGE_LOOP('',(#13285,#13286,#13287,#13293));
#13285 = ORIENTED_EDGE('',*,*,#13254,.F.);
#13286 = ORIENTED_EDGE('',*,*,#10150,.T.);
#13287 = ORIENTED_EDGE('',*,*,#13288,.T.);
#13288 = EDGE_CURVE('',#10143,#12377,#13289,.T.);
#13289 = LINE('',#13290,#13291);
#13290 = CARTESIAN_POINT('',(56.105493961941,38.972168553365,2.85));
#13291 = VECTOR('',#13292,1.);
#13292 = DIRECTION('',(-0.705664736438,-4.513623541856E-02,
    0.707106781187));
#13293 = ORIENTED_EDGE('',*,*,#12385,.F.);
#13294 = PLANE('',#13295);
#13295 = AXIS2_PLACEMENT_3D('',#13296,#13297,#13298);
#13296 = CARTESIAN_POINT('',(55.873123664566,42.605070658129,2.85));
#13297 = DIRECTION('',(-0.705664736438,-4.513623541856E-02,
    -0.707106781187));
#13298 = DIRECTION('',(6.38322762834E-02,-0.997960640759,
    -1.457167719821E-16));
#13299 = ADVANCED_FACE('',(#13300),#13311,.T.);
#13300 = FACE_BOUND('',#13301,.F.);
#13301 = EDGE_LOOP('',(#13302,#13308,#13309,#13310));
#13302 = ORIENTED_EDGE('',*,*,#13303,.F.);
#13303 = EDGE_CURVE('',#10169,#11842,#13304,.T.);
#13304 = LINE('',#13305,#13306);
#13305 = CARTESIAN_POINT('',(-55.04321291424,36.540914485554,2.85));
#13306 = VECTOR('',#13307,1.);
#13307 = DIRECTION('',(0.441726104299,0.552157630374,0.707106781187));
#13308 = ORIENTED_EDGE('',*,*,#10176,.T.);
#13309 = ORIENTED_EDGE('',*,*,#13269,.T.);
#13310 = ORIENTED_EDGE('',*,*,#11841,.F.);
#13311 = CONICAL_SURFACE('',#13312,3.,0.785398163397);
#13312 = AXIS2_PLACEMENT_3D('',#13313,#13314,#13315);
#13313 = CARTESIAN_POINT('',(-53.26283202871,38.766390592467,2.7));
#13314 = DIRECTION('',(-0.,-0.,-1.));
#13315 = DIRECTION('',(-0.624695047554,-0.780868809443,0.));
#13316 = ADVANCED_FACE('',(#13317),#13328,.T.);
#13317 = FACE_BOUND('',#13318,.F.);
#13318 = EDGE_LOOP('',(#13319,#13320,#13321,#13327));
#13319 = ORIENTED_EDGE('',*,*,#13288,.F.);
#13320 = ORIENTED_EDGE('',*,*,#10201,.T.);
#13321 = ORIENTED_EDGE('',*,*,#13322,.T.);
#13322 = EDGE_CURVE('',#10192,#12369,#13323,.T.);
#13323 = LINE('',#13324,#13325);
#13324 = CARTESIAN_POINT('',(55.13539127844,36.447640137628,2.7));
#13325 = VECTOR('',#13326,1.);
#13326 = DIRECTION('',(-0.441726104299,0.552157630374,0.707106781187));
#13327 = ORIENTED_EDGE('',*,*,#12376,.F.);
#13328 = CONICAL_SURFACE('',#13329,3.,0.785398163397);
#13329 = AXIS2_PLACEMENT_3D('',#13330,#13331,#13332);
#13330 = CARTESIAN_POINT('',(53.261306135777,38.790246565957,2.7));
#13331 = DIRECTION('',(-0.,-0.,-1.));
#13332 = DIRECTION('',(0.997960640759,6.38322762834E-02,-0.));
#13333 = ADVANCED_FACE('',(#13334),#13345,.T.);
#13334 = FACE_BOUND('',#13335,.F.);
#13335 = EDGE_LOOP('',(#13336,#13342,#13343,#13344));
#13336 = ORIENTED_EDGE('',*,*,#13337,.F.);
#13337 = EDGE_CURVE('',#10217,#11851,#13338,.T.);
#13338 = LINE('',#13339,#13340);
#13339 = CARTESIAN_POINT('',(-48.89963595489,31.433959190953,2.7));
#13340 = VECTOR('',#13341,1.);
#13341 = DIRECTION('',(0.441726104299,0.552157630374,0.707106781187));
#13342 = ORIENTED_EDGE('',*,*,#10224,.T.);
#13343 = ORIENTED_EDGE('',*,*,#13303,.T.);
#13344 = ORIENTED_EDGE('',*,*,#11850,.F.);
#13345 = PLANE('',#13346);
#13346 = AXIS2_PLACEMENT_3D('',#13347,#13348,#13349);
#13347 = CARTESIAN_POINT('',(-48.80593169776,31.55108951237,2.85));
#13348 = DIRECTION('',(-0.441726104299,-0.552157630374,0.707106781187));
#13349 = DIRECTION('',(0.780868809443,-0.624695047554,1.942890293094E-16
    ));
#13350 = ADVANCED_FACE('',(#13351),#13362,.F.);
#13351 = FACE_BOUND('',#13352,.F.);
#13352 = EDGE_LOOP('',(#13353,#13354,#13355,#13361));
#13353 = ORIENTED_EDGE('',*,*,#13322,.F.);
#13354 = ORIENTED_EDGE('',*,*,#10248,.T.);
#13355 = ORIENTED_EDGE('',*,*,#13356,.T.);
#13356 = EDGE_CURVE('',#10241,#12360,#13357,.T.);
#13357 = LINE('',#13358,#13359);
#13358 = CARTESIAN_POINT('',(48.778544128236,31.554256144587,2.85));
#13359 = VECTOR('',#13360,1.);
#13360 = DIRECTION('',(-0.441726104299,0.552157630374,0.707106781187));
#13361 = ORIENTED_EDGE('',*,*,#12368,.F.);
#13362 = PLANE('',#13363);
#13363 = AXIS2_PLACEMENT_3D('',#13364,#13365,#13366);
#13364 = CARTESIAN_POINT('',(55.041687021307,36.564770459044,2.85));
#13365 = DIRECTION('',(-0.441726104299,0.552157630374,-0.707106781187));
#13366 = DIRECTION('',(-0.780868809443,-0.624695047554,
    2.775557561563E-16));
#13367 = ADVANCED_FACE('',(#13368),#13379,.T.);
#13368 = FACE_BOUND('',#13369,.F.);
#13369 = EDGE_LOOP('',(#13370,#13376,#13377,#13378));
#13370 = ORIENTED_EDGE('',*,*,#13371,.F.);
#13371 = EDGE_CURVE('',#10267,#11859,#13372,.T.);
#13372 = LINE('',#13373,#13374);
#13373 = CARTESIAN_POINT('',(-46.69064550321,30.795317821129,2.7));
#13374 = VECTOR('',#13375,1.);
#13375 = DIRECTION('',(-7.893793835282E-02,0.702686844824,0.707106781187
    ));
#13376 = ORIENTED_EDGE('',*,*,#10274,.T.);
#13377 = ORIENTED_EDGE('',*,*,#13337,.T.);
#13378 = ORIENTED_EDGE('',*,*,#11858,.F.);
#13379 = CONICAL_SURFACE('',#13380,3.,0.785398163397);
#13380 = AXIS2_PLACEMENT_3D('',#13381,#13382,#13383);
#13381 = CARTESIAN_POINT('',(-47.02555081223,33.776565619283,2.7));
#13382 = DIRECTION('',(-0.,-0.,-1.));
#13383 = DIRECTION('',(0.111635103004,-0.993749266051,0.));
#13384 = ADVANCED_FACE('',(#13385),#13396,.T.);
#13385 = FACE_BOUND('',#13386,.F.);
#13386 = EDGE_LOOP('',(#13387,#13388,#13389,#13395));
#13387 = ORIENTED_EDGE('',*,*,#13356,.F.);
#13388 = ORIENTED_EDGE('',*,*,#10299,.T.);
#13389 = ORIENTED_EDGE('',*,*,#13390,.T.);
#13390 = EDGE_CURVE('',#10290,#12351,#13391,.T.);
#13391 = LINE('',#13392,#13393);
#13392 = CARTESIAN_POINT('',(46.643925531675,30.800719723147,2.7));
#13393 = VECTOR('',#13394,1.);
#13394 = DIRECTION('',(8.349462920739E-02,0.702159986679,0.707106781187)
  );
#13395 = ORIENTED_EDGE('',*,*,#12359,.F.);
#13396 = CONICAL_SURFACE('',#13397,3.,0.785398163397);
#13397 = AXIS2_PLACEMENT_3D('',#13398,#13399,#13400);
#13398 = CARTESIAN_POINT('',(46.998163242706,33.7797322515,2.7));
#13399 = DIRECTION('',(-0.,-0.,-1.));
#13400 = DIRECTION('',(0.624695047554,-0.780868809443,0.));
#13401 = ADVANCED_FACE('',(#13402),#13413,.T.);
#13402 = FACE_BOUND('',#13403,.F.);
#13403 = EDGE_LOOP('',(#13404,#13410,#13411,#13412));
#13404 = ORIENTED_EDGE('',*,*,#13405,.F.);
#13405 = EDGE_CURVE('',#10315,#11868,#13406,.T.);
#13406 = LINE('',#13407,#13408);
#13407 = CARTESIAN_POINT('',(-45.17261465626,31.133721716842,2.7));
#13408 = VECTOR('',#13409,1.);
#13409 = DIRECTION('',(-0.226994477102,0.669681646281,0.707106781187));
#13410 = ORIENTED_EDGE('',*,*,#10324,.T.);
#13411 = ORIENTED_EDGE('',*,*,#13371,.T.);
#13412 = ORIENTED_EDGE('',*,*,#11867,.F.);
#13413 = CONICAL_SURFACE('',#13414,7.25,0.785398163397);
#13414 = AXIS2_PLACEMENT_3D('',#13415,#13416,#13417);
#13415 = CARTESIAN_POINT('',(-47.5,38.,2.7));
#13416 = DIRECTION('',(-0.,-0.,-1.));
#13417 = DIRECTION('',(0.321018668101,-0.947072866642,0.));
#13418 = ADVANCED_FACE('',(#13419),#13430,.T.);
#13419 = FACE_BOUND('',#13420,.F.);
#13420 = EDGE_LOOP('',(#13421,#13422,#13423,#13429));
#13421 = ORIENTED_EDGE('',*,*,#13390,.F.);
#13422 = ORIENTED_EDGE('',*,*,#10347,.T.);
#13423 = ORIENTED_EDGE('',*,*,#13424,.T.);
#13424 = EDGE_CURVE('',#10340,#12342,#13425,.T.);
#13425 = LINE('',#13426,#13427);
#13426 = CARTESIAN_POINT('',(45.172614656265,31.133721716842,2.7));
#13427 = VECTOR('',#13428,1.);
#13428 = DIRECTION('',(0.226994477102,0.669681646281,0.707106781187));
#13429 = ORIENTED_EDGE('',*,*,#12350,.F.);
#13430 = CONICAL_SURFACE('',#13431,7.25,0.785398163397);
#13431 = AXIS2_PLACEMENT_3D('',#13432,#13433,#13434);
#13432 = CARTESIAN_POINT('',(47.5,38.,2.7));
#13433 = DIRECTION('',(-0.,-0.,-1.));
#13434 = DIRECTION('',(-0.11807923701,-0.993004176118,0.));
#13435 = ADVANCED_FACE('',(#13436),#13447,.F.);
#13436 = FACE_BOUND('',#13437,.F.);
#13437 = EDGE_LOOP('',(#13438,#13444,#13445,#13446));
#13438 = ORIENTED_EDGE('',*,*,#13439,.F.);
#13439 = EDGE_CURVE('',#10365,#11877,#13440,.T.);
#13440 = LINE('',#13441,#13442);
#13441 = CARTESIAN_POINT('',(-42.20900064894,30.725663135611,2.85));
#13442 = VECTOR('',#13443,1.);
#13443 = DIRECTION('',(0.449081946059,0.54619172982,0.707106781187));
#13444 = ORIENTED_EDGE('',*,*,#10374,.T.);
#13445 = ORIENTED_EDGE('',*,*,#13405,.T.);
#13446 = ORIENTED_EDGE('',*,*,#11876,.F.);
#13447 = CONICAL_SURFACE('',#13448,3.,0.785398163397);
#13448 = AXIS2_PLACEMENT_3D('',#13449,#13450,#13451);
#13449 = CARTESIAN_POINT('',(-44.20955865196,28.292503116915,2.7));
#13450 = DIRECTION('',(0.,0.,1.));
#13451 = DIRECTION('',(0.635097778734,0.772431751967,-0.));
#13452 = ADVANCED_FACE('',(#13453),#13464,.F.);
#13453 = FACE_BOUND('',#13454,.F.);
#13454 = EDGE_LOOP('',(#13455,#13456,#13457,#13463));
#13455 = ORIENTED_EDGE('',*,*,#13424,.F.);
#13456 = ORIENTED_EDGE('',*,*,#10399,.T.);
#13457 = ORIENTED_EDGE('',*,*,#13458,.T.);
#13458 = EDGE_CURVE('',#10390,#12334,#13459,.T.);
#13459 = LINE('',#13460,#13461);
#13460 = CARTESIAN_POINT('',(42.304265315758,30.609798372816,2.7));
#13461 = VECTOR('',#13462,1.);
#13462 = DIRECTION('',(-0.449081946059,0.54619172982,0.707106781187));
#13463 = ORIENTED_EDGE('',*,*,#12341,.F.);
#13464 = CONICAL_SURFACE('',#13465,3.,0.785398163397);
#13465 = AXIS2_PLACEMENT_3D('',#13466,#13467,#13468);
#13466 = CARTESIAN_POINT('',(44.209558651961,28.292503116915,2.7));
#13467 = DIRECTION('',(0.,0.,1.));
#13468 = DIRECTION('',(0.321018668101,0.947072866642,-0.));
#13469 = ADVANCED_FACE('',(#13470),#13481,.F.);
#13470 = FACE_BOUND('',#13471,.F.);
#13471 = EDGE_LOOP('',(#13472,#13478,#13479,#13480));
#13472 = ORIENTED_EDGE('',*,*,#13473,.F.);
#13473 = EDGE_CURVE('',#10416,#11886,#13474,.T.);
#13474 = LINE('',#13475,#13476);
#13475 = CARTESIAN_POINT('',(-19.12592958405,11.552438935594,2.7));
#13476 = VECTOR('',#13477,1.);
#13477 = DIRECTION('',(0.449081946059,0.54619172982,0.707106781187));
#13478 = ORIENTED_EDGE('',*,*,#10415,.T.);
#13479 = ORIENTED_EDGE('',*,*,#13439,.T.);
#13480 = ORIENTED_EDGE('',*,*,#11885,.F.);
#13481 = PLANE('',#13482);
#13482 = AXIS2_PLACEMENT_3D('',#13483,#13484,#13485);
#13483 = CARTESIAN_POINT('',(-19.03066491724,11.668303698389,2.85));
#13484 = DIRECTION('',(0.449081946059,0.54619172982,-0.707106781187));
#13485 = DIRECTION('',(-0.772431751967,0.635097778734,
    -5.551115123126E-17));
#13486 = ADVANCED_FACE('',(#13487),#13498,.F.);
#13487 = FACE_BOUND('',#13488,.F.);
#13488 = EDGE_LOOP('',(#13489,#13490,#13491,#13497));
#13489 = ORIENTED_EDGE('',*,*,#13458,.F.);
#13490 = ORIENTED_EDGE('',*,*,#10448,.T.);
#13491 = ORIENTED_EDGE('',*,*,#13492,.T.);
#13492 = EDGE_CURVE('',#10441,#12325,#13493,.T.);
#13493 = LINE('',#13494,#13495);
#13494 = CARTESIAN_POINT('',(19.030664917244,11.668303698389,2.85));
#13495 = VECTOR('',#13496,1.);
#13496 = DIRECTION('',(-0.449081946059,0.54619172982,0.707106781187));
#13497 = ORIENTED_EDGE('',*,*,#12333,.F.);
#13498 = PLANE('',#13499);
#13499 = AXIS2_PLACEMENT_3D('',#13500,#13501,#13502);
#13500 = CARTESIAN_POINT('',(42.209000648948,30.725663135611,2.85));
#13501 = DIRECTION('',(-0.449081946059,0.54619172982,-0.707106781187));
#13502 = DIRECTION('',(-0.772431751967,-0.635097778734,
    1.942890293094E-16));
#13503 = ADVANCED_FACE('',(#13504),#13515,.F.);
#13504 = FACE_BOUND('',#13505,.F.);
#13505 = EDGE_LOOP('',(#13506,#13512,#13513,#13514));
#13506 = ORIENTED_EDGE('',*,*,#13507,.F.);
#13507 = EDGE_CURVE('',#10465,#11894,#13508,.T.);
#13508 = LINE('',#13509,#13510);
#13509 = CARTESIAN_POINT('',(-17.88122292025,9.235143679693,2.85));
#13510 = VECTOR('',#13511,1.);
#13511 = DIRECTION('',(0.707106781187,0.,0.707106781187));
#13512 = ORIENTED_EDGE('',*,*,#10472,.T.);
#13513 = ORIENTED_EDGE('',*,*,#13473,.T.);
#13514 = ORIENTED_EDGE('',*,*,#11893,.F.);
#13515 = CONICAL_SURFACE('',#13516,3.,0.785398163397);
#13516 = AXIS2_PLACEMENT_3D('',#13517,#13518,#13519);
#13517 = CARTESIAN_POINT('',(-21.03122292025,9.235143679693,2.7));
#13518 = DIRECTION('',(0.,0.,1.));
#13519 = DIRECTION('',(1.,0.,-0.));
#13520 = ADVANCED_FACE('',(#13521),#13532,.F.);
#13521 = FACE_BOUND('',#13522,.F.);
#13522 = EDGE_LOOP('',(#13523,#13524,#13525,#13531));
#13523 = ORIENTED_EDGE('',*,*,#13492,.F.);
#13524 = ORIENTED_EDGE('',*,*,#10497,.T.);
#13525 = ORIENTED_EDGE('',*,*,#13526,.T.);
#13526 = EDGE_CURVE('',#10488,#12317,#13527,.T.);
#13527 = LINE('',#13528,#13529);
#13528 = CARTESIAN_POINT('',(18.031222920257,9.235143679693,2.7));
#13529 = VECTOR('',#13530,1.);
#13530 = DIRECTION('',(-0.707106781187,1.1E-16,0.707106781187));
#13531 = ORIENTED_EDGE('',*,*,#12324,.F.);
#13532 = CONICAL_SURFACE('',#13533,3.,0.785398163397);
#13533 = AXIS2_PLACEMENT_3D('',#13534,#13535,#13536);
#13534 = CARTESIAN_POINT('',(21.031222920257,9.235143679693,2.7));
#13535 = DIRECTION('',(0.,0.,1.));
#13536 = DIRECTION('',(-0.635097778734,0.772431751967,0.));
#13537 = ADVANCED_FACE('',(#13538),#13549,.T.);
#13538 = FACE_BOUND('',#13539,.F.);
#13539 = EDGE_LOOP('',(#13540,#13546,#13547,#13548));
#13540 = ORIENTED_EDGE('',*,*,#13541,.F.);
#13541 = EDGE_CURVE('',#10513,#11903,#13542,.T.);
#13542 = LINE('',#13543,#13544);
#13543 = CARTESIAN_POINT('',(-18.03122292025,3.919183588453,2.7));
#13544 = VECTOR('',#13545,1.);
#13545 = DIRECTION('',(0.707106781187,5.E-16,0.707106781187));
#13546 = ORIENTED_EDGE('',*,*,#10520,.T.);
#13547 = ORIENTED_EDGE('',*,*,#13507,.T.);
#13548 = ORIENTED_EDGE('',*,*,#11902,.F.);
#13549 = PLANE('',#13550);
#13550 = AXIS2_PLACEMENT_3D('',#13551,#13552,#13553);
#13551 = CARTESIAN_POINT('',(-17.88122292025,3.919183588453,2.85));
#13552 = DIRECTION('',(-0.707106781187,0.,0.707106781187));
#13553 = DIRECTION('',(-0.,-1.,-0.));
#13554 = ADVANCED_FACE('',(#13555),#13566,.T.);
#13555 = FACE_BOUND('',#13556,.F.);
#13556 = EDGE_LOOP('',(#13557,#13558,#13559,#13565));
#13557 = ORIENTED_EDGE('',*,*,#13526,.F.);
#13558 = ORIENTED_EDGE('',*,*,#10546,.T.);
#13559 = ORIENTED_EDGE('',*,*,#13560,.T.);
#13560 = EDGE_CURVE('',#10537,#12308,#13561,.T.);
#13561 = LINE('',#13562,#13563);
#13562 = CARTESIAN_POINT('',(17.881222920257,3.919183588453,2.85));
#13563 = VECTOR('',#13564,1.);
#13564 = DIRECTION('',(-0.707106781187,0.,0.707106781187));
#13565 = ORIENTED_EDGE('',*,*,#12316,.F.);
#13566 = PLANE('',#13567);
#13567 = AXIS2_PLACEMENT_3D('',#13568,#13569,#13570);
#13568 = CARTESIAN_POINT('',(17.881222920257,9.235143679693,2.85));
#13569 = DIRECTION('',(0.707106781187,0.,0.707106781187));
#13570 = DIRECTION('',(-0.,1.,-0.));
#13571 = ADVANCED_FACE('',(#13572),#13583,.F.);
#13572 = FACE_BOUND('',#13573,.F.);
#13573 = EDGE_LOOP('',(#13574,#13580,#13581,#13582));
#13574 = ORIENTED_EDGE('',*,*,#13575,.F.);
#13575 = EDGE_CURVE('',#10561,#11911,#13576,.T.);
#13576 = LINE('',#13577,#13578);
#13577 = CARTESIAN_POINT('',(-19.12213201116,2.137736502793,2.7));
#13578 = VECTOR('',#13579,1.);
#13579 = DIRECTION('',(0.321412173267,-0.629836657298,0.707106781187));
#13580 = ORIENTED_EDGE('',*,*,#10570,.T.);
#13581 = ORIENTED_EDGE('',*,*,#13541,.T.);
#13582 = ORIENTED_EDGE('',*,*,#11910,.F.);
#13583 = CONICAL_SURFACE('',#13584,2.,0.785398163397);
#13584 = AXIS2_PLACEMENT_3D('',#13585,#13586,#13587);
#13585 = CARTESIAN_POINT('',(-20.03122292025,3.919183588453,2.7));
#13586 = DIRECTION('',(0.,0.,1.));
#13587 = DIRECTION('',(0.454545454545,-0.89072354283,0.));
#13588 = ADVANCED_FACE('',(#13589),#13600,.F.);
#13589 = FACE_BOUND('',#13590,.F.);
#13590 = EDGE_LOOP('',(#13591,#13592,#13593,#13599));
#13591 = ORIENTED_EDGE('',*,*,#13560,.F.);
#13592 = ORIENTED_EDGE('',*,*,#10595,.T.);
#13593 = ORIENTED_EDGE('',*,*,#13594,.T.);
#13594 = EDGE_CURVE('',#10586,#12299,#13595,.T.);
#13595 = LINE('',#13596,#13597);
#13596 = CARTESIAN_POINT('',(19.122132011166,2.137736502793,2.7));
#13597 = VECTOR('',#13598,1.);
#13598 = DIRECTION('',(-0.321412173267,-0.629836657298,0.707106781187));
#13599 = ORIENTED_EDGE('',*,*,#12307,.F.);
#13600 = CONICAL_SURFACE('',#13601,2.,0.785398163397);
#13601 = AXIS2_PLACEMENT_3D('',#13602,#13603,#13604);
#13602 = CARTESIAN_POINT('',(20.031222920257,3.919183588453,2.7));
#13603 = DIRECTION('',(0.,0.,1.));
#13604 = DIRECTION('',(-1.,4.4E-16,0.));
#13605 = ADVANCED_FACE('',(#13606),#13617,.T.);
#13606 = FACE_BOUND('',#13607,.F.);
#13607 = EDGE_LOOP('',(#13608,#13614,#13615,#13616));
#13608 = ORIENTED_EDGE('',*,*,#13609,.F.);
#13609 = EDGE_CURVE('',#10612,#11920,#13610,.T.);
#13610 = LINE('',#13611,#13612);
#13611 = CARTESIAN_POINT('',(-19.12213201116,-2.137736502793,2.7));
#13612 = VECTOR('',#13613,1.);
#13613 = DIRECTION('',(0.321412173267,0.629836657298,0.707106781187));
#13614 = ORIENTED_EDGE('',*,*,#10611,.T.);
#13615 = ORIENTED_EDGE('',*,*,#13575,.T.);
#13616 = ORIENTED_EDGE('',*,*,#11919,.F.);
#13617 = CONICAL_SURFACE('',#13618,2.4,0.785398163397);
#13618 = AXIS2_PLACEMENT_3D('',#13619,#13620,#13621);
#13619 = CARTESIAN_POINT('',(-18.03122292025,0.,2.7));
#13620 = DIRECTION('',(-0.,-0.,-1.));
#13621 = DIRECTION('',(-0.454545454545,-0.89072354283,0.));
#13622 = ADVANCED_FACE('',(#13623),#13634,.T.);
#13623 = FACE_BOUND('',#13624,.F.);
#13624 = EDGE_LOOP('',(#13625,#13626,#13627,#13633));
#13625 = ORIENTED_EDGE('',*,*,#13594,.F.);
#13626 = ORIENTED_EDGE('',*,*,#10643,.T.);
#13627 = ORIENTED_EDGE('',*,*,#13628,.T.);
#13628 = EDGE_CURVE('',#10636,#12290,#13629,.T.);
#13629 = LINE('',#13630,#13631);
#13630 = CARTESIAN_POINT('',(19.122132011166,-2.137736502793,2.7));
#13631 = VECTOR('',#13632,1.);
#13632 = DIRECTION('',(-0.321412173267,0.629836657298,0.707106781187));
#13633 = ORIENTED_EDGE('',*,*,#12298,.F.);
#13634 = CONICAL_SURFACE('',#13635,2.4,0.785398163397);
#13635 = AXIS2_PLACEMENT_3D('',#13636,#13637,#13638);
#13636 = CARTESIAN_POINT('',(18.031222920257,0.,2.7));
#13637 = DIRECTION('',(-0.,-0.,-1.));
#13638 = DIRECTION('',(0.454545454545,0.89072354283,-0.));
#13639 = ADVANCED_FACE('',(#13640),#13651,.F.);
#13640 = FACE_BOUND('',#13641,.F.);
#13641 = EDGE_LOOP('',(#13642,#13648,#13649,#13650));
#13642 = ORIENTED_EDGE('',*,*,#13643,.F.);
#13643 = EDGE_CURVE('',#10661,#11929,#13644,.T.);
#13644 = LINE('',#13645,#13646);
#13645 = CARTESIAN_POINT('',(-17.88122292025,-3.919183588453,2.85));
#13646 = VECTOR('',#13647,1.);
#13647 = DIRECTION('',(0.707106781187,0.,0.707106781187));
#13648 = ORIENTED_EDGE('',*,*,#10670,.T.);
#13649 = ORIENTED_EDGE('',*,*,#13609,.T.);
#13650 = ORIENTED_EDGE('',*,*,#11928,.F.);
#13651 = CONICAL_SURFACE('',#13652,2.,0.785398163397);
#13652 = AXIS2_PLACEMENT_3D('',#13653,#13654,#13655);
#13653 = CARTESIAN_POINT('',(-20.03122292025,-3.919183588453,2.7));
#13654 = DIRECTION('',(0.,0.,1.));
#13655 = DIRECTION('',(1.,2.2E-16,-0.));
#13656 = ADVANCED_FACE('',(#13657),#13668,.F.);
#13657 = FACE_BOUND('',#13658,.F.);
#13658 = EDGE_LOOP('',(#13659,#13660,#13661,#13667));
#13659 = ORIENTED_EDGE('',*,*,#13628,.F.);
#13660 = ORIENTED_EDGE('',*,*,#10695,.T.);
#13661 = ORIENTED_EDGE('',*,*,#13662,.T.);
#13662 = EDGE_CURVE('',#10686,#12282,#13663,.T.);
#13663 = LINE('',#13664,#13665);
#13664 = CARTESIAN_POINT('',(18.031222920257,-3.919183588453,2.7));
#13665 = VECTOR('',#13666,1.);
#13666 = DIRECTION('',(-0.707106781187,-2.2E-16,0.707106781187));
#13667 = ORIENTED_EDGE('',*,*,#12289,.F.);
#13668 = CONICAL_SURFACE('',#13669,2.,0.785398163397);
#13669 = AXIS2_PLACEMENT_3D('',#13670,#13671,#13672);
#13670 = CARTESIAN_POINT('',(20.031222920257,-3.919183588453,2.7));
#13671 = DIRECTION('',(0.,0.,1.));
#13672 = DIRECTION('',(-0.454545454545,0.89072354283,0.));
#13673 = ADVANCED_FACE('',(#13674),#13685,.T.);
#13674 = FACE_BOUND('',#13675,.F.);
#13675 = EDGE_LOOP('',(#13676,#13682,#13683,#13684));
#13676 = ORIENTED_EDGE('',*,*,#13677,.F.);
#13677 = EDGE_CURVE('',#10713,#11938,#13678,.T.);
#13678 = LINE('',#13679,#13680);
#13679 = CARTESIAN_POINT('',(-18.03122292025,-9.235143679693,2.7));
#13680 = VECTOR('',#13681,1.);
#13681 = DIRECTION('',(0.707106781187,-6.E-17,0.707106781187));
#13682 = ORIENTED_EDGE('',*,*,#10720,.T.);
#13683 = ORIENTED_EDGE('',*,*,#13643,.T.);
#13684 = ORIENTED_EDGE('',*,*,#11937,.F.);
#13685 = PLANE('',#13686);
#13686 = AXIS2_PLACEMENT_3D('',#13687,#13688,#13689);
#13687 = CARTESIAN_POINT('',(-17.88122292025,-9.235143679693,2.85));
#13688 = DIRECTION('',(-0.707106781187,0.,0.707106781187));
#13689 = DIRECTION('',(-0.,-1.,-0.));
#13690 = ADVANCED_FACE('',(#13691),#13702,.T.);
#13691 = FACE_BOUND('',#13692,.F.);
#13692 = EDGE_LOOP('',(#13693,#13694,#13695,#13701));
#13693 = ORIENTED_EDGE('',*,*,#13662,.F.);
#13694 = ORIENTED_EDGE('',*,*,#10735,.T.);
#13695 = ORIENTED_EDGE('',*,*,#13696,.T.);
#13696 = EDGE_CURVE('',#10736,#12273,#13697,.T.);
#13697 = LINE('',#13698,#13699);
#13698 = CARTESIAN_POINT('',(17.881222920257,-9.235143680215,2.85));
#13699 = VECTOR('',#13700,1.);
#13700 = DIRECTION('',(-0.707106781187,0.,0.707106781187));
#13701 = ORIENTED_EDGE('',*,*,#12281,.F.);
#13702 = PLANE('',#13703);
#13703 = AXIS2_PLACEMENT_3D('',#13704,#13705,#13706);
#13704 = CARTESIAN_POINT('',(17.881222920257,-3.919183588453,2.85));
#13705 = DIRECTION('',(0.707106781187,0.,0.707106781187));
#13706 = DIRECTION('',(-0.,1.,-0.));
#13707 = ADVANCED_FACE('',(#13708),#13719,.F.);
#13708 = FACE_BOUND('',#13709,.F.);
#13709 = EDGE_LOOP('',(#13710,#13716,#13717,#13718));
#13710 = ORIENTED_EDGE('',*,*,#13711,.F.);
#13711 = EDGE_CURVE('',#10761,#11946,#13712,.T.);
#13712 = LINE('',#13713,#13714);
#13713 = CARTESIAN_POINT('',(-19.03066491724,-11.66830369838,2.85));
#13714 = VECTOR('',#13715,1.);
#13715 = DIRECTION('',(0.449081946059,-0.54619172982,0.707106781187));
#13716 = ORIENTED_EDGE('',*,*,#10768,.T.);
#13717 = ORIENTED_EDGE('',*,*,#13677,.T.);
#13718 = ORIENTED_EDGE('',*,*,#11945,.F.);
#13719 = CONICAL_SURFACE('',#13720,3.,0.785398163397);
#13720 = AXIS2_PLACEMENT_3D('',#13721,#13722,#13723);
#13721 = CARTESIAN_POINT('',(-21.03122292025,-9.235143679693,2.7));
#13722 = DIRECTION('',(0.,0.,1.));
#13723 = DIRECTION('',(0.635097778734,-0.772431751967,0.));
#13724 = ADVANCED_FACE('',(#13725),#13736,.F.);
#13725 = FACE_BOUND('',#13726,.F.);
#13726 = EDGE_LOOP('',(#13727,#13728,#13729,#13735));
#13727 = ORIENTED_EDGE('',*,*,#13696,.F.);
#13728 = ORIENTED_EDGE('',*,*,#10793,.T.);
#13729 = ORIENTED_EDGE('',*,*,#13730,.T.);
#13730 = EDGE_CURVE('',#10784,#12265,#13731,.T.);
#13731 = LINE('',#13732,#13733);
#13732 = CARTESIAN_POINT('',(19.125929584084,-11.55243893614,2.7));
#13733 = VECTOR('',#13734,1.);
#13734 = DIRECTION('',(-0.449081946053,-0.546191729825,0.707106781187));
#13735 = ORIENTED_EDGE('',*,*,#12272,.F.);
#13736 = CONICAL_SURFACE('',#13737,3.,0.785398163397);
#13737 = AXIS2_PLACEMENT_3D('',#13738,#13739,#13740);
#13738 = CARTESIAN_POINT('',(21.031222920257,-9.235143680215,2.7));
#13739 = DIRECTION('',(0.,0.,1.));
#13740 = DIRECTION('',(-1.,5.9E-16,0.));
#13741 = ADVANCED_FACE('',(#13742),#13753,.F.);
#13742 = FACE_BOUND('',#13743,.F.);
#13743 = EDGE_LOOP('',(#13744,#13750,#13751,#13752));
#13744 = ORIENTED_EDGE('',*,*,#13745,.F.);
#13745 = EDGE_CURVE('',#10809,#11955,#13746,.T.);
#13746 = LINE('',#13747,#13748);
#13747 = CARTESIAN_POINT('',(-42.30426531575,-30.60979837281,2.7));
#13748 = VECTOR('',#13749,1.);
#13749 = DIRECTION('',(0.449081946059,-0.54619172982,0.707106781187));
#13750 = ORIENTED_EDGE('',*,*,#10818,.T.);
#13751 = ORIENTED_EDGE('',*,*,#13711,.T.);
#13752 = ORIENTED_EDGE('',*,*,#11954,.F.);
#13753 = PLANE('',#13754);
#13754 = AXIS2_PLACEMENT_3D('',#13755,#13756,#13757);
#13755 = CARTESIAN_POINT('',(-42.20900064894,-30.72566313561,2.85));
#13756 = DIRECTION('',(0.449081946059,-0.54619172982,-0.707106781187));
#13757 = DIRECTION('',(0.772431751967,0.635097778734,-8.326672684689E-17
    ));
#13758 = ADVANCED_FACE('',(#13759),#13770,.F.);
#13759 = FACE_BOUND('',#13760,.F.);
#13760 = EDGE_LOOP('',(#13761,#13762,#13763,#13769));
#13761 = ORIENTED_EDGE('',*,*,#13730,.F.);
#13762 = ORIENTED_EDGE('',*,*,#10840,.T.);
#13763 = ORIENTED_EDGE('',*,*,#13764,.T.);
#13764 = EDGE_CURVE('',#10833,#12256,#13765,.T.);
#13765 = LINE('',#13766,#13767);
#13766 = CARTESIAN_POINT('',(42.209000648953,-30.72566313564,2.85));
#13767 = VECTOR('',#13768,1.);
#13768 = DIRECTION('',(-0.449081946053,-0.546191729825,0.707106781187));
#13769 = ORIENTED_EDGE('',*,*,#12264,.F.);
#13770 = PLANE('',#13771);
#13771 = AXIS2_PLACEMENT_3D('',#13772,#13773,#13774);
#13772 = CARTESIAN_POINT('',(19.030664917275,-11.66830369893,2.85));
#13773 = DIRECTION('',(-0.449081946053,-0.546191729825,-0.707106781187)
  );
#13774 = DIRECTION('',(0.772431751975,-0.635097778724,2.775557561563E-17
    ));
#13775 = ADVANCED_FACE('',(#13776),#13787,.F.);
#13776 = FACE_BOUND('',#13777,.F.);
#13777 = EDGE_LOOP('',(#13778,#13784,#13785,#13786));
#13778 = ORIENTED_EDGE('',*,*,#13779,.F.);
#13779 = EDGE_CURVE('',#10857,#11963,#13780,.T.);
#13780 = LINE('',#13781,#13782);
#13781 = CARTESIAN_POINT('',(-45.17261465626,-31.13372171684,2.7));
#13782 = VECTOR('',#13783,1.);
#13783 = DIRECTION('',(-0.226994477102,-0.669681646281,0.707106781187));
#13784 = ORIENTED_EDGE('',*,*,#10866,.T.);
#13785 = ORIENTED_EDGE('',*,*,#13745,.T.);
#13786 = ORIENTED_EDGE('',*,*,#11962,.F.);
#13787 = CONICAL_SURFACE('',#13788,3.,0.785398163397);
#13788 = AXIS2_PLACEMENT_3D('',#13789,#13790,#13791);
#13789 = CARTESIAN_POINT('',(-44.20955865196,-28.29250311691,2.7));
#13790 = DIRECTION('',(0.,0.,1.));
#13791 = DIRECTION('',(-0.321018668101,-0.947072866642,0.));
#13792 = ADVANCED_FACE('',(#13793),#13804,.F.);
#13793 = FACE_BOUND('',#13794,.F.);
#13794 = EDGE_LOOP('',(#13795,#13796,#13797,#13803));
#13795 = ORIENTED_EDGE('',*,*,#13764,.F.);
#13796 = ORIENTED_EDGE('',*,*,#10891,.T.);
#13797 = ORIENTED_EDGE('',*,*,#13798,.T.);
#13798 = EDGE_CURVE('',#10882,#12247,#13799,.T.);
#13799 = LINE('',#13800,#13801);
#13800 = CARTESIAN_POINT('',(45.172614656246,-31.13372171684,2.7));
#13801 = VECTOR('',#13802,1.);
#13802 = DIRECTION('',(0.226994477104,-0.66968164628,0.707106781187));
#13803 = ORIENTED_EDGE('',*,*,#12255,.F.);
#13804 = CONICAL_SURFACE('',#13805,3.,0.785398163397);
#13805 = AXIS2_PLACEMENT_3D('',#13806,#13807,#13808);
#13806 = CARTESIAN_POINT('',(44.209558651935,-28.29250311692,2.7));
#13807 = DIRECTION('',(0.,0.,1.));
#13808 = DIRECTION('',(-0.635097778724,-0.772431751975,0.));
#13809 = ADVANCED_FACE('',(#13810),#13821,.T.);
#13810 = FACE_BOUND('',#13811,.F.);
#13811 = EDGE_LOOP('',(#13812,#13818,#13819,#13820));
#13812 = ORIENTED_EDGE('',*,*,#13813,.F.);
#13813 = EDGE_CURVE('',#10908,#11972,#13814,.T.);
#13814 = LINE('',#13815,#13816);
#13815 = CARTESIAN_POINT('',(-46.64392553167,-30.80071972314,2.7));
#13816 = VECTOR('',#13817,1.);
#13817 = DIRECTION('',(-8.349462920739E-02,-0.702159986679,
    0.707106781187));
#13818 = ORIENTED_EDGE('',*,*,#10907,.T.);
#13819 = ORIENTED_EDGE('',*,*,#13779,.T.);
#13820 = ORIENTED_EDGE('',*,*,#11971,.F.);
#13821 = CONICAL_SURFACE('',#13822,7.25,0.785398163397);
#13822 = AXIS2_PLACEMENT_3D('',#13823,#13824,#13825);
#13823 = CARTESIAN_POINT('',(-47.5,-38.,2.7));
#13824 = DIRECTION('',(-0.,-0.,-1.));
#13825 = DIRECTION('',(0.11807923701,0.993004176118,-0.));
#13826 = ADVANCED_FACE('',(#13827),#13838,.T.);
#13827 = FACE_BOUND('',#13828,.F.);
#13828 = EDGE_LOOP('',(#13829,#13830,#13831,#13837));
#13829 = ORIENTED_EDGE('',*,*,#13798,.F.);
#13830 = ORIENTED_EDGE('',*,*,#10941,.T.);
#13831 = ORIENTED_EDGE('',*,*,#13832,.T.);
#13832 = EDGE_CURVE('',#10934,#12238,#13833,.T.);
#13833 = LINE('',#13834,#13835);
#13834 = CARTESIAN_POINT('',(46.690645503219,-30.79531782112,2.7));
#13835 = VECTOR('',#13836,1.);
#13836 = DIRECTION('',(7.893793835282E-02,-0.702686844824,0.707106781187
    ));
#13837 = ORIENTED_EDGE('',*,*,#12246,.F.);
#13838 = CONICAL_SURFACE('',#13839,7.25,0.785398163397);
#13839 = AXIS2_PLACEMENT_3D('',#13840,#13841,#13842);
#13840 = CARTESIAN_POINT('',(47.5,-38.,2.7));
#13841 = DIRECTION('',(-0.,-0.,-1.));
#13842 = DIRECTION('',(-0.321018668104,0.947072866642,0.));
#13843 = ADVANCED_FACE('',(#13844),#13855,.T.);
#13844 = FACE_BOUND('',#13845,.F.);
#13845 = EDGE_LOOP('',(#13846,#13852,#13853,#13854));
#13846 = ORIENTED_EDGE('',*,*,#13847,.F.);
#13847 = EDGE_CURVE('',#10957,#11981,#13848,.T.);
#13848 = LINE('',#13849,#13850);
#13849 = CARTESIAN_POINT('',(-48.77854412823,-31.55425614458,2.85));
#13850 = VECTOR('',#13851,1.);
#13851 = DIRECTION('',(0.441726104299,-0.552157630374,0.707106781187));
#13852 = ORIENTED_EDGE('',*,*,#10966,.T.);
#13853 = ORIENTED_EDGE('',*,*,#13813,.T.);
#13854 = ORIENTED_EDGE('',*,*,#11980,.F.);
#13855 = CONICAL_SURFACE('',#13856,3.,0.785398163397);
#13856 = AXIS2_PLACEMENT_3D('',#13857,#13858,#13859);
#13857 = CARTESIAN_POINT('',(-46.9981632427,-33.7797322515,2.7));
#13858 = DIRECTION('',(-0.,-0.,-1.));
#13859 = DIRECTION('',(-0.624695047554,0.780868809443,0.));
#13860 = ADVANCED_FACE('',(#13861),#13872,.T.);
#13861 = FACE_BOUND('',#13862,.F.);
#13862 = EDGE_LOOP('',(#13863,#13864,#13865,#13871));
#13863 = ORIENTED_EDGE('',*,*,#13832,.F.);
#13864 = ORIENTED_EDGE('',*,*,#10991,.T.);
#13865 = ORIENTED_EDGE('',*,*,#13866,.T.);
#13866 = EDGE_CURVE('',#10984,#12230,#13867,.T.);
#13867 = LINE('',#13868,#13869);
#13868 = CARTESIAN_POINT('',(48.899635954895,-31.43395919095,2.7));
#13869 = VECTOR('',#13870,1.);
#13870 = DIRECTION('',(-0.441726104299,-0.552157630374,0.707106781187));
#13871 = ORIENTED_EDGE('',*,*,#12237,.F.);
#13872 = CONICAL_SURFACE('',#13873,3.,0.785398163397);
#13873 = AXIS2_PLACEMENT_3D('',#13874,#13875,#13876);
#13874 = CARTESIAN_POINT('',(47.025550812232,-33.77656561928,2.7));
#13875 = DIRECTION('',(-0.,-0.,-1.));
#13876 = DIRECTION('',(-0.111635103004,0.993749266051,0.));
#13877 = ADVANCED_FACE('',(#13878),#13889,.F.);
#13878 = FACE_BOUND('',#13879,.F.);
#13879 = EDGE_LOOP('',(#13880,#13886,#13887,#13888));
#13880 = ORIENTED_EDGE('',*,*,#13881,.F.);
#13881 = EDGE_CURVE('',#11008,#11990,#13882,.T.);
#13882 = LINE('',#13883,#13884);
#13883 = CARTESIAN_POINT('',(-55.19528090848,-36.49555184166,2.7));
#13884 = VECTOR('',#13885,1.);
#13885 = DIRECTION('',(0.441726104299,-0.552157630374,0.707106781187));
#13886 = ORIENTED_EDGE('',*,*,#11007,.T.);
#13887 = ORIENTED_EDGE('',*,*,#13847,.T.);
#13888 = ORIENTED_EDGE('',*,*,#11989,.F.);
#13889 = PLANE('',#13890);
#13890 = AXIS2_PLACEMENT_3D('',#13891,#13892,#13893);
#13891 = CARTESIAN_POINT('',(-55.10157665135,-36.61268216308,2.85));
#13892 = DIRECTION('',(0.441726104299,-0.552157630374,-0.707106781187));
#13893 = DIRECTION('',(0.780868809443,0.624695047554,-5.273559366969E-16
    ));
#13894 = ADVANCED_FACE('',(#13895),#13906,.T.);
#13895 = FACE_BOUND('',#13896,.F.);
#13896 = EDGE_LOOP('',(#13897,#13898,#13899,#13905));
#13897 = ORIENTED_EDGE('',*,*,#13866,.F.);
#13898 = ORIENTED_EDGE('',*,*,#11031,.T.);
#13899 = ORIENTED_EDGE('',*,*,#13900,.T.);
#13900 = EDGE_CURVE('',#11032,#12221,#13901,.T.);
#13901 = LINE('',#13902,#13903);
#13902 = CARTESIAN_POINT('',(55.043212914242,-36.54091448555,2.85));
#13903 = VECTOR('',#13904,1.);
#13904 = DIRECTION('',(-0.441726104299,-0.552157630374,0.707106781187));
#13905 = ORIENTED_EDGE('',*,*,#12229,.F.);
#13906 = PLANE('',#13907);
#13907 = AXIS2_PLACEMENT_3D('',#13908,#13909,#13910);
#13908 = CARTESIAN_POINT('',(48.805931697762,-31.55108951237,2.85));
#13909 = DIRECTION('',(0.441726104299,0.552157630374,0.707106781187));
#13910 = DIRECTION('',(-0.780868809443,0.624695047554,2.775557561563E-16
    ));
#13911 = ADVANCED_FACE('',(#13912),#13923,.T.);
#13912 = FACE_BOUND('',#13913,.F.);
#13913 = EDGE_LOOP('',(#13914,#13920,#13921,#13922));
#13914 = ORIENTED_EDGE('',*,*,#13915,.F.);
#13915 = EDGE_CURVE('',#11055,#11998,#13916,.T.);
#13916 = LINE('',#13917,#13918);
#13917 = CARTESIAN_POINT('',(-56.17041614456,-38.77150068681,2.85));
#13918 = VECTOR('',#13919,1.);
#13919 = DIRECTION('',(0.706913351193,-1.65382558193E-02,0.707106781187)
  );
#13920 = ORIENTED_EDGE('',*,*,#11064,.T.);
#13921 = ORIENTED_EDGE('',*,*,#13881,.T.);
#13922 = ORIENTED_EDGE('',*,*,#11997,.F.);
#13923 = CONICAL_SURFACE('',#13924,3.,0.785398163397);
#13924 = AXIS2_PLACEMENT_3D('',#13925,#13926,#13927);
#13925 = CARTESIAN_POINT('',(-53.32119576582,-38.83815826999,2.7));
#13926 = DIRECTION('',(-0.,-0.,-1.));
#13927 = DIRECTION('',(-0.999726448679,2.338862567765E-02,0.));
#13928 = ADVANCED_FACE('',(#13929),#13940,.T.);
#13929 = FACE_BOUND('',#13930,.F.);
#13930 = EDGE_LOOP('',(#13931,#13932,#13933,#13939));
#13931 = ORIENTED_EDGE('',*,*,#13900,.F.);
#13932 = ORIENTED_EDGE('',*,*,#11089,.T.);
#13933 = ORIENTED_EDGE('',*,*,#13934,.T.);
#13934 = EDGE_CURVE('',#11082,#12213,#13935,.T.);
#13935 = LINE('',#13936,#13937);
#13936 = CARTESIAN_POINT('',(56.256713950989,-38.95788742131,2.7));
#13937 = VECTOR('',#13938,1.);
#13938 = DIRECTION('',(-0.705664736438,4.513623541856E-02,0.707106781187
    ));
#13939 = ORIENTED_EDGE('',*,*,#12220,.F.);
#13940 = CONICAL_SURFACE('',#13941,3.,0.785398163397);
#13941 = AXIS2_PLACEMENT_3D('',#13942,#13943,#13944);
#13942 = CARTESIAN_POINT('',(53.262832028712,-38.76639059246,2.7));
#13943 = DIRECTION('',(-0.,-0.,-1.));
#13944 = DIRECTION('',(0.624695047554,0.780868809443,-0.));
#13945 = ADVANCED_FACE('',(#13946),#13957,.F.);
#13946 = FACE_BOUND('',#13947,.F.);
#13947 = EDGE_LOOP('',(#13948,#13954,#13955,#13956));
#13948 = ORIENTED_EDGE('',*,*,#13949,.F.);
#13949 = EDGE_CURVE('',#11106,#12007,#13950,.T.);
#13950 = LINE('',#13951,#13952);
#13951 = CARTESIAN_POINT('',(-56.41141999402,-42.65962664135,2.7));
#13952 = VECTOR('',#13953,1.);
#13953 = DIRECTION('',(0.706913351193,-1.65382558193E-02,0.707106781187)
  );
#13954 = ORIENTED_EDGE('',*,*,#11105,.T.);
#13955 = ORIENTED_EDGE('',*,*,#13915,.T.);
#13956 = ORIENTED_EDGE('',*,*,#12006,.F.);
#13957 = PLANE('',#13958);
#13958 = AXIS2_PLACEMENT_3D('',#13959,#13960,#13961);
#13959 = CARTESIAN_POINT('',(-56.26146102671,-42.6631349352,2.85));
#13960 = DIRECTION('',(0.706913351193,-1.65382558193E-02,-0.707106781187
    ));
#13961 = DIRECTION('',(2.338862567765E-02,0.999726448679,
    7.285838599103E-17));
#13962 = ADVANCED_FACE('',(#13963),#13974,.T.);
#13963 = FACE_BOUND('',#13964,.F.);
#13964 = EDGE_LOOP('',(#13965,#13966,#13967,#13973));
#13965 = ORIENTED_EDGE('',*,*,#13934,.F.);
#13966 = ORIENTED_EDGE('',*,*,#11129,.T.);
#13967 = ORIENTED_EDGE('',*,*,#13968,.T.);
#13968 = EDGE_CURVE('',#11130,#12204,#13969,.T.);
#13969 = LINE('',#13970,#13971);
#13970 = CARTESIAN_POINT('',(55.873123664566,-42.60507065812,2.85));
#13971 = VECTOR('',#13972,1.);
#13972 = DIRECTION('',(-0.705664736438,4.513623541856E-02,0.707106781187
    ));
#13973 = ORIENTED_EDGE('',*,*,#12212,.F.);
#13974 = PLANE('',#13975);
#13975 = AXIS2_PLACEMENT_3D('',#13976,#13977,#13978);
#13976 = CARTESIAN_POINT('',(56.107019854875,-38.94831257987,2.85));
#13977 = DIRECTION('',(0.705664736438,-4.513623541856E-02,0.707106781187
    ));
#13978 = DIRECTION('',(6.38322762834E-02,0.997960640759,
    -1.873501354055E-16));
#13979 = ADVANCED_FACE('',(#13980),#13991,.T.);
#13980 = FACE_BOUND('',#13981,.F.);
#13981 = EDGE_LOOP('',(#13982,#13988,#13989,#13990));
#13982 = ORIENTED_EDGE('',*,*,#13983,.F.);
#13983 = EDGE_CURVE('',#11153,#12015,#13984,.T.);
#13984 = LINE('',#13985,#13986);
#13985 = CARTESIAN_POINT('',(-53.97264747923,-45.52415186955,2.85));
#13986 = VECTOR('',#13987,1.);
#13987 = DIRECTION('',(0.139041217755,0.693301910978,0.707106781187));
#13988 = ORIENTED_EDGE('',*,*,#11162,.T.);
#13989 = ORIENTED_EDGE('',*,*,#13949,.T.);
#13990 = ORIENTED_EDGE('',*,*,#12014,.F.);
#13991 = CONICAL_SURFACE('',#13992,3.,0.785398163397);
#13992 = AXIS2_PLACEMENT_3D('',#13993,#13994,#13995);
#13993 = CARTESIAN_POINT('',(-53.41224064798,-42.72979251838,2.7));
#13994 = DIRECTION('',(-0.,-0.,-1.));
#13995 = DIRECTION('',(-0.196633975878,-0.980476965324,0.));
#13996 = ADVANCED_FACE('',(#13997),#14008,.T.);
#13997 = FACE_BOUND('',#13998,.F.);
#13998 = EDGE_LOOP('',(#13999,#14000,#14001,#14007));
#13999 = ORIENTED_EDGE('',*,*,#13968,.F.);
#14000 = ORIENTED_EDGE('',*,*,#11187,.T.);
#14001 = ORIENTED_EDGE('',*,*,#14002,.T.);
#14002 = EDGE_CURVE('',#11180,#12196,#14003,.T.);
#14003 = LINE('',#14004,#14005);
#14004 = CARTESIAN_POINT('',(53.872955605585,-45.30197319344,2.7));
#14005 = VECTOR('',#14006,1.);
#14006 = DIRECTION('',(-0.198937366944,0.678545447287,0.707106781187));
#14007 = ORIENTED_EDGE('',*,*,#12203,.F.);
#14008 = CONICAL_SURFACE('',#14009,3.,0.785398163397);
#14009 = AXIS2_PLACEMENT_3D('',#14010,#14011,#14012);
#14010 = CARTESIAN_POINT('',(53.028935838402,-42.42314867072,2.7));
#14011 = DIRECTION('',(-0.,-0.,-1.));
#14012 = DIRECTION('',(0.997960640759,-6.38322762834E-02,0.));
#14013 = ADVANCED_FACE('',(#14014),#14025,.T.);
#14014 = FACE_BOUND('',#14015,.F.);
#14015 = EDGE_LOOP('',(#14016,#14022,#14023,#14024));
#14016 = ORIENTED_EDGE('',*,*,#14017,.F.);
#14017 = EDGE_CURVE('',#11203,#12024,#14018,.T.);
#14018 = LINE('',#14019,#14020);
#14019 = CARTESIAN_POINT('',(-50.18544077378,-46.43666031555,2.7));
#14020 = VECTOR('',#14021,1.);
#14021 = DIRECTION('',(0.139041217755,0.693301910978,0.707106781187));
#14022 = ORIENTED_EDGE('',*,*,#11210,.T.);
#14023 = ORIENTED_EDGE('',*,*,#13983,.T.);
#14024 = ORIENTED_EDGE('',*,*,#12023,.F.);
#14025 = PLANE('',#14026);
#14026 = AXIS2_PLACEMENT_3D('',#14027,#14028,#14029);
#14027 = CARTESIAN_POINT('',(-50.1559456774,-46.28958877075,2.85));
#14028 = DIRECTION('',(-0.139041217755,-0.693301910978,0.707106781187));
#14029 = DIRECTION('',(0.980476965324,-0.196633975878,1.387778780781E-17
    ));
#14030 = ADVANCED_FACE('',(#14031),#14042,.F.);
#14031 = FACE_BOUND('',#14032,.F.);
#14032 = EDGE_LOOP('',(#14033,#14034,#14035,#14041));
#14033 = ORIENTED_EDGE('',*,*,#14002,.F.);
#14034 = ORIENTED_EDGE('',*,*,#11234,.T.);
#14035 = ORIENTED_EDGE('',*,*,#14036,.T.);
#14036 = EDGE_CURVE('',#11227,#12187,#14037,.T.);
#14037 = LINE('',#14038,#14039);
#14038 = CARTESIAN_POINT('',(50.314528826557,-46.18892636527,2.85));
#14039 = VECTOR('',#14040,1.);
#14040 = DIRECTION('',(-0.198937366944,0.678545447287,0.707106781187));
#14041 = ORIENTED_EDGE('',*,*,#12195,.F.);
#14042 = PLANE('',#14043);
#14043 = AXIS2_PLACEMENT_3D('',#14044,#14045,#14046);
#14044 = CARTESIAN_POINT('',(53.830754617226,-45.1580319673,2.85));
#14045 = DIRECTION('',(-0.198937366944,0.678545447287,-0.707106781187));
#14046 = DIRECTION('',(-0.959608174239,-0.281339922394,0.));
#14047 = ADVANCED_FACE('',(#14048),#14059,.T.);
#14048 = FACE_BOUND('',#14049,.F.);
#14049 = EDGE_LOOP('',(#14050,#14056,#14057,#14058));
#14050 = ORIENTED_EDGE('',*,*,#14051,.F.);
#14051 = EDGE_CURVE('',#11251,#12032,#14052,.T.);
#14052 = LINE('',#14053,#14054);
#14053 = CARTESIAN_POINT('',(-47.81515796062,-45.72070552649,2.85));
#14054 = VECTOR('',#14055,1.);
#14055 = DIRECTION('',(-0.441726104299,0.552157630374,0.707106781187));
#14056 = ORIENTED_EDGE('',*,*,#11260,.T.);
#14057 = ORIENTED_EDGE('',*,*,#14017,.T.);
#14058 = ORIENTED_EDGE('',*,*,#12031,.F.);
#14059 = CONICAL_SURFACE('',#14060,3.,0.785398163397);
#14060 = AXIS2_PLACEMENT_3D('',#14061,#14062,#14063);
#14061 = CARTESIAN_POINT('',(-49.59553884615,-43.49522941958,2.7));
#14062 = DIRECTION('',(-0.,-0.,-1.));
#14063 = DIRECTION('',(0.624695047554,-0.780868809443,0.));
#14064 = ADVANCED_FACE('',(#14065),#14076,.T.);
#14065 = FACE_BOUND('',#14066,.F.);
#14066 = EDGE_LOOP('',(#14067,#14068,#14069,#14075));
#14067 = ORIENTED_EDGE('',*,*,#14036,.F.);
#14068 = ORIENTED_EDGE('',*,*,#11285,.T.);
#14069 = ORIENTED_EDGE('',*,*,#14070,.T.);
#14070 = EDGE_CURVE('',#11278,#12179,#14071,.T.);
#14071 = LINE('',#14072,#14073);
#14072 = CARTESIAN_POINT('',(47.63862490507,-45.79664949701,2.7));
#14073 = VECTOR('',#14074,1.);
#14074 = DIRECTION('',(0.441726104299,0.552157630374,0.707106781187));
#14075 = ORIENTED_EDGE('',*,*,#12186,.F.);
#14076 = CONICAL_SURFACE('',#14077,3.,0.785398163397);
#14077 = AXIS2_PLACEMENT_3D('',#14078,#14079,#14080);
#14078 = CARTESIAN_POINT('',(49.512710047733,-43.45404306868,2.7));
#14079 = DIRECTION('',(-0.,-0.,-1.));
#14080 = DIRECTION('',(0.281339922394,-0.959608174239,0.));
#14081 = ADVANCED_FACE('',(#14082),#14093,.T.);
#14082 = FACE_BOUND('',#14083,.F.);
#14083 = EDGE_LOOP('',(#14084,#14090,#14091,#14092));
#14084 = ORIENTED_EDGE('',*,*,#14085,.F.);
#14085 = EDGE_CURVE('',#11301,#12041,#14086,.T.);
#14086 = LINE('',#14087,#14088);
#14087 = CARTESIAN_POINT('',(-41.39842118037,-40.77940982942,2.7));
#14088 = VECTOR('',#14089,1.);
#14089 = DIRECTION('',(-0.441726104299,0.552157630374,0.707106781187));
#14090 = ORIENTED_EDGE('',*,*,#11308,.T.);
#14091 = ORIENTED_EDGE('',*,*,#14051,.T.);
#14092 = ORIENTED_EDGE('',*,*,#12040,.F.);
#14093 = PLANE('',#14094);
#14094 = AXIS2_PLACEMENT_3D('',#14095,#14096,#14097);
#14095 = CARTESIAN_POINT('',(-41.4921254375,-40.662279508,2.85));
#14096 = DIRECTION('',(0.441726104299,-0.552157630374,0.707106781187));
#14097 = DIRECTION('',(0.780868809443,0.624695047554,-3.053113317719E-16
    ));
#14098 = ADVANCED_FACE('',(#14099),#14110,.F.);
#14099 = FACE_BOUND('',#14100,.F.);
#14100 = EDGE_LOOP('',(#14101,#14102,#14103,#14109));
#14101 = ORIENTED_EDGE('',*,*,#14070,.F.);
#14102 = ORIENTED_EDGE('',*,*,#11332,.T.);
#14103 = ORIENTED_EDGE('',*,*,#14104,.T.);
#14104 = EDGE_CURVE('',#11325,#12170,#14105,.T.);
#14105 = LINE('',#14106,#14107);
#14106 = CARTESIAN_POINT('',(41.495047945723,-40.68969420241,2.85));
#14107 = VECTOR('',#14108,1.);
#14108 = DIRECTION('',(0.441726104299,0.552157630374,0.707106781187));
#14109 = ORIENTED_EDGE('',*,*,#12178,.F.);
#14110 = PLANE('',#14111);
#14111 = AXIS2_PLACEMENT_3D('',#14112,#14113,#14114);
#14112 = CARTESIAN_POINT('',(47.732329162203,-45.6795191756,2.85));
#14113 = DIRECTION('',(0.441726104299,0.552157630374,-0.707106781187));
#14114 = DIRECTION('',(-0.780868809443,0.624695047554,1.942890293094E-16
    ));
#14115 = ADVANCED_FACE('',(#14116),#14127,.T.);
#14116 = FACE_BOUND('',#14117,.F.);
#14117 = EDGE_LOOP('',(#14118,#14124,#14125,#14126));
#14118 = ORIENTED_EDGE('',*,*,#14119,.F.);
#14119 = EDGE_CURVE('',#11349,#12049,#14120,.T.);
#14120 = LINE('',#14121,#14122);
#14121 = CARTESIAN_POINT('',(-40.28839313929,-38.74513521362,2.7));
#14122 = VECTOR('',#14123,1.);
#14123 = DIRECTION('',(-0.703362222684,7.26745051663E-02,0.707106781187)
  );
#14124 = ORIENTED_EDGE('',*,*,#11358,.T.);
#14125 = ORIENTED_EDGE('',*,*,#14085,.T.);
#14126 = ORIENTED_EDGE('',*,*,#12048,.F.);
#14127 = CONICAL_SURFACE('',#14128,3.,0.785398163397);
#14128 = AXIS2_PLACEMENT_3D('',#14129,#14130,#14131);
#14129 = CARTESIAN_POINT('',(-43.27250632303,-38.43680340109,2.7));
#14130 = DIRECTION('',(-0.,-0.,-1.));
#14131 = DIRECTION('',(0.99470439458,-0.102777270845,0.));
#14132 = ADVANCED_FACE('',(#14133),#14144,.T.);
#14133 = FACE_BOUND('',#14134,.F.);
#14134 = EDGE_LOOP('',(#14135,#14136,#14137,#14143));
#14135 = ORIENTED_EDGE('',*,*,#14104,.F.);
#14136 = ORIENTED_EDGE('',*,*,#11383,.T.);
#14137 = ORIENTED_EDGE('',*,*,#14138,.T.);
#14138 = EDGE_CURVE('',#11376,#12161,#14139,.T.);
#14139 = LINE('',#14140,#14141);
#14140 = CARTESIAN_POINT('',(40.293378594491,-38.79190145703,2.7));
#14141 = VECTOR('',#14142,1.);
#14142 = DIRECTION('',(0.702875981418,7.723570900738E-02,0.707106781187)
  );
#14143 = ORIENTED_EDGE('',*,*,#12169,.F.);
#14144 = CONICAL_SURFACE('',#14145,3.,0.785398163397);
#14145 = AXIS2_PLACEMENT_3D('',#14146,#14147,#14148);
#14146 = CARTESIAN_POINT('',(43.275428831253,-38.4642180955,2.7));
#14147 = DIRECTION('',(-0.,-0.,-1.));
#14148 = DIRECTION('',(-0.624695047554,-0.780868809443,0.));
#14149 = ADVANCED_FACE('',(#14150),#14161,.T.);
#14150 = FACE_BOUND('',#14151,.F.);
#14151 = EDGE_LOOP('',(#14152,#14158,#14159,#14160));
#14152 = ORIENTED_EDGE('',*,*,#14153,.F.);
#14153 = EDGE_CURVE('',#11399,#12058,#14154,.T.);
#14154 = LINE('',#14155,#14156);
#14155 = CARTESIAN_POINT('',(-40.2903409608,-37.23624837906,2.7));
#14156 = VECTOR('',#14157,1.);
#14157 = DIRECTION('',(-0.703172247815,-7.449020004176E-02,
    0.707106781187));
#14158 = ORIENTED_EDGE('',*,*,#11408,.T.);
#14159 = ORIENTED_EDGE('',*,*,#14119,.T.);
#14160 = ORIENTED_EDGE('',*,*,#12057,.F.);
#14161 = CONICAL_SURFACE('',#14162,7.25,0.785398163397);
#14162 = AXIS2_PLACEMENT_3D('',#14163,#14164,#14165);
#14163 = CARTESIAN_POINT('',(-47.5,-38.,2.7));
#14164 = DIRECTION('',(-0.,-0.,-1.));
#14165 = DIRECTION('',(0.994435729545,0.105345051163,-0.));
#14166 = ADVANCED_FACE('',(#14167),#14178,.T.);
#14167 = FACE_BOUND('',#14168,.F.);
#14168 = EDGE_LOOP('',(#14169,#14170,#14171,#14177));
#14169 = ORIENTED_EDGE('',*,*,#14138,.F.);
#14170 = ORIENTED_EDGE('',*,*,#11431,.T.);
#14171 = ORIENTED_EDGE('',*,*,#14172,.T.);
#14172 = EDGE_CURVE('',#11424,#12152,#14173,.T.);
#14173 = LINE('',#14174,#14175);
#14174 = CARTESIAN_POINT('',(40.290340960799,-37.23624837907,2.7));
#14175 = VECTOR('',#14176,1.);
#14176 = DIRECTION('',(0.703172247815,-7.449020004129E-02,0.707106781187
    ));
#14177 = ORIENTED_EDGE('',*,*,#12160,.F.);
#14178 = CONICAL_SURFACE('',#14179,7.25,0.785398163397);
#14179 = AXIS2_PLACEMENT_3D('',#14180,#14181,#14182);
#14180 = CARTESIAN_POINT('',(47.5,-38.,2.7));
#14181 = DIRECTION('',(-0.,-0.,-1.));
#14182 = DIRECTION('',(-0.994016745587,-0.109227787178,0.));
#14183 = ADVANCED_FACE('',(#14184),#14195,.F.);
#14184 = FACE_BOUND('',#14185,.F.);
#14185 = EDGE_LOOP('',(#14186,#14192,#14193,#14194));
#14186 = ORIENTED_EDGE('',*,*,#14187,.F.);
#14187 = EDGE_CURVE('',#11449,#12067,#14188,.T.);
#14188 = LINE('',#14189,#14190);
#14189 = CARTESIAN_POINT('',(-39.24228565759,-34.43479572746,2.85));
#14190 = VECTOR('',#14191,1.);
#14191 = DIRECTION('',(-0.434422136981,0.557922402221,0.707106781187));
#14192 = ORIENTED_EDGE('',*,*,#11458,.T.);
#14193 = ORIENTED_EDGE('',*,*,#14153,.T.);
#14194 = ORIENTED_EDGE('',*,*,#12066,.F.);
#14195 = CONICAL_SURFACE('',#14196,3.,0.785398163397);
#14196 = AXIS2_PLACEMENT_3D('',#14197,#14198,#14199);
#14197 = CARTESIAN_POINT('',(-37.30703377216,-36.92021322558,2.7));
#14198 = DIRECTION('',(0.,0.,1.));
#14199 = DIRECTION('',(-0.614365677914,0.789021427973,0.));
#14200 = ADVANCED_FACE('',(#14201),#14212,.F.);
#14201 = FACE_BOUND('',#14202,.F.);
#14202 = EDGE_LOOP('',(#14203,#14204,#14205,#14211));
#14203 = ORIENTED_EDGE('',*,*,#14172,.F.);
#14204 = ORIENTED_EDGE('',*,*,#11483,.T.);
#14205 = ORIENTED_EDGE('',*,*,#14206,.T.);
#14206 = EDGE_CURVE('',#11476,#12144,#14207,.T.);
#14207 = LINE('',#14208,#14209);
#14208 = CARTESIAN_POINT('',(39.1501308059,-34.55314894166,2.7));
#14209 = VECTOR('',#14210,1.);
#14210 = DIRECTION('',(0.43442213698,0.557922402223,0.707106781187));
#14211 = ORIENTED_EDGE('',*,*,#12151,.F.);
#14212 = CONICAL_SURFACE('',#14213,3.,0.785398163397);
#14213 = AXIS2_PLACEMENT_3D('',#14214,#14215,#14216);
#14214 = CARTESIAN_POINT('',(37.307033772164,-36.92021322558,2.7));
#14215 = DIRECTION('',(0.,0.,1.));
#14216 = DIRECTION('',(0.994435729545,-0.105345051162,0.));
#14217 = ADVANCED_FACE('',(#14218),#14229,.F.);
#14218 = FACE_BOUND('',#14219,.F.);
#14219 = EDGE_LOOP('',(#14220,#14226,#14227,#14228));
#14220 = ORIENTED_EDGE('',*,*,#14221,.F.);
#14221 = EDGE_CURVE('',#11500,#12076,#14222,.T.);
#14222 = LINE('',#14223,#14224);
#14223 = CARTESIAN_POINT('',(-17.05233105768,-17.34686120166,2.7));
#14224 = VECTOR('',#14225,1.);
#14225 = DIRECTION('',(-0.434422136981,0.557922402221,0.707106781187));
#14226 = ORIENTED_EDGE('',*,*,#11499,.T.);
#14227 = ORIENTED_EDGE('',*,*,#14187,.T.);
#14228 = ORIENTED_EDGE('',*,*,#12075,.F.);
#14229 = PLANE('',#14230);
#14230 = AXIS2_PLACEMENT_3D('',#14231,#14232,#14233);
#14231 = CARTESIAN_POINT('',(-17.14448590936,-17.22850798746,2.85));
#14232 = DIRECTION('',(-0.434422136981,0.557922402221,-0.707106781187));
#14233 = DIRECTION('',(-0.789021427973,-0.614365677914,
    -3.053113317719E-16));
#14234 = ADVANCED_FACE('',(#14235),#14246,.T.);
#14235 = FACE_BOUND('',#14236,.F.);
#14236 = EDGE_LOOP('',(#14237,#14238,#14239,#14245));
#14237 = ORIENTED_EDGE('',*,*,#14206,.F.);
#14238 = ORIENTED_EDGE('',*,*,#11523,.T.);
#14239 = ORIENTED_EDGE('',*,*,#14240,.T.);
#14240 = EDGE_CURVE('',#11524,#12135,#14241,.T.);
#14241 = LINE('',#14242,#14243);
#14242 = CARTESIAN_POINT('',(17.144485909358,-17.22850798757,2.85));
#14243 = VECTOR('',#14244,1.);
#14244 = DIRECTION('',(0.43442213698,0.557922402223,0.707106781187));
#14245 = ORIENTED_EDGE('',*,*,#12143,.F.);
#14246 = PLANE('',#14247);
#14247 = AXIS2_PLACEMENT_3D('',#14248,#14249,#14250);
#14248 = CARTESIAN_POINT('',(39.242285657586,-34.43479572746,2.85));
#14249 = DIRECTION('',(-0.43442213698,-0.557922402223,0.707106781187));
#14250 = DIRECTION('',(0.789021427975,-0.614365677912,
    -1.665334536938E-16));
#14251 = ADVANCED_FACE('',(#14252),#14263,.F.);
#14252 = FACE_BOUND('',#14253,.F.);
#14253 = EDGE_LOOP('',(#14254,#14260,#14261,#14262));
#14254 = ORIENTED_EDGE('',*,*,#14255,.F.);
#14255 = EDGE_CURVE('',#11549,#12084,#14256,.T.);
#14256 = LINE('',#14257,#14258);
#14257 = CARTESIAN_POINT('',(-12.09372285582,-19.24907049598,2.85));
#14258 = VECTOR('',#14259,1.);
#14259 = DIRECTION('',(0.699364785345,0.104349877909,0.707106781187));
#14260 = ORIENTED_EDGE('',*,*,#11556,.T.);
#14261 = ORIENTED_EDGE('',*,*,#14221,.T.);
#14262 = ORIENTED_EDGE('',*,*,#12083,.F.);
#14263 = CONICAL_SURFACE('',#14264,3.,0.785398163397);
#14264 = AXIS2_PLACEMENT_3D('',#14265,#14266,#14267);
#14265 = CARTESIAN_POINT('',(-15.20923402393,-19.71392548558,2.7));
#14266 = DIRECTION('',(0.,0.,1.));
#14267 = DIRECTION('',(0.989051164481,0.147573012571,-0.));
#14268 = ADVANCED_FACE('',(#14269),#14280,.F.);
#14269 = FACE_BOUND('',#14270,.F.);
#14270 = EDGE_LOOP('',(#14271,#14272,#14273,#14279));
#14271 = ORIENTED_EDGE('',*,*,#14240,.F.);
#14272 = ORIENTED_EDGE('',*,*,#11581,.T.);
#14273 = ORIENTED_EDGE('',*,*,#14274,.T.);
#14274 = EDGE_CURVE('',#11572,#12127,#14275,.T.);
#14275 = LINE('',#14276,#14277);
#14276 = CARTESIAN_POINT('',(12.242080530494,-19.27120644798,2.7));
#14277 = VECTOR('',#14278,1.);
#14278 = DIRECTION('',(-0.699364785345,0.10434987791,0.707106781187));
#14279 = ORIENTED_EDGE('',*,*,#12134,.F.);
#14280 = CONICAL_SURFACE('',#14281,3.,0.785398163397);
#14281 = AXIS2_PLACEMENT_3D('',#14282,#14283,#14284);
#14282 = CARTESIAN_POINT('',(15.209234023936,-19.71392548569,2.7));
#14283 = DIRECTION('',(0.,0.,1.));
#14284 = DIRECTION('',(0.614365677912,0.789021427975,-0.));
#14285 = ADVANCED_FACE('',(#14286),#14297,.F.);
#14286 = FACE_BOUND('',#14287,.F.);
#14287 = EDGE_LOOP('',(#14288,#14294,#14295,#14296));
#14288 = ORIENTED_EDGE('',*,*,#14289,.F.);
#14289 = EDGE_CURVE('',#11597,#12093,#14290,.T.);
#14290 = LINE('',#14291,#14292);
#14291 = CARTESIAN_POINT('',(-9.254375553155,-39.29514602514,2.7));
#14292 = VECTOR('',#14293,1.);
#14293 = DIRECTION('',(0.699364785345,0.104349877909,0.707106781187));
#14294 = ORIENTED_EDGE('',*,*,#11606,.T.);
#14295 = ORIENTED_EDGE('',*,*,#14255,.T.);
#14296 = ORIENTED_EDGE('',*,*,#12092,.F.);
#14297 = PLANE('',#14298);
#14298 = AXIS2_PLACEMENT_3D('',#14299,#14300,#14301);
#14299 = CARTESIAN_POINT('',(-9.106017878483,-39.27301007325,2.85));
#14300 = DIRECTION('',(0.699364785345,0.104349877909,-0.707106781187));
#14301 = DIRECTION('',(-0.147573012571,0.989051164481,1.387778780781E-17
    ));
#14302 = ADVANCED_FACE('',(#14303),#14314,.F.);
#14303 = FACE_BOUND('',#14304,.F.);
#14304 = EDGE_LOOP('',(#14305,#14306,#14307,#14313));
#14305 = ORIENTED_EDGE('',*,*,#14274,.F.);
#14306 = ORIENTED_EDGE('',*,*,#11628,.T.);
#14307 = ORIENTED_EDGE('',*,*,#14308,.T.);
#14308 = EDGE_CURVE('',#11621,#12118,#14309,.T.);
#14309 = LINE('',#14310,#14311);
#14310 = CARTESIAN_POINT('',(9.106017878484,-39.27301007325,2.85));
#14311 = VECTOR('',#14312,1.);
#14312 = DIRECTION('',(-0.699364785345,0.10434987791,0.707106781187));
#14313 = ORIENTED_EDGE('',*,*,#12126,.F.);
#14314 = PLANE('',#14315);
#14315 = AXIS2_PLACEMENT_3D('',#14316,#14317,#14318);
#14316 = CARTESIAN_POINT('',(12.093722855822,-19.24907049609,2.85));
#14317 = DIRECTION('',(-0.699364785345,0.10434987791,-0.707106781187));
#14318 = DIRECTION('',(-0.147573012572,-0.989051164481,
    -2.775557561563E-17));
#14319 = ADVANCED_FACE('',(#14320),#14331,.T.);
#14320 = FACE_BOUND('',#14321,.F.);
#14321 = EDGE_LOOP('',(#14322,#14328,#14329,#14330));
#14322 = ORIENTED_EDGE('',*,*,#14323,.F.);
#14323 = EDGE_CURVE('',#11645,#12101,#14324,.T.);
#14324 = LINE('',#14325,#14326);
#14325 = CARTESIAN_POINT('',(-7.276273224194,-40.85,2.85));
#14326 = VECTOR('',#14327,1.);
#14327 = DIRECTION('',(0.,0.707106781187,0.707106781187));
#14328 = ORIENTED_EDGE('',*,*,#11654,.T.);
#14329 = ORIENTED_EDGE('',*,*,#14289,.T.);
#14330 = ORIENTED_EDGE('',*,*,#12100,.F.);
#14331 = CONICAL_SURFACE('',#14332,2.,0.785398163397);
#14332 = AXIS2_PLACEMENT_3D('',#14333,#14334,#14335);
#14333 = CARTESIAN_POINT('',(-7.276273224194,-39.,2.7));
#14334 = DIRECTION('',(-0.,-0.,-1.));
#14335 = DIRECTION('',(0.,-1.,0.));
#14336 = ADVANCED_FACE('',(#14337),#14348,.T.);
#14337 = FACE_BOUND('',#14338,.F.);
#14338 = EDGE_LOOP('',(#14339,#14340,#14341,#14347));
#14339 = ORIENTED_EDGE('',*,*,#14308,.F.);
#14340 = ORIENTED_EDGE('',*,*,#11679,.T.);
#14341 = ORIENTED_EDGE('',*,*,#14342,.T.);
#14342 = EDGE_CURVE('',#11672,#12110,#14343,.T.);
#14343 = LINE('',#14344,#14345);
#14344 = CARTESIAN_POINT('',(7.276273224195,-41.,2.7));
#14345 = VECTOR('',#14346,1.);
#14346 = DIRECTION('',(-1.3E-15,0.707106781187,0.707106781187));
#14347 = ORIENTED_EDGE('',*,*,#12117,.F.);
#14348 = CONICAL_SURFACE('',#14349,2.,0.785398163397);
#14349 = AXIS2_PLACEMENT_3D('',#14350,#14351,#14352);
#14350 = CARTESIAN_POINT('',(7.276273224195,-39.,2.7));
#14351 = DIRECTION('',(-0.,-0.,-1.));
#14352 = DIRECTION('',(0.989051164481,-0.147573012572,0.));
#14353 = ADVANCED_FACE('',(#14354),#14360,.F.);
#14354 = FACE_BOUND('',#14355,.F.);
#14355 = EDGE_LOOP('',(#14356,#14357,#14358,#14359));
#14356 = ORIENTED_EDGE('',*,*,#14342,.F.);
#14357 = ORIENTED_EDGE('',*,*,#11695,.T.);
#14358 = ORIENTED_EDGE('',*,*,#14323,.T.);
#14359 = ORIENTED_EDGE('',*,*,#12109,.F.);
#14360 = PLANE('',#14361);
#14361 = AXIS2_PLACEMENT_3D('',#14362,#14363,#14364);
#14362 = CARTESIAN_POINT('',(7.276273224195,-40.85,2.85));
#14363 = DIRECTION('',(-0.,0.707106781187,-0.707106781187));
#14364 = DIRECTION('',(-1.,-0.,0.));
#14365 = ( GEOMETRIC_REPRESENTATION_CONTEXT(3) 
GLOBAL_UNCERTAINTY_ASSIGNED_CONTEXT((#14369)) 
GLOBAL_UNIT_ASSIGNED_CONTEXT((#14366,#14367,#14368)) 
REPRESENTATION_CONTEXT('Context #1',
  '3D Context with UNIT and UNCERTAINTY') );
#14366 = ( LENGTH_UNIT() NAMED_UNIT(*) SI_UNIT(.MILLI.,.METRE.) );
#14367 = ( NAMED_UNIT(*) PLANE_ANGLE_UNIT() SI_UNIT($,.RADIAN.) );
#14368 = ( NAMED_UNIT(*) SI_UNIT($,.STERADIAN.) SOLID_ANGLE_UNIT() );
#14369 = UNCERTAINTY_MEASURE_WITH_UNIT(LENGTH_MEASURE(2.E-05),#14366,
  'distance_accuracy_value','confusion accuracy');
#14370 = PRODUCT_RELATED_PRODUCT_CATEGORY('part',$,(#7));
#14371 = MECHANICAL_DESIGN_GEOMETRIC_PRESENTATION_REPRESENTATION('',(
    #14372),#14365);
#14372 = STYLED_ITEM('color',(#14373),#15);
#14373 = PRESENTATION_STYLE_ASSIGNMENT((#14374,#14382));
#14374 = SURFACE_STYLE_USAGE(.BOTH.,#14375);
#14375 = SURFACE_SIDE_STYLE('',(#14376,#14380));
#14376 = SURFACE_STYLE_FILL_AREA(#14377);
#14377 = FILL_AREA_STYLE('',(#14378));
#14378 = FILL_AREA_STYLE_COLOUR('',#14379);
#14379 = COLOUR_RGB('',0.447058818107,0.474509808674,0.501960817233);
#14380 = SURFACE_STYLE_RENDERING_WITH_PROPERTIES(.NORMAL_SHADING.,#14379
  ,(#14381));
#14381 = SURFACE_STYLE_TRANSPARENT(0.699999988079);
#14382 = CURVE_STYLE('',#14383,POSITIVE_LENGTH_MEASURE(0.1),#14384);
#14383 = DRAUGHTING_PRE_DEFINED_CURVE_FONT('continuous');
#14384 = COLOUR_RGB('',9.803921802644E-02,9.803921802644E-02,
  9.803921802644E-02);
ENDSEC;
END-ISO-10303-21;
