ISO-10303-21;
HEADER;
FILE_DESCRIPTION(('FreeCAD Model'),'2;1');
FILE_NAME('Open CASCADE Shape Model','2026-05-02T22:15:26',(''),(''),
  'Open CASCADE STEP processor 7.8','FreeCAD','Unknown');
FILE_SCHEMA(('AUTOMOTIVE_DESIGN { 1 0 10303 214 1 1 1 1 }'));
ENDSEC;
DATA;
#1 = APPLICATION_PROTOCOL_DEFINITION('international standard',
  'automotive_design',2000,#2);
#2 = APPLICATION_CONTEXT(
  'core data for automotive mechanical design processes');
#3 = SHAPE_DEFINITION_REPRESENTATION(#4,#10);
#4 = PRODUCT_DEFINITION_SHAPE('','',#5);
#5 = PRODUCT_DEFINITION('design','',#6,#9);
#6 = PRODUCT_DEFINITION_FORMATION('','',#7);
#7 = PRODUCT('Top','Top','',(#8));
#8 = PRODUCT_CONTEXT('',#2,'mechanical');
#9 = PRODUCT_DEFINITION_CONTEXT('part definition',#2,'design');
#10 = ADVANCED_BREP_SHAPE_REPRESENTATION('',(#11,#15),#3679);
#11 = AXIS2_PLACEMENT_3D('',#12,#13,#14);
#12 = CARTESIAN_POINT('',(0.,0.,0.));
#13 = DIRECTION('',(0.,0.,1.));
#14 = DIRECTION('',(1.,0.,-0.));
#15 = MANIFOLD_SOLID_BREP('',#16);
#16 = CLOSED_SHELL('',(#17,#50,#75,#981,#1887,#1909,#1926,#1943,#1960,
    #1977,#1989,#2011,#2028,#2045,#2062,#2079,#2096,#2113,#2130,#2147,
    #2159,#2184,#2206,#2223,#2240,#2257,#2274,#2291,#2308,#2320,#2345,
    #2367,#2384,#2401,#2418,#2435,#2452,#2469,#2481,#2506,#2528,#2545,
    #2562,#2579,#2596,#2608,#2630,#2647,#2664,#2681,#2698,#2715,#2732,
    #2749,#2766,#2778,#2800,#2817,#2834,#2851,#2868,#2880,#2902,#2919,
    #2936,#2953,#2970,#2982,#3004,#3021,#3038,#3055,#3072,#3084,#3106,
    #3123,#3140,#3157,#3174,#3191,#3208,#3220,#3242,#3259,#3276,#3293,
    #3310,#3322,#3344,#3361,#3378,#3395,#3412,#3429,#3446,#3463,#3480,
    #3492,#3514,#3531,#3548,#3565,#3582,#3599,#3616,#3628,#3645,#3662));
#17 = ADVANCED_FACE('',(#18),#45,.F.);
#18 = FACE_BOUND('',#19,.T.);
#19 = EDGE_LOOP('',(#20,#30,#37,#38));
#20 = ORIENTED_EDGE('',*,*,#21,.T.);
#21 = EDGE_CURVE('',#22,#24,#26,.T.);
#22 = VERTEX_POINT('',#23);
#23 = CARTESIAN_POINT('',(-5.15,-39.,0.));
#24 = VERTEX_POINT('',#25);
#25 = CARTESIAN_POINT('',(-5.15,-39.,0.85));
#26 = LINE('',#27,#28);
#27 = CARTESIAN_POINT('',(-5.15,-39.,0.));
#28 = VECTOR('',#29,1.);
#29 = DIRECTION('',(0.,0.,1.));
#30 = ORIENTED_EDGE('',*,*,#31,.T.);
#31 = EDGE_CURVE('',#24,#24,#32,.T.);
#32 = CIRCLE('',#33,1.05);
#33 = AXIS2_PLACEMENT_3D('',#34,#35,#36);
#34 = CARTESIAN_POINT('',(-6.2,-39.,0.85));
#35 = DIRECTION('',(0.,0.,1.));
#36 = DIRECTION('',(1.,0.,-0.));
#37 = ORIENTED_EDGE('',*,*,#21,.F.);
#38 = ORIENTED_EDGE('',*,*,#39,.F.);
#39 = EDGE_CURVE('',#22,#22,#40,.T.);
#40 = CIRCLE('',#41,1.05);
#41 = AXIS2_PLACEMENT_3D('',#42,#43,#44);
#42 = CARTESIAN_POINT('',(-6.2,-39.,0.));
#43 = DIRECTION('',(0.,0.,1.));
#44 = DIRECTION('',(1.,0.,0.));
#45 = CYLINDRICAL_SURFACE('',#46,1.05);
#46 = AXIS2_PLACEMENT_3D('',#47,#48,#49);
#47 = CARTESIAN_POINT('',(-6.2,-39.,0.));
#48 = DIRECTION('',(-0.,-0.,-1.));
#49 = DIRECTION('',(1.,0.,0.));
#50 = ADVANCED_FACE('',(#51),#70,.F.);
#51 = FACE_BOUND('',#52,.F.);
#52 = EDGE_LOOP('',(#53,#61,#62,#63));
#53 = ORIENTED_EDGE('',*,*,#54,.F.);
#54 = EDGE_CURVE('',#24,#55,#57,.T.);
#55 = VERTEX_POINT('',#56);
#56 = CARTESIAN_POINT('',(-4.,-39.,2.));
#57 = LINE('',#58,#59);
#58 = CARTESIAN_POINT('',(-5.15,-39.,0.85));
#59 = VECTOR('',#60,1.);
#60 = DIRECTION('',(0.707106781187,0.,0.707106781187));
#61 = ORIENTED_EDGE('',*,*,#31,.T.);
#62 = ORIENTED_EDGE('',*,*,#54,.T.);
#63 = ORIENTED_EDGE('',*,*,#64,.F.);
#64 = EDGE_CURVE('',#55,#55,#65,.T.);
#65 = CIRCLE('',#66,2.2);
#66 = AXIS2_PLACEMENT_3D('',#67,#68,#69);
#67 = CARTESIAN_POINT('',(-6.2,-39.,2.));
#68 = DIRECTION('',(0.,0.,1.));
#69 = DIRECTION('',(1.,0.,-0.));
#70 = CONICAL_SURFACE('',#71,1.05,0.785398163397);
#71 = AXIS2_PLACEMENT_3D('',#72,#73,#74);
#72 = CARTESIAN_POINT('',(-6.2,-39.,0.85));
#73 = DIRECTION('',(0.,0.,1.));
#74 = DIRECTION('',(1.,0.,-0.));
#75 = ADVANCED_FACE('',(#76,#129,#215,#218,#229,#299,#310,#380,#391,#444
    ,#533,#586,#639,#692,#763,#816,#905),#976,.F.);
#76 = FACE_BOUND('',#77,.F.);
#77 = EDGE_LOOP('',(#78,#88,#97,#105,#114,#122));
#78 = ORIENTED_EDGE('',*,*,#79,.F.);
#79 = EDGE_CURVE('',#80,#82,#84,.T.);
#80 = VERTEX_POINT('',#81);
#81 = CARTESIAN_POINT('',(-5.682778083174,-34.805118859,0.));
#82 = VERTEX_POINT('',#83);
#83 = CARTESIAN_POINT('',(-1.808329115463,-28.94933657808,0.));
#84 = LINE('',#85,#86);
#85 = CARTESIAN_POINT('',(-7.315001703864,-37.27203640939,0.));
#86 = VECTOR('',#87,1.);
#87 = DIRECTION('',(0.551797461555,0.833978154044,0.));
#88 = ORIENTED_EDGE('',*,*,#89,.T.);
#89 = EDGE_CURVE('',#80,#90,#92,.T.);
#90 = VERTEX_POINT('',#91);
#91 = CARTESIAN_POINT('',(-7.514479802876,-34.3207579345,0.));
#92 = CIRCLE('',#93,1.);
#93 = AXIS2_PLACEMENT_3D('',#94,#95,#96);
#94 = CARTESIAN_POINT('',(-6.516756237218,-34.25332139745,0.));
#95 = DIRECTION('',(-0.,-0.,-1.));
#96 = DIRECTION('',(0.,-1.,0.));
#97 = ORIENTED_EDGE('',*,*,#98,.T.);
#98 = EDGE_CURVE('',#90,#99,#101,.T.);
#99 = VERTEX_POINT('',#100);
#100 = CARTESIAN_POINT('',(-8.396134695658,-21.2766737958,0.));
#101 = LINE('',#102,#103);
#102 = CARTESIAN_POINT('',(-7.315001703864,-37.27203640939,0.));
#103 = VECTOR('',#104,1.);
#104 = DIRECTION('',(-6.743653705027E-02,0.997723565659,-0.));
#105 = ORIENTED_EDGE('',*,*,#106,.F.);
#106 = EDGE_CURVE('',#107,#99,#109,.T.);
#107 = VERTEX_POINT('',#108);
#108 = CARTESIAN_POINT('',(-6.564432975956,-20.65743979719,0.));
#109 = CIRCLE('',#110,1.);
#110 = AXIS2_PLACEMENT_3D('',#111,#112,#113);
#111 = CARTESIAN_POINT('',(-7.398411129999,-21.20923725875,0.));
#112 = DIRECTION('',(-0.,0.,1.));
#113 = DIRECTION('',(0.,-1.,0.));
#114 = ORIENTED_EDGE('',*,*,#115,.F.);
#115 = EDGE_CURVE('',#116,#107,#118,.T.);
#116 = VERTEX_POINT('',#117);
#117 = CARTESIAN_POINT('',(-1.808329115463,-27.84574165497,0.));
#118 = LINE('',#119,#120);
#119 = CARTESIAN_POINT('',(-1.443235093393,-28.39753911653,0.));
#120 = VECTOR('',#121,1.);
#121 = DIRECTION('',(-0.551797461555,0.833978154044,-0.));
#122 = ORIENTED_EDGE('',*,*,#123,.F.);
#123 = EDGE_CURVE('',#82,#116,#124,.T.);
#124 = CIRCLE('',#125,1.);
#125 = AXIS2_PLACEMENT_3D('',#126,#127,#128);
#126 = CARTESIAN_POINT('',(-2.642307269507,-28.39753911653,0.));
#127 = DIRECTION('',(-0.,0.,1.));
#128 = DIRECTION('',(0.,-1.,0.));
#129 = FACE_BOUND('',#130,.F.);
#130 = EDGE_LOOP('',(#131,#141,#150,#158,#167,#175,#183,#192,#200,#209)
  );
#131 = ORIENTED_EDGE('',*,*,#132,.T.);
#132 = EDGE_CURVE('',#133,#135,#137,.T.);
#133 = VERTEX_POINT('',#134);
#134 = CARTESIAN_POINT('',(-11.,-12.41,0.));
#135 = VERTEX_POINT('',#136);
#136 = CARTESIAN_POINT('',(-9.126064679006,-40.1348730741,0.));
#137 = LINE('',#138,#139);
#138 = CARTESIAN_POINT('',(-11.,-12.41,0.));
#139 = VECTOR('',#140,1.);
#140 = DIRECTION('',(6.743653705027E-02,-0.997723565659,0.));
#141 = ORIENTED_EDGE('',*,*,#142,.T.);
#142 = EDGE_CURVE('',#135,#143,#145,.T.);
#143 = VERTEX_POINT('',#144);
#144 = CARTESIAN_POINT('',(-7.130617547689,-42.,0.));
#145 = CIRCLE('',#146,2.);
#146 = AXIS2_PLACEMENT_3D('',#147,#148,#149);
#147 = CARTESIAN_POINT('',(-7.130617547689,-40.,0.));
#148 = DIRECTION('',(-0.,0.,1.));
#149 = DIRECTION('',(0.,-1.,0.));
#150 = ORIENTED_EDGE('',*,*,#151,.T.);
#151 = EDGE_CURVE('',#143,#152,#154,.T.);
#152 = VERTEX_POINT('',#153);
#153 = CARTESIAN_POINT('',(7.130617547689,-42.,0.));
#154 = LINE('',#155,#156);
#155 = CARTESIAN_POINT('',(-9.,-42.,0.));
#156 = VECTOR('',#157,1.);
#157 = DIRECTION('',(1.,0.,0.));
#158 = ORIENTED_EDGE('',*,*,#159,.T.);
#159 = EDGE_CURVE('',#152,#160,#162,.T.);
#160 = VERTEX_POINT('',#161);
#161 = CARTESIAN_POINT('',(9.126064679006,-40.1348730741,0.));
#162 = CIRCLE('',#163,2.);
#163 = AXIS2_PLACEMENT_3D('',#164,#165,#166);
#164 = CARTESIAN_POINT('',(7.130617547689,-40.,0.));
#165 = DIRECTION('',(-0.,0.,1.));
#166 = DIRECTION('',(0.,-1.,0.));
#167 = ORIENTED_EDGE('',*,*,#168,.T.);
#168 = EDGE_CURVE('',#160,#169,#171,.T.);
#169 = VERTEX_POINT('',#170);
#170 = CARTESIAN_POINT('',(11.,-12.41,0.));
#171 = LINE('',#172,#173);
#172 = CARTESIAN_POINT('',(9.,-42.,0.));
#173 = VECTOR('',#174,1.);
#174 = DIRECTION('',(6.743653705027E-02,0.997723565659,0.));
#175 = ORIENTED_EDGE('',*,*,#176,.F.);
#176 = EDGE_CURVE('',#177,#169,#179,.T.);
#177 = VERTEX_POINT('',#178);
#178 = CARTESIAN_POINT('',(11.,30.,0.));
#179 = LINE('',#180,#181);
#180 = CARTESIAN_POINT('',(11.,32.,0.));
#181 = VECTOR('',#182,1.);
#182 = DIRECTION('',(0.,-1.,0.));
#183 = ORIENTED_EDGE('',*,*,#184,.F.);
#184 = EDGE_CURVE('',#185,#177,#187,.T.);
#185 = VERTEX_POINT('',#186);
#186 = CARTESIAN_POINT('',(9.,32.,0.));
#187 = CIRCLE('',#188,2.);
#188 = AXIS2_PLACEMENT_3D('',#189,#190,#191);
#189 = CARTESIAN_POINT('',(9.,30.,0.));
#190 = DIRECTION('',(-0.,-0.,-1.));
#191 = DIRECTION('',(0.,-1.,0.));
#192 = ORIENTED_EDGE('',*,*,#193,.T.);
#193 = EDGE_CURVE('',#185,#194,#196,.T.);
#194 = VERTEX_POINT('',#195);
#195 = CARTESIAN_POINT('',(-9.,32.,0.));
#196 = LINE('',#197,#198);
#197 = CARTESIAN_POINT('',(11.,32.,0.));
#198 = VECTOR('',#199,1.);
#199 = DIRECTION('',(-1.,0.,0.));
#200 = ORIENTED_EDGE('',*,*,#201,.T.);
#201 = EDGE_CURVE('',#194,#202,#204,.T.);
#202 = VERTEX_POINT('',#203);
#203 = CARTESIAN_POINT('',(-11.,30.,0.));
#204 = CIRCLE('',#205,2.);
#205 = AXIS2_PLACEMENT_3D('',#206,#207,#208);
#206 = CARTESIAN_POINT('',(-9.,30.,0.));
#207 = DIRECTION('',(-0.,0.,1.));
#208 = DIRECTION('',(0.,-1.,0.));
#209 = ORIENTED_EDGE('',*,*,#210,.F.);
#210 = EDGE_CURVE('',#133,#202,#211,.T.);
#211 = LINE('',#212,#213);
#212 = CARTESIAN_POINT('',(-11.,-12.41,0.));
#213 = VECTOR('',#214,1.);
#214 = DIRECTION('',(0.,1.,0.));
#215 = FACE_BOUND('',#216,.F.);
#216 = EDGE_LOOP('',(#217));
#217 = ORIENTED_EDGE('',*,*,#39,.F.);
#218 = FACE_BOUND('',#219,.F.);
#219 = EDGE_LOOP('',(#220));
#220 = ORIENTED_EDGE('',*,*,#221,.F.);
#221 = EDGE_CURVE('',#222,#222,#224,.T.);
#222 = VERTEX_POINT('',#223);
#223 = CARTESIAN_POINT('',(7.25,-39.,0.));
#224 = CIRCLE('',#225,1.05);
#225 = AXIS2_PLACEMENT_3D('',#226,#227,#228);
#226 = CARTESIAN_POINT('',(6.2,-39.,0.));
#227 = DIRECTION('',(0.,0.,1.));
#228 = DIRECTION('',(1.,0.,0.));
#229 = FACE_BOUND('',#230,.F.);
#230 = EDGE_LOOP('',(#231,#241,#250,#258,#267,#275,#284,#292));
#231 = ORIENTED_EDGE('',*,*,#232,.F.);
#232 = EDGE_CURVE('',#233,#235,#237,.T.);
#233 = VERTEX_POINT('',#234);
#234 = CARTESIAN_POINT('',(-9.5,9.8,0.));
#235 = VERTEX_POINT('',#236);
#236 = CARTESIAN_POINT('',(-9.5,-13.2,0.));
#237 = LINE('',#238,#239);
#238 = CARTESIAN_POINT('',(-9.5,10.8,0.));
#239 = VECTOR('',#240,1.);
#240 = DIRECTION('',(0.,-1.,0.));
#241 = ORIENTED_EDGE('',*,*,#242,.T.);
#242 = EDGE_CURVE('',#233,#243,#245,.T.);
#243 = VERTEX_POINT('',#244);
#244 = CARTESIAN_POINT('',(-8.5,10.8,0.));
#245 = CIRCLE('',#246,1.);
#246 = AXIS2_PLACEMENT_3D('',#247,#248,#249);
#247 = CARTESIAN_POINT('',(-8.5,9.8,0.));
#248 = DIRECTION('',(-0.,-0.,-1.));
#249 = DIRECTION('',(0.,-1.,0.));
#250 = ORIENTED_EDGE('',*,*,#251,.F.);
#251 = EDGE_CURVE('',#252,#243,#254,.T.);
#252 = VERTEX_POINT('',#253);
#253 = CARTESIAN_POINT('',(-7.,10.8,0.));
#254 = LINE('',#255,#256);
#255 = CARTESIAN_POINT('',(-6.,10.8,0.));
#256 = VECTOR('',#257,1.);
#257 = DIRECTION('',(-1.,0.,0.));
#258 = ORIENTED_EDGE('',*,*,#259,.F.);
#259 = EDGE_CURVE('',#260,#252,#262,.T.);
#260 = VERTEX_POINT('',#261);
#261 = CARTESIAN_POINT('',(-6.,9.8,0.));
#262 = CIRCLE('',#263,1.);
#263 = AXIS2_PLACEMENT_3D('',#264,#265,#266);
#264 = CARTESIAN_POINT('',(-7.,9.8,0.));
#265 = DIRECTION('',(-0.,0.,1.));
#266 = DIRECTION('',(0.,-1.,0.));
#267 = ORIENTED_EDGE('',*,*,#268,.F.);
#268 = EDGE_CURVE('',#269,#260,#271,.T.);
#269 = VERTEX_POINT('',#270);
#270 = CARTESIAN_POINT('',(-6.,-13.2,0.));
#271 = LINE('',#272,#273);
#272 = CARTESIAN_POINT('',(-6.,-14.2,0.));
#273 = VECTOR('',#274,1.);
#274 = DIRECTION('',(0.,1.,0.));
#275 = ORIENTED_EDGE('',*,*,#276,.F.);
#276 = EDGE_CURVE('',#277,#269,#279,.T.);
#277 = VERTEX_POINT('',#278);
#278 = CARTESIAN_POINT('',(-7.,-14.2,0.));
#279 = CIRCLE('',#280,1.);
#280 = AXIS2_PLACEMENT_3D('',#281,#282,#283);
#281 = CARTESIAN_POINT('',(-7.,-13.2,0.));
#282 = DIRECTION('',(-0.,0.,1.));
#283 = DIRECTION('',(0.,-1.,0.));
#284 = ORIENTED_EDGE('',*,*,#285,.F.);
#285 = EDGE_CURVE('',#286,#277,#288,.T.);
#286 = VERTEX_POINT('',#287);
#287 = CARTESIAN_POINT('',(-8.5,-14.2,0.));
#288 = LINE('',#289,#290);
#289 = CARTESIAN_POINT('',(-9.5,-14.2,0.));
#290 = VECTOR('',#291,1.);
#291 = DIRECTION('',(1.,0.,0.));
#292 = ORIENTED_EDGE('',*,*,#293,.F.);
#293 = EDGE_CURVE('',#235,#286,#294,.T.);
#294 = CIRCLE('',#295,1.);
#295 = AXIS2_PLACEMENT_3D('',#296,#297,#298);
#296 = CARTESIAN_POINT('',(-8.5,-13.2,0.));
#297 = DIRECTION('',(-0.,0.,1.));
#298 = DIRECTION('',(0.,-1.,0.));
#299 = FACE_BOUND('',#300,.F.);
#300 = EDGE_LOOP('',(#301));
#301 = ORIENTED_EDGE('',*,*,#302,.F.);
#302 = EDGE_CURVE('',#303,#303,#305,.T.);
#303 = VERTEX_POINT('',#304);
#304 = CARTESIAN_POINT('',(-6.8,29.,0.));
#305 = CIRCLE('',#306,1.05);
#306 = AXIS2_PLACEMENT_3D('',#307,#308,#309);
#307 = CARTESIAN_POINT('',(-7.85,29.,0.));
#308 = DIRECTION('',(0.,0.,1.));
#309 = DIRECTION('',(1.,0.,0.));
#310 = FACE_BOUND('',#311,.F.);
#311 = EDGE_LOOP('',(#312,#322,#331,#339,#348,#356,#365,#373));
#312 = ORIENTED_EDGE('',*,*,#313,.F.);
#313 = EDGE_CURVE('',#314,#316,#318,.T.);
#314 = VERTEX_POINT('',#315);
#315 = CARTESIAN_POINT('',(6.,9.8,0.));
#316 = VERTEX_POINT('',#317);
#317 = CARTESIAN_POINT('',(6.,-13.2,0.));
#318 = LINE('',#319,#320);
#319 = CARTESIAN_POINT('',(6.,10.8,0.));
#320 = VECTOR('',#321,1.);
#321 = DIRECTION('',(0.,-1.,0.));
#322 = ORIENTED_EDGE('',*,*,#323,.T.);
#323 = EDGE_CURVE('',#314,#324,#326,.T.);
#324 = VERTEX_POINT('',#325);
#325 = CARTESIAN_POINT('',(7.,10.8,0.));
#326 = CIRCLE('',#327,1.);
#327 = AXIS2_PLACEMENT_3D('',#328,#329,#330);
#328 = CARTESIAN_POINT('',(7.,9.8,0.));
#329 = DIRECTION('',(-0.,-0.,-1.));
#330 = DIRECTION('',(0.,-1.,0.));
#331 = ORIENTED_EDGE('',*,*,#332,.F.);
#332 = EDGE_CURVE('',#333,#324,#335,.T.);
#333 = VERTEX_POINT('',#334);
#334 = CARTESIAN_POINT('',(8.5,10.8,0.));
#335 = LINE('',#336,#337);
#336 = CARTESIAN_POINT('',(9.5,10.8,0.));
#337 = VECTOR('',#338,1.);
#338 = DIRECTION('',(-1.,0.,0.));
#339 = ORIENTED_EDGE('',*,*,#340,.F.);
#340 = EDGE_CURVE('',#341,#333,#343,.T.);
#341 = VERTEX_POINT('',#342);
#342 = CARTESIAN_POINT('',(9.5,9.8,0.));
#343 = CIRCLE('',#344,1.);
#344 = AXIS2_PLACEMENT_3D('',#345,#346,#347);
#345 = CARTESIAN_POINT('',(8.5,9.8,0.));
#346 = DIRECTION('',(-0.,0.,1.));
#347 = DIRECTION('',(0.,-1.,0.));
#348 = ORIENTED_EDGE('',*,*,#349,.F.);
#349 = EDGE_CURVE('',#350,#341,#352,.T.);
#350 = VERTEX_POINT('',#351);
#351 = CARTESIAN_POINT('',(9.5,-13.2,0.));
#352 = LINE('',#353,#354);
#353 = CARTESIAN_POINT('',(9.5,-14.2,0.));
#354 = VECTOR('',#355,1.);
#355 = DIRECTION('',(0.,1.,0.));
#356 = ORIENTED_EDGE('',*,*,#357,.F.);
#357 = EDGE_CURVE('',#358,#350,#360,.T.);
#358 = VERTEX_POINT('',#359);
#359 = CARTESIAN_POINT('',(8.5,-14.2,0.));
#360 = CIRCLE('',#361,1.);
#361 = AXIS2_PLACEMENT_3D('',#362,#363,#364);
#362 = CARTESIAN_POINT('',(8.5,-13.2,0.));
#363 = DIRECTION('',(-0.,0.,1.));
#364 = DIRECTION('',(0.,-1.,0.));
#365 = ORIENTED_EDGE('',*,*,#366,.F.);
#366 = EDGE_CURVE('',#367,#358,#369,.T.);
#367 = VERTEX_POINT('',#368);
#368 = CARTESIAN_POINT('',(7.,-14.2,0.));
#369 = LINE('',#370,#371);
#370 = CARTESIAN_POINT('',(6.,-14.2,0.));
#371 = VECTOR('',#372,1.);
#372 = DIRECTION('',(1.,0.,0.));
#373 = ORIENTED_EDGE('',*,*,#374,.F.);
#374 = EDGE_CURVE('',#316,#367,#375,.T.);
#375 = CIRCLE('',#376,1.);
#376 = AXIS2_PLACEMENT_3D('',#377,#378,#379);
#377 = CARTESIAN_POINT('',(7.,-13.2,0.));
#378 = DIRECTION('',(-0.,0.,1.));
#379 = DIRECTION('',(0.,-1.,0.));
#380 = FACE_BOUND('',#381,.F.);
#381 = EDGE_LOOP('',(#382));
#382 = ORIENTED_EDGE('',*,*,#383,.F.);
#383 = EDGE_CURVE('',#384,#384,#386,.T.);
#384 = VERTEX_POINT('',#385);
#385 = CARTESIAN_POINT('',(8.9,29.,0.));
#386 = CIRCLE('',#387,1.05);
#387 = AXIS2_PLACEMENT_3D('',#388,#389,#390);
#388 = CARTESIAN_POINT('',(7.85,29.,0.));
#389 = DIRECTION('',(0.,0.,1.));
#390 = DIRECTION('',(1.,0.,0.));
#391 = FACE_BOUND('',#392,.F.);
#392 = EDGE_LOOP('',(#393,#403,#412,#420,#429,#437));
#393 = ORIENTED_EDGE('',*,*,#394,.F.);
#394 = EDGE_CURVE('',#395,#397,#399,.T.);
#395 = VERTEX_POINT('',#396);
#396 = CARTESIAN_POINT('',(-2.558577386701,-13.4,0.));
#397 = VERTEX_POINT('',#398);
#398 = CARTESIAN_POINT('',(2.558577386701,-13.4,0.));
#399 = LINE('',#400,#401);
#400 = CARTESIAN_POINT('',(-4.,-13.4,0.));
#401 = VECTOR('',#402,1.);
#402 = DIRECTION('',(1.,0.,0.));
#403 = ORIENTED_EDGE('',*,*,#404,.T.);
#404 = EDGE_CURVE('',#395,#405,#407,.T.);
#405 = VERTEX_POINT('',#406);
#406 = CARTESIAN_POINT('',(-3.495265830234,-12.04983609587,0.));
#407 = CIRCLE('',#408,1.);
#408 = AXIS2_PLACEMENT_3D('',#409,#410,#411);
#409 = CARTESIAN_POINT('',(-2.558577386701,-12.4,0.));
#410 = DIRECTION('',(-0.,-0.,-1.));
#411 = DIRECTION('',(0.,-1.,0.));
#412 = ORIENTED_EDGE('',*,*,#413,.T.);
#413 = EDGE_CURVE('',#405,#414,#416,.T.);
#414 = VERTEX_POINT('',#415);
#415 = CARTESIAN_POINT('',(-0.936688443533,-5.205641586451,0.));
#416 = LINE('',#417,#418);
#417 = CARTESIAN_POINT('',(-4.,-13.4,0.));
#418 = VECTOR('',#419,1.);
#419 = DIRECTION('',(0.350163904124,0.936688443533,0.));
#420 = ORIENTED_EDGE('',*,*,#421,.F.);
#421 = EDGE_CURVE('',#422,#414,#424,.T.);
#422 = VERTEX_POINT('',#423);
#423 = CARTESIAN_POINT('',(0.936688443533,-5.205641586451,0.));
#424 = CIRCLE('',#425,1.);
#425 = AXIS2_PLACEMENT_3D('',#426,#427,#428);
#426 = CARTESIAN_POINT('',(-2.2E-16,-5.555805490575,0.));
#427 = DIRECTION('',(-0.,0.,1.));
#428 = DIRECTION('',(0.,-1.,0.));
#429 = ORIENTED_EDGE('',*,*,#430,.F.);
#430 = EDGE_CURVE('',#431,#422,#433,.T.);
#431 = VERTEX_POINT('',#432);
#432 = CARTESIAN_POINT('',(3.495265830234,-12.04983609587,0.));
#433 = LINE('',#434,#435);
#434 = CARTESIAN_POINT('',(4.,-13.4,0.));
#435 = VECTOR('',#436,1.);
#436 = DIRECTION('',(-0.350163904124,0.936688443533,-0.));
#437 = ORIENTED_EDGE('',*,*,#438,.F.);
#438 = EDGE_CURVE('',#397,#431,#439,.T.);
#439 = CIRCLE('',#440,1.);
#440 = AXIS2_PLACEMENT_3D('',#441,#442,#443);
#441 = CARTESIAN_POINT('',(2.558577386701,-12.4,0.));
#442 = DIRECTION('',(-0.,0.,1.));
#443 = DIRECTION('',(0.,-1.,0.));
#444 = FACE_BOUND('',#445,.F.);
#445 = EDGE_LOOP('',(#446,#457,#466,#474,#483,#491,#500,#509,#518,#526)
  );
#446 = ORIENTED_EDGE('',*,*,#447,.F.);
#447 = EDGE_CURVE('',#448,#450,#452,.T.);
#448 = VERTEX_POINT('',#449);
#449 = CARTESIAN_POINT('',(-3.757535604153,-36.85596929242,0.));
#450 = VERTEX_POINT('',#451);
#451 = CARTESIAN_POINT('',(-2.95,-39.,0.));
#452 = CIRCLE('',#453,3.25);
#453 = AXIS2_PLACEMENT_3D('',#454,#455,#456);
#454 = CARTESIAN_POINT('',(-6.2,-39.,0.));
#455 = DIRECTION('',(0.,0.,-1.));
#456 = DIRECTION('',(1.,0.,0.));
#457 = ORIENTED_EDGE('',*,*,#458,.T.);
#458 = EDGE_CURVE('',#448,#459,#461,.T.);
#459 = VERTEX_POINT('',#460);
#460 = CARTESIAN_POINT('',(-3.839986251782,-35.64447007469,0.));
#461 = CIRCLE('',#462,1.);
#462 = AXIS2_PLACEMENT_3D('',#463,#464,#465);
#463 = CARTESIAN_POINT('',(-3.006008097738,-36.19626753625,0.));
#464 = DIRECTION('',(0.,0.,-1.));
#465 = DIRECTION('',(0.,-1.,0.));
#466 = ORIENTED_EDGE('',*,*,#467,.T.);
#467 = EDGE_CURVE('',#459,#468,#470,.T.);
#468 = VERTEX_POINT('',#469);
#469 = CARTESIAN_POINT('',(-0.833978154044,-31.10123590082,0.));
#470 = LINE('',#471,#472);
#471 = CARTESIAN_POINT('',(-4.310548927837,-36.35567122961,0.));
#472 = VECTOR('',#473,1.);
#473 = DIRECTION('',(0.551797461555,0.833978154044,0.));
#474 = ORIENTED_EDGE('',*,*,#475,.F.);
#475 = EDGE_CURVE('',#476,#468,#478,.T.);
#476 = VERTEX_POINT('',#477);
#477 = CARTESIAN_POINT('',(0.833978154044,-31.10123590082,0.));
#478 = CIRCLE('',#479,1.);
#479 = AXIS2_PLACEMENT_3D('',#480,#481,#482);
#480 = CARTESIAN_POINT('',(0.,-31.65303336237,0.));
#481 = DIRECTION('',(-0.,0.,1.));
#482 = DIRECTION('',(0.,-1.,0.));
#483 = ORIENTED_EDGE('',*,*,#484,.F.);
#484 = EDGE_CURVE('',#485,#476,#487,.T.);
#485 = VERTEX_POINT('',#486);
#486 = CARTESIAN_POINT('',(3.839986251782,-35.64447007469,0.));
#487 = LINE('',#488,#489);
#488 = CARTESIAN_POINT('',(4.310548927837,-36.35567122961,0.));
#489 = VECTOR('',#490,1.);
#490 = DIRECTION('',(-0.551797461555,0.833978154044,-0.));
#491 = ORIENTED_EDGE('',*,*,#492,.F.);
#492 = EDGE_CURVE('',#493,#485,#495,.T.);
#493 = VERTEX_POINT('',#494);
#494 = CARTESIAN_POINT('',(3.757535604153,-36.85596929242,0.));
#495 = CIRCLE('',#496,1.);
#496 = AXIS2_PLACEMENT_3D('',#497,#498,#499);
#497 = CARTESIAN_POINT('',(3.006008097738,-36.19626753625,0.));
#498 = DIRECTION('',(-0.,0.,1.));
#499 = DIRECTION('',(0.,-1.,0.));
#500 = ORIENTED_EDGE('',*,*,#501,.F.);
#501 = EDGE_CURVE('',#502,#493,#504,.T.);
#502 = VERTEX_POINT('',#503);
#503 = CARTESIAN_POINT('',(2.95,-39.,0.));
#504 = CIRCLE('',#505,3.25);
#505 = AXIS2_PLACEMENT_3D('',#506,#507,#508);
#506 = CARTESIAN_POINT('',(6.2,-39.,0.));
#507 = DIRECTION('',(0.,0.,-1.));
#508 = DIRECTION('',(1.,0.,0.));
#509 = ORIENTED_EDGE('',*,*,#510,.F.);
#510 = EDGE_CURVE('',#511,#502,#513,.T.);
#511 = VERTEX_POINT('',#512);
#512 = CARTESIAN_POINT('',(1.95,-40.,0.));
#513 = CIRCLE('',#514,1.);
#514 = AXIS2_PLACEMENT_3D('',#515,#516,#517);
#515 = CARTESIAN_POINT('',(1.95,-39.,0.));
#516 = DIRECTION('',(-0.,0.,1.));
#517 = DIRECTION('',(0.,-1.,0.));
#518 = ORIENTED_EDGE('',*,*,#519,.F.);
#519 = EDGE_CURVE('',#520,#511,#522,.T.);
#520 = VERTEX_POINT('',#521);
#521 = CARTESIAN_POINT('',(-1.95,-40.,0.));
#522 = LINE('',#523,#524);
#523 = CARTESIAN_POINT('',(-3.107670780787,-40.,0.));
#524 = VECTOR('',#525,1.);
#525 = DIRECTION('',(1.,0.,0.));
#526 = ORIENTED_EDGE('',*,*,#527,.F.);
#527 = EDGE_CURVE('',#450,#520,#528,.T.);
#528 = CIRCLE('',#529,1.);
#529 = AXIS2_PLACEMENT_3D('',#530,#531,#532);
#530 = CARTESIAN_POINT('',(-1.95,-39.,0.));
#531 = DIRECTION('',(-0.,0.,1.));
#532 = DIRECTION('',(0.,-1.,0.));
#533 = FACE_BOUND('',#534,.F.);
#534 = EDGE_LOOP('',(#535,#545,#554,#562,#571,#579));
#535 = ORIENTED_EDGE('',*,*,#536,.F.);
#536 = EDGE_CURVE('',#537,#539,#541,.T.);
#537 = VERTEX_POINT('',#538);
#538 = CARTESIAN_POINT('',(7.514479802876,-34.3207579345,0.));
#539 = VERTEX_POINT('',#540);
#540 = CARTESIAN_POINT('',(8.396134695658,-21.2766737958,0.));
#541 = LINE('',#542,#543);
#542 = CARTESIAN_POINT('',(7.315001703864,-37.27203640939,0.));
#543 = VECTOR('',#544,1.);
#544 = DIRECTION('',(6.743653705027E-02,0.997723565659,0.));
#545 = ORIENTED_EDGE('',*,*,#546,.T.);
#546 = EDGE_CURVE('',#537,#547,#549,.T.);
#547 = VERTEX_POINT('',#548);
#548 = CARTESIAN_POINT('',(5.682778083174,-34.805118859,0.));
#549 = CIRCLE('',#550,1.);
#550 = AXIS2_PLACEMENT_3D('',#551,#552,#553);
#551 = CARTESIAN_POINT('',(6.516756237218,-34.25332139745,0.));
#552 = DIRECTION('',(-0.,-0.,-1.));
#553 = DIRECTION('',(0.,-1.,0.));
#554 = ORIENTED_EDGE('',*,*,#555,.T.);
#555 = EDGE_CURVE('',#547,#556,#558,.T.);
#556 = VERTEX_POINT('',#557);
#557 = CARTESIAN_POINT('',(1.808329115463,-28.94933657808,0.));
#558 = LINE('',#559,#560);
#559 = CARTESIAN_POINT('',(7.315001703864,-37.27203640939,0.));
#560 = VECTOR('',#561,1.);
#561 = DIRECTION('',(-0.551797461555,0.833978154044,-0.));
#562 = ORIENTED_EDGE('',*,*,#563,.F.);
#563 = EDGE_CURVE('',#564,#556,#566,.T.);
#564 = VERTEX_POINT('',#565);
#565 = CARTESIAN_POINT('',(1.808329115463,-27.84574165497,0.));
#566 = CIRCLE('',#567,1.);
#567 = AXIS2_PLACEMENT_3D('',#568,#569,#570);
#568 = CARTESIAN_POINT('',(2.642307269507,-28.39753911653,0.));
#569 = DIRECTION('',(-0.,0.,1.));
#570 = DIRECTION('',(0.,-1.,0.));
#571 = ORIENTED_EDGE('',*,*,#572,.T.);
#572 = EDGE_CURVE('',#564,#573,#575,.T.);
#573 = VERTEX_POINT('',#574);
#574 = CARTESIAN_POINT('',(6.564432975956,-20.65743979719,0.));
#575 = LINE('',#576,#577);
#576 = CARTESIAN_POINT('',(1.443235093393,-28.39753911653,0.));
#577 = VECTOR('',#578,1.);
#578 = DIRECTION('',(0.551797461555,0.833978154044,0.));
#579 = ORIENTED_EDGE('',*,*,#580,.F.);
#580 = EDGE_CURVE('',#539,#573,#581,.T.);
#581 = CIRCLE('',#582,1.);
#582 = AXIS2_PLACEMENT_3D('',#583,#584,#585);
#583 = CARTESIAN_POINT('',(7.398411129999,-21.20923725875,0.));
#584 = DIRECTION('',(-0.,0.,1.));
#585 = DIRECTION('',(0.,-1.,0.));
#586 = FACE_BOUND('',#587,.F.);
#587 = EDGE_LOOP('',(#588,#598,#607,#615,#624,#632));
#588 = ORIENTED_EDGE('',*,*,#589,.F.);
#589 = EDGE_CURVE('',#590,#592,#594,.T.);
#590 = VERTEX_POINT('',#591);
#591 = CARTESIAN_POINT('',(-5.956463300898,-17.95179746155,0.));
#592 = VERTEX_POINT('',#593);
#593 = CARTESIAN_POINT('',(-0.833978154044,-25.69384233224,0.));
#594 = LINE('',#595,#596);
#595 = CARTESIAN_POINT('',(-6.983202305968,-16.4,0.));
#596 = VECTOR('',#597,1.);
#597 = DIRECTION('',(0.551797461555,-0.833978154044,0.));
#598 = ORIENTED_EDGE('',*,*,#599,.T.);
#599 = EDGE_CURVE('',#590,#600,#602,.T.);
#600 = VERTEX_POINT('',#601);
#601 = CARTESIAN_POINT('',(-5.122485146855,-16.4,0.));
#602 = CIRCLE('',#603,1.);
#603 = AXIS2_PLACEMENT_3D('',#604,#605,#606);
#604 = CARTESIAN_POINT('',(-5.122485146855,-17.4,0.));
#605 = DIRECTION('',(-0.,-0.,-1.));
#606 = DIRECTION('',(0.,-1.,0.));
#607 = ORIENTED_EDGE('',*,*,#608,.T.);
#608 = EDGE_CURVE('',#600,#609,#611,.T.);
#609 = VERTEX_POINT('',#610);
#610 = CARTESIAN_POINT('',(5.122485146855,-16.4,0.));
#611 = LINE('',#612,#613);
#612 = CARTESIAN_POINT('',(-6.983202305968,-16.4,0.));
#613 = VECTOR('',#614,1.);
#614 = DIRECTION('',(1.,0.,0.));
#615 = ORIENTED_EDGE('',*,*,#616,.F.);
#616 = EDGE_CURVE('',#617,#609,#619,.T.);
#617 = VERTEX_POINT('',#618);
#618 = CARTESIAN_POINT('',(5.956463300898,-17.95179746155,0.));
#619 = CIRCLE('',#620,1.);
#620 = AXIS2_PLACEMENT_3D('',#621,#622,#623);
#621 = CARTESIAN_POINT('',(5.122485146855,-17.4,0.));
#622 = DIRECTION('',(-0.,0.,1.));
#623 = DIRECTION('',(0.,-1.,0.));
#624 = ORIENTED_EDGE('',*,*,#625,.T.);
#625 = EDGE_CURVE('',#617,#626,#628,.T.);
#626 = VERTEX_POINT('',#627);
#627 = CARTESIAN_POINT('',(0.833978154044,-25.69384233224,0.));
#628 = LINE('',#629,#630);
#629 = CARTESIAN_POINT('',(6.983202305968,-16.4,0.));
#630 = VECTOR('',#631,1.);
#631 = DIRECTION('',(-0.551797461555,-0.833978154044,0.));
#632 = ORIENTED_EDGE('',*,*,#633,.F.);
#633 = EDGE_CURVE('',#592,#626,#634,.T.);
#634 = CIRCLE('',#635,1.);
#635 = AXIS2_PLACEMENT_3D('',#636,#637,#638);
#636 = CARTESIAN_POINT('',(-1.41E-15,-25.14204487069,0.));
#637 = DIRECTION('',(-0.,0.,1.));
#638 = DIRECTION('',(0.,-1.,0.));
#639 = FACE_BOUND('',#640,.F.);
#640 = EDGE_LOOP('',(#641,#651,#660,#668,#677,#685));
#641 = ORIENTED_EDGE('',*,*,#642,.F.);
#642 = EDGE_CURVE('',#643,#645,#647,.T.);
#643 = VERTEX_POINT('',#644);
#644 = CARTESIAN_POINT('',(0.936688443533,1.405641586451,0.));
#645 = VERTEX_POINT('',#646);
#646 = CARTESIAN_POINT('',(3.495265830234,8.249836095876,0.));
#647 = LINE('',#648,#649);
#648 = CARTESIAN_POINT('',(0.,-1.1,0.));
#649 = VECTOR('',#650,1.);
#650 = DIRECTION('',(0.350163904124,0.936688443533,0.));
#651 = ORIENTED_EDGE('',*,*,#652,.T.);
#652 = EDGE_CURVE('',#643,#653,#655,.T.);
#653 = VERTEX_POINT('',#654);
#654 = CARTESIAN_POINT('',(-0.936688443533,1.405641586451,0.));
#655 = CIRCLE('',#656,1.);
#656 = AXIS2_PLACEMENT_3D('',#657,#658,#659);
#657 = CARTESIAN_POINT('',(0.,1.755805490575,0.));
#658 = DIRECTION('',(-0.,-0.,-1.));
#659 = DIRECTION('',(0.,-1.,0.));
#660 = ORIENTED_EDGE('',*,*,#661,.T.);
#661 = EDGE_CURVE('',#653,#662,#664,.T.);
#662 = VERTEX_POINT('',#663);
#663 = CARTESIAN_POINT('',(-3.495265830234,8.249836095876,0.));
#664 = LINE('',#665,#666);
#665 = CARTESIAN_POINT('',(0.,-1.1,0.));
#666 = VECTOR('',#667,1.);
#667 = DIRECTION('',(-0.350163904124,0.936688443533,-0.));
#668 = ORIENTED_EDGE('',*,*,#669,.F.);
#669 = EDGE_CURVE('',#670,#662,#672,.T.);
#670 = VERTEX_POINT('',#671);
#671 = CARTESIAN_POINT('',(-2.558577386701,9.6,0.));
#672 = CIRCLE('',#673,1.);
#673 = AXIS2_PLACEMENT_3D('',#674,#675,#676);
#674 = CARTESIAN_POINT('',(-2.558577386701,8.6,0.));
#675 = DIRECTION('',(-0.,0.,1.));
#676 = DIRECTION('',(0.,-1.,0.));
#677 = ORIENTED_EDGE('',*,*,#678,.T.);
#678 = EDGE_CURVE('',#670,#679,#681,.T.);
#679 = VERTEX_POINT('',#680);
#680 = CARTESIAN_POINT('',(2.558577386701,9.6,0.));
#681 = LINE('',#682,#683);
#682 = CARTESIAN_POINT('',(-4.,9.6,0.));
#683 = VECTOR('',#684,1.);
#684 = DIRECTION('',(1.,-2.2E-16,0.));
#685 = ORIENTED_EDGE('',*,*,#686,.F.);
#686 = EDGE_CURVE('',#645,#679,#687,.T.);
#687 = CIRCLE('',#688,1.);
#688 = AXIS2_PLACEMENT_3D('',#689,#690,#691);
#689 = CARTESIAN_POINT('',(2.558577386701,8.6,0.));
#690 = DIRECTION('',(-0.,0.,1.));
#691 = DIRECTION('',(0.,-1.,0.));
#692 = FACE_BOUND('',#693,.F.);
#693 = EDGE_LOOP('',(#694,#705,#714,#722,#731,#739,#748,#756));
#694 = ORIENTED_EDGE('',*,*,#695,.F.);
#695 = EDGE_CURVE('',#696,#698,#700,.T.);
#696 = VERTEX_POINT('',#697);
#697 = CARTESIAN_POINT('',(-6.910790134856,25.888668318997,0.));
#698 = VERTEX_POINT('',#699);
#699 = CARTESIAN_POINT('',(-7.811764705882,25.750224921278,0.));
#700 = CIRCLE('',#701,3.25);
#701 = AXIS2_PLACEMENT_3D('',#702,#703,#704);
#702 = CARTESIAN_POINT('',(-7.85,29.,0.));
#703 = DIRECTION('',(0.,0.,-1.));
#704 = DIRECTION('',(1.,0.,0.));
#705 = ORIENTED_EDGE('',*,*,#706,.T.);
#706 = EDGE_CURVE('',#696,#707,#709,.T.);
#707 = VERTEX_POINT('',#708);
#708 = CARTESIAN_POINT('',(-5.932295964055,25.655614969756,0.));
#709 = CIRCLE('',#710,1.);
#710 = AXIS2_PLACEMENT_3D('',#711,#712,#713);
#711 = CARTESIAN_POINT('',(-6.621802484042,24.931335494072,0.));
#712 = DIRECTION('',(0.,0.,-1.));
#713 = DIRECTION('',(0.,-1.,0.));
#714 = ORIENTED_EDGE('',*,*,#715,.T.);
#715 = EDGE_CURVE('',#707,#716,#718,.T.);
#716 = VERTEX_POINT('',#717);
#717 = CARTESIAN_POINT('',(-2.316911473346,22.213806576316,0.));
#718 = LINE('',#719,#720);
#719 = CARTESIAN_POINT('',(-6.393476010084,26.094653571981,0.));
#720 = VECTOR('',#721,1.);
#721 = DIRECTION('',(0.724279475683,-0.689506519987,0.));
#722 = ORIENTED_EDGE('',*,*,#723,.F.);
#723 = EDGE_CURVE('',#724,#716,#726,.T.);
#724 = VERTEX_POINT('',#725);
#725 = CARTESIAN_POINT('',(-2.316911473346,20.76524762495,0.));
#726 = CIRCLE('',#727,1.);
#727 = AXIS2_PLACEMENT_3D('',#728,#729,#730);
#728 = CARTESIAN_POINT('',(-3.006417993332,21.489527100633,0.));
#729 = DIRECTION('',(-0.,0.,1.));
#730 = DIRECTION('',(0.,-1.,0.));
#731 = ORIENTED_EDGE('',*,*,#732,.F.);
#732 = EDGE_CURVE('',#733,#724,#735,.T.);
#733 = VERTEX_POINT('',#734);
#734 = CARTESIAN_POINT('',(-7.110493480013,16.201807463168,0.));
#735 = LINE('',#736,#737);
#736 = CARTESIAN_POINT('',(-8.8,14.593414846503,0.));
#737 = VECTOR('',#738,1.);
#738 = DIRECTION('',(0.724279475683,0.689506519987,0.));
#739 = ORIENTED_EDGE('',*,*,#740,.F.);
#740 = EDGE_CURVE('',#741,#733,#743,.T.);
#741 = VERTEX_POINT('',#742);
#742 = CARTESIAN_POINT('',(-8.8,16.926086938851,0.));
#743 = CIRCLE('',#744,1.);
#744 = AXIS2_PLACEMENT_3D('',#745,#746,#747);
#745 = CARTESIAN_POINT('',(-7.8,16.926086938851,0.));
#746 = DIRECTION('',(-0.,0.,1.));
#747 = DIRECTION('',(0.,-1.,0.));
#748 = ORIENTED_EDGE('',*,*,#749,.F.);
#749 = EDGE_CURVE('',#750,#741,#752,.T.);
#750 = VERTEX_POINT('',#751);
#751 = CARTESIAN_POINT('',(-8.8,24.750294127825,0.));
#752 = LINE('',#753,#754);
#753 = CARTESIAN_POINT('',(-8.8,25.891945946416,0.));
#754 = VECTOR('',#755,1.);
#755 = DIRECTION('',(0.,-1.,0.));
#756 = ORIENTED_EDGE('',*,*,#757,.F.);
#757 = EDGE_CURVE('',#698,#750,#758,.T.);
#758 = CIRCLE('',#759,1.);
#759 = AXIS2_PLACEMENT_3D('',#760,#761,#762);
#760 = CARTESIAN_POINT('',(-7.8,24.750294127825,0.));
#761 = DIRECTION('',(-0.,0.,1.));
#762 = DIRECTION('',(0.,-1.,0.));
#763 = FACE_BOUND('',#764,.F.);
#764 = EDGE_LOOP('',(#765,#775,#784,#792,#801,#809));
#765 = ORIENTED_EDGE('',*,*,#766,.F.);
#766 = EDGE_CURVE('',#767,#769,#771,.T.);
#767 = VERTEX_POINT('',#768);
#768 = CARTESIAN_POINT('',(-4.782341390817,13.,0.));
#769 = VERTEX_POINT('',#770);
#770 = CARTESIAN_POINT('',(4.782341390817,13.,0.));
#771 = LINE('',#772,#773);
#772 = CARTESIAN_POINT('',(-7.28308565603,13.,0.));
#773 = VECTOR('',#774,1.);
#774 = DIRECTION('',(1.,0.,0.));
#775 = ORIENTED_EDGE('',*,*,#776,.T.);
#776 = EDGE_CURVE('',#767,#777,#779,.T.);
#777 = VERTEX_POINT('',#778);
#778 = CARTESIAN_POINT('',(-5.471847910803,14.724279475683,0.));
#779 = CIRCLE('',#780,1.);
#780 = AXIS2_PLACEMENT_3D('',#781,#782,#783);
#781 = CARTESIAN_POINT('',(-4.782341390817,14.,0.));
#782 = DIRECTION('',(-0.,-0.,-1.));
#783 = DIRECTION('',(0.,-1.,0.));
#784 = ORIENTED_EDGE('',*,*,#785,.T.);
#785 = EDGE_CURVE('',#777,#786,#788,.T.);
#786 = VERTEX_POINT('',#787);
#787 = CARTESIAN_POINT('',(-0.689506519987,19.277018688207,0.));
#788 = LINE('',#789,#790);
#789 = CARTESIAN_POINT('',(-7.28308565603,13.,0.));
#790 = VECTOR('',#791,1.);
#791 = DIRECTION('',(0.724279475683,0.689506519987,0.));
#792 = ORIENTED_EDGE('',*,*,#793,.F.);
#793 = EDGE_CURVE('',#794,#786,#796,.T.);
#794 = VERTEX_POINT('',#795);
#795 = CARTESIAN_POINT('',(0.689506519987,19.277018688207,0.));
#796 = CIRCLE('',#797,1.);
#797 = AXIS2_PLACEMENT_3D('',#798,#799,#800);
#798 = CARTESIAN_POINT('',(-1.1E-16,18.552739212524,0.));
#799 = DIRECTION('',(-0.,0.,1.));
#800 = DIRECTION('',(0.,-1.,0.));
#801 = ORIENTED_EDGE('',*,*,#802,.F.);
#802 = EDGE_CURVE('',#803,#794,#805,.T.);
#803 = VERTEX_POINT('',#804);
#804 = CARTESIAN_POINT('',(5.471847910803,14.724279475683,0.));
#805 = LINE('',#806,#807);
#806 = CARTESIAN_POINT('',(7.28308565603,13.,0.));
#807 = VECTOR('',#808,1.);
#808 = DIRECTION('',(-0.724279475683,0.689506519987,-0.));
#809 = ORIENTED_EDGE('',*,*,#810,.F.);
#810 = EDGE_CURVE('',#769,#803,#811,.T.);
#811 = CIRCLE('',#812,1.);
#812 = AXIS2_PLACEMENT_3D('',#813,#814,#815);
#813 = CARTESIAN_POINT('',(4.782341390817,14.,0.));
#814 = DIRECTION('',(-0.,0.,1.));
#815 = DIRECTION('',(0.,-1.,0.));
#816 = FACE_BOUND('',#817,.F.);
#817 = EDGE_LOOP('',(#818,#828,#837,#846,#855,#863,#872,#880,#889,#898)
  );
#818 = ORIENTED_EDGE('',*,*,#819,.F.);
#819 = EDGE_CURVE('',#820,#822,#824,.T.);
#820 = VERTEX_POINT('',#821);
#821 = CARTESIAN_POINT('',(3.6,30.,0.));
#822 = VERTEX_POINT('',#823);
#823 = CARTESIAN_POINT('',(-3.6,30.,0.));
#824 = LINE('',#825,#826);
#825 = CARTESIAN_POINT('',(4.757670780787,30.,0.));
#826 = VECTOR('',#827,1.);
#827 = DIRECTION('',(-1.,0.,0.));
#828 = ORIENTED_EDGE('',*,*,#829,.T.);
#829 = EDGE_CURVE('',#820,#830,#832,.T.);
#830 = VERTEX_POINT('',#831);
#831 = CARTESIAN_POINT('',(4.6,29.,0.));
#832 = CIRCLE('',#833,1.);
#833 = AXIS2_PLACEMENT_3D('',#834,#835,#836);
#834 = CARTESIAN_POINT('',(3.6,29.,0.));
#835 = DIRECTION('',(0.,0.,-1.));
#836 = DIRECTION('',(0.,-1.,0.));
#837 = ORIENTED_EDGE('',*,*,#838,.F.);
#838 = EDGE_CURVE('',#839,#830,#841,.T.);
#839 = VERTEX_POINT('',#840);
#840 = CARTESIAN_POINT('',(4.696257429487,28.214883576191,0.));
#841 = CIRCLE('',#842,3.25);
#842 = AXIS2_PLACEMENT_3D('',#843,#844,#845);
#843 = CARTESIAN_POINT('',(7.85,29.,0.));
#844 = DIRECTION('',(0.,0.,-1.));
#845 = DIRECTION('',(1.,0.,0.));
#846 = ORIENTED_EDGE('',*,*,#847,.F.);
#847 = EDGE_CURVE('',#848,#839,#850,.T.);
#848 = VERTEX_POINT('',#849);
#849 = CARTESIAN_POINT('',(4.415381620085,27.249029816259,0.));
#850 = CIRCLE('',#851,1.);
#851 = AXIS2_PLACEMENT_3D('',#852,#853,#854);
#852 = CARTESIAN_POINT('',(3.725875100098,27.973309291942,0.));
#853 = DIRECTION('',(-0.,0.,1.));
#854 = DIRECTION('',(0.,-1.,0.));
#855 = ORIENTED_EDGE('',*,*,#856,.T.);
#856 = EDGE_CURVE('',#848,#857,#859,.T.);
#857 = VERTEX_POINT('',#858);
#858 = CARTESIAN_POINT('',(0.689506519987,23.702035513059,0.));
#859 = LINE('',#860,#861);
#860 = CARTESIAN_POINT('',(4.876561666114,27.688068418485,0.));
#861 = VECTOR('',#862,1.);
#862 = DIRECTION('',(-0.724279475683,-0.689506519987,0.));
#863 = ORIENTED_EDGE('',*,*,#864,.F.);
#864 = EDGE_CURVE('',#865,#857,#867,.T.);
#865 = VERTEX_POINT('',#866);
#866 = CARTESIAN_POINT('',(-0.689506519987,23.702035513059,0.));
#867 = CIRCLE('',#868,1.);
#868 = AXIS2_PLACEMENT_3D('',#869,#870,#871);
#869 = CARTESIAN_POINT('',(0.,24.426314988742,0.));
#870 = DIRECTION('',(-0.,0.,1.));
#871 = DIRECTION('',(0.,-1.,0.));
#872 = ORIENTED_EDGE('',*,*,#873,.F.);
#873 = EDGE_CURVE('',#874,#865,#876,.T.);
#874 = VERTEX_POINT('',#875);
#875 = CARTESIAN_POINT('',(-4.415381620085,27.249029816259,0.));
#876 = LINE('',#877,#878);
#877 = CARTESIAN_POINT('',(-4.876561666114,27.688068418485,0.));
#878 = VECTOR('',#879,1.);
#879 = DIRECTION('',(0.724279475683,-0.689506519987,0.));
#880 = ORIENTED_EDGE('',*,*,#881,.F.);
#881 = EDGE_CURVE('',#882,#874,#884,.T.);
#882 = VERTEX_POINT('',#883);
#883 = CARTESIAN_POINT('',(-4.696257429487,28.214883576191,0.));
#884 = CIRCLE('',#885,1.);
#885 = AXIS2_PLACEMENT_3D('',#886,#887,#888);
#886 = CARTESIAN_POINT('',(-3.725875100098,27.973309291942,0.));
#887 = DIRECTION('',(-0.,0.,1.));
#888 = DIRECTION('',(0.,-1.,0.));
#889 = ORIENTED_EDGE('',*,*,#890,.F.);
#890 = EDGE_CURVE('',#891,#882,#893,.T.);
#891 = VERTEX_POINT('',#892);
#892 = CARTESIAN_POINT('',(-4.6,29.,0.));
#893 = CIRCLE('',#894,3.25);
#894 = AXIS2_PLACEMENT_3D('',#895,#896,#897);
#895 = CARTESIAN_POINT('',(-7.85,29.,0.));
#896 = DIRECTION('',(0.,0.,-1.));
#897 = DIRECTION('',(1.,0.,0.));
#898 = ORIENTED_EDGE('',*,*,#899,.F.);
#899 = EDGE_CURVE('',#822,#891,#900,.T.);
#900 = CIRCLE('',#901,1.);
#901 = AXIS2_PLACEMENT_3D('',#902,#903,#904);
#902 = CARTESIAN_POINT('',(-3.6,29.,0.));
#903 = DIRECTION('',(-0.,0.,1.));
#904 = DIRECTION('',(0.,-1.,0.));
#905 = FACE_BOUND('',#906,.F.);
#906 = EDGE_LOOP('',(#907,#917,#926,#934,#943,#951,#960,#969));
#907 = ORIENTED_EDGE('',*,*,#908,.F.);
#908 = EDGE_CURVE('',#909,#911,#913,.T.);
#909 = VERTEX_POINT('',#910);
#910 = CARTESIAN_POINT('',(8.8,16.926086938851,0.));
#911 = VERTEX_POINT('',#912);
#912 = CARTESIAN_POINT('',(8.8,24.750294127825,0.));
#913 = LINE('',#914,#915);
#914 = CARTESIAN_POINT('',(8.8,14.593414846503,0.));
#915 = VECTOR('',#916,1.);
#916 = DIRECTION('',(0.,1.,0.));
#917 = ORIENTED_EDGE('',*,*,#918,.T.);
#918 = EDGE_CURVE('',#909,#919,#921,.T.);
#919 = VERTEX_POINT('',#920);
#920 = CARTESIAN_POINT('',(7.110493480013,16.201807463168,0.));
#921 = CIRCLE('',#922,1.);
#922 = AXIS2_PLACEMENT_3D('',#923,#924,#925);
#923 = CARTESIAN_POINT('',(7.8,16.926086938851,0.));
#924 = DIRECTION('',(-0.,-0.,-1.));
#925 = DIRECTION('',(0.,-1.,0.));
#926 = ORIENTED_EDGE('',*,*,#927,.T.);
#927 = EDGE_CURVE('',#919,#928,#930,.T.);
#928 = VERTEX_POINT('',#929);
#929 = CARTESIAN_POINT('',(2.316911473346,20.76524762495,0.));
#930 = LINE('',#931,#932);
#931 = CARTESIAN_POINT('',(8.8,14.593414846503,0.));
#932 = VECTOR('',#933,1.);
#933 = DIRECTION('',(-0.724279475683,0.689506519987,-0.));
#934 = ORIENTED_EDGE('',*,*,#935,.F.);
#935 = EDGE_CURVE('',#936,#928,#938,.T.);
#936 = VERTEX_POINT('',#937);
#937 = CARTESIAN_POINT('',(2.316911473346,22.213806576316,0.));
#938 = CIRCLE('',#939,1.);
#939 = AXIS2_PLACEMENT_3D('',#940,#941,#942);
#940 = CARTESIAN_POINT('',(3.006417993332,21.489527100633,0.));
#941 = DIRECTION('',(-0.,0.,1.));
#942 = DIRECTION('',(0.,-1.,0.));
#943 = ORIENTED_EDGE('',*,*,#944,.T.);
#944 = EDGE_CURVE('',#936,#945,#947,.T.);
#945 = VERTEX_POINT('',#946);
#946 = CARTESIAN_POINT('',(5.932295964055,25.655614969756,0.));
#947 = LINE('',#948,#949);
#948 = CARTESIAN_POINT('',(1.556105384222,21.489527100633,0.));
#949 = VECTOR('',#950,1.);
#950 = DIRECTION('',(0.724279475683,0.689506519987,0.));
#951 = ORIENTED_EDGE('',*,*,#952,.F.);
#952 = EDGE_CURVE('',#953,#945,#955,.T.);
#953 = VERTEX_POINT('',#954);
#954 = CARTESIAN_POINT('',(6.910790134856,25.888668318997,0.));
#955 = CIRCLE('',#956,1.);
#956 = AXIS2_PLACEMENT_3D('',#957,#958,#959);
#957 = CARTESIAN_POINT('',(6.621802484042,24.931335494072,0.));
#958 = DIRECTION('',(-0.,0.,1.));
#959 = DIRECTION('',(0.,-1.,0.));
#960 = ORIENTED_EDGE('',*,*,#961,.F.);
#961 = EDGE_CURVE('',#962,#953,#964,.T.);
#962 = VERTEX_POINT('',#963);
#963 = CARTESIAN_POINT('',(7.811764705882,25.750224921278,0.));
#964 = CIRCLE('',#965,3.25);
#965 = AXIS2_PLACEMENT_3D('',#966,#967,#968);
#966 = CARTESIAN_POINT('',(7.85,29.,0.));
#967 = DIRECTION('',(0.,0.,-1.));
#968 = DIRECTION('',(1.,0.,0.));
#969 = ORIENTED_EDGE('',*,*,#970,.F.);
#970 = EDGE_CURVE('',#911,#962,#971,.T.);
#971 = CIRCLE('',#972,1.);
#972 = AXIS2_PLACEMENT_3D('',#973,#974,#975);
#973 = CARTESIAN_POINT('',(7.8,24.750294127825,0.));
#974 = DIRECTION('',(-0.,0.,1.));
#975 = DIRECTION('',(0.,-1.,0.));
#976 = PLANE('',#977);
#977 = AXIS2_PLACEMENT_3D('',#978,#979,#980);
#978 = CARTESIAN_POINT('',(1.8E-16,-3.391148433033,0.));
#979 = DIRECTION('',(0.,0.,1.));
#980 = DIRECTION('',(1.,0.,0.));
#981 = ADVANCED_FACE('',(#982,#993,#1046,#1132,#1202,#1272,#1361,#1414,
    #1467,#1520,#1573,#1644,#1697,#1786,#1857,#1868,#1879),#1882,.T.);
#982 = FACE_BOUND('',#983,.T.);
#983 = EDGE_LOOP('',(#984));
#984 = ORIENTED_EDGE('',*,*,#985,.F.);
#985 = EDGE_CURVE('',#986,#986,#988,.T.);
#986 = VERTEX_POINT('',#987);
#987 = CARTESIAN_POINT('',(10.05,29.,2.));
#988 = CIRCLE('',#989,2.2);
#989 = AXIS2_PLACEMENT_3D('',#990,#991,#992);
#990 = CARTESIAN_POINT('',(7.85,29.,2.));
#991 = DIRECTION('',(0.,0.,1.));
#992 = DIRECTION('',(1.,0.,-0.));
#993 = FACE_BOUND('',#994,.T.);
#994 = EDGE_LOOP('',(#995,#1005,#1014,#1022,#1031,#1039));
#995 = ORIENTED_EDGE('',*,*,#996,.F.);
#996 = EDGE_CURVE('',#997,#999,#1001,.T.);
#997 = VERTEX_POINT('',#998);
#998 = CARTESIAN_POINT('',(-8.396134695658,-21.2766737958,2.));
#999 = VERTEX_POINT('',#1000);
#1000 = CARTESIAN_POINT('',(-7.514479802876,-34.3207579345,2.));
#1001 = LINE('',#1002,#1003);
#1002 = CARTESIAN_POINT('',(-8.438172805468,-20.65471996116,2.));
#1003 = VECTOR('',#1004,1.);
#1004 = DIRECTION('',(6.743653705027E-02,-0.997723565659,0.));
#1005 = ORIENTED_EDGE('',*,*,#1006,.F.);
#1006 = EDGE_CURVE('',#1007,#997,#1009,.T.);
#1007 = VERTEX_POINT('',#1008);
#1008 = CARTESIAN_POINT('',(-6.564432975956,-20.65743979719,2.));
#1009 = CIRCLE('',#1010,1.);
#1010 = AXIS2_PLACEMENT_3D('',#1011,#1012,#1013);
#1011 = CARTESIAN_POINT('',(-7.398411129999,-21.20923725875,2.));
#1012 = DIRECTION('',(-0.,0.,1.));
#1013 = DIRECTION('',(0.,-1.,0.));
#1014 = ORIENTED_EDGE('',*,*,#1015,.T.);
#1015 = EDGE_CURVE('',#1007,#1016,#1018,.T.);
#1016 = VERTEX_POINT('',#1017);
#1017 = CARTESIAN_POINT('',(-1.808329115463,-27.84574165497,2.));
#1018 = LINE('',#1019,#1020);
#1019 = CARTESIAN_POINT('',(-6.977324976029,-20.03340121051,2.));
#1020 = VECTOR('',#1021,1.);
#1021 = DIRECTION('',(0.551797461555,-0.833978154044,0.));
#1022 = ORIENTED_EDGE('',*,*,#1023,.F.);
#1023 = EDGE_CURVE('',#1024,#1016,#1026,.T.);
#1024 = VERTEX_POINT('',#1025);
#1025 = CARTESIAN_POINT('',(-1.808329115463,-28.94933657808,2.));
#1026 = CIRCLE('',#1027,1.);
#1027 = AXIS2_PLACEMENT_3D('',#1028,#1029,#1030);
#1028 = CARTESIAN_POINT('',(-2.642307269507,-28.39753911653,2.));
#1029 = DIRECTION('',(-0.,0.,1.));
#1030 = DIRECTION('',(0.,-1.,0.));
#1031 = ORIENTED_EDGE('',*,*,#1032,.T.);
#1032 = EDGE_CURVE('',#1024,#1033,#1035,.T.);
#1033 = VERTEX_POINT('',#1034);
#1034 = CARTESIAN_POINT('',(-5.682778083174,-34.805118859,2.));
#1035 = LINE('',#1036,#1037);
#1036 = CARTESIAN_POINT('',(1.594408338215,-23.80649178804,2.));
#1037 = VECTOR('',#1038,1.);
#1038 = DIRECTION('',(-0.551797461555,-0.833978154044,0.));
#1039 = ORIENTED_EDGE('',*,*,#1040,.T.);
#1040 = EDGE_CURVE('',#1033,#999,#1041,.T.);
#1041 = CIRCLE('',#1042,1.);
#1042 = AXIS2_PLACEMENT_3D('',#1043,#1044,#1045);
#1043 = CARTESIAN_POINT('',(-6.516756237218,-34.25332139745,2.));
#1044 = DIRECTION('',(-0.,-0.,-1.));
#1045 = DIRECTION('',(0.,-1.,0.));
#1046 = FACE_BOUND('',#1047,.T.);
#1047 = EDGE_LOOP('',(#1048,#1058,#1067,#1075,#1084,#1092,#1100,#1109,
    #1117,#1126));
#1048 = ORIENTED_EDGE('',*,*,#1049,.T.);
#1049 = EDGE_CURVE('',#1050,#1052,#1054,.T.);
#1050 = VERTEX_POINT('',#1051);
#1051 = CARTESIAN_POINT('',(-11.,-12.41,2.));
#1052 = VERTEX_POINT('',#1053);
#1053 = CARTESIAN_POINT('',(-9.126064679006,-40.1348730741,2.));
#1054 = LINE('',#1055,#1056);
#1055 = CARTESIAN_POINT('',(-11.,-12.41,2.));
#1056 = VECTOR('',#1057,1.);
#1057 = DIRECTION('',(6.743653705027E-02,-0.997723565659,0.));
#1058 = ORIENTED_EDGE('',*,*,#1059,.T.);
#1059 = EDGE_CURVE('',#1052,#1060,#1062,.T.);
#1060 = VERTEX_POINT('',#1061);
#1061 = CARTESIAN_POINT('',(-7.130617547689,-42.,2.));
#1062 = CIRCLE('',#1063,2.);
#1063 = AXIS2_PLACEMENT_3D('',#1064,#1065,#1066);
#1064 = CARTESIAN_POINT('',(-7.130617547689,-40.,2.));
#1065 = DIRECTION('',(-0.,0.,1.));
#1066 = DIRECTION('',(0.,-1.,0.));
#1067 = ORIENTED_EDGE('',*,*,#1068,.T.);
#1068 = EDGE_CURVE('',#1060,#1069,#1071,.T.);
#1069 = VERTEX_POINT('',#1070);
#1070 = CARTESIAN_POINT('',(7.130617547689,-42.,2.));
#1071 = LINE('',#1072,#1073);
#1072 = CARTESIAN_POINT('',(-9.,-42.,2.));
#1073 = VECTOR('',#1074,1.);
#1074 = DIRECTION('',(1.,0.,0.));
#1075 = ORIENTED_EDGE('',*,*,#1076,.T.);
#1076 = EDGE_CURVE('',#1069,#1077,#1079,.T.);
#1077 = VERTEX_POINT('',#1078);
#1078 = CARTESIAN_POINT('',(9.126064679006,-40.1348730741,2.));
#1079 = CIRCLE('',#1080,2.);
#1080 = AXIS2_PLACEMENT_3D('',#1081,#1082,#1083);
#1081 = CARTESIAN_POINT('',(7.130617547689,-40.,2.));
#1082 = DIRECTION('',(-0.,0.,1.));
#1083 = DIRECTION('',(0.,-1.,0.));
#1084 = ORIENTED_EDGE('',*,*,#1085,.T.);
#1085 = EDGE_CURVE('',#1077,#1086,#1088,.T.);
#1086 = VERTEX_POINT('',#1087);
#1087 = CARTESIAN_POINT('',(11.,-12.41,2.));
#1088 = LINE('',#1089,#1090);
#1089 = CARTESIAN_POINT('',(9.,-42.,2.));
#1090 = VECTOR('',#1091,1.);
#1091 = DIRECTION('',(6.743653705027E-02,0.997723565659,0.));
#1092 = ORIENTED_EDGE('',*,*,#1093,.T.);
#1093 = EDGE_CURVE('',#1086,#1094,#1096,.T.);
#1094 = VERTEX_POINT('',#1095);
#1095 = CARTESIAN_POINT('',(11.,30.,2.));
#1096 = LINE('',#1097,#1098);
#1097 = CARTESIAN_POINT('',(11.,-12.41,2.));
#1098 = VECTOR('',#1099,1.);
#1099 = DIRECTION('',(0.,1.,0.));
#1100 = ORIENTED_EDGE('',*,*,#1101,.F.);
#1101 = EDGE_CURVE('',#1102,#1094,#1104,.T.);
#1102 = VERTEX_POINT('',#1103);
#1103 = CARTESIAN_POINT('',(9.,32.,2.));
#1104 = CIRCLE('',#1105,2.);
#1105 = AXIS2_PLACEMENT_3D('',#1106,#1107,#1108);
#1106 = CARTESIAN_POINT('',(9.,30.,2.));
#1107 = DIRECTION('',(-0.,-0.,-1.));
#1108 = DIRECTION('',(0.,-1.,0.));
#1109 = ORIENTED_EDGE('',*,*,#1110,.T.);
#1110 = EDGE_CURVE('',#1102,#1111,#1113,.T.);
#1111 = VERTEX_POINT('',#1112);
#1112 = CARTESIAN_POINT('',(-9.,32.,2.));
#1113 = LINE('',#1114,#1115);
#1114 = CARTESIAN_POINT('',(11.,32.,2.));
#1115 = VECTOR('',#1116,1.);
#1116 = DIRECTION('',(-1.,0.,0.));
#1117 = ORIENTED_EDGE('',*,*,#1118,.T.);
#1118 = EDGE_CURVE('',#1111,#1119,#1121,.T.);
#1119 = VERTEX_POINT('',#1120);
#1120 = CARTESIAN_POINT('',(-11.,30.,2.));
#1121 = CIRCLE('',#1122,2.);
#1122 = AXIS2_PLACEMENT_3D('',#1123,#1124,#1125);
#1123 = CARTESIAN_POINT('',(-9.,30.,2.));
#1124 = DIRECTION('',(-0.,0.,1.));
#1125 = DIRECTION('',(0.,-1.,0.));
#1126 = ORIENTED_EDGE('',*,*,#1127,.F.);
#1127 = EDGE_CURVE('',#1050,#1119,#1128,.T.);
#1128 = LINE('',#1129,#1130);
#1129 = CARTESIAN_POINT('',(-11.,0.,2.));
#1130 = VECTOR('',#1131,1.);
#1131 = DIRECTION('',(0.,1.,0.));
#1132 = FACE_BOUND('',#1133,.T.);
#1133 = EDGE_LOOP('',(#1134,#1144,#1153,#1161,#1170,#1178,#1187,#1195));
#1134 = ORIENTED_EDGE('',*,*,#1135,.F.);
#1135 = EDGE_CURVE('',#1136,#1138,#1140,.T.);
#1136 = VERTEX_POINT('',#1137);
#1137 = CARTESIAN_POINT('',(-9.5,9.8,2.));
#1138 = VERTEX_POINT('',#1139);
#1139 = CARTESIAN_POINT('',(-9.5,-13.2,2.));
#1140 = LINE('',#1141,#1142);
#1141 = CARTESIAN_POINT('',(-9.5,10.8,2.));
#1142 = VECTOR('',#1143,1.);
#1143 = DIRECTION('',(0.,-1.,0.));
#1144 = ORIENTED_EDGE('',*,*,#1145,.T.);
#1145 = EDGE_CURVE('',#1136,#1146,#1148,.T.);
#1146 = VERTEX_POINT('',#1147);
#1147 = CARTESIAN_POINT('',(-8.5,10.8,2.));
#1148 = CIRCLE('',#1149,1.);
#1149 = AXIS2_PLACEMENT_3D('',#1150,#1151,#1152);
#1150 = CARTESIAN_POINT('',(-8.5,9.8,2.));
#1151 = DIRECTION('',(-0.,-0.,-1.));
#1152 = DIRECTION('',(0.,-1.,0.));
#1153 = ORIENTED_EDGE('',*,*,#1154,.F.);
#1154 = EDGE_CURVE('',#1155,#1146,#1157,.T.);
#1155 = VERTEX_POINT('',#1156);
#1156 = CARTESIAN_POINT('',(-7.,10.8,2.));
#1157 = LINE('',#1158,#1159);
#1158 = CARTESIAN_POINT('',(-6.,10.8,2.));
#1159 = VECTOR('',#1160,1.);
#1160 = DIRECTION('',(-1.,0.,0.));
#1161 = ORIENTED_EDGE('',*,*,#1162,.F.);
#1162 = EDGE_CURVE('',#1163,#1155,#1165,.T.);
#1163 = VERTEX_POINT('',#1164);
#1164 = CARTESIAN_POINT('',(-6.,9.8,2.));
#1165 = CIRCLE('',#1166,1.);
#1166 = AXIS2_PLACEMENT_3D('',#1167,#1168,#1169);
#1167 = CARTESIAN_POINT('',(-7.,9.8,2.));
#1168 = DIRECTION('',(-0.,0.,1.));
#1169 = DIRECTION('',(0.,-1.,0.));
#1170 = ORIENTED_EDGE('',*,*,#1171,.F.);
#1171 = EDGE_CURVE('',#1172,#1163,#1174,.T.);
#1172 = VERTEX_POINT('',#1173);
#1173 = CARTESIAN_POINT('',(-6.,-13.2,2.));
#1174 = LINE('',#1175,#1176);
#1175 = CARTESIAN_POINT('',(-6.,-14.2,2.));
#1176 = VECTOR('',#1177,1.);
#1177 = DIRECTION('',(0.,1.,0.));
#1178 = ORIENTED_EDGE('',*,*,#1179,.F.);
#1179 = EDGE_CURVE('',#1180,#1172,#1182,.T.);
#1180 = VERTEX_POINT('',#1181);
#1181 = CARTESIAN_POINT('',(-7.,-14.2,2.));
#1182 = CIRCLE('',#1183,1.);
#1183 = AXIS2_PLACEMENT_3D('',#1184,#1185,#1186);
#1184 = CARTESIAN_POINT('',(-7.,-13.2,2.));
#1185 = DIRECTION('',(-0.,0.,1.));
#1186 = DIRECTION('',(0.,-1.,0.));
#1187 = ORIENTED_EDGE('',*,*,#1188,.F.);
#1188 = EDGE_CURVE('',#1189,#1180,#1191,.T.);
#1189 = VERTEX_POINT('',#1190);
#1190 = CARTESIAN_POINT('',(-8.5,-14.2,2.));
#1191 = LINE('',#1192,#1193);
#1192 = CARTESIAN_POINT('',(-9.5,-14.2,2.));
#1193 = VECTOR('',#1194,1.);
#1194 = DIRECTION('',(1.,0.,0.));
#1195 = ORIENTED_EDGE('',*,*,#1196,.F.);
#1196 = EDGE_CURVE('',#1138,#1189,#1197,.T.);
#1197 = CIRCLE('',#1198,1.);
#1198 = AXIS2_PLACEMENT_3D('',#1199,#1200,#1201);
#1199 = CARTESIAN_POINT('',(-8.5,-13.2,2.));
#1200 = DIRECTION('',(-0.,0.,1.));
#1201 = DIRECTION('',(0.,-1.,0.));
#1202 = FACE_BOUND('',#1203,.T.);
#1203 = EDGE_LOOP('',(#1204,#1214,#1223,#1231,#1240,#1248,#1257,#1265));
#1204 = ORIENTED_EDGE('',*,*,#1205,.F.);
#1205 = EDGE_CURVE('',#1206,#1208,#1210,.T.);
#1206 = VERTEX_POINT('',#1207);
#1207 = CARTESIAN_POINT('',(6.,9.8,2.));
#1208 = VERTEX_POINT('',#1209);
#1209 = CARTESIAN_POINT('',(6.,-13.2,2.));
#1210 = LINE('',#1211,#1212);
#1211 = CARTESIAN_POINT('',(6.,10.8,2.));
#1212 = VECTOR('',#1213,1.);
#1213 = DIRECTION('',(0.,-1.,0.));
#1214 = ORIENTED_EDGE('',*,*,#1215,.T.);
#1215 = EDGE_CURVE('',#1206,#1216,#1218,.T.);
#1216 = VERTEX_POINT('',#1217);
#1217 = CARTESIAN_POINT('',(7.,10.8,2.));
#1218 = CIRCLE('',#1219,1.);
#1219 = AXIS2_PLACEMENT_3D('',#1220,#1221,#1222);
#1220 = CARTESIAN_POINT('',(7.,9.8,2.));
#1221 = DIRECTION('',(-0.,-0.,-1.));
#1222 = DIRECTION('',(0.,-1.,0.));
#1223 = ORIENTED_EDGE('',*,*,#1224,.F.);
#1224 = EDGE_CURVE('',#1225,#1216,#1227,.T.);
#1225 = VERTEX_POINT('',#1226);
#1226 = CARTESIAN_POINT('',(8.5,10.8,2.));
#1227 = LINE('',#1228,#1229);
#1228 = CARTESIAN_POINT('',(9.5,10.8,2.));
#1229 = VECTOR('',#1230,1.);
#1230 = DIRECTION('',(-1.,0.,0.));
#1231 = ORIENTED_EDGE('',*,*,#1232,.F.);
#1232 = EDGE_CURVE('',#1233,#1225,#1235,.T.);
#1233 = VERTEX_POINT('',#1234);
#1234 = CARTESIAN_POINT('',(9.5,9.8,2.));
#1235 = CIRCLE('',#1236,1.);
#1236 = AXIS2_PLACEMENT_3D('',#1237,#1238,#1239);
#1237 = CARTESIAN_POINT('',(8.5,9.8,2.));
#1238 = DIRECTION('',(-0.,0.,1.));
#1239 = DIRECTION('',(0.,-1.,0.));
#1240 = ORIENTED_EDGE('',*,*,#1241,.F.);
#1241 = EDGE_CURVE('',#1242,#1233,#1244,.T.);
#1242 = VERTEX_POINT('',#1243);
#1243 = CARTESIAN_POINT('',(9.5,-13.2,2.));
#1244 = LINE('',#1245,#1246);
#1245 = CARTESIAN_POINT('',(9.5,-14.2,2.));
#1246 = VECTOR('',#1247,1.);
#1247 = DIRECTION('',(0.,1.,0.));
#1248 = ORIENTED_EDGE('',*,*,#1249,.F.);
#1249 = EDGE_CURVE('',#1250,#1242,#1252,.T.);
#1250 = VERTEX_POINT('',#1251);
#1251 = CARTESIAN_POINT('',(8.5,-14.2,2.));
#1252 = CIRCLE('',#1253,1.);
#1253 = AXIS2_PLACEMENT_3D('',#1254,#1255,#1256);
#1254 = CARTESIAN_POINT('',(8.5,-13.2,2.));
#1255 = DIRECTION('',(-0.,0.,1.));
#1256 = DIRECTION('',(0.,-1.,0.));
#1257 = ORIENTED_EDGE('',*,*,#1258,.F.);
#1258 = EDGE_CURVE('',#1259,#1250,#1261,.T.);
#1259 = VERTEX_POINT('',#1260);
#1260 = CARTESIAN_POINT('',(7.,-14.2,2.));
#1261 = LINE('',#1262,#1263);
#1262 = CARTESIAN_POINT('',(6.,-14.2,2.));
#1263 = VECTOR('',#1264,1.);
#1264 = DIRECTION('',(1.,0.,0.));
#1265 = ORIENTED_EDGE('',*,*,#1266,.F.);
#1266 = EDGE_CURVE('',#1208,#1259,#1267,.T.);
#1267 = CIRCLE('',#1268,1.);
#1268 = AXIS2_PLACEMENT_3D('',#1269,#1270,#1271);
#1269 = CARTESIAN_POINT('',(7.,-13.2,2.));
#1270 = DIRECTION('',(-0.,0.,1.));
#1271 = DIRECTION('',(0.,-1.,0.));
#1272 = FACE_BOUND('',#1273,.T.);
#1273 = EDGE_LOOP('',(#1274,#1285,#1294,#1302,#1311,#1319,#1328,#1337,
    #1346,#1354));
#1274 = ORIENTED_EDGE('',*,*,#1275,.F.);
#1275 = EDGE_CURVE('',#1276,#1278,#1280,.T.);
#1276 = VERTEX_POINT('',#1277);
#1277 = CARTESIAN_POINT('',(-3.757535604153,-36.85596929242,2.));
#1278 = VERTEX_POINT('',#1279);
#1279 = CARTESIAN_POINT('',(-2.95,-39.,2.));
#1280 = CIRCLE('',#1281,3.25);
#1281 = AXIS2_PLACEMENT_3D('',#1282,#1283,#1284);
#1282 = CARTESIAN_POINT('',(-6.2,-39.,2.));
#1283 = DIRECTION('',(0.,0.,-1.));
#1284 = DIRECTION('',(1.,0.,0.));
#1285 = ORIENTED_EDGE('',*,*,#1286,.T.);
#1286 = EDGE_CURVE('',#1276,#1287,#1289,.T.);
#1287 = VERTEX_POINT('',#1288);
#1288 = CARTESIAN_POINT('',(-3.839986251782,-35.64447007469,2.));
#1289 = CIRCLE('',#1290,1.);
#1290 = AXIS2_PLACEMENT_3D('',#1291,#1292,#1293);
#1291 = CARTESIAN_POINT('',(-3.006008097738,-36.19626753625,2.));
#1292 = DIRECTION('',(0.,0.,-1.));
#1293 = DIRECTION('',(0.,-1.,0.));
#1294 = ORIENTED_EDGE('',*,*,#1295,.F.);
#1295 = EDGE_CURVE('',#1296,#1287,#1298,.T.);
#1296 = VERTEX_POINT('',#1297);
#1297 = CARTESIAN_POINT('',(-0.833978154044,-31.10123590082,2.));
#1298 = LINE('',#1299,#1300);
#1299 = CARTESIAN_POINT('',(3.930612880272,-23.90010665971,2.));
#1300 = VECTOR('',#1301,1.);
#1301 = DIRECTION('',(-0.551797461555,-0.833978154044,0.));
#1302 = ORIENTED_EDGE('',*,*,#1303,.F.);
#1303 = EDGE_CURVE('',#1304,#1296,#1306,.T.);
#1304 = VERTEX_POINT('',#1305);
#1305 = CARTESIAN_POINT('',(0.833978154044,-31.10123590082,2.));
#1306 = CIRCLE('',#1307,1.);
#1307 = AXIS2_PLACEMENT_3D('',#1308,#1309,#1310);
#1308 = CARTESIAN_POINT('',(0.,-31.65303336237,2.));
#1309 = DIRECTION('',(-0.,0.,1.));
#1310 = DIRECTION('',(0.,-1.,0.));
#1311 = ORIENTED_EDGE('',*,*,#1312,.T.);
#1312 = EDGE_CURVE('',#1304,#1313,#1315,.T.);
#1313 = VERTEX_POINT('',#1314);
#1314 = CARTESIAN_POINT('',(3.839986251782,-35.64447007469,2.));
#1315 = LINE('',#1316,#1317);
#1316 = CARTESIAN_POINT('',(-3.930612880272,-23.90010665971,2.));
#1317 = VECTOR('',#1318,1.);
#1318 = DIRECTION('',(0.551797461555,-0.833978154044,0.));
#1319 = ORIENTED_EDGE('',*,*,#1320,.F.);
#1320 = EDGE_CURVE('',#1321,#1313,#1323,.T.);
#1321 = VERTEX_POINT('',#1322);
#1322 = CARTESIAN_POINT('',(3.757535604153,-36.85596929242,2.));
#1323 = CIRCLE('',#1324,1.);
#1324 = AXIS2_PLACEMENT_3D('',#1325,#1326,#1327);
#1325 = CARTESIAN_POINT('',(3.006008097738,-36.19626753625,2.));
#1326 = DIRECTION('',(-0.,0.,1.));
#1327 = DIRECTION('',(0.,-1.,0.));
#1328 = ORIENTED_EDGE('',*,*,#1329,.F.);
#1329 = EDGE_CURVE('',#1330,#1321,#1332,.T.);
#1330 = VERTEX_POINT('',#1331);
#1331 = CARTESIAN_POINT('',(2.95,-39.,2.));
#1332 = CIRCLE('',#1333,3.25);
#1333 = AXIS2_PLACEMENT_3D('',#1334,#1335,#1336);
#1334 = CARTESIAN_POINT('',(6.2,-39.,2.));
#1335 = DIRECTION('',(0.,0.,-1.));
#1336 = DIRECTION('',(1.,0.,0.));
#1337 = ORIENTED_EDGE('',*,*,#1338,.F.);
#1338 = EDGE_CURVE('',#1339,#1330,#1341,.T.);
#1339 = VERTEX_POINT('',#1340);
#1340 = CARTESIAN_POINT('',(1.95,-40.,2.));
#1341 = CIRCLE('',#1342,1.);
#1342 = AXIS2_PLACEMENT_3D('',#1343,#1344,#1345);
#1343 = CARTESIAN_POINT('',(1.95,-39.,2.));
#1344 = DIRECTION('',(-0.,0.,1.));
#1345 = DIRECTION('',(0.,-1.,0.));
#1346 = ORIENTED_EDGE('',*,*,#1347,.T.);
#1347 = EDGE_CURVE('',#1339,#1348,#1350,.T.);
#1348 = VERTEX_POINT('',#1349);
#1349 = CARTESIAN_POINT('',(-1.95,-40.,2.));
#1350 = LINE('',#1351,#1352);
#1351 = CARTESIAN_POINT('',(-1.553835390393,-40.,2.));
#1352 = VECTOR('',#1353,1.);
#1353 = DIRECTION('',(-1.,0.,0.));
#1354 = ORIENTED_EDGE('',*,*,#1355,.F.);
#1355 = EDGE_CURVE('',#1278,#1348,#1356,.T.);
#1356 = CIRCLE('',#1357,1.);
#1357 = AXIS2_PLACEMENT_3D('',#1358,#1359,#1360);
#1358 = CARTESIAN_POINT('',(-1.95,-39.,2.));
#1359 = DIRECTION('',(-0.,0.,1.));
#1360 = DIRECTION('',(0.,-1.,0.));
#1361 = FACE_BOUND('',#1362,.T.);
#1362 = EDGE_LOOP('',(#1363,#1373,#1382,#1390,#1399,#1407));
#1363 = ORIENTED_EDGE('',*,*,#1364,.T.);
#1364 = EDGE_CURVE('',#1365,#1367,#1369,.T.);
#1365 = VERTEX_POINT('',#1366);
#1366 = CARTESIAN_POINT('',(0.936688443533,-5.205641586451,2.));
#1367 = VERTEX_POINT('',#1368);
#1368 = CARTESIAN_POINT('',(3.495265830234,-12.04983609587,2.));
#1369 = LINE('',#1370,#1371);
#1370 = CARTESIAN_POINT('',(2.113346436255,-8.353201716982,2.));
#1371 = VECTOR('',#1372,1.);
#1372 = DIRECTION('',(0.350163904124,-0.936688443533,0.));
#1373 = ORIENTED_EDGE('',*,*,#1374,.F.);
#1374 = EDGE_CURVE('',#1375,#1367,#1377,.T.);
#1375 = VERTEX_POINT('',#1376);
#1376 = CARTESIAN_POINT('',(2.558577386701,-13.4,2.));
#1377 = CIRCLE('',#1378,1.);
#1378 = AXIS2_PLACEMENT_3D('',#1379,#1380,#1381);
#1379 = CARTESIAN_POINT('',(2.558577386701,-12.4,2.));
#1380 = DIRECTION('',(-0.,0.,1.));
#1381 = DIRECTION('',(0.,-1.,0.));
#1382 = ORIENTED_EDGE('',*,*,#1383,.T.);
#1383 = EDGE_CURVE('',#1375,#1384,#1386,.T.);
#1384 = VERTEX_POINT('',#1385);
#1385 = CARTESIAN_POINT('',(-2.558577386701,-13.4,2.));
#1386 = LINE('',#1387,#1388);
#1387 = CARTESIAN_POINT('',(-2.,-13.4,2.));
#1388 = VECTOR('',#1389,1.);
#1389 = DIRECTION('',(-1.,0.,0.));
#1390 = ORIENTED_EDGE('',*,*,#1391,.T.);
#1391 = EDGE_CURVE('',#1384,#1392,#1394,.T.);
#1392 = VERTEX_POINT('',#1393);
#1393 = CARTESIAN_POINT('',(-3.495265830234,-12.04983609587,2.));
#1394 = CIRCLE('',#1395,1.);
#1395 = AXIS2_PLACEMENT_3D('',#1396,#1397,#1398);
#1396 = CARTESIAN_POINT('',(-2.558577386701,-12.4,2.));
#1397 = DIRECTION('',(-0.,-0.,-1.));
#1398 = DIRECTION('',(0.,-1.,0.));
#1399 = ORIENTED_EDGE('',*,*,#1400,.F.);
#1400 = EDGE_CURVE('',#1401,#1392,#1403,.T.);
#1401 = VERTEX_POINT('',#1402);
#1402 = CARTESIAN_POINT('',(-0.936688443533,-5.205641586451,2.));
#1403 = LINE('',#1404,#1405);
#1404 = CARTESIAN_POINT('',(-2.113346436255,-8.353201716982,2.));
#1405 = VECTOR('',#1406,1.);
#1406 = DIRECTION('',(-0.350163904124,-0.936688443533,0.));
#1407 = ORIENTED_EDGE('',*,*,#1408,.F.);
#1408 = EDGE_CURVE('',#1365,#1401,#1409,.T.);
#1409 = CIRCLE('',#1410,1.);
#1410 = AXIS2_PLACEMENT_3D('',#1411,#1412,#1413);
#1411 = CARTESIAN_POINT('',(-2.2E-16,-5.555805490575,2.));
#1412 = DIRECTION('',(-0.,0.,1.));
#1413 = DIRECTION('',(0.,-1.,0.));
#1414 = FACE_BOUND('',#1415,.T.);
#1415 = EDGE_LOOP('',(#1416,#1426,#1435,#1443,#1452,#1460));
#1416 = ORIENTED_EDGE('',*,*,#1417,.F.);
#1417 = EDGE_CURVE('',#1418,#1420,#1422,.T.);
#1418 = VERTEX_POINT('',#1419);
#1419 = CARTESIAN_POINT('',(6.564432975956,-20.65743979719,2.));
#1420 = VERTEX_POINT('',#1421);
#1421 = CARTESIAN_POINT('',(1.808329115463,-27.84574165497,2.));
#1422 = LINE('',#1423,#1424);
#1423 = CARTESIAN_POINT('',(6.977324976029,-20.03340121051,2.));
#1424 = VECTOR('',#1425,1.);
#1425 = DIRECTION('',(-0.551797461555,-0.833978154044,0.));
#1426 = ORIENTED_EDGE('',*,*,#1427,.F.);
#1427 = EDGE_CURVE('',#1428,#1418,#1430,.T.);
#1428 = VERTEX_POINT('',#1429);
#1429 = CARTESIAN_POINT('',(8.396134695658,-21.2766737958,2.));
#1430 = CIRCLE('',#1431,1.);
#1431 = AXIS2_PLACEMENT_3D('',#1432,#1433,#1434);
#1432 = CARTESIAN_POINT('',(7.398411129999,-21.20923725875,2.));
#1433 = DIRECTION('',(-0.,0.,1.));
#1434 = DIRECTION('',(0.,-1.,0.));
#1435 = ORIENTED_EDGE('',*,*,#1436,.T.);
#1436 = EDGE_CURVE('',#1428,#1437,#1439,.T.);
#1437 = VERTEX_POINT('',#1438);
#1438 = CARTESIAN_POINT('',(7.514479802876,-34.3207579345,2.));
#1439 = LINE('',#1440,#1441);
#1440 = CARTESIAN_POINT('',(8.438172805468,-20.65471996116,2.));
#1441 = VECTOR('',#1442,1.);
#1442 = DIRECTION('',(-6.743653705027E-02,-0.997723565659,0.));
#1443 = ORIENTED_EDGE('',*,*,#1444,.T.);
#1444 = EDGE_CURVE('',#1437,#1445,#1447,.T.);
#1445 = VERTEX_POINT('',#1446);
#1446 = CARTESIAN_POINT('',(5.682778083174,-34.805118859,2.));
#1447 = CIRCLE('',#1448,1.);
#1448 = AXIS2_PLACEMENT_3D('',#1449,#1450,#1451);
#1449 = CARTESIAN_POINT('',(6.516756237218,-34.25332139745,2.));
#1450 = DIRECTION('',(-0.,-0.,-1.));
#1451 = DIRECTION('',(0.,-1.,0.));
#1452 = ORIENTED_EDGE('',*,*,#1453,.F.);
#1453 = EDGE_CURVE('',#1454,#1445,#1456,.T.);
#1454 = VERTEX_POINT('',#1455);
#1455 = CARTESIAN_POINT('',(1.808329115463,-28.94933657808,2.));
#1456 = LINE('',#1457,#1458);
#1457 = CARTESIAN_POINT('',(-1.594408338215,-23.80649178804,2.));
#1458 = VECTOR('',#1459,1.);
#1459 = DIRECTION('',(0.551797461555,-0.833978154044,0.));
#1460 = ORIENTED_EDGE('',*,*,#1461,.F.);
#1461 = EDGE_CURVE('',#1420,#1454,#1462,.T.);
#1462 = CIRCLE('',#1463,1.);
#1463 = AXIS2_PLACEMENT_3D('',#1464,#1465,#1466);
#1464 = CARTESIAN_POINT('',(2.642307269507,-28.39753911653,2.));
#1465 = DIRECTION('',(-0.,0.,1.));
#1466 = DIRECTION('',(0.,-1.,0.));
#1467 = FACE_BOUND('',#1468,.T.);
#1468 = EDGE_LOOP('',(#1469,#1479,#1488,#1496,#1505,#1513));
#1469 = ORIENTED_EDGE('',*,*,#1470,.F.);
#1470 = EDGE_CURVE('',#1471,#1473,#1475,.T.);
#1471 = VERTEX_POINT('',#1472);
#1472 = CARTESIAN_POINT('',(5.122485146855,-16.4,2.));
#1473 = VERTEX_POINT('',#1474);
#1474 = CARTESIAN_POINT('',(-5.122485146855,-16.4,2.));
#1475 = LINE('',#1476,#1477);
#1476 = CARTESIAN_POINT('',(-3.491601152984,-16.4,2.));
#1477 = VECTOR('',#1478,1.);
#1478 = DIRECTION('',(-1.,0.,0.));
#1479 = ORIENTED_EDGE('',*,*,#1480,.F.);
#1480 = EDGE_CURVE('',#1481,#1471,#1483,.T.);
#1481 = VERTEX_POINT('',#1482);
#1482 = CARTESIAN_POINT('',(5.956463300898,-17.95179746155,2.));
#1483 = CIRCLE('',#1484,1.);
#1484 = AXIS2_PLACEMENT_3D('',#1485,#1486,#1487);
#1485 = CARTESIAN_POINT('',(5.122485146855,-17.4,2.));
#1486 = DIRECTION('',(-0.,0.,1.));
#1487 = DIRECTION('',(0.,-1.,0.));
#1488 = ORIENTED_EDGE('',*,*,#1489,.F.);
#1489 = EDGE_CURVE('',#1490,#1481,#1492,.T.);
#1490 = VERTEX_POINT('',#1491);
#1491 = CARTESIAN_POINT('',(0.833978154044,-25.69384233224,2.));
#1492 = LINE('',#1493,#1494);
#1493 = CARTESIAN_POINT('',(8.913330428273,-13.48283419069,2.));
#1494 = VECTOR('',#1495,1.);
#1495 = DIRECTION('',(0.551797461555,0.833978154044,0.));
#1496 = ORIENTED_EDGE('',*,*,#1497,.F.);
#1497 = EDGE_CURVE('',#1498,#1490,#1500,.T.);
#1498 = VERTEX_POINT('',#1499);
#1499 = CARTESIAN_POINT('',(-0.833978154044,-25.69384233224,2.));
#1500 = CIRCLE('',#1501,1.);
#1501 = AXIS2_PLACEMENT_3D('',#1502,#1503,#1504);
#1502 = CARTESIAN_POINT('',(-1.41E-15,-25.14204487069,2.));
#1503 = DIRECTION('',(-0.,0.,1.));
#1504 = DIRECTION('',(0.,-1.,0.));
#1505 = ORIENTED_EDGE('',*,*,#1506,.T.);
#1506 = EDGE_CURVE('',#1498,#1507,#1509,.T.);
#1507 = VERTEX_POINT('',#1508);
#1508 = CARTESIAN_POINT('',(-5.956463300898,-17.95179746155,2.));
#1509 = LINE('',#1510,#1511);
#1510 = CARTESIAN_POINT('',(-8.913330428273,-13.48283419069,2.));
#1511 = VECTOR('',#1512,1.);
#1512 = DIRECTION('',(-0.551797461555,0.833978154044,0.));
#1513 = ORIENTED_EDGE('',*,*,#1514,.T.);
#1514 = EDGE_CURVE('',#1507,#1473,#1515,.T.);
#1515 = CIRCLE('',#1516,1.);
#1516 = AXIS2_PLACEMENT_3D('',#1517,#1518,#1519);
#1517 = CARTESIAN_POINT('',(-5.122485146855,-17.4,2.));
#1518 = DIRECTION('',(-0.,-0.,-1.));
#1519 = DIRECTION('',(0.,-1.,0.));
#1520 = FACE_BOUND('',#1521,.T.);
#1521 = EDGE_LOOP('',(#1522,#1532,#1541,#1549,#1558,#1566));
#1522 = ORIENTED_EDGE('',*,*,#1523,.F.);
#1523 = EDGE_CURVE('',#1524,#1526,#1528,.T.);
#1524 = VERTEX_POINT('',#1525);
#1525 = CARTESIAN_POINT('',(-3.495265830234,8.249836095876,2.));
#1526 = VERTEX_POINT('',#1527);
#1527 = CARTESIAN_POINT('',(-0.936688443533,1.405641586451,2.));
#1528 = LINE('',#1529,#1530);
#1529 = CARTESIAN_POINT('',(0.375742022124,-2.105109909181,2.));
#1530 = VECTOR('',#1531,1.);
#1531 = DIRECTION('',(0.350163904124,-0.936688443533,0.));
#1532 = ORIENTED_EDGE('',*,*,#1533,.F.);
#1533 = EDGE_CURVE('',#1534,#1524,#1536,.T.);
#1534 = VERTEX_POINT('',#1535);
#1535 = CARTESIAN_POINT('',(-2.558577386701,9.6,2.));
#1536 = CIRCLE('',#1537,1.);
#1537 = AXIS2_PLACEMENT_3D('',#1538,#1539,#1540);
#1538 = CARTESIAN_POINT('',(-2.558577386701,8.6,2.));
#1539 = DIRECTION('',(-0.,0.,1.));
#1540 = DIRECTION('',(0.,-1.,0.));
#1541 = ORIENTED_EDGE('',*,*,#1542,.F.);
#1542 = EDGE_CURVE('',#1543,#1534,#1545,.T.);
#1543 = VERTEX_POINT('',#1544);
#1544 = CARTESIAN_POINT('',(2.558577386701,9.6,2.));
#1545 = LINE('',#1546,#1547);
#1546 = CARTESIAN_POINT('',(-2.,9.6,2.));
#1547 = VECTOR('',#1548,1.);
#1548 = DIRECTION('',(-1.,2.2E-16,0.));
#1549 = ORIENTED_EDGE('',*,*,#1550,.F.);
#1550 = EDGE_CURVE('',#1551,#1543,#1553,.T.);
#1551 = VERTEX_POINT('',#1552);
#1552 = CARTESIAN_POINT('',(3.495265830234,8.249836095876,2.));
#1553 = CIRCLE('',#1554,1.);
#1554 = AXIS2_PLACEMENT_3D('',#1555,#1556,#1557);
#1555 = CARTESIAN_POINT('',(2.558577386701,8.6,2.));
#1556 = DIRECTION('',(-0.,0.,1.));
#1557 = DIRECTION('',(0.,-1.,0.));
#1558 = ORIENTED_EDGE('',*,*,#1559,.T.);
#1559 = EDGE_CURVE('',#1551,#1560,#1562,.T.);
#1560 = VERTEX_POINT('',#1561);
#1561 = CARTESIAN_POINT('',(0.936688443533,1.405641586451,2.));
#1562 = LINE('',#1563,#1564);
#1563 = CARTESIAN_POINT('',(-0.375742022124,-2.105109909181,2.));
#1564 = VECTOR('',#1565,1.);
#1565 = DIRECTION('',(-0.350163904124,-0.936688443533,0.));
#1566 = ORIENTED_EDGE('',*,*,#1567,.T.);
#1567 = EDGE_CURVE('',#1560,#1526,#1568,.T.);
#1568 = CIRCLE('',#1569,1.);
#1569 = AXIS2_PLACEMENT_3D('',#1570,#1571,#1572);
#1570 = CARTESIAN_POINT('',(0.,1.755805490575,2.));
#1571 = DIRECTION('',(-0.,-0.,-1.));
#1572 = DIRECTION('',(0.,-1.,0.));
#1573 = FACE_BOUND('',#1574,.T.);
#1574 = EDGE_LOOP('',(#1575,#1586,#1595,#1603,#1612,#1620,#1629,#1637));
#1575 = ORIENTED_EDGE('',*,*,#1576,.F.);
#1576 = EDGE_CURVE('',#1577,#1579,#1581,.T.);
#1577 = VERTEX_POINT('',#1578);
#1578 = CARTESIAN_POINT('',(-6.910790134856,25.888668318997,2.));
#1579 = VERTEX_POINT('',#1580);
#1580 = CARTESIAN_POINT('',(-7.811764705882,25.750224921278,2.));
#1581 = CIRCLE('',#1582,3.25);
#1582 = AXIS2_PLACEMENT_3D('',#1583,#1584,#1585);
#1583 = CARTESIAN_POINT('',(-7.85,29.,2.));
#1584 = DIRECTION('',(0.,0.,-1.));
#1585 = DIRECTION('',(1.,0.,0.));
#1586 = ORIENTED_EDGE('',*,*,#1587,.T.);
#1587 = EDGE_CURVE('',#1577,#1588,#1590,.T.);
#1588 = VERTEX_POINT('',#1589);
#1589 = CARTESIAN_POINT('',(-5.932295964055,25.655614969756,2.));
#1590 = CIRCLE('',#1591,1.);
#1591 = AXIS2_PLACEMENT_3D('',#1592,#1593,#1594);
#1592 = CARTESIAN_POINT('',(-6.621802484042,24.931335494072,2.));
#1593 = DIRECTION('',(0.,0.,-1.));
#1594 = DIRECTION('',(0.,-1.,0.));
#1595 = ORIENTED_EDGE('',*,*,#1596,.F.);
#1596 = EDGE_CURVE('',#1597,#1588,#1599,.T.);
#1597 = VERTEX_POINT('',#1598);
#1598 = CARTESIAN_POINT('',(-2.316911473346,22.213806576316,2.));
#1599 = LINE('',#1600,#1601);
#1600 = CARTESIAN_POINT('',(2.646008488199,17.48915844456,2.));
#1601 = VECTOR('',#1602,1.);
#1602 = DIRECTION('',(-0.724279475683,0.689506519987,0.));
#1603 = ORIENTED_EDGE('',*,*,#1604,.F.);
#1604 = EDGE_CURVE('',#1605,#1597,#1607,.T.);
#1605 = VERTEX_POINT('',#1606);
#1606 = CARTESIAN_POINT('',(-2.316911473346,20.76524762495,2.));
#1607 = CIRCLE('',#1608,1.);
#1608 = AXIS2_PLACEMENT_3D('',#1609,#1610,#1611);
#1609 = CARTESIAN_POINT('',(-3.006417993332,21.489527100633,2.));
#1610 = DIRECTION('',(-0.,0.,1.));
#1611 = DIRECTION('',(0.,-1.,0.));
#1612 = ORIENTED_EDGE('',*,*,#1613,.T.);
#1613 = EDGE_CURVE('',#1605,#1614,#1616,.T.);
#1614 = VERTEX_POINT('',#1615);
#1615 = CARTESIAN_POINT('',(-7.110493480013,16.201807463168,2.));
#1616 = LINE('',#1617,#1618);
#1617 = CARTESIAN_POINT('',(-10.98254893408,12.515650984946,2.));
#1618 = VECTOR('',#1619,1.);
#1619 = DIRECTION('',(-0.724279475683,-0.689506519987,0.));
#1620 = ORIENTED_EDGE('',*,*,#1621,.F.);
#1621 = EDGE_CURVE('',#1622,#1614,#1624,.T.);
#1622 = VERTEX_POINT('',#1623);
#1623 = CARTESIAN_POINT('',(-8.8,16.926086938851,2.));
#1624 = CIRCLE('',#1625,1.);
#1625 = AXIS2_PLACEMENT_3D('',#1626,#1627,#1628);
#1626 = CARTESIAN_POINT('',(-7.8,16.926086938851,2.));
#1627 = DIRECTION('',(-0.,0.,1.));
#1628 = DIRECTION('',(0.,-1.,0.));
#1629 = ORIENTED_EDGE('',*,*,#1630,.T.);
#1630 = EDGE_CURVE('',#1622,#1631,#1633,.T.);
#1631 = VERTEX_POINT('',#1632);
#1632 = CARTESIAN_POINT('',(-8.8,24.750294127825,2.));
#1633 = LINE('',#1634,#1635);
#1634 = CARTESIAN_POINT('',(-8.8,11.250398756691,2.));
#1635 = VECTOR('',#1636,1.);
#1636 = DIRECTION('',(0.,1.,0.));
#1637 = ORIENTED_EDGE('',*,*,#1638,.F.);
#1638 = EDGE_CURVE('',#1579,#1631,#1639,.T.);
#1639 = CIRCLE('',#1640,1.);
#1640 = AXIS2_PLACEMENT_3D('',#1641,#1642,#1643);
#1641 = CARTESIAN_POINT('',(-7.8,24.750294127825,2.));
#1642 = DIRECTION('',(-0.,0.,1.));
#1643 = DIRECTION('',(0.,-1.,0.));
#1644 = FACE_BOUND('',#1645,.T.);
#1645 = EDGE_LOOP('',(#1646,#1656,#1665,#1673,#1682,#1690));
#1646 = ORIENTED_EDGE('',*,*,#1647,.T.);
#1647 = EDGE_CURVE('',#1648,#1650,#1652,.T.);
#1648 = VERTEX_POINT('',#1649);
#1649 = CARTESIAN_POINT('',(0.689506519987,19.277018688207,2.));
#1650 = VERTEX_POINT('',#1651);
#1651 = CARTESIAN_POINT('',(5.471847910803,14.724279475683,2.));
#1652 = LINE('',#1653,#1654);
#1653 = CARTESIAN_POINT('',(9.465634590116,10.922236138443,2.));
#1654 = VECTOR('',#1655,1.);
#1655 = DIRECTION('',(0.724279475683,-0.689506519987,0.));
#1656 = ORIENTED_EDGE('',*,*,#1657,.F.);
#1657 = EDGE_CURVE('',#1658,#1650,#1660,.T.);
#1658 = VERTEX_POINT('',#1659);
#1659 = CARTESIAN_POINT('',(4.782341390817,13.,2.));
#1660 = CIRCLE('',#1661,1.);
#1661 = AXIS2_PLACEMENT_3D('',#1662,#1663,#1664);
#1662 = CARTESIAN_POINT('',(4.782341390817,14.,2.));
#1663 = DIRECTION('',(-0.,0.,1.));
#1664 = DIRECTION('',(0.,-1.,0.));
#1665 = ORIENTED_EDGE('',*,*,#1666,.T.);
#1666 = EDGE_CURVE('',#1658,#1667,#1669,.T.);
#1667 = VERTEX_POINT('',#1668);
#1668 = CARTESIAN_POINT('',(-4.782341390817,13.,2.));
#1669 = LINE('',#1670,#1671);
#1670 = CARTESIAN_POINT('',(-3.641542828015,13.,2.));
#1671 = VECTOR('',#1672,1.);
#1672 = DIRECTION('',(-1.,0.,0.));
#1673 = ORIENTED_EDGE('',*,*,#1674,.T.);
#1674 = EDGE_CURVE('',#1667,#1675,#1677,.T.);
#1675 = VERTEX_POINT('',#1676);
#1676 = CARTESIAN_POINT('',(-5.471847910803,14.724279475683,2.));
#1677 = CIRCLE('',#1678,1.);
#1678 = AXIS2_PLACEMENT_3D('',#1679,#1680,#1681);
#1679 = CARTESIAN_POINT('',(-4.782341390817,14.,2.));
#1680 = DIRECTION('',(-0.,-0.,-1.));
#1681 = DIRECTION('',(0.,-1.,0.));
#1682 = ORIENTED_EDGE('',*,*,#1683,.F.);
#1683 = EDGE_CURVE('',#1684,#1675,#1686,.T.);
#1684 = VERTEX_POINT('',#1685);
#1685 = CARTESIAN_POINT('',(-0.689506519987,19.277018688207,2.));
#1686 = LINE('',#1687,#1688);
#1687 = CARTESIAN_POINT('',(-9.465634590116,10.922236138443,2.));
#1688 = VECTOR('',#1689,1.);
#1689 = DIRECTION('',(-0.724279475683,-0.689506519987,0.));
#1690 = ORIENTED_EDGE('',*,*,#1691,.F.);
#1691 = EDGE_CURVE('',#1648,#1684,#1692,.T.);
#1692 = CIRCLE('',#1693,1.);
#1693 = AXIS2_PLACEMENT_3D('',#1694,#1695,#1696);
#1694 = CARTESIAN_POINT('',(-1.1E-16,18.552739212524,2.));
#1695 = DIRECTION('',(-0.,0.,1.));
#1696 = DIRECTION('',(0.,-1.,0.));
#1697 = FACE_BOUND('',#1698,.T.);
#1698 = EDGE_LOOP('',(#1699,#1710,#1719,#1727,#1736,#1745,#1754,#1762,
    #1771,#1779));
#1699 = ORIENTED_EDGE('',*,*,#1700,.F.);
#1700 = EDGE_CURVE('',#1701,#1703,#1705,.T.);
#1701 = VERTEX_POINT('',#1702);
#1702 = CARTESIAN_POINT('',(-4.6,29.,2.));
#1703 = VERTEX_POINT('',#1704);
#1704 = CARTESIAN_POINT('',(-4.696257429487,28.214883576191,2.));
#1705 = CIRCLE('',#1706,3.25);
#1706 = AXIS2_PLACEMENT_3D('',#1707,#1708,#1709);
#1707 = CARTESIAN_POINT('',(-7.85,29.,2.));
#1708 = DIRECTION('',(0.,0.,-1.));
#1709 = DIRECTION('',(1.,0.,0.));
#1710 = ORIENTED_EDGE('',*,*,#1711,.F.);
#1711 = EDGE_CURVE('',#1712,#1701,#1714,.T.);
#1712 = VERTEX_POINT('',#1713);
#1713 = CARTESIAN_POINT('',(-3.6,30.,2.));
#1714 = CIRCLE('',#1715,1.);
#1715 = AXIS2_PLACEMENT_3D('',#1716,#1717,#1718);
#1716 = CARTESIAN_POINT('',(-3.6,29.,2.));
#1717 = DIRECTION('',(-0.,0.,1.));
#1718 = DIRECTION('',(0.,-1.,0.));
#1719 = ORIENTED_EDGE('',*,*,#1720,.T.);
#1720 = EDGE_CURVE('',#1712,#1721,#1723,.T.);
#1721 = VERTEX_POINT('',#1722);
#1722 = CARTESIAN_POINT('',(3.6,30.,2.));
#1723 = LINE('',#1724,#1725);
#1724 = CARTESIAN_POINT('',(2.378835390393,30.,2.));
#1725 = VECTOR('',#1726,1.);
#1726 = DIRECTION('',(1.,0.,0.));
#1727 = ORIENTED_EDGE('',*,*,#1728,.T.);
#1728 = EDGE_CURVE('',#1721,#1729,#1731,.T.);
#1729 = VERTEX_POINT('',#1730);
#1730 = CARTESIAN_POINT('',(4.6,29.,2.));
#1731 = CIRCLE('',#1732,1.);
#1732 = AXIS2_PLACEMENT_3D('',#1733,#1734,#1735);
#1733 = CARTESIAN_POINT('',(3.6,29.,2.));
#1734 = DIRECTION('',(0.,0.,-1.));
#1735 = DIRECTION('',(0.,-1.,0.));
#1736 = ORIENTED_EDGE('',*,*,#1737,.F.);
#1737 = EDGE_CURVE('',#1738,#1729,#1740,.T.);
#1738 = VERTEX_POINT('',#1739);
#1739 = CARTESIAN_POINT('',(4.696257429487,28.214883576191,2.));
#1740 = CIRCLE('',#1741,3.25);
#1741 = AXIS2_PLACEMENT_3D('',#1742,#1743,#1744);
#1742 = CARTESIAN_POINT('',(7.85,29.,2.));
#1743 = DIRECTION('',(0.,0.,-1.));
#1744 = DIRECTION('',(1.,0.,0.));
#1745 = ORIENTED_EDGE('',*,*,#1746,.F.);
#1746 = EDGE_CURVE('',#1747,#1738,#1749,.T.);
#1747 = VERTEX_POINT('',#1748);
#1748 = CARTESIAN_POINT('',(4.415381620085,27.249029816259,2.));
#1749 = CIRCLE('',#1750,1.);
#1750 = AXIS2_PLACEMENT_3D('',#1751,#1752,#1753);
#1751 = CARTESIAN_POINT('',(3.725875100098,27.973309291942,2.));
#1752 = DIRECTION('',(-0.,0.,1.));
#1753 = DIRECTION('',(0.,-1.,0.));
#1754 = ORIENTED_EDGE('',*,*,#1755,.F.);
#1755 = EDGE_CURVE('',#1756,#1747,#1758,.T.);
#1756 = VERTEX_POINT('',#1757);
#1757 = CARTESIAN_POINT('',(0.689506519987,23.702035513059,2.));
#1758 = LINE('',#1759,#1760);
#1759 = CARTESIAN_POINT('',(-4.16292283217,19.082573291063,2.));
#1760 = VECTOR('',#1761,1.);
#1761 = DIRECTION('',(0.724279475683,0.689506519987,0.));
#1762 = ORIENTED_EDGE('',*,*,#1763,.F.);
#1763 = EDGE_CURVE('',#1764,#1756,#1766,.T.);
#1764 = VERTEX_POINT('',#1765);
#1765 = CARTESIAN_POINT('',(-0.689506519987,23.702035513059,2.));
#1766 = CIRCLE('',#1767,1.);
#1767 = AXIS2_PLACEMENT_3D('',#1768,#1769,#1770);
#1768 = CARTESIAN_POINT('',(0.,24.426314988742,2.));
#1769 = DIRECTION('',(-0.,0.,1.));
#1770 = DIRECTION('',(0.,-1.,0.));
#1771 = ORIENTED_EDGE('',*,*,#1772,.T.);
#1772 = EDGE_CURVE('',#1764,#1773,#1775,.T.);
#1773 = VERTEX_POINT('',#1774);
#1774 = CARTESIAN_POINT('',(-4.415381620085,27.249029816259,2.));
#1775 = LINE('',#1776,#1777);
#1776 = CARTESIAN_POINT('',(4.16292283217,19.082573291063,2.));
#1777 = VECTOR('',#1778,1.);
#1778 = DIRECTION('',(-0.724279475683,0.689506519987,0.));
#1779 = ORIENTED_EDGE('',*,*,#1780,.F.);
#1780 = EDGE_CURVE('',#1703,#1773,#1781,.T.);
#1781 = CIRCLE('',#1782,1.);
#1782 = AXIS2_PLACEMENT_3D('',#1783,#1784,#1785);
#1783 = CARTESIAN_POINT('',(-3.725875100098,27.973309291942,2.));
#1784 = DIRECTION('',(-0.,0.,1.));
#1785 = DIRECTION('',(0.,-1.,0.));
#1786 = FACE_BOUND('',#1787,.T.);
#1787 = EDGE_LOOP('',(#1788,#1798,#1807,#1815,#1824,#1833,#1842,#1850));
#1788 = ORIENTED_EDGE('',*,*,#1789,.F.);
#1789 = EDGE_CURVE('',#1790,#1792,#1794,.T.);
#1790 = VERTEX_POINT('',#1791);
#1791 = CARTESIAN_POINT('',(2.316911473346,20.76524762495,2.));
#1792 = VERTEX_POINT('',#1793);
#1793 = CARTESIAN_POINT('',(7.110493480013,16.201807463168,2.));
#1794 = LINE('',#1795,#1796);
#1795 = CARTESIAN_POINT('',(10.982548934086,12.515650984946,2.));
#1796 = VECTOR('',#1797,1.);
#1797 = DIRECTION('',(0.724279475683,-0.689506519987,0.));
#1798 = ORIENTED_EDGE('',*,*,#1799,.F.);
#1799 = EDGE_CURVE('',#1800,#1790,#1802,.T.);
#1800 = VERTEX_POINT('',#1801);
#1801 = CARTESIAN_POINT('',(2.316911473346,22.213806576316,2.));
#1802 = CIRCLE('',#1803,1.);
#1803 = AXIS2_PLACEMENT_3D('',#1804,#1805,#1806);
#1804 = CARTESIAN_POINT('',(3.006417993332,21.489527100633,2.));
#1805 = DIRECTION('',(-0.,0.,1.));
#1806 = DIRECTION('',(0.,-1.,0.));
#1807 = ORIENTED_EDGE('',*,*,#1808,.F.);
#1808 = EDGE_CURVE('',#1809,#1800,#1811,.T.);
#1809 = VERTEX_POINT('',#1810);
#1810 = CARTESIAN_POINT('',(5.932295964055,25.655614969756,2.));
#1811 = LINE('',#1812,#1813);
#1812 = CARTESIAN_POINT('',(-5.06469380113,15.186595208885,2.));
#1813 = VECTOR('',#1814,1.);
#1814 = DIRECTION('',(-0.724279475683,-0.689506519987,0.));
#1815 = ORIENTED_EDGE('',*,*,#1816,.F.);
#1816 = EDGE_CURVE('',#1817,#1809,#1819,.T.);
#1817 = VERTEX_POINT('',#1818);
#1818 = CARTESIAN_POINT('',(6.910790134856,25.888668318997,2.));
#1819 = CIRCLE('',#1820,1.);
#1820 = AXIS2_PLACEMENT_3D('',#1821,#1822,#1823);
#1821 = CARTESIAN_POINT('',(6.621802484042,24.931335494072,2.));
#1822 = DIRECTION('',(-0.,0.,1.));
#1823 = DIRECTION('',(0.,-1.,0.));
#1824 = ORIENTED_EDGE('',*,*,#1825,.F.);
#1825 = EDGE_CURVE('',#1826,#1817,#1828,.T.);
#1826 = VERTEX_POINT('',#1827);
#1827 = CARTESIAN_POINT('',(7.811764705882,25.750224921278,2.));
#1828 = CIRCLE('',#1829,3.25);
#1829 = AXIS2_PLACEMENT_3D('',#1830,#1831,#1832);
#1830 = CARTESIAN_POINT('',(7.85,29.,2.));
#1831 = DIRECTION('',(0.,0.,-1.));
#1832 = DIRECTION('',(1.,0.,0.));
#1833 = ORIENTED_EDGE('',*,*,#1834,.F.);
#1834 = EDGE_CURVE('',#1835,#1826,#1837,.T.);
#1835 = VERTEX_POINT('',#1836);
#1836 = CARTESIAN_POINT('',(8.8,24.750294127825,2.));
#1837 = CIRCLE('',#1838,1.);
#1838 = AXIS2_PLACEMENT_3D('',#1839,#1840,#1841);
#1839 = CARTESIAN_POINT('',(7.8,24.750294127825,2.));
#1840 = DIRECTION('',(-0.,0.,1.));
#1841 = DIRECTION('',(0.,-1.,0.));
#1842 = ORIENTED_EDGE('',*,*,#1843,.T.);
#1843 = EDGE_CURVE('',#1835,#1844,#1846,.T.);
#1844 = VERTEX_POINT('',#1845);
#1845 = CARTESIAN_POINT('',(8.8,16.926086938851,2.));
#1846 = LINE('',#1847,#1848);
#1847 = CARTESIAN_POINT('',(8.8,5.601133206735,2.));
#1848 = VECTOR('',#1849,1.);
#1849 = DIRECTION('',(0.,-1.,0.));
#1850 = ORIENTED_EDGE('',*,*,#1851,.T.);
#1851 = EDGE_CURVE('',#1844,#1792,#1852,.T.);
#1852 = CIRCLE('',#1853,1.);
#1853 = AXIS2_PLACEMENT_3D('',#1854,#1855,#1856);
#1854 = CARTESIAN_POINT('',(7.8,16.926086938851,2.));
#1855 = DIRECTION('',(-0.,-0.,-1.));
#1856 = DIRECTION('',(0.,-1.,0.));
#1857 = FACE_BOUND('',#1858,.T.);
#1858 = EDGE_LOOP('',(#1859));
#1859 = ORIENTED_EDGE('',*,*,#1860,.F.);
#1860 = EDGE_CURVE('',#1861,#1861,#1863,.T.);
#1861 = VERTEX_POINT('',#1862);
#1862 = CARTESIAN_POINT('',(-5.65,29.,2.));
#1863 = CIRCLE('',#1864,2.2);
#1864 = AXIS2_PLACEMENT_3D('',#1865,#1866,#1867);
#1865 = CARTESIAN_POINT('',(-7.85,29.,2.));
#1866 = DIRECTION('',(0.,0.,1.));
#1867 = DIRECTION('',(1.,0.,-0.));
#1868 = FACE_BOUND('',#1869,.T.);
#1869 = EDGE_LOOP('',(#1870));
#1870 = ORIENTED_EDGE('',*,*,#1871,.F.);
#1871 = EDGE_CURVE('',#1872,#1872,#1874,.T.);
#1872 = VERTEX_POINT('',#1873);
#1873 = CARTESIAN_POINT('',(8.4,-39.,2.));
#1874 = CIRCLE('',#1875,2.2);
#1875 = AXIS2_PLACEMENT_3D('',#1876,#1877,#1878);
#1876 = CARTESIAN_POINT('',(6.2,-39.,2.));
#1877 = DIRECTION('',(0.,0.,1.));
#1878 = DIRECTION('',(1.,0.,-0.));
#1879 = FACE_BOUND('',#1880,.T.);
#1880 = EDGE_LOOP('',(#1881));
#1881 = ORIENTED_EDGE('',*,*,#64,.F.);
#1882 = PLANE('',#1883);
#1883 = AXIS2_PLACEMENT_3D('',#1884,#1885,#1886);
#1884 = CARTESIAN_POINT('',(1.8E-16,-3.391148433033,2.));
#1885 = DIRECTION('',(0.,0.,1.));
#1886 = DIRECTION('',(1.,0.,0.));
#1887 = ADVANCED_FACE('',(#1888),#1904,.T.);
#1888 = FACE_BOUND('',#1889,.T.);
#1889 = EDGE_LOOP('',(#1890,#1891,#1897,#1898));
#1890 = ORIENTED_EDGE('',*,*,#79,.F.);
#1891 = ORIENTED_EDGE('',*,*,#1892,.T.);
#1892 = EDGE_CURVE('',#80,#1033,#1893,.T.);
#1893 = LINE('',#1894,#1895);
#1894 = CARTESIAN_POINT('',(-5.682778083174,-34.805118859,0.));
#1895 = VECTOR('',#1896,1.);
#1896 = DIRECTION('',(0.,0.,1.));
#1897 = ORIENTED_EDGE('',*,*,#1032,.F.);
#1898 = ORIENTED_EDGE('',*,*,#1899,.F.);
#1899 = EDGE_CURVE('',#82,#1024,#1900,.T.);
#1900 = LINE('',#1901,#1902);
#1901 = CARTESIAN_POINT('',(-1.808329115463,-28.94933657808,0.));
#1902 = VECTOR('',#1903,1.);
#1903 = DIRECTION('',(0.,0.,1.));
#1904 = PLANE('',#1905);
#1905 = AXIS2_PLACEMENT_3D('',#1906,#1907,#1908);
#1906 = CARTESIAN_POINT('',(-7.315001703864,-37.27203640939,0.));
#1907 = DIRECTION('',(-0.833978154044,0.551797461555,0.));
#1908 = DIRECTION('',(0.551797461555,0.833978154044,0.));
#1909 = ADVANCED_FACE('',(#1910),#1921,.F.);
#1910 = FACE_BOUND('',#1911,.T.);
#1911 = EDGE_LOOP('',(#1912,#1913,#1919,#1920));
#1912 = ORIENTED_EDGE('',*,*,#89,.T.);
#1913 = ORIENTED_EDGE('',*,*,#1914,.T.);
#1914 = EDGE_CURVE('',#90,#999,#1915,.T.);
#1915 = LINE('',#1916,#1917);
#1916 = CARTESIAN_POINT('',(-7.514479802876,-34.3207579345,0.));
#1917 = VECTOR('',#1918,1.);
#1918 = DIRECTION('',(0.,0.,1.));
#1919 = ORIENTED_EDGE('',*,*,#1040,.F.);
#1920 = ORIENTED_EDGE('',*,*,#1892,.F.);
#1921 = CYLINDRICAL_SURFACE('',#1922,1.);
#1922 = AXIS2_PLACEMENT_3D('',#1923,#1924,#1925);
#1923 = CARTESIAN_POINT('',(-6.516756237218,-34.25332139745,0.));
#1924 = DIRECTION('',(0.,0.,1.));
#1925 = DIRECTION('',(0.833978154044,-0.551797461555,0.));
#1926 = ADVANCED_FACE('',(#1927),#1938,.F.);
#1927 = FACE_BOUND('',#1928,.F.);
#1928 = EDGE_LOOP('',(#1929,#1930,#1936,#1937));
#1929 = ORIENTED_EDGE('',*,*,#123,.T.);
#1930 = ORIENTED_EDGE('',*,*,#1931,.T.);
#1931 = EDGE_CURVE('',#116,#1016,#1932,.T.);
#1932 = LINE('',#1933,#1934);
#1933 = CARTESIAN_POINT('',(-1.808329115463,-27.84574165497,0.));
#1934 = VECTOR('',#1935,1.);
#1935 = DIRECTION('',(0.,0.,1.));
#1936 = ORIENTED_EDGE('',*,*,#1023,.F.);
#1937 = ORIENTED_EDGE('',*,*,#1899,.F.);
#1938 = CYLINDRICAL_SURFACE('',#1939,1.);
#1939 = AXIS2_PLACEMENT_3D('',#1940,#1941,#1942);
#1940 = CARTESIAN_POINT('',(-2.642307269507,-28.39753911653,0.));
#1941 = DIRECTION('',(0.,0.,1.));
#1942 = DIRECTION('',(0.833978154044,-0.551797461555,0.));
#1943 = ADVANCED_FACE('',(#1944),#1955,.F.);
#1944 = FACE_BOUND('',#1945,.F.);
#1945 = EDGE_LOOP('',(#1946,#1947,#1948,#1949));
#1946 = ORIENTED_EDGE('',*,*,#98,.F.);
#1947 = ORIENTED_EDGE('',*,*,#1914,.T.);
#1948 = ORIENTED_EDGE('',*,*,#996,.F.);
#1949 = ORIENTED_EDGE('',*,*,#1950,.F.);
#1950 = EDGE_CURVE('',#99,#997,#1951,.T.);
#1951 = LINE('',#1952,#1953);
#1952 = CARTESIAN_POINT('',(-8.396134695658,-21.2766737958,0.));
#1953 = VECTOR('',#1954,1.);
#1954 = DIRECTION('',(0.,0.,1.));
#1955 = PLANE('',#1956);
#1956 = AXIS2_PLACEMENT_3D('',#1957,#1958,#1959);
#1957 = CARTESIAN_POINT('',(-7.315001703864,-37.27203640939,0.));
#1958 = DIRECTION('',(-0.997723565659,-6.743653705027E-02,0.));
#1959 = DIRECTION('',(-6.743653705027E-02,0.997723565659,0.));
#1960 = ADVANCED_FACE('',(#1961),#1972,.T.);
#1961 = FACE_BOUND('',#1962,.T.);
#1962 = EDGE_LOOP('',(#1963,#1964,#1965,#1966));
#1963 = ORIENTED_EDGE('',*,*,#115,.F.);
#1964 = ORIENTED_EDGE('',*,*,#1931,.T.);
#1965 = ORIENTED_EDGE('',*,*,#1015,.F.);
#1966 = ORIENTED_EDGE('',*,*,#1967,.F.);
#1967 = EDGE_CURVE('',#107,#1007,#1968,.T.);
#1968 = LINE('',#1969,#1970);
#1969 = CARTESIAN_POINT('',(-6.564432975956,-20.65743979719,0.));
#1970 = VECTOR('',#1971,1.);
#1971 = DIRECTION('',(0.,0.,1.));
#1972 = PLANE('',#1973);
#1973 = AXIS2_PLACEMENT_3D('',#1974,#1975,#1976);
#1974 = CARTESIAN_POINT('',(-1.443235093393,-28.39753911653,0.));
#1975 = DIRECTION('',(-0.833978154044,-0.551797461555,0.));
#1976 = DIRECTION('',(-0.551797461555,0.833978154044,0.));
#1977 = ADVANCED_FACE('',(#1978),#1984,.F.);
#1978 = FACE_BOUND('',#1979,.F.);
#1979 = EDGE_LOOP('',(#1980,#1981,#1982,#1983));
#1980 = ORIENTED_EDGE('',*,*,#106,.T.);
#1981 = ORIENTED_EDGE('',*,*,#1950,.T.);
#1982 = ORIENTED_EDGE('',*,*,#1006,.F.);
#1983 = ORIENTED_EDGE('',*,*,#1967,.F.);
#1984 = CYLINDRICAL_SURFACE('',#1985,1.);
#1985 = AXIS2_PLACEMENT_3D('',#1986,#1987,#1988);
#1986 = CARTESIAN_POINT('',(-7.398411129999,-21.20923725875,0.));
#1987 = DIRECTION('',(0.,0.,1.));
#1988 = DIRECTION('',(0.833978154044,0.551797461555,0.));
#1989 = ADVANCED_FACE('',(#1990),#2006,.F.);
#1990 = FACE_BOUND('',#1991,.F.);
#1991 = EDGE_LOOP('',(#1992,#1993,#1999,#2000));
#1992 = ORIENTED_EDGE('',*,*,#132,.F.);
#1993 = ORIENTED_EDGE('',*,*,#1994,.T.);
#1994 = EDGE_CURVE('',#133,#1050,#1995,.T.);
#1995 = LINE('',#1996,#1997);
#1996 = CARTESIAN_POINT('',(-11.,-12.41,0.));
#1997 = VECTOR('',#1998,1.);
#1998 = DIRECTION('',(0.,0.,1.));
#1999 = ORIENTED_EDGE('',*,*,#1049,.T.);
#2000 = ORIENTED_EDGE('',*,*,#2001,.F.);
#2001 = EDGE_CURVE('',#135,#1052,#2002,.T.);
#2002 = LINE('',#2003,#2004);
#2003 = CARTESIAN_POINT('',(-9.126064679006,-40.1348730741,0.));
#2004 = VECTOR('',#2005,1.);
#2005 = DIRECTION('',(0.,0.,1.));
#2006 = PLANE('',#2007);
#2007 = AXIS2_PLACEMENT_3D('',#2008,#2009,#2010);
#2008 = CARTESIAN_POINT('',(-11.,-12.41,0.));
#2009 = DIRECTION('',(0.997723565659,6.743653705027E-02,0.));
#2010 = DIRECTION('',(6.743653705027E-02,-0.997723565659,0.));
#2011 = ADVANCED_FACE('',(#2012),#2023,.T.);
#2012 = FACE_BOUND('',#2013,.T.);
#2013 = EDGE_LOOP('',(#2014,#2015,#2021,#2022));
#2014 = ORIENTED_EDGE('',*,*,#142,.T.);
#2015 = ORIENTED_EDGE('',*,*,#2016,.T.);
#2016 = EDGE_CURVE('',#143,#1060,#2017,.T.);
#2017 = LINE('',#2018,#2019);
#2018 = CARTESIAN_POINT('',(-7.130617547689,-42.,0.));
#2019 = VECTOR('',#2020,1.);
#2020 = DIRECTION('',(0.,0.,1.));
#2021 = ORIENTED_EDGE('',*,*,#1059,.F.);
#2022 = ORIENTED_EDGE('',*,*,#2001,.F.);
#2023 = CYLINDRICAL_SURFACE('',#2024,2.);
#2024 = AXIS2_PLACEMENT_3D('',#2025,#2026,#2027);
#2025 = CARTESIAN_POINT('',(-7.130617547689,-40.,0.));
#2026 = DIRECTION('',(0.,0.,1.));
#2027 = DIRECTION('',(-0.997723565659,-6.743653705027E-02,0.));
#2028 = ADVANCED_FACE('',(#2029),#2040,.T.);
#2029 = FACE_BOUND('',#2030,.T.);
#2030 = EDGE_LOOP('',(#2031,#2032,#2033,#2034));
#2031 = ORIENTED_EDGE('',*,*,#210,.F.);
#2032 = ORIENTED_EDGE('',*,*,#1994,.T.);
#2033 = ORIENTED_EDGE('',*,*,#1127,.T.);
#2034 = ORIENTED_EDGE('',*,*,#2035,.F.);
#2035 = EDGE_CURVE('',#202,#1119,#2036,.T.);
#2036 = LINE('',#2037,#2038);
#2037 = CARTESIAN_POINT('',(-11.,30.,0.));
#2038 = VECTOR('',#2039,1.);
#2039 = DIRECTION('',(0.,0.,1.));
#2040 = PLANE('',#2041);
#2041 = AXIS2_PLACEMENT_3D('',#2042,#2043,#2044);
#2042 = CARTESIAN_POINT('',(-11.,9.795,1.));
#2043 = DIRECTION('',(-1.,-0.,-0.));
#2044 = DIRECTION('',(0.,0.,-1.));
#2045 = ADVANCED_FACE('',(#2046),#2057,.F.);
#2046 = FACE_BOUND('',#2047,.F.);
#2047 = EDGE_LOOP('',(#2048,#2049,#2050,#2051));
#2048 = ORIENTED_EDGE('',*,*,#151,.F.);
#2049 = ORIENTED_EDGE('',*,*,#2016,.T.);
#2050 = ORIENTED_EDGE('',*,*,#1068,.T.);
#2051 = ORIENTED_EDGE('',*,*,#2052,.F.);
#2052 = EDGE_CURVE('',#152,#1069,#2053,.T.);
#2053 = LINE('',#2054,#2055);
#2054 = CARTESIAN_POINT('',(7.130617547689,-42.,0.));
#2055 = VECTOR('',#2056,1.);
#2056 = DIRECTION('',(0.,0.,1.));
#2057 = PLANE('',#2058);
#2058 = AXIS2_PLACEMENT_3D('',#2059,#2060,#2061);
#2059 = CARTESIAN_POINT('',(-9.,-42.,0.));
#2060 = DIRECTION('',(0.,1.,0.));
#2061 = DIRECTION('',(1.,0.,0.));
#2062 = ADVANCED_FACE('',(#2063),#2074,.T.);
#2063 = FACE_BOUND('',#2064,.T.);
#2064 = EDGE_LOOP('',(#2065,#2066,#2067,#2068));
#2065 = ORIENTED_EDGE('',*,*,#201,.T.);
#2066 = ORIENTED_EDGE('',*,*,#2035,.T.);
#2067 = ORIENTED_EDGE('',*,*,#1118,.F.);
#2068 = ORIENTED_EDGE('',*,*,#2069,.F.);
#2069 = EDGE_CURVE('',#194,#1111,#2070,.T.);
#2070 = LINE('',#2071,#2072);
#2071 = CARTESIAN_POINT('',(-9.,32.,0.));
#2072 = VECTOR('',#2073,1.);
#2073 = DIRECTION('',(0.,0.,1.));
#2074 = CYLINDRICAL_SURFACE('',#2075,2.);
#2075 = AXIS2_PLACEMENT_3D('',#2076,#2077,#2078);
#2076 = CARTESIAN_POINT('',(-9.,30.,0.));
#2077 = DIRECTION('',(0.,0.,1.));
#2078 = DIRECTION('',(0.,1.,0.));
#2079 = ADVANCED_FACE('',(#2080),#2091,.T.);
#2080 = FACE_BOUND('',#2081,.T.);
#2081 = EDGE_LOOP('',(#2082,#2083,#2089,#2090));
#2082 = ORIENTED_EDGE('',*,*,#159,.T.);
#2083 = ORIENTED_EDGE('',*,*,#2084,.T.);
#2084 = EDGE_CURVE('',#160,#1077,#2085,.T.);
#2085 = LINE('',#2086,#2087);
#2086 = CARTESIAN_POINT('',(9.126064679006,-40.1348730741,0.));
#2087 = VECTOR('',#2088,1.);
#2088 = DIRECTION('',(0.,0.,1.));
#2089 = ORIENTED_EDGE('',*,*,#1076,.F.);
#2090 = ORIENTED_EDGE('',*,*,#2052,.F.);
#2091 = CYLINDRICAL_SURFACE('',#2092,2.);
#2092 = AXIS2_PLACEMENT_3D('',#2093,#2094,#2095);
#2093 = CARTESIAN_POINT('',(7.130617547689,-40.,0.));
#2094 = DIRECTION('',(0.,0.,1.));
#2095 = DIRECTION('',(0.,-1.,0.));
#2096 = ADVANCED_FACE('',(#2097),#2108,.F.);
#2097 = FACE_BOUND('',#2098,.F.);
#2098 = EDGE_LOOP('',(#2099,#2100,#2106,#2107));
#2099 = ORIENTED_EDGE('',*,*,#193,.F.);
#2100 = ORIENTED_EDGE('',*,*,#2101,.T.);
#2101 = EDGE_CURVE('',#185,#1102,#2102,.T.);
#2102 = LINE('',#2103,#2104);
#2103 = CARTESIAN_POINT('',(9.,32.,0.));
#2104 = VECTOR('',#2105,1.);
#2105 = DIRECTION('',(0.,0.,1.));
#2106 = ORIENTED_EDGE('',*,*,#1110,.T.);
#2107 = ORIENTED_EDGE('',*,*,#2069,.F.);
#2108 = PLANE('',#2109);
#2109 = AXIS2_PLACEMENT_3D('',#2110,#2111,#2112);
#2110 = CARTESIAN_POINT('',(11.,32.,0.));
#2111 = DIRECTION('',(0.,-1.,0.));
#2112 = DIRECTION('',(-1.,0.,0.));
#2113 = ADVANCED_FACE('',(#2114),#2125,.F.);
#2114 = FACE_BOUND('',#2115,.F.);
#2115 = EDGE_LOOP('',(#2116,#2117,#2118,#2119));
#2116 = ORIENTED_EDGE('',*,*,#168,.F.);
#2117 = ORIENTED_EDGE('',*,*,#2084,.T.);
#2118 = ORIENTED_EDGE('',*,*,#1085,.T.);
#2119 = ORIENTED_EDGE('',*,*,#2120,.F.);
#2120 = EDGE_CURVE('',#169,#1086,#2121,.T.);
#2121 = LINE('',#2122,#2123);
#2122 = CARTESIAN_POINT('',(11.,-12.41,0.));
#2123 = VECTOR('',#2124,1.);
#2124 = DIRECTION('',(0.,0.,1.));
#2125 = PLANE('',#2126);
#2126 = AXIS2_PLACEMENT_3D('',#2127,#2128,#2129);
#2127 = CARTESIAN_POINT('',(9.,-42.,0.));
#2128 = DIRECTION('',(-0.997723565659,6.743653705027E-02,0.));
#2129 = DIRECTION('',(6.743653705027E-02,0.997723565659,0.));
#2130 = ADVANCED_FACE('',(#2131),#2142,.T.);
#2131 = FACE_BOUND('',#2132,.F.);
#2132 = EDGE_LOOP('',(#2133,#2134,#2140,#2141));
#2133 = ORIENTED_EDGE('',*,*,#184,.T.);
#2134 = ORIENTED_EDGE('',*,*,#2135,.T.);
#2135 = EDGE_CURVE('',#177,#1094,#2136,.T.);
#2136 = LINE('',#2137,#2138);
#2137 = CARTESIAN_POINT('',(11.,30.,0.));
#2138 = VECTOR('',#2139,1.);
#2139 = DIRECTION('',(0.,0.,1.));
#2140 = ORIENTED_EDGE('',*,*,#1101,.F.);
#2141 = ORIENTED_EDGE('',*,*,#2101,.F.);
#2142 = CYLINDRICAL_SURFACE('',#2143,2.);
#2143 = AXIS2_PLACEMENT_3D('',#2144,#2145,#2146);
#2144 = CARTESIAN_POINT('',(9.,30.,0.));
#2145 = DIRECTION('',(0.,0.,1.));
#2146 = DIRECTION('',(0.,1.,0.));
#2147 = ADVANCED_FACE('',(#2148),#2154,.T.);
#2148 = FACE_BOUND('',#2149,.T.);
#2149 = EDGE_LOOP('',(#2150,#2151,#2152,#2153));
#2150 = ORIENTED_EDGE('',*,*,#176,.F.);
#2151 = ORIENTED_EDGE('',*,*,#2135,.T.);
#2152 = ORIENTED_EDGE('',*,*,#1093,.F.);
#2153 = ORIENTED_EDGE('',*,*,#2120,.F.);
#2154 = PLANE('',#2155);
#2155 = AXIS2_PLACEMENT_3D('',#2156,#2157,#2158);
#2156 = CARTESIAN_POINT('',(11.,9.795,1.));
#2157 = DIRECTION('',(1.,0.,0.));
#2158 = DIRECTION('',(0.,0.,1.));
#2159 = ADVANCED_FACE('',(#2160),#2179,.F.);
#2160 = FACE_BOUND('',#2161,.T.);
#2161 = EDGE_LOOP('',(#2162,#2170,#2177,#2178));
#2162 = ORIENTED_EDGE('',*,*,#2163,.T.);
#2163 = EDGE_CURVE('',#222,#2164,#2166,.T.);
#2164 = VERTEX_POINT('',#2165);
#2165 = CARTESIAN_POINT('',(7.25,-39.,0.85));
#2166 = LINE('',#2167,#2168);
#2167 = CARTESIAN_POINT('',(7.25,-39.,0.));
#2168 = VECTOR('',#2169,1.);
#2169 = DIRECTION('',(0.,0.,1.));
#2170 = ORIENTED_EDGE('',*,*,#2171,.T.);
#2171 = EDGE_CURVE('',#2164,#2164,#2172,.T.);
#2172 = CIRCLE('',#2173,1.05);
#2173 = AXIS2_PLACEMENT_3D('',#2174,#2175,#2176);
#2174 = CARTESIAN_POINT('',(6.2,-39.,0.85));
#2175 = DIRECTION('',(0.,0.,1.));
#2176 = DIRECTION('',(1.,0.,-0.));
#2177 = ORIENTED_EDGE('',*,*,#2163,.F.);
#2178 = ORIENTED_EDGE('',*,*,#221,.F.);
#2179 = CYLINDRICAL_SURFACE('',#2180,1.05);
#2180 = AXIS2_PLACEMENT_3D('',#2181,#2182,#2183);
#2181 = CARTESIAN_POINT('',(6.2,-39.,0.));
#2182 = DIRECTION('',(-0.,-0.,-1.));
#2183 = DIRECTION('',(1.,0.,0.));
#2184 = ADVANCED_FACE('',(#2185),#2201,.T.);
#2185 = FACE_BOUND('',#2186,.T.);
#2186 = EDGE_LOOP('',(#2187,#2188,#2194,#2195));
#2187 = ORIENTED_EDGE('',*,*,#232,.F.);
#2188 = ORIENTED_EDGE('',*,*,#2189,.T.);
#2189 = EDGE_CURVE('',#233,#1136,#2190,.T.);
#2190 = LINE('',#2191,#2192);
#2191 = CARTESIAN_POINT('',(-9.5,9.8,0.));
#2192 = VECTOR('',#2193,1.);
#2193 = DIRECTION('',(0.,0.,1.));
#2194 = ORIENTED_EDGE('',*,*,#1135,.T.);
#2195 = ORIENTED_EDGE('',*,*,#2196,.F.);
#2196 = EDGE_CURVE('',#235,#1138,#2197,.T.);
#2197 = LINE('',#2198,#2199);
#2198 = CARTESIAN_POINT('',(-9.5,-13.2,0.));
#2199 = VECTOR('',#2200,1.);
#2200 = DIRECTION('',(0.,0.,1.));
#2201 = PLANE('',#2202);
#2202 = AXIS2_PLACEMENT_3D('',#2203,#2204,#2205);
#2203 = CARTESIAN_POINT('',(-9.5,10.8,0.));
#2204 = DIRECTION('',(1.,0.,0.));
#2205 = DIRECTION('',(0.,-1.,0.));
#2206 = ADVANCED_FACE('',(#2207),#2218,.F.);
#2207 = FACE_BOUND('',#2208,.T.);
#2208 = EDGE_LOOP('',(#2209,#2210,#2216,#2217));
#2209 = ORIENTED_EDGE('',*,*,#242,.T.);
#2210 = ORIENTED_EDGE('',*,*,#2211,.T.);
#2211 = EDGE_CURVE('',#243,#1146,#2212,.T.);
#2212 = LINE('',#2213,#2214);
#2213 = CARTESIAN_POINT('',(-8.5,10.8,0.));
#2214 = VECTOR('',#2215,1.);
#2215 = DIRECTION('',(0.,0.,1.));
#2216 = ORIENTED_EDGE('',*,*,#1145,.F.);
#2217 = ORIENTED_EDGE('',*,*,#2189,.F.);
#2218 = CYLINDRICAL_SURFACE('',#2219,1.);
#2219 = AXIS2_PLACEMENT_3D('',#2220,#2221,#2222);
#2220 = CARTESIAN_POINT('',(-8.5,9.8,0.));
#2221 = DIRECTION('',(0.,0.,1.));
#2222 = DIRECTION('',(-1.,0.,0.));
#2223 = ADVANCED_FACE('',(#2224),#2235,.F.);
#2224 = FACE_BOUND('',#2225,.F.);
#2225 = EDGE_LOOP('',(#2226,#2227,#2233,#2234));
#2226 = ORIENTED_EDGE('',*,*,#293,.T.);
#2227 = ORIENTED_EDGE('',*,*,#2228,.T.);
#2228 = EDGE_CURVE('',#286,#1189,#2229,.T.);
#2229 = LINE('',#2230,#2231);
#2230 = CARTESIAN_POINT('',(-8.5,-14.2,0.));
#2231 = VECTOR('',#2232,1.);
#2232 = DIRECTION('',(0.,0.,1.));
#2233 = ORIENTED_EDGE('',*,*,#1196,.F.);
#2234 = ORIENTED_EDGE('',*,*,#2196,.F.);
#2235 = CYLINDRICAL_SURFACE('',#2236,1.);
#2236 = AXIS2_PLACEMENT_3D('',#2237,#2238,#2239);
#2237 = CARTESIAN_POINT('',(-8.5,-13.2,0.));
#2238 = DIRECTION('',(0.,0.,1.));
#2239 = DIRECTION('',(-1.,0.,0.));
#2240 = ADVANCED_FACE('',(#2241),#2252,.T.);
#2241 = FACE_BOUND('',#2242,.T.);
#2242 = EDGE_LOOP('',(#2243,#2244,#2250,#2251));
#2243 = ORIENTED_EDGE('',*,*,#251,.F.);
#2244 = ORIENTED_EDGE('',*,*,#2245,.T.);
#2245 = EDGE_CURVE('',#252,#1155,#2246,.T.);
#2246 = LINE('',#2247,#2248);
#2247 = CARTESIAN_POINT('',(-7.,10.8,0.));
#2248 = VECTOR('',#2249,1.);
#2249 = DIRECTION('',(0.,0.,1.));
#2250 = ORIENTED_EDGE('',*,*,#1154,.T.);
#2251 = ORIENTED_EDGE('',*,*,#2211,.F.);
#2252 = PLANE('',#2253);
#2253 = AXIS2_PLACEMENT_3D('',#2254,#2255,#2256);
#2254 = CARTESIAN_POINT('',(-6.,10.8,0.));
#2255 = DIRECTION('',(0.,-1.,0.));
#2256 = DIRECTION('',(-1.,0.,0.));
#2257 = ADVANCED_FACE('',(#2258),#2269,.T.);
#2258 = FACE_BOUND('',#2259,.T.);
#2259 = EDGE_LOOP('',(#2260,#2261,#2262,#2263));
#2260 = ORIENTED_EDGE('',*,*,#285,.F.);
#2261 = ORIENTED_EDGE('',*,*,#2228,.T.);
#2262 = ORIENTED_EDGE('',*,*,#1188,.T.);
#2263 = ORIENTED_EDGE('',*,*,#2264,.F.);
#2264 = EDGE_CURVE('',#277,#1180,#2265,.T.);
#2265 = LINE('',#2266,#2267);
#2266 = CARTESIAN_POINT('',(-7.,-14.2,0.));
#2267 = VECTOR('',#2268,1.);
#2268 = DIRECTION('',(0.,0.,1.));
#2269 = PLANE('',#2270);
#2270 = AXIS2_PLACEMENT_3D('',#2271,#2272,#2273);
#2271 = CARTESIAN_POINT('',(-9.5,-14.2,0.));
#2272 = DIRECTION('',(0.,1.,0.));
#2273 = DIRECTION('',(1.,0.,0.));
#2274 = ADVANCED_FACE('',(#2275),#2286,.F.);
#2275 = FACE_BOUND('',#2276,.F.);
#2276 = EDGE_LOOP('',(#2277,#2278,#2279,#2280));
#2277 = ORIENTED_EDGE('',*,*,#259,.T.);
#2278 = ORIENTED_EDGE('',*,*,#2245,.T.);
#2279 = ORIENTED_EDGE('',*,*,#1162,.F.);
#2280 = ORIENTED_EDGE('',*,*,#2281,.F.);
#2281 = EDGE_CURVE('',#260,#1163,#2282,.T.);
#2282 = LINE('',#2283,#2284);
#2283 = CARTESIAN_POINT('',(-6.,9.8,0.));
#2284 = VECTOR('',#2285,1.);
#2285 = DIRECTION('',(0.,0.,1.));
#2286 = CYLINDRICAL_SURFACE('',#2287,1.);
#2287 = AXIS2_PLACEMENT_3D('',#2288,#2289,#2290);
#2288 = CARTESIAN_POINT('',(-7.,9.8,0.));
#2289 = DIRECTION('',(0.,0.,1.));
#2290 = DIRECTION('',(1.,0.,0.));
#2291 = ADVANCED_FACE('',(#2292),#2303,.F.);
#2292 = FACE_BOUND('',#2293,.F.);
#2293 = EDGE_LOOP('',(#2294,#2295,#2301,#2302));
#2294 = ORIENTED_EDGE('',*,*,#276,.T.);
#2295 = ORIENTED_EDGE('',*,*,#2296,.T.);
#2296 = EDGE_CURVE('',#269,#1172,#2297,.T.);
#2297 = LINE('',#2298,#2299);
#2298 = CARTESIAN_POINT('',(-6.,-13.2,0.));
#2299 = VECTOR('',#2300,1.);
#2300 = DIRECTION('',(0.,0.,1.));
#2301 = ORIENTED_EDGE('',*,*,#1179,.F.);
#2302 = ORIENTED_EDGE('',*,*,#2264,.F.);
#2303 = CYLINDRICAL_SURFACE('',#2304,1.);
#2304 = AXIS2_PLACEMENT_3D('',#2305,#2306,#2307);
#2305 = CARTESIAN_POINT('',(-7.,-13.2,0.));
#2306 = DIRECTION('',(0.,0.,1.));
#2307 = DIRECTION('',(0.,-1.,0.));
#2308 = ADVANCED_FACE('',(#2309),#2315,.T.);
#2309 = FACE_BOUND('',#2310,.T.);
#2310 = EDGE_LOOP('',(#2311,#2312,#2313,#2314));
#2311 = ORIENTED_EDGE('',*,*,#268,.F.);
#2312 = ORIENTED_EDGE('',*,*,#2296,.T.);
#2313 = ORIENTED_EDGE('',*,*,#1171,.T.);
#2314 = ORIENTED_EDGE('',*,*,#2281,.F.);
#2315 = PLANE('',#2316);
#2316 = AXIS2_PLACEMENT_3D('',#2317,#2318,#2319);
#2317 = CARTESIAN_POINT('',(-6.,-14.2,0.));
#2318 = DIRECTION('',(-1.,0.,0.));
#2319 = DIRECTION('',(0.,1.,0.));
#2320 = ADVANCED_FACE('',(#2321),#2340,.F.);
#2321 = FACE_BOUND('',#2322,.T.);
#2322 = EDGE_LOOP('',(#2323,#2331,#2338,#2339));
#2323 = ORIENTED_EDGE('',*,*,#2324,.T.);
#2324 = EDGE_CURVE('',#303,#2325,#2327,.T.);
#2325 = VERTEX_POINT('',#2326);
#2326 = CARTESIAN_POINT('',(-6.8,29.,0.85));
#2327 = LINE('',#2328,#2329);
#2328 = CARTESIAN_POINT('',(-6.8,29.,0.));
#2329 = VECTOR('',#2330,1.);
#2330 = DIRECTION('',(0.,0.,1.));
#2331 = ORIENTED_EDGE('',*,*,#2332,.T.);
#2332 = EDGE_CURVE('',#2325,#2325,#2333,.T.);
#2333 = CIRCLE('',#2334,1.05);
#2334 = AXIS2_PLACEMENT_3D('',#2335,#2336,#2337);
#2335 = CARTESIAN_POINT('',(-7.85,29.,0.85));
#2336 = DIRECTION('',(0.,0.,1.));
#2337 = DIRECTION('',(1.,0.,-0.));
#2338 = ORIENTED_EDGE('',*,*,#2324,.F.);
#2339 = ORIENTED_EDGE('',*,*,#302,.F.);
#2340 = CYLINDRICAL_SURFACE('',#2341,1.05);
#2341 = AXIS2_PLACEMENT_3D('',#2342,#2343,#2344);
#2342 = CARTESIAN_POINT('',(-7.85,29.,0.));
#2343 = DIRECTION('',(-0.,-0.,-1.));
#2344 = DIRECTION('',(1.,0.,0.));
#2345 = ADVANCED_FACE('',(#2346),#2362,.T.);
#2346 = FACE_BOUND('',#2347,.T.);
#2347 = EDGE_LOOP('',(#2348,#2349,#2355,#2356));
#2348 = ORIENTED_EDGE('',*,*,#313,.F.);
#2349 = ORIENTED_EDGE('',*,*,#2350,.T.);
#2350 = EDGE_CURVE('',#314,#1206,#2351,.T.);
#2351 = LINE('',#2352,#2353);
#2352 = CARTESIAN_POINT('',(6.,9.8,0.));
#2353 = VECTOR('',#2354,1.);
#2354 = DIRECTION('',(0.,0.,1.));
#2355 = ORIENTED_EDGE('',*,*,#1205,.T.);
#2356 = ORIENTED_EDGE('',*,*,#2357,.F.);
#2357 = EDGE_CURVE('',#316,#1208,#2358,.T.);
#2358 = LINE('',#2359,#2360);
#2359 = CARTESIAN_POINT('',(6.,-13.2,0.));
#2360 = VECTOR('',#2361,1.);
#2361 = DIRECTION('',(0.,0.,1.));
#2362 = PLANE('',#2363);
#2363 = AXIS2_PLACEMENT_3D('',#2364,#2365,#2366);
#2364 = CARTESIAN_POINT('',(6.,10.8,0.));
#2365 = DIRECTION('',(1.,0.,0.));
#2366 = DIRECTION('',(0.,-1.,0.));
#2367 = ADVANCED_FACE('',(#2368),#2379,.F.);
#2368 = FACE_BOUND('',#2369,.T.);
#2369 = EDGE_LOOP('',(#2370,#2371,#2377,#2378));
#2370 = ORIENTED_EDGE('',*,*,#323,.T.);
#2371 = ORIENTED_EDGE('',*,*,#2372,.T.);
#2372 = EDGE_CURVE('',#324,#1216,#2373,.T.);
#2373 = LINE('',#2374,#2375);
#2374 = CARTESIAN_POINT('',(7.,10.8,0.));
#2375 = VECTOR('',#2376,1.);
#2376 = DIRECTION('',(0.,0.,1.));
#2377 = ORIENTED_EDGE('',*,*,#1215,.F.);
#2378 = ORIENTED_EDGE('',*,*,#2350,.F.);
#2379 = CYLINDRICAL_SURFACE('',#2380,1.);
#2380 = AXIS2_PLACEMENT_3D('',#2381,#2382,#2383);
#2381 = CARTESIAN_POINT('',(7.,9.8,0.));
#2382 = DIRECTION('',(0.,0.,1.));
#2383 = DIRECTION('',(-1.,0.,0.));
#2384 = ADVANCED_FACE('',(#2385),#2396,.F.);
#2385 = FACE_BOUND('',#2386,.F.);
#2386 = EDGE_LOOP('',(#2387,#2388,#2394,#2395));
#2387 = ORIENTED_EDGE('',*,*,#374,.T.);
#2388 = ORIENTED_EDGE('',*,*,#2389,.T.);
#2389 = EDGE_CURVE('',#367,#1259,#2390,.T.);
#2390 = LINE('',#2391,#2392);
#2391 = CARTESIAN_POINT('',(7.,-14.2,0.));
#2392 = VECTOR('',#2393,1.);
#2393 = DIRECTION('',(0.,0.,1.));
#2394 = ORIENTED_EDGE('',*,*,#1266,.F.);
#2395 = ORIENTED_EDGE('',*,*,#2357,.F.);
#2396 = CYLINDRICAL_SURFACE('',#2397,1.);
#2397 = AXIS2_PLACEMENT_3D('',#2398,#2399,#2400);
#2398 = CARTESIAN_POINT('',(7.,-13.2,0.));
#2399 = DIRECTION('',(0.,0.,1.));
#2400 = DIRECTION('',(-1.,0.,0.));
#2401 = ADVANCED_FACE('',(#2402),#2413,.T.);
#2402 = FACE_BOUND('',#2403,.T.);
#2403 = EDGE_LOOP('',(#2404,#2405,#2411,#2412));
#2404 = ORIENTED_EDGE('',*,*,#332,.F.);
#2405 = ORIENTED_EDGE('',*,*,#2406,.T.);
#2406 = EDGE_CURVE('',#333,#1225,#2407,.T.);
#2407 = LINE('',#2408,#2409);
#2408 = CARTESIAN_POINT('',(8.5,10.8,0.));
#2409 = VECTOR('',#2410,1.);
#2410 = DIRECTION('',(0.,0.,1.));
#2411 = ORIENTED_EDGE('',*,*,#1224,.T.);
#2412 = ORIENTED_EDGE('',*,*,#2372,.F.);
#2413 = PLANE('',#2414);
#2414 = AXIS2_PLACEMENT_3D('',#2415,#2416,#2417);
#2415 = CARTESIAN_POINT('',(9.5,10.8,0.));
#2416 = DIRECTION('',(0.,-1.,0.));
#2417 = DIRECTION('',(-1.,0.,0.));
#2418 = ADVANCED_FACE('',(#2419),#2430,.T.);
#2419 = FACE_BOUND('',#2420,.T.);
#2420 = EDGE_LOOP('',(#2421,#2422,#2423,#2424));
#2421 = ORIENTED_EDGE('',*,*,#366,.F.);
#2422 = ORIENTED_EDGE('',*,*,#2389,.T.);
#2423 = ORIENTED_EDGE('',*,*,#1258,.T.);
#2424 = ORIENTED_EDGE('',*,*,#2425,.F.);
#2425 = EDGE_CURVE('',#358,#1250,#2426,.T.);
#2426 = LINE('',#2427,#2428);
#2427 = CARTESIAN_POINT('',(8.5,-14.2,0.));
#2428 = VECTOR('',#2429,1.);
#2429 = DIRECTION('',(0.,0.,1.));
#2430 = PLANE('',#2431);
#2431 = AXIS2_PLACEMENT_3D('',#2432,#2433,#2434);
#2432 = CARTESIAN_POINT('',(6.,-14.2,0.));
#2433 = DIRECTION('',(0.,1.,0.));
#2434 = DIRECTION('',(1.,0.,0.));
#2435 = ADVANCED_FACE('',(#2436),#2447,.F.);
#2436 = FACE_BOUND('',#2437,.F.);
#2437 = EDGE_LOOP('',(#2438,#2439,#2440,#2441));
#2438 = ORIENTED_EDGE('',*,*,#340,.T.);
#2439 = ORIENTED_EDGE('',*,*,#2406,.T.);
#2440 = ORIENTED_EDGE('',*,*,#1232,.F.);
#2441 = ORIENTED_EDGE('',*,*,#2442,.F.);
#2442 = EDGE_CURVE('',#341,#1233,#2443,.T.);
#2443 = LINE('',#2444,#2445);
#2444 = CARTESIAN_POINT('',(9.5,9.8,0.));
#2445 = VECTOR('',#2446,1.);
#2446 = DIRECTION('',(0.,0.,1.));
#2447 = CYLINDRICAL_SURFACE('',#2448,1.);
#2448 = AXIS2_PLACEMENT_3D('',#2449,#2450,#2451);
#2449 = CARTESIAN_POINT('',(8.5,9.8,0.));
#2450 = DIRECTION('',(0.,0.,1.));
#2451 = DIRECTION('',(1.,0.,0.));
#2452 = ADVANCED_FACE('',(#2453),#2464,.F.);
#2453 = FACE_BOUND('',#2454,.F.);
#2454 = EDGE_LOOP('',(#2455,#2456,#2462,#2463));
#2455 = ORIENTED_EDGE('',*,*,#357,.T.);
#2456 = ORIENTED_EDGE('',*,*,#2457,.T.);
#2457 = EDGE_CURVE('',#350,#1242,#2458,.T.);
#2458 = LINE('',#2459,#2460);
#2459 = CARTESIAN_POINT('',(9.5,-13.2,0.));
#2460 = VECTOR('',#2461,1.);
#2461 = DIRECTION('',(0.,0.,1.));
#2462 = ORIENTED_EDGE('',*,*,#1249,.F.);
#2463 = ORIENTED_EDGE('',*,*,#2425,.F.);
#2464 = CYLINDRICAL_SURFACE('',#2465,1.);
#2465 = AXIS2_PLACEMENT_3D('',#2466,#2467,#2468);
#2466 = CARTESIAN_POINT('',(8.5,-13.2,0.));
#2467 = DIRECTION('',(0.,0.,1.));
#2468 = DIRECTION('',(0.,-1.,0.));
#2469 = ADVANCED_FACE('',(#2470),#2476,.T.);
#2470 = FACE_BOUND('',#2471,.T.);
#2471 = EDGE_LOOP('',(#2472,#2473,#2474,#2475));
#2472 = ORIENTED_EDGE('',*,*,#349,.F.);
#2473 = ORIENTED_EDGE('',*,*,#2457,.T.);
#2474 = ORIENTED_EDGE('',*,*,#1241,.T.);
#2475 = ORIENTED_EDGE('',*,*,#2442,.F.);
#2476 = PLANE('',#2477);
#2477 = AXIS2_PLACEMENT_3D('',#2478,#2479,#2480);
#2478 = CARTESIAN_POINT('',(9.5,-14.2,0.));
#2479 = DIRECTION('',(-1.,0.,0.));
#2480 = DIRECTION('',(0.,1.,0.));
#2481 = ADVANCED_FACE('',(#2482),#2501,.F.);
#2482 = FACE_BOUND('',#2483,.T.);
#2483 = EDGE_LOOP('',(#2484,#2492,#2499,#2500));
#2484 = ORIENTED_EDGE('',*,*,#2485,.T.);
#2485 = EDGE_CURVE('',#384,#2486,#2488,.T.);
#2486 = VERTEX_POINT('',#2487);
#2487 = CARTESIAN_POINT('',(8.9,29.,0.85));
#2488 = LINE('',#2489,#2490);
#2489 = CARTESIAN_POINT('',(8.9,29.,0.));
#2490 = VECTOR('',#2491,1.);
#2491 = DIRECTION('',(0.,0.,1.));
#2492 = ORIENTED_EDGE('',*,*,#2493,.T.);
#2493 = EDGE_CURVE('',#2486,#2486,#2494,.T.);
#2494 = CIRCLE('',#2495,1.05);
#2495 = AXIS2_PLACEMENT_3D('',#2496,#2497,#2498);
#2496 = CARTESIAN_POINT('',(7.85,29.,0.85));
#2497 = DIRECTION('',(0.,0.,1.));
#2498 = DIRECTION('',(1.,0.,-0.));
#2499 = ORIENTED_EDGE('',*,*,#2485,.F.);
#2500 = ORIENTED_EDGE('',*,*,#383,.F.);
#2501 = CYLINDRICAL_SURFACE('',#2502,1.05);
#2502 = AXIS2_PLACEMENT_3D('',#2503,#2504,#2505);
#2503 = CARTESIAN_POINT('',(7.85,29.,0.));
#2504 = DIRECTION('',(-0.,-0.,-1.));
#2505 = DIRECTION('',(1.,0.,0.));
#2506 = ADVANCED_FACE('',(#2507),#2523,.T.);
#2507 = FACE_BOUND('',#2508,.T.);
#2508 = EDGE_LOOP('',(#2509,#2510,#2516,#2517));
#2509 = ORIENTED_EDGE('',*,*,#394,.F.);
#2510 = ORIENTED_EDGE('',*,*,#2511,.T.);
#2511 = EDGE_CURVE('',#395,#1384,#2512,.T.);
#2512 = LINE('',#2513,#2514);
#2513 = CARTESIAN_POINT('',(-2.558577386701,-13.4,0.));
#2514 = VECTOR('',#2515,1.);
#2515 = DIRECTION('',(0.,0.,1.));
#2516 = ORIENTED_EDGE('',*,*,#1383,.F.);
#2517 = ORIENTED_EDGE('',*,*,#2518,.F.);
#2518 = EDGE_CURVE('',#397,#1375,#2519,.T.);
#2519 = LINE('',#2520,#2521);
#2520 = CARTESIAN_POINT('',(2.558577386701,-13.4,0.));
#2521 = VECTOR('',#2522,1.);
#2522 = DIRECTION('',(0.,0.,1.));
#2523 = PLANE('',#2524);
#2524 = AXIS2_PLACEMENT_3D('',#2525,#2526,#2527);
#2525 = CARTESIAN_POINT('',(-4.,-13.4,0.));
#2526 = DIRECTION('',(0.,1.,0.));
#2527 = DIRECTION('',(1.,0.,0.));
#2528 = ADVANCED_FACE('',(#2529),#2540,.F.);
#2529 = FACE_BOUND('',#2530,.T.);
#2530 = EDGE_LOOP('',(#2531,#2532,#2538,#2539));
#2531 = ORIENTED_EDGE('',*,*,#404,.T.);
#2532 = ORIENTED_EDGE('',*,*,#2533,.T.);
#2533 = EDGE_CURVE('',#405,#1392,#2534,.T.);
#2534 = LINE('',#2535,#2536);
#2535 = CARTESIAN_POINT('',(-3.495265830234,-12.04983609587,0.));
#2536 = VECTOR('',#2537,1.);
#2537 = DIRECTION('',(0.,0.,1.));
#2538 = ORIENTED_EDGE('',*,*,#1391,.F.);
#2539 = ORIENTED_EDGE('',*,*,#2511,.F.);
#2540 = CYLINDRICAL_SURFACE('',#2541,1.);
#2541 = AXIS2_PLACEMENT_3D('',#2542,#2543,#2544);
#2542 = CARTESIAN_POINT('',(-2.558577386701,-12.4,0.));
#2543 = DIRECTION('',(0.,0.,1.));
#2544 = DIRECTION('',(0.,-1.,0.));
#2545 = ADVANCED_FACE('',(#2546),#2557,.F.);
#2546 = FACE_BOUND('',#2547,.F.);
#2547 = EDGE_LOOP('',(#2548,#2549,#2555,#2556));
#2548 = ORIENTED_EDGE('',*,*,#438,.T.);
#2549 = ORIENTED_EDGE('',*,*,#2550,.T.);
#2550 = EDGE_CURVE('',#431,#1367,#2551,.T.);
#2551 = LINE('',#2552,#2553);
#2552 = CARTESIAN_POINT('',(3.495265830234,-12.04983609587,0.));
#2553 = VECTOR('',#2554,1.);
#2554 = DIRECTION('',(0.,0.,1.));
#2555 = ORIENTED_EDGE('',*,*,#1374,.F.);
#2556 = ORIENTED_EDGE('',*,*,#2518,.F.);
#2557 = CYLINDRICAL_SURFACE('',#2558,1.);
#2558 = AXIS2_PLACEMENT_3D('',#2559,#2560,#2561);
#2559 = CARTESIAN_POINT('',(2.558577386701,-12.4,0.));
#2560 = DIRECTION('',(0.,0.,1.));
#2561 = DIRECTION('',(0.,-1.,0.));
#2562 = ADVANCED_FACE('',(#2563),#2574,.F.);
#2563 = FACE_BOUND('',#2564,.F.);
#2564 = EDGE_LOOP('',(#2565,#2566,#2567,#2568));
#2565 = ORIENTED_EDGE('',*,*,#413,.F.);
#2566 = ORIENTED_EDGE('',*,*,#2533,.T.);
#2567 = ORIENTED_EDGE('',*,*,#1400,.F.);
#2568 = ORIENTED_EDGE('',*,*,#2569,.F.);
#2569 = EDGE_CURVE('',#414,#1401,#2570,.T.);
#2570 = LINE('',#2571,#2572);
#2571 = CARTESIAN_POINT('',(-0.936688443533,-5.205641586451,0.));
#2572 = VECTOR('',#2573,1.);
#2573 = DIRECTION('',(0.,0.,1.));
#2574 = PLANE('',#2575);
#2575 = AXIS2_PLACEMENT_3D('',#2576,#2577,#2578);
#2576 = CARTESIAN_POINT('',(-4.,-13.4,0.));
#2577 = DIRECTION('',(-0.936688443533,0.350163904124,0.));
#2578 = DIRECTION('',(0.350163904124,0.936688443533,0.));
#2579 = ADVANCED_FACE('',(#2580),#2591,.T.);
#2580 = FACE_BOUND('',#2581,.T.);
#2581 = EDGE_LOOP('',(#2582,#2583,#2584,#2585));
#2582 = ORIENTED_EDGE('',*,*,#430,.F.);
#2583 = ORIENTED_EDGE('',*,*,#2550,.T.);
#2584 = ORIENTED_EDGE('',*,*,#1364,.F.);
#2585 = ORIENTED_EDGE('',*,*,#2586,.F.);
#2586 = EDGE_CURVE('',#422,#1365,#2587,.T.);
#2587 = LINE('',#2588,#2589);
#2588 = CARTESIAN_POINT('',(0.936688443533,-5.205641586451,0.));
#2589 = VECTOR('',#2590,1.);
#2590 = DIRECTION('',(0.,0.,1.));
#2591 = PLANE('',#2592);
#2592 = AXIS2_PLACEMENT_3D('',#2593,#2594,#2595);
#2593 = CARTESIAN_POINT('',(4.,-13.4,0.));
#2594 = DIRECTION('',(-0.936688443533,-0.350163904124,0.));
#2595 = DIRECTION('',(-0.350163904124,0.936688443533,0.));
#2596 = ADVANCED_FACE('',(#2597),#2603,.F.);
#2597 = FACE_BOUND('',#2598,.F.);
#2598 = EDGE_LOOP('',(#2599,#2600,#2601,#2602));
#2599 = ORIENTED_EDGE('',*,*,#421,.T.);
#2600 = ORIENTED_EDGE('',*,*,#2569,.T.);
#2601 = ORIENTED_EDGE('',*,*,#1408,.F.);
#2602 = ORIENTED_EDGE('',*,*,#2586,.F.);
#2603 = CYLINDRICAL_SURFACE('',#2604,1.);
#2604 = AXIS2_PLACEMENT_3D('',#2605,#2606,#2607);
#2605 = CARTESIAN_POINT('',(-2.2E-16,-5.555805490575,0.));
#2606 = DIRECTION('',(0.,0.,1.));
#2607 = DIRECTION('',(0.936688443533,0.350163904124,0.));
#2608 = ADVANCED_FACE('',(#2609),#2625,.T.);
#2609 = FACE_BOUND('',#2610,.T.);
#2610 = EDGE_LOOP('',(#2611,#2612,#2618,#2619));
#2611 = ORIENTED_EDGE('',*,*,#447,.F.);
#2612 = ORIENTED_EDGE('',*,*,#2613,.T.);
#2613 = EDGE_CURVE('',#448,#1276,#2614,.T.);
#2614 = LINE('',#2615,#2616);
#2615 = CARTESIAN_POINT('',(-3.757535604153,-36.85596929242,0.));
#2616 = VECTOR('',#2617,1.);
#2617 = DIRECTION('',(0.,0.,1.));
#2618 = ORIENTED_EDGE('',*,*,#1275,.T.);
#2619 = ORIENTED_EDGE('',*,*,#2620,.F.);
#2620 = EDGE_CURVE('',#450,#1278,#2621,.T.);
#2621 = LINE('',#2622,#2623);
#2622 = CARTESIAN_POINT('',(-2.95,-39.,0.));
#2623 = VECTOR('',#2624,1.);
#2624 = DIRECTION('',(0.,0.,1.));
#2625 = CYLINDRICAL_SURFACE('',#2626,3.25);
#2626 = AXIS2_PLACEMENT_3D('',#2627,#2628,#2629);
#2627 = CARTESIAN_POINT('',(-6.2,-39.,0.));
#2628 = DIRECTION('',(0.,0.,-1.));
#2629 = DIRECTION('',(1.,0.,0.));
#2630 = ADVANCED_FACE('',(#2631),#2642,.F.);
#2631 = FACE_BOUND('',#2632,.T.);
#2632 = EDGE_LOOP('',(#2633,#2634,#2640,#2641));
#2633 = ORIENTED_EDGE('',*,*,#458,.T.);
#2634 = ORIENTED_EDGE('',*,*,#2635,.T.);
#2635 = EDGE_CURVE('',#459,#1287,#2636,.T.);
#2636 = LINE('',#2637,#2638);
#2637 = CARTESIAN_POINT('',(-3.839986251782,-35.64447007469,0.));
#2638 = VECTOR('',#2639,1.);
#2639 = DIRECTION('',(0.,0.,1.));
#2640 = ORIENTED_EDGE('',*,*,#1286,.F.);
#2641 = ORIENTED_EDGE('',*,*,#2613,.F.);
#2642 = CYLINDRICAL_SURFACE('',#2643,1.);
#2643 = AXIS2_PLACEMENT_3D('',#2644,#2645,#2646);
#2644 = CARTESIAN_POINT('',(-3.006008097738,-36.19626753625,0.));
#2645 = DIRECTION('',(0.,0.,1.));
#2646 = DIRECTION('',(-0.751527506415,-0.659701756177,0.));
#2647 = ADVANCED_FACE('',(#2648),#2659,.F.);
#2648 = FACE_BOUND('',#2649,.F.);
#2649 = EDGE_LOOP('',(#2650,#2651,#2657,#2658));
#2650 = ORIENTED_EDGE('',*,*,#527,.T.);
#2651 = ORIENTED_EDGE('',*,*,#2652,.T.);
#2652 = EDGE_CURVE('',#520,#1348,#2653,.T.);
#2653 = LINE('',#2654,#2655);
#2654 = CARTESIAN_POINT('',(-1.95,-40.,0.));
#2655 = VECTOR('',#2656,1.);
#2656 = DIRECTION('',(0.,0.,1.));
#2657 = ORIENTED_EDGE('',*,*,#1355,.F.);
#2658 = ORIENTED_EDGE('',*,*,#2620,.F.);
#2659 = CYLINDRICAL_SURFACE('',#2660,1.);
#2660 = AXIS2_PLACEMENT_3D('',#2661,#2662,#2663);
#2661 = CARTESIAN_POINT('',(-1.95,-39.,0.));
#2662 = DIRECTION('',(0.,0.,1.));
#2663 = DIRECTION('',(-1.,0.,0.));
#2664 = ADVANCED_FACE('',(#2665),#2676,.F.);
#2665 = FACE_BOUND('',#2666,.F.);
#2666 = EDGE_LOOP('',(#2667,#2668,#2669,#2670));
#2667 = ORIENTED_EDGE('',*,*,#467,.F.);
#2668 = ORIENTED_EDGE('',*,*,#2635,.T.);
#2669 = ORIENTED_EDGE('',*,*,#1295,.F.);
#2670 = ORIENTED_EDGE('',*,*,#2671,.F.);
#2671 = EDGE_CURVE('',#468,#1296,#2672,.T.);
#2672 = LINE('',#2673,#2674);
#2673 = CARTESIAN_POINT('',(-0.833978154044,-31.10123590082,0.));
#2674 = VECTOR('',#2675,1.);
#2675 = DIRECTION('',(0.,0.,1.));
#2676 = PLANE('',#2677);
#2677 = AXIS2_PLACEMENT_3D('',#2678,#2679,#2680);
#2678 = CARTESIAN_POINT('',(-4.310548927837,-36.35567122961,0.));
#2679 = DIRECTION('',(-0.833978154044,0.551797461555,0.));
#2680 = DIRECTION('',(0.551797461555,0.833978154044,0.));
#2681 = ADVANCED_FACE('',(#2682),#2693,.T.);
#2682 = FACE_BOUND('',#2683,.T.);
#2683 = EDGE_LOOP('',(#2684,#2685,#2686,#2687));
#2684 = ORIENTED_EDGE('',*,*,#519,.F.);
#2685 = ORIENTED_EDGE('',*,*,#2652,.T.);
#2686 = ORIENTED_EDGE('',*,*,#1347,.F.);
#2687 = ORIENTED_EDGE('',*,*,#2688,.F.);
#2688 = EDGE_CURVE('',#511,#1339,#2689,.T.);
#2689 = LINE('',#2690,#2691);
#2690 = CARTESIAN_POINT('',(1.95,-40.,0.));
#2691 = VECTOR('',#2692,1.);
#2692 = DIRECTION('',(0.,0.,1.));
#2693 = PLANE('',#2694);
#2694 = AXIS2_PLACEMENT_3D('',#2695,#2696,#2697);
#2695 = CARTESIAN_POINT('',(-3.107670780787,-40.,0.));
#2696 = DIRECTION('',(0.,1.,0.));
#2697 = DIRECTION('',(1.,0.,0.));
#2698 = ADVANCED_FACE('',(#2699),#2710,.F.);
#2699 = FACE_BOUND('',#2700,.F.);
#2700 = EDGE_LOOP('',(#2701,#2702,#2703,#2704));
#2701 = ORIENTED_EDGE('',*,*,#475,.T.);
#2702 = ORIENTED_EDGE('',*,*,#2671,.T.);
#2703 = ORIENTED_EDGE('',*,*,#1303,.F.);
#2704 = ORIENTED_EDGE('',*,*,#2705,.F.);
#2705 = EDGE_CURVE('',#476,#1304,#2706,.T.);
#2706 = LINE('',#2707,#2708);
#2707 = CARTESIAN_POINT('',(0.833978154044,-31.10123590082,0.));
#2708 = VECTOR('',#2709,1.);
#2709 = DIRECTION('',(0.,0.,1.));
#2710 = CYLINDRICAL_SURFACE('',#2711,1.);
#2711 = AXIS2_PLACEMENT_3D('',#2712,#2713,#2714);
#2712 = CARTESIAN_POINT('',(0.,-31.65303336237,0.));
#2713 = DIRECTION('',(0.,0.,1.));
#2714 = DIRECTION('',(0.833978154044,0.551797461555,0.));
#2715 = ADVANCED_FACE('',(#2716),#2727,.F.);
#2716 = FACE_BOUND('',#2717,.F.);
#2717 = EDGE_LOOP('',(#2718,#2719,#2725,#2726));
#2718 = ORIENTED_EDGE('',*,*,#510,.T.);
#2719 = ORIENTED_EDGE('',*,*,#2720,.T.);
#2720 = EDGE_CURVE('',#502,#1330,#2721,.T.);
#2721 = LINE('',#2722,#2723);
#2722 = CARTESIAN_POINT('',(2.95,-39.,0.));
#2723 = VECTOR('',#2724,1.);
#2724 = DIRECTION('',(0.,0.,1.));
#2725 = ORIENTED_EDGE('',*,*,#1338,.F.);
#2726 = ORIENTED_EDGE('',*,*,#2688,.F.);
#2727 = CYLINDRICAL_SURFACE('',#2728,1.);
#2728 = AXIS2_PLACEMENT_3D('',#2729,#2730,#2731);
#2729 = CARTESIAN_POINT('',(1.95,-39.,0.));
#2730 = DIRECTION('',(0.,0.,1.));
#2731 = DIRECTION('',(0.,-1.,0.));
#2732 = ADVANCED_FACE('',(#2733),#2744,.T.);
#2733 = FACE_BOUND('',#2734,.T.);
#2734 = EDGE_LOOP('',(#2735,#2736,#2742,#2743));
#2735 = ORIENTED_EDGE('',*,*,#484,.F.);
#2736 = ORIENTED_EDGE('',*,*,#2737,.T.);
#2737 = EDGE_CURVE('',#485,#1313,#2738,.T.);
#2738 = LINE('',#2739,#2740);
#2739 = CARTESIAN_POINT('',(3.839986251782,-35.64447007469,0.));
#2740 = VECTOR('',#2741,1.);
#2741 = DIRECTION('',(0.,0.,1.));
#2742 = ORIENTED_EDGE('',*,*,#1312,.F.);
#2743 = ORIENTED_EDGE('',*,*,#2705,.F.);
#2744 = PLANE('',#2745);
#2745 = AXIS2_PLACEMENT_3D('',#2746,#2747,#2748);
#2746 = CARTESIAN_POINT('',(4.310548927837,-36.35567122961,0.));
#2747 = DIRECTION('',(-0.833978154044,-0.551797461555,0.));
#2748 = DIRECTION('',(-0.551797461555,0.833978154044,0.));
#2749 = ADVANCED_FACE('',(#2750),#2761,.T.);
#2750 = FACE_BOUND('',#2751,.T.);
#2751 = EDGE_LOOP('',(#2752,#2753,#2754,#2755));
#2752 = ORIENTED_EDGE('',*,*,#501,.F.);
#2753 = ORIENTED_EDGE('',*,*,#2720,.T.);
#2754 = ORIENTED_EDGE('',*,*,#1329,.T.);
#2755 = ORIENTED_EDGE('',*,*,#2756,.F.);
#2756 = EDGE_CURVE('',#493,#1321,#2757,.T.);
#2757 = LINE('',#2758,#2759);
#2758 = CARTESIAN_POINT('',(3.757535604153,-36.85596929242,0.));
#2759 = VECTOR('',#2760,1.);
#2760 = DIRECTION('',(0.,0.,1.));
#2761 = CYLINDRICAL_SURFACE('',#2762,3.25);
#2762 = AXIS2_PLACEMENT_3D('',#2763,#2764,#2765);
#2763 = CARTESIAN_POINT('',(6.2,-39.,0.));
#2764 = DIRECTION('',(0.,0.,-1.));
#2765 = DIRECTION('',(1.,0.,0.));
#2766 = ADVANCED_FACE('',(#2767),#2773,.F.);
#2767 = FACE_BOUND('',#2768,.F.);
#2768 = EDGE_LOOP('',(#2769,#2770,#2771,#2772));
#2769 = ORIENTED_EDGE('',*,*,#492,.T.);
#2770 = ORIENTED_EDGE('',*,*,#2737,.T.);
#2771 = ORIENTED_EDGE('',*,*,#1320,.F.);
#2772 = ORIENTED_EDGE('',*,*,#2756,.F.);
#2773 = CYLINDRICAL_SURFACE('',#2774,1.);
#2774 = AXIS2_PLACEMENT_3D('',#2775,#2776,#2777);
#2775 = CARTESIAN_POINT('',(3.006008097738,-36.19626753625,0.));
#2776 = DIRECTION('',(0.,0.,1.));
#2777 = DIRECTION('',(0.751527506414,-0.659701756177,0.));
#2778 = ADVANCED_FACE('',(#2779),#2795,.T.);
#2779 = FACE_BOUND('',#2780,.T.);
#2780 = EDGE_LOOP('',(#2781,#2782,#2788,#2789));
#2781 = ORIENTED_EDGE('',*,*,#536,.F.);
#2782 = ORIENTED_EDGE('',*,*,#2783,.T.);
#2783 = EDGE_CURVE('',#537,#1437,#2784,.T.);
#2784 = LINE('',#2785,#2786);
#2785 = CARTESIAN_POINT('',(7.514479802876,-34.3207579345,0.));
#2786 = VECTOR('',#2787,1.);
#2787 = DIRECTION('',(0.,0.,1.));
#2788 = ORIENTED_EDGE('',*,*,#1436,.F.);
#2789 = ORIENTED_EDGE('',*,*,#2790,.F.);
#2790 = EDGE_CURVE('',#539,#1428,#2791,.T.);
#2791 = LINE('',#2792,#2793);
#2792 = CARTESIAN_POINT('',(8.396134695658,-21.2766737958,0.));
#2793 = VECTOR('',#2794,1.);
#2794 = DIRECTION('',(0.,0.,1.));
#2795 = PLANE('',#2796);
#2796 = AXIS2_PLACEMENT_3D('',#2797,#2798,#2799);
#2797 = CARTESIAN_POINT('',(7.315001703864,-37.27203640939,0.));
#2798 = DIRECTION('',(-0.997723565659,6.743653705027E-02,0.));
#2799 = DIRECTION('',(6.743653705027E-02,0.997723565659,0.));
#2800 = ADVANCED_FACE('',(#2801),#2812,.F.);
#2801 = FACE_BOUND('',#2802,.T.);
#2802 = EDGE_LOOP('',(#2803,#2804,#2810,#2811));
#2803 = ORIENTED_EDGE('',*,*,#546,.T.);
#2804 = ORIENTED_EDGE('',*,*,#2805,.T.);
#2805 = EDGE_CURVE('',#547,#1445,#2806,.T.);
#2806 = LINE('',#2807,#2808);
#2807 = CARTESIAN_POINT('',(5.682778083174,-34.805118859,0.));
#2808 = VECTOR('',#2809,1.);
#2809 = DIRECTION('',(0.,0.,1.));
#2810 = ORIENTED_EDGE('',*,*,#1444,.F.);
#2811 = ORIENTED_EDGE('',*,*,#2783,.F.);
#2812 = CYLINDRICAL_SURFACE('',#2813,1.);
#2813 = AXIS2_PLACEMENT_3D('',#2814,#2815,#2816);
#2814 = CARTESIAN_POINT('',(6.516756237218,-34.25332139745,0.));
#2815 = DIRECTION('',(0.,0.,1.));
#2816 = DIRECTION('',(0.997723565659,-6.743653705027E-02,0.));
#2817 = ADVANCED_FACE('',(#2818),#2829,.F.);
#2818 = FACE_BOUND('',#2819,.F.);
#2819 = EDGE_LOOP('',(#2820,#2821,#2827,#2828));
#2820 = ORIENTED_EDGE('',*,*,#580,.T.);
#2821 = ORIENTED_EDGE('',*,*,#2822,.T.);
#2822 = EDGE_CURVE('',#573,#1418,#2823,.T.);
#2823 = LINE('',#2824,#2825);
#2824 = CARTESIAN_POINT('',(6.564432975956,-20.65743979719,0.));
#2825 = VECTOR('',#2826,1.);
#2826 = DIRECTION('',(0.,0.,1.));
#2827 = ORIENTED_EDGE('',*,*,#1427,.F.);
#2828 = ORIENTED_EDGE('',*,*,#2790,.F.);
#2829 = CYLINDRICAL_SURFACE('',#2830,1.);
#2830 = AXIS2_PLACEMENT_3D('',#2831,#2832,#2833);
#2831 = CARTESIAN_POINT('',(7.398411129999,-21.20923725875,0.));
#2832 = DIRECTION('',(0.,0.,1.));
#2833 = DIRECTION('',(0.997723565659,-6.743653705027E-02,0.));
#2834 = ADVANCED_FACE('',(#2835),#2846,.F.);
#2835 = FACE_BOUND('',#2836,.F.);
#2836 = EDGE_LOOP('',(#2837,#2838,#2839,#2840));
#2837 = ORIENTED_EDGE('',*,*,#555,.F.);
#2838 = ORIENTED_EDGE('',*,*,#2805,.T.);
#2839 = ORIENTED_EDGE('',*,*,#1453,.F.);
#2840 = ORIENTED_EDGE('',*,*,#2841,.F.);
#2841 = EDGE_CURVE('',#556,#1454,#2842,.T.);
#2842 = LINE('',#2843,#2844);
#2843 = CARTESIAN_POINT('',(1.808329115463,-28.94933657808,0.));
#2844 = VECTOR('',#2845,1.);
#2845 = DIRECTION('',(0.,0.,1.));
#2846 = PLANE('',#2847);
#2847 = AXIS2_PLACEMENT_3D('',#2848,#2849,#2850);
#2848 = CARTESIAN_POINT('',(7.315001703864,-37.27203640939,0.));
#2849 = DIRECTION('',(-0.833978154044,-0.551797461555,0.));
#2850 = DIRECTION('',(-0.551797461555,0.833978154044,0.));
#2851 = ADVANCED_FACE('',(#2852),#2863,.F.);
#2852 = FACE_BOUND('',#2853,.F.);
#2853 = EDGE_LOOP('',(#2854,#2855,#2861,#2862));
#2854 = ORIENTED_EDGE('',*,*,#572,.F.);
#2855 = ORIENTED_EDGE('',*,*,#2856,.T.);
#2856 = EDGE_CURVE('',#564,#1420,#2857,.T.);
#2857 = LINE('',#2858,#2859);
#2858 = CARTESIAN_POINT('',(1.808329115463,-27.84574165497,0.));
#2859 = VECTOR('',#2860,1.);
#2860 = DIRECTION('',(0.,0.,1.));
#2861 = ORIENTED_EDGE('',*,*,#1417,.F.);
#2862 = ORIENTED_EDGE('',*,*,#2822,.F.);
#2863 = PLANE('',#2864);
#2864 = AXIS2_PLACEMENT_3D('',#2865,#2866,#2867);
#2865 = CARTESIAN_POINT('',(1.443235093393,-28.39753911653,0.));
#2866 = DIRECTION('',(-0.833978154044,0.551797461555,0.));
#2867 = DIRECTION('',(0.551797461555,0.833978154044,0.));
#2868 = ADVANCED_FACE('',(#2869),#2875,.F.);
#2869 = FACE_BOUND('',#2870,.F.);
#2870 = EDGE_LOOP('',(#2871,#2872,#2873,#2874));
#2871 = ORIENTED_EDGE('',*,*,#563,.T.);
#2872 = ORIENTED_EDGE('',*,*,#2841,.T.);
#2873 = ORIENTED_EDGE('',*,*,#1461,.F.);
#2874 = ORIENTED_EDGE('',*,*,#2856,.F.);
#2875 = CYLINDRICAL_SURFACE('',#2876,1.);
#2876 = AXIS2_PLACEMENT_3D('',#2877,#2878,#2879);
#2877 = CARTESIAN_POINT('',(2.642307269507,-28.39753911653,0.));
#2878 = DIRECTION('',(0.,0.,1.));
#2879 = DIRECTION('',(-0.833978154044,0.551797461555,0.));
#2880 = ADVANCED_FACE('',(#2881),#2897,.T.);
#2881 = FACE_BOUND('',#2882,.T.);
#2882 = EDGE_LOOP('',(#2883,#2884,#2890,#2891));
#2883 = ORIENTED_EDGE('',*,*,#589,.F.);
#2884 = ORIENTED_EDGE('',*,*,#2885,.T.);
#2885 = EDGE_CURVE('',#590,#1507,#2886,.T.);
#2886 = LINE('',#2887,#2888);
#2887 = CARTESIAN_POINT('',(-5.956463300898,-17.95179746155,0.));
#2888 = VECTOR('',#2889,1.);
#2889 = DIRECTION('',(0.,0.,1.));
#2890 = ORIENTED_EDGE('',*,*,#1506,.F.);
#2891 = ORIENTED_EDGE('',*,*,#2892,.F.);
#2892 = EDGE_CURVE('',#592,#1498,#2893,.T.);
#2893 = LINE('',#2894,#2895);
#2894 = CARTESIAN_POINT('',(-0.833978154044,-25.69384233224,0.));
#2895 = VECTOR('',#2896,1.);
#2896 = DIRECTION('',(0.,0.,1.));
#2897 = PLANE('',#2898);
#2898 = AXIS2_PLACEMENT_3D('',#2899,#2900,#2901);
#2899 = CARTESIAN_POINT('',(-6.983202305968,-16.4,0.));
#2900 = DIRECTION('',(0.833978154044,0.551797461555,0.));
#2901 = DIRECTION('',(0.551797461555,-0.833978154044,0.));
#2902 = ADVANCED_FACE('',(#2903),#2914,.F.);
#2903 = FACE_BOUND('',#2904,.T.);
#2904 = EDGE_LOOP('',(#2905,#2906,#2912,#2913));
#2905 = ORIENTED_EDGE('',*,*,#599,.T.);
#2906 = ORIENTED_EDGE('',*,*,#2907,.T.);
#2907 = EDGE_CURVE('',#600,#1473,#2908,.T.);
#2908 = LINE('',#2909,#2910);
#2909 = CARTESIAN_POINT('',(-5.122485146855,-16.4,0.));
#2910 = VECTOR('',#2911,1.);
#2911 = DIRECTION('',(0.,0.,1.));
#2912 = ORIENTED_EDGE('',*,*,#1514,.F.);
#2913 = ORIENTED_EDGE('',*,*,#2885,.F.);
#2914 = CYLINDRICAL_SURFACE('',#2915,1.);
#2915 = AXIS2_PLACEMENT_3D('',#2916,#2917,#2918);
#2916 = CARTESIAN_POINT('',(-5.122485146855,-17.4,0.));
#2917 = DIRECTION('',(0.,0.,1.));
#2918 = DIRECTION('',(-0.833978154044,-0.551797461555,0.));
#2919 = ADVANCED_FACE('',(#2920),#2931,.F.);
#2920 = FACE_BOUND('',#2921,.F.);
#2921 = EDGE_LOOP('',(#2922,#2923,#2929,#2930));
#2922 = ORIENTED_EDGE('',*,*,#633,.T.);
#2923 = ORIENTED_EDGE('',*,*,#2924,.T.);
#2924 = EDGE_CURVE('',#626,#1490,#2925,.T.);
#2925 = LINE('',#2926,#2927);
#2926 = CARTESIAN_POINT('',(0.833978154044,-25.69384233224,0.));
#2927 = VECTOR('',#2928,1.);
#2928 = DIRECTION('',(0.,0.,1.));
#2929 = ORIENTED_EDGE('',*,*,#1497,.F.);
#2930 = ORIENTED_EDGE('',*,*,#2892,.F.);
#2931 = CYLINDRICAL_SURFACE('',#2932,1.);
#2932 = AXIS2_PLACEMENT_3D('',#2933,#2934,#2935);
#2933 = CARTESIAN_POINT('',(-1.41E-15,-25.14204487069,0.));
#2934 = DIRECTION('',(0.,0.,1.));
#2935 = DIRECTION('',(-0.833978154044,-0.551797461555,0.));
#2936 = ADVANCED_FACE('',(#2937),#2948,.F.);
#2937 = FACE_BOUND('',#2938,.F.);
#2938 = EDGE_LOOP('',(#2939,#2940,#2941,#2942));
#2939 = ORIENTED_EDGE('',*,*,#608,.F.);
#2940 = ORIENTED_EDGE('',*,*,#2907,.T.);
#2941 = ORIENTED_EDGE('',*,*,#1470,.F.);
#2942 = ORIENTED_EDGE('',*,*,#2943,.F.);
#2943 = EDGE_CURVE('',#609,#1471,#2944,.T.);
#2944 = LINE('',#2945,#2946);
#2945 = CARTESIAN_POINT('',(5.122485146855,-16.4,0.));
#2946 = VECTOR('',#2947,1.);
#2947 = DIRECTION('',(0.,0.,1.));
#2948 = PLANE('',#2949);
#2949 = AXIS2_PLACEMENT_3D('',#2950,#2951,#2952);
#2950 = CARTESIAN_POINT('',(-6.983202305968,-16.4,0.));
#2951 = DIRECTION('',(0.,1.,0.));
#2952 = DIRECTION('',(1.,0.,0.));
#2953 = ADVANCED_FACE('',(#2954),#2965,.F.);
#2954 = FACE_BOUND('',#2955,.F.);
#2955 = EDGE_LOOP('',(#2956,#2957,#2963,#2964));
#2956 = ORIENTED_EDGE('',*,*,#625,.F.);
#2957 = ORIENTED_EDGE('',*,*,#2958,.T.);
#2958 = EDGE_CURVE('',#617,#1481,#2959,.T.);
#2959 = LINE('',#2960,#2961);
#2960 = CARTESIAN_POINT('',(5.956463300898,-17.95179746155,0.));
#2961 = VECTOR('',#2962,1.);
#2962 = DIRECTION('',(0.,0.,1.));
#2963 = ORIENTED_EDGE('',*,*,#1489,.F.);
#2964 = ORIENTED_EDGE('',*,*,#2924,.F.);
#2965 = PLANE('',#2966);
#2966 = AXIS2_PLACEMENT_3D('',#2967,#2968,#2969);
#2967 = CARTESIAN_POINT('',(6.983202305968,-16.4,0.));
#2968 = DIRECTION('',(0.833978154044,-0.551797461555,0.));
#2969 = DIRECTION('',(-0.551797461555,-0.833978154044,0.));
#2970 = ADVANCED_FACE('',(#2971),#2977,.F.);
#2971 = FACE_BOUND('',#2972,.F.);
#2972 = EDGE_LOOP('',(#2973,#2974,#2975,#2976));
#2973 = ORIENTED_EDGE('',*,*,#616,.T.);
#2974 = ORIENTED_EDGE('',*,*,#2943,.T.);
#2975 = ORIENTED_EDGE('',*,*,#1480,.F.);
#2976 = ORIENTED_EDGE('',*,*,#2958,.F.);
#2977 = CYLINDRICAL_SURFACE('',#2978,1.);
#2978 = AXIS2_PLACEMENT_3D('',#2979,#2980,#2981);
#2979 = CARTESIAN_POINT('',(5.122485146855,-17.4,0.));
#2980 = DIRECTION('',(0.,0.,1.));
#2981 = DIRECTION('',(0.833978154044,-0.551797461555,0.));
#2982 = ADVANCED_FACE('',(#2983),#2999,.T.);
#2983 = FACE_BOUND('',#2984,.T.);
#2984 = EDGE_LOOP('',(#2985,#2986,#2992,#2993));
#2985 = ORIENTED_EDGE('',*,*,#642,.F.);
#2986 = ORIENTED_EDGE('',*,*,#2987,.T.);
#2987 = EDGE_CURVE('',#643,#1560,#2988,.T.);
#2988 = LINE('',#2989,#2990);
#2989 = CARTESIAN_POINT('',(0.936688443533,1.405641586451,0.));
#2990 = VECTOR('',#2991,1.);
#2991 = DIRECTION('',(0.,0.,1.));
#2992 = ORIENTED_EDGE('',*,*,#1559,.F.);
#2993 = ORIENTED_EDGE('',*,*,#2994,.F.);
#2994 = EDGE_CURVE('',#645,#1551,#2995,.T.);
#2995 = LINE('',#2996,#2997);
#2996 = CARTESIAN_POINT('',(3.495265830234,8.249836095876,0.));
#2997 = VECTOR('',#2998,1.);
#2998 = DIRECTION('',(0.,0.,1.));
#2999 = PLANE('',#3000);
#3000 = AXIS2_PLACEMENT_3D('',#3001,#3002,#3003);
#3001 = CARTESIAN_POINT('',(0.,-1.1,0.));
#3002 = DIRECTION('',(-0.936688443533,0.350163904124,0.));
#3003 = DIRECTION('',(0.350163904124,0.936688443533,0.));
#3004 = ADVANCED_FACE('',(#3005),#3016,.F.);
#3005 = FACE_BOUND('',#3006,.T.);
#3006 = EDGE_LOOP('',(#3007,#3008,#3014,#3015));
#3007 = ORIENTED_EDGE('',*,*,#652,.T.);
#3008 = ORIENTED_EDGE('',*,*,#3009,.T.);
#3009 = EDGE_CURVE('',#653,#1526,#3010,.T.);
#3010 = LINE('',#3011,#3012);
#3011 = CARTESIAN_POINT('',(-0.936688443533,1.405641586451,0.));
#3012 = VECTOR('',#3013,1.);
#3013 = DIRECTION('',(0.,0.,1.));
#3014 = ORIENTED_EDGE('',*,*,#1567,.F.);
#3015 = ORIENTED_EDGE('',*,*,#2987,.F.);
#3016 = CYLINDRICAL_SURFACE('',#3017,1.);
#3017 = AXIS2_PLACEMENT_3D('',#3018,#3019,#3020);
#3018 = CARTESIAN_POINT('',(0.,1.755805490575,0.));
#3019 = DIRECTION('',(0.,0.,1.));
#3020 = DIRECTION('',(0.936688443533,-0.350163904124,0.));
#3021 = ADVANCED_FACE('',(#3022),#3033,.F.);
#3022 = FACE_BOUND('',#3023,.F.);
#3023 = EDGE_LOOP('',(#3024,#3025,#3031,#3032));
#3024 = ORIENTED_EDGE('',*,*,#686,.T.);
#3025 = ORIENTED_EDGE('',*,*,#3026,.T.);
#3026 = EDGE_CURVE('',#679,#1543,#3027,.T.);
#3027 = LINE('',#3028,#3029);
#3028 = CARTESIAN_POINT('',(2.558577386701,9.6,0.));
#3029 = VECTOR('',#3030,1.);
#3030 = DIRECTION('',(0.,0.,1.));
#3031 = ORIENTED_EDGE('',*,*,#1550,.F.);
#3032 = ORIENTED_EDGE('',*,*,#2994,.F.);
#3033 = CYLINDRICAL_SURFACE('',#3034,1.);
#3034 = AXIS2_PLACEMENT_3D('',#3035,#3036,#3037);
#3035 = CARTESIAN_POINT('',(2.558577386701,8.6,0.));
#3036 = DIRECTION('',(0.,0.,1.));
#3037 = DIRECTION('',(0.936688443533,-0.350163904124,0.));
#3038 = ADVANCED_FACE('',(#3039),#3050,.F.);
#3039 = FACE_BOUND('',#3040,.F.);
#3040 = EDGE_LOOP('',(#3041,#3042,#3043,#3044));
#3041 = ORIENTED_EDGE('',*,*,#661,.F.);
#3042 = ORIENTED_EDGE('',*,*,#3009,.T.);
#3043 = ORIENTED_EDGE('',*,*,#1523,.F.);
#3044 = ORIENTED_EDGE('',*,*,#3045,.F.);
#3045 = EDGE_CURVE('',#662,#1524,#3046,.T.);
#3046 = LINE('',#3047,#3048);
#3047 = CARTESIAN_POINT('',(-3.495265830234,8.249836095876,0.));
#3048 = VECTOR('',#3049,1.);
#3049 = DIRECTION('',(0.,0.,1.));
#3050 = PLANE('',#3051);
#3051 = AXIS2_PLACEMENT_3D('',#3052,#3053,#3054);
#3052 = CARTESIAN_POINT('',(0.,-1.1,0.));
#3053 = DIRECTION('',(-0.936688443533,-0.350163904124,0.));
#3054 = DIRECTION('',(-0.350163904124,0.936688443533,0.));
#3055 = ADVANCED_FACE('',(#3056),#3067,.F.);
#3056 = FACE_BOUND('',#3057,.F.);
#3057 = EDGE_LOOP('',(#3058,#3059,#3065,#3066));
#3058 = ORIENTED_EDGE('',*,*,#678,.F.);
#3059 = ORIENTED_EDGE('',*,*,#3060,.T.);
#3060 = EDGE_CURVE('',#670,#1534,#3061,.T.);
#3061 = LINE('',#3062,#3063);
#3062 = CARTESIAN_POINT('',(-2.558577386701,9.6,0.));
#3063 = VECTOR('',#3064,1.);
#3064 = DIRECTION('',(0.,0.,1.));
#3065 = ORIENTED_EDGE('',*,*,#1542,.F.);
#3066 = ORIENTED_EDGE('',*,*,#3026,.F.);
#3067 = PLANE('',#3068);
#3068 = AXIS2_PLACEMENT_3D('',#3069,#3070,#3071);
#3069 = CARTESIAN_POINT('',(-4.,9.6,0.));
#3070 = DIRECTION('',(2.2E-16,1.,0.));
#3071 = DIRECTION('',(1.,-2.2E-16,0.));
#3072 = ADVANCED_FACE('',(#3073),#3079,.F.);
#3073 = FACE_BOUND('',#3074,.F.);
#3074 = EDGE_LOOP('',(#3075,#3076,#3077,#3078));
#3075 = ORIENTED_EDGE('',*,*,#669,.T.);
#3076 = ORIENTED_EDGE('',*,*,#3045,.T.);
#3077 = ORIENTED_EDGE('',*,*,#1533,.F.);
#3078 = ORIENTED_EDGE('',*,*,#3060,.F.);
#3079 = CYLINDRICAL_SURFACE('',#3080,1.);
#3080 = AXIS2_PLACEMENT_3D('',#3081,#3082,#3083);
#3081 = CARTESIAN_POINT('',(-2.558577386701,8.6,0.));
#3082 = DIRECTION('',(0.,0.,1.));
#3083 = DIRECTION('',(2.2E-16,1.,0.));
#3084 = ADVANCED_FACE('',(#3085),#3101,.T.);
#3085 = FACE_BOUND('',#3086,.T.);
#3086 = EDGE_LOOP('',(#3087,#3088,#3094,#3095));
#3087 = ORIENTED_EDGE('',*,*,#695,.F.);
#3088 = ORIENTED_EDGE('',*,*,#3089,.T.);
#3089 = EDGE_CURVE('',#696,#1577,#3090,.T.);
#3090 = LINE('',#3091,#3092);
#3091 = CARTESIAN_POINT('',(-6.910790134856,25.888668318997,0.));
#3092 = VECTOR('',#3093,1.);
#3093 = DIRECTION('',(0.,0.,1.));
#3094 = ORIENTED_EDGE('',*,*,#1576,.T.);
#3095 = ORIENTED_EDGE('',*,*,#3096,.F.);
#3096 = EDGE_CURVE('',#698,#1579,#3097,.T.);
#3097 = LINE('',#3098,#3099);
#3098 = CARTESIAN_POINT('',(-7.811764705882,25.750224921278,0.));
#3099 = VECTOR('',#3100,1.);
#3100 = DIRECTION('',(0.,0.,1.));
#3101 = CYLINDRICAL_SURFACE('',#3102,3.25);
#3102 = AXIS2_PLACEMENT_3D('',#3103,#3104,#3105);
#3103 = CARTESIAN_POINT('',(-7.85,29.,0.));
#3104 = DIRECTION('',(0.,0.,-1.));
#3105 = DIRECTION('',(1.,0.,0.));
#3106 = ADVANCED_FACE('',(#3107),#3118,.F.);
#3107 = FACE_BOUND('',#3108,.T.);
#3108 = EDGE_LOOP('',(#3109,#3110,#3116,#3117));
#3109 = ORIENTED_EDGE('',*,*,#706,.T.);
#3110 = ORIENTED_EDGE('',*,*,#3111,.T.);
#3111 = EDGE_CURVE('',#707,#1588,#3112,.T.);
#3112 = LINE('',#3113,#3114);
#3113 = CARTESIAN_POINT('',(-5.932295964055,25.655614969756,0.));
#3114 = VECTOR('',#3115,1.);
#3115 = DIRECTION('',(0.,0.,1.));
#3116 = ORIENTED_EDGE('',*,*,#1587,.F.);
#3117 = ORIENTED_EDGE('',*,*,#3089,.F.);
#3118 = CYLINDRICAL_SURFACE('',#3119,1.);
#3119 = AXIS2_PLACEMENT_3D('',#3120,#3121,#3122);
#3120 = CARTESIAN_POINT('',(-6.621802484042,24.931335494072,0.));
#3121 = DIRECTION('',(0.,0.,1.));
#3122 = DIRECTION('',(-0.288987650814,0.957332824924,0.));
#3123 = ADVANCED_FACE('',(#3124),#3135,.F.);
#3124 = FACE_BOUND('',#3125,.F.);
#3125 = EDGE_LOOP('',(#3126,#3127,#3133,#3134));
#3126 = ORIENTED_EDGE('',*,*,#757,.T.);
#3127 = ORIENTED_EDGE('',*,*,#3128,.T.);
#3128 = EDGE_CURVE('',#750,#1631,#3129,.T.);
#3129 = LINE('',#3130,#3131);
#3130 = CARTESIAN_POINT('',(-8.8,24.750294127825,0.));
#3131 = VECTOR('',#3132,1.);
#3132 = DIRECTION('',(0.,0.,1.));
#3133 = ORIENTED_EDGE('',*,*,#1638,.F.);
#3134 = ORIENTED_EDGE('',*,*,#3096,.F.);
#3135 = CYLINDRICAL_SURFACE('',#3136,1.);
#3136 = AXIS2_PLACEMENT_3D('',#3137,#3138,#3139);
#3137 = CARTESIAN_POINT('',(-7.8,24.750294127825,0.));
#3138 = DIRECTION('',(0.,0.,1.));
#3139 = DIRECTION('',(-1.176470588235E-02,0.999930793453,0.));
#3140 = ADVANCED_FACE('',(#3141),#3152,.F.);
#3141 = FACE_BOUND('',#3142,.F.);
#3142 = EDGE_LOOP('',(#3143,#3144,#3145,#3146));
#3143 = ORIENTED_EDGE('',*,*,#715,.F.);
#3144 = ORIENTED_EDGE('',*,*,#3111,.T.);
#3145 = ORIENTED_EDGE('',*,*,#1596,.F.);
#3146 = ORIENTED_EDGE('',*,*,#3147,.F.);
#3147 = EDGE_CURVE('',#716,#1597,#3148,.T.);
#3148 = LINE('',#3149,#3150);
#3149 = CARTESIAN_POINT('',(-2.316911473346,22.213806576316,0.));
#3150 = VECTOR('',#3151,1.);
#3151 = DIRECTION('',(0.,0.,1.));
#3152 = PLANE('',#3153);
#3153 = AXIS2_PLACEMENT_3D('',#3154,#3155,#3156);
#3154 = CARTESIAN_POINT('',(-6.393476010084,26.094653571981,0.));
#3155 = DIRECTION('',(0.689506519987,0.724279475683,0.));
#3156 = DIRECTION('',(0.724279475683,-0.689506519987,0.));
#3157 = ADVANCED_FACE('',(#3158),#3169,.T.);
#3158 = FACE_BOUND('',#3159,.T.);
#3159 = EDGE_LOOP('',(#3160,#3161,#3162,#3163));
#3160 = ORIENTED_EDGE('',*,*,#749,.F.);
#3161 = ORIENTED_EDGE('',*,*,#3128,.T.);
#3162 = ORIENTED_EDGE('',*,*,#1630,.F.);
#3163 = ORIENTED_EDGE('',*,*,#3164,.F.);
#3164 = EDGE_CURVE('',#741,#1622,#3165,.T.);
#3165 = LINE('',#3166,#3167);
#3166 = CARTESIAN_POINT('',(-8.8,16.926086938851,0.));
#3167 = VECTOR('',#3168,1.);
#3168 = DIRECTION('',(0.,0.,1.));
#3169 = PLANE('',#3170);
#3170 = AXIS2_PLACEMENT_3D('',#3171,#3172,#3173);
#3171 = CARTESIAN_POINT('',(-8.8,25.891945946416,0.));
#3172 = DIRECTION('',(1.,0.,0.));
#3173 = DIRECTION('',(0.,-1.,0.));
#3174 = ADVANCED_FACE('',(#3175),#3186,.F.);
#3175 = FACE_BOUND('',#3176,.F.);
#3176 = EDGE_LOOP('',(#3177,#3178,#3179,#3180));
#3177 = ORIENTED_EDGE('',*,*,#723,.T.);
#3178 = ORIENTED_EDGE('',*,*,#3147,.T.);
#3179 = ORIENTED_EDGE('',*,*,#1604,.F.);
#3180 = ORIENTED_EDGE('',*,*,#3181,.F.);
#3181 = EDGE_CURVE('',#724,#1605,#3182,.T.);
#3182 = LINE('',#3183,#3184);
#3183 = CARTESIAN_POINT('',(-2.316911473346,20.76524762495,0.));
#3184 = VECTOR('',#3185,1.);
#3185 = DIRECTION('',(0.,0.,1.));
#3186 = CYLINDRICAL_SURFACE('',#3187,1.);
#3187 = AXIS2_PLACEMENT_3D('',#3188,#3189,#3190);
#3188 = CARTESIAN_POINT('',(-3.006417993332,21.489527100633,0.));
#3189 = DIRECTION('',(0.,0.,1.));
#3190 = DIRECTION('',(0.689506519987,-0.724279475683,0.));
#3191 = ADVANCED_FACE('',(#3192),#3203,.F.);
#3192 = FACE_BOUND('',#3193,.F.);
#3193 = EDGE_LOOP('',(#3194,#3195,#3201,#3202));
#3194 = ORIENTED_EDGE('',*,*,#740,.T.);
#3195 = ORIENTED_EDGE('',*,*,#3196,.T.);
#3196 = EDGE_CURVE('',#733,#1614,#3197,.T.);
#3197 = LINE('',#3198,#3199);
#3198 = CARTESIAN_POINT('',(-7.110493480013,16.201807463168,0.));
#3199 = VECTOR('',#3200,1.);
#3200 = DIRECTION('',(0.,0.,1.));
#3201 = ORIENTED_EDGE('',*,*,#1621,.F.);
#3202 = ORIENTED_EDGE('',*,*,#3164,.F.);
#3203 = CYLINDRICAL_SURFACE('',#3204,1.);
#3204 = AXIS2_PLACEMENT_3D('',#3205,#3206,#3207);
#3205 = CARTESIAN_POINT('',(-7.8,16.926086938851,0.));
#3206 = DIRECTION('',(0.,0.,1.));
#3207 = DIRECTION('',(-1.,0.,0.));
#3208 = ADVANCED_FACE('',(#3209),#3215,.T.);
#3209 = FACE_BOUND('',#3210,.T.);
#3210 = EDGE_LOOP('',(#3211,#3212,#3213,#3214));
#3211 = ORIENTED_EDGE('',*,*,#732,.F.);
#3212 = ORIENTED_EDGE('',*,*,#3196,.T.);
#3213 = ORIENTED_EDGE('',*,*,#1613,.F.);
#3214 = ORIENTED_EDGE('',*,*,#3181,.F.);
#3215 = PLANE('',#3216);
#3216 = AXIS2_PLACEMENT_3D('',#3217,#3218,#3219);
#3217 = CARTESIAN_POINT('',(-8.8,14.593414846503,0.));
#3218 = DIRECTION('',(-0.689506519987,0.724279475683,0.));
#3219 = DIRECTION('',(0.724279475683,0.689506519987,0.));
#3220 = ADVANCED_FACE('',(#3221),#3237,.T.);
#3221 = FACE_BOUND('',#3222,.T.);
#3222 = EDGE_LOOP('',(#3223,#3224,#3230,#3231));
#3223 = ORIENTED_EDGE('',*,*,#766,.F.);
#3224 = ORIENTED_EDGE('',*,*,#3225,.T.);
#3225 = EDGE_CURVE('',#767,#1667,#3226,.T.);
#3226 = LINE('',#3227,#3228);
#3227 = CARTESIAN_POINT('',(-4.782341390817,13.,0.));
#3228 = VECTOR('',#3229,1.);
#3229 = DIRECTION('',(0.,0.,1.));
#3230 = ORIENTED_EDGE('',*,*,#1666,.F.);
#3231 = ORIENTED_EDGE('',*,*,#3232,.F.);
#3232 = EDGE_CURVE('',#769,#1658,#3233,.T.);
#3233 = LINE('',#3234,#3235);
#3234 = CARTESIAN_POINT('',(4.782341390817,13.,0.));
#3235 = VECTOR('',#3236,1.);
#3236 = DIRECTION('',(0.,0.,1.));
#3237 = PLANE('',#3238);
#3238 = AXIS2_PLACEMENT_3D('',#3239,#3240,#3241);
#3239 = CARTESIAN_POINT('',(-7.28308565603,13.,0.));
#3240 = DIRECTION('',(0.,1.,0.));
#3241 = DIRECTION('',(1.,0.,0.));
#3242 = ADVANCED_FACE('',(#3243),#3254,.F.);
#3243 = FACE_BOUND('',#3244,.T.);
#3244 = EDGE_LOOP('',(#3245,#3246,#3252,#3253));
#3245 = ORIENTED_EDGE('',*,*,#776,.T.);
#3246 = ORIENTED_EDGE('',*,*,#3247,.T.);
#3247 = EDGE_CURVE('',#777,#1675,#3248,.T.);
#3248 = LINE('',#3249,#3250);
#3249 = CARTESIAN_POINT('',(-5.471847910803,14.724279475683,0.));
#3250 = VECTOR('',#3251,1.);
#3251 = DIRECTION('',(0.,0.,1.));
#3252 = ORIENTED_EDGE('',*,*,#1674,.F.);
#3253 = ORIENTED_EDGE('',*,*,#3225,.F.);
#3254 = CYLINDRICAL_SURFACE('',#3255,1.);
#3255 = AXIS2_PLACEMENT_3D('',#3256,#3257,#3258);
#3256 = CARTESIAN_POINT('',(-4.782341390817,14.,0.));
#3257 = DIRECTION('',(0.,0.,1.));
#3258 = DIRECTION('',(0.,-1.,0.));
#3259 = ADVANCED_FACE('',(#3260),#3271,.F.);
#3260 = FACE_BOUND('',#3261,.F.);
#3261 = EDGE_LOOP('',(#3262,#3263,#3269,#3270));
#3262 = ORIENTED_EDGE('',*,*,#810,.T.);
#3263 = ORIENTED_EDGE('',*,*,#3264,.T.);
#3264 = EDGE_CURVE('',#803,#1650,#3265,.T.);
#3265 = LINE('',#3266,#3267);
#3266 = CARTESIAN_POINT('',(5.471847910803,14.724279475683,0.));
#3267 = VECTOR('',#3268,1.);
#3268 = DIRECTION('',(0.,0.,1.));
#3269 = ORIENTED_EDGE('',*,*,#1657,.F.);
#3270 = ORIENTED_EDGE('',*,*,#3232,.F.);
#3271 = CYLINDRICAL_SURFACE('',#3272,1.);
#3272 = AXIS2_PLACEMENT_3D('',#3273,#3274,#3275);
#3273 = CARTESIAN_POINT('',(4.782341390817,14.,0.));
#3274 = DIRECTION('',(0.,0.,1.));
#3275 = DIRECTION('',(0.,-1.,0.));
#3276 = ADVANCED_FACE('',(#3277),#3288,.F.);
#3277 = FACE_BOUND('',#3278,.F.);
#3278 = EDGE_LOOP('',(#3279,#3280,#3281,#3282));
#3279 = ORIENTED_EDGE('',*,*,#785,.F.);
#3280 = ORIENTED_EDGE('',*,*,#3247,.T.);
#3281 = ORIENTED_EDGE('',*,*,#1683,.F.);
#3282 = ORIENTED_EDGE('',*,*,#3283,.F.);
#3283 = EDGE_CURVE('',#786,#1684,#3284,.T.);
#3284 = LINE('',#3285,#3286);
#3285 = CARTESIAN_POINT('',(-0.689506519987,19.277018688207,0.));
#3286 = VECTOR('',#3287,1.);
#3287 = DIRECTION('',(0.,0.,1.));
#3288 = PLANE('',#3289);
#3289 = AXIS2_PLACEMENT_3D('',#3290,#3291,#3292);
#3290 = CARTESIAN_POINT('',(-7.28308565603,13.,0.));
#3291 = DIRECTION('',(-0.689506519987,0.724279475683,0.));
#3292 = DIRECTION('',(0.724279475683,0.689506519987,0.));
#3293 = ADVANCED_FACE('',(#3294),#3305,.T.);
#3294 = FACE_BOUND('',#3295,.T.);
#3295 = EDGE_LOOP('',(#3296,#3297,#3298,#3299));
#3296 = ORIENTED_EDGE('',*,*,#802,.F.);
#3297 = ORIENTED_EDGE('',*,*,#3264,.T.);
#3298 = ORIENTED_EDGE('',*,*,#1647,.F.);
#3299 = ORIENTED_EDGE('',*,*,#3300,.F.);
#3300 = EDGE_CURVE('',#794,#1648,#3301,.T.);
#3301 = LINE('',#3302,#3303);
#3302 = CARTESIAN_POINT('',(0.689506519987,19.277018688207,0.));
#3303 = VECTOR('',#3304,1.);
#3304 = DIRECTION('',(0.,0.,1.));
#3305 = PLANE('',#3306);
#3306 = AXIS2_PLACEMENT_3D('',#3307,#3308,#3309);
#3307 = CARTESIAN_POINT('',(7.28308565603,13.,0.));
#3308 = DIRECTION('',(-0.689506519987,-0.724279475683,0.));
#3309 = DIRECTION('',(-0.724279475683,0.689506519987,0.));
#3310 = ADVANCED_FACE('',(#3311),#3317,.F.);
#3311 = FACE_BOUND('',#3312,.F.);
#3312 = EDGE_LOOP('',(#3313,#3314,#3315,#3316));
#3313 = ORIENTED_EDGE('',*,*,#793,.T.);
#3314 = ORIENTED_EDGE('',*,*,#3283,.T.);
#3315 = ORIENTED_EDGE('',*,*,#1691,.F.);
#3316 = ORIENTED_EDGE('',*,*,#3300,.F.);
#3317 = CYLINDRICAL_SURFACE('',#3318,1.);
#3318 = AXIS2_PLACEMENT_3D('',#3319,#3320,#3321);
#3319 = CARTESIAN_POINT('',(-1.1E-16,18.552739212524,0.));
#3320 = DIRECTION('',(0.,0.,1.));
#3321 = DIRECTION('',(0.689506519987,0.724279475683,0.));
#3322 = ADVANCED_FACE('',(#3323),#3339,.T.);
#3323 = FACE_BOUND('',#3324,.T.);
#3324 = EDGE_LOOP('',(#3325,#3326,#3332,#3333));
#3325 = ORIENTED_EDGE('',*,*,#819,.F.);
#3326 = ORIENTED_EDGE('',*,*,#3327,.T.);
#3327 = EDGE_CURVE('',#820,#1721,#3328,.T.);
#3328 = LINE('',#3329,#3330);
#3329 = CARTESIAN_POINT('',(3.6,30.,0.));
#3330 = VECTOR('',#3331,1.);
#3331 = DIRECTION('',(0.,0.,1.));
#3332 = ORIENTED_EDGE('',*,*,#1720,.F.);
#3333 = ORIENTED_EDGE('',*,*,#3334,.F.);
#3334 = EDGE_CURVE('',#822,#1712,#3335,.T.);
#3335 = LINE('',#3336,#3337);
#3336 = CARTESIAN_POINT('',(-3.6,30.,0.));
#3337 = VECTOR('',#3338,1.);
#3338 = DIRECTION('',(0.,0.,1.));
#3339 = PLANE('',#3340);
#3340 = AXIS2_PLACEMENT_3D('',#3341,#3342,#3343);
#3341 = CARTESIAN_POINT('',(4.757670780787,30.,0.));
#3342 = DIRECTION('',(0.,-1.,0.));
#3343 = DIRECTION('',(-1.,0.,0.));
#3344 = ADVANCED_FACE('',(#3345),#3356,.F.);
#3345 = FACE_BOUND('',#3346,.T.);
#3346 = EDGE_LOOP('',(#3347,#3348,#3354,#3355));
#3347 = ORIENTED_EDGE('',*,*,#829,.T.);
#3348 = ORIENTED_EDGE('',*,*,#3349,.T.);
#3349 = EDGE_CURVE('',#830,#1729,#3350,.T.);
#3350 = LINE('',#3351,#3352);
#3351 = CARTESIAN_POINT('',(4.6,29.,0.));
#3352 = VECTOR('',#3353,1.);
#3353 = DIRECTION('',(0.,0.,1.));
#3354 = ORIENTED_EDGE('',*,*,#1728,.F.);
#3355 = ORIENTED_EDGE('',*,*,#3327,.F.);
#3356 = CYLINDRICAL_SURFACE('',#3357,1.);
#3357 = AXIS2_PLACEMENT_3D('',#3358,#3359,#3360);
#3358 = CARTESIAN_POINT('',(3.6,29.,0.));
#3359 = DIRECTION('',(0.,0.,1.));
#3360 = DIRECTION('',(0.,1.,0.));
#3361 = ADVANCED_FACE('',(#3362),#3373,.F.);
#3362 = FACE_BOUND('',#3363,.F.);
#3363 = EDGE_LOOP('',(#3364,#3365,#3371,#3372));
#3364 = ORIENTED_EDGE('',*,*,#899,.T.);
#3365 = ORIENTED_EDGE('',*,*,#3366,.T.);
#3366 = EDGE_CURVE('',#891,#1701,#3367,.T.);
#3367 = LINE('',#3368,#3369);
#3368 = CARTESIAN_POINT('',(-4.6,29.,0.));
#3369 = VECTOR('',#3370,1.);
#3370 = DIRECTION('',(0.,0.,1.));
#3371 = ORIENTED_EDGE('',*,*,#1711,.F.);
#3372 = ORIENTED_EDGE('',*,*,#3334,.F.);
#3373 = CYLINDRICAL_SURFACE('',#3374,1.);
#3374 = AXIS2_PLACEMENT_3D('',#3375,#3376,#3377);
#3375 = CARTESIAN_POINT('',(-3.6,29.,0.));
#3376 = DIRECTION('',(0.,0.,1.));
#3377 = DIRECTION('',(0.,1.,0.));
#3378 = ADVANCED_FACE('',(#3379),#3390,.T.);
#3379 = FACE_BOUND('',#3380,.T.);
#3380 = EDGE_LOOP('',(#3381,#3382,#3388,#3389));
#3381 = ORIENTED_EDGE('',*,*,#838,.F.);
#3382 = ORIENTED_EDGE('',*,*,#3383,.T.);
#3383 = EDGE_CURVE('',#839,#1738,#3384,.T.);
#3384 = LINE('',#3385,#3386);
#3385 = CARTESIAN_POINT('',(4.696257429487,28.214883576191,0.));
#3386 = VECTOR('',#3387,1.);
#3387 = DIRECTION('',(0.,0.,1.));
#3388 = ORIENTED_EDGE('',*,*,#1737,.T.);
#3389 = ORIENTED_EDGE('',*,*,#3349,.F.);
#3390 = CYLINDRICAL_SURFACE('',#3391,3.25);
#3391 = AXIS2_PLACEMENT_3D('',#3392,#3393,#3394);
#3392 = CARTESIAN_POINT('',(7.85,29.,0.));
#3393 = DIRECTION('',(0.,0.,-1.));
#3394 = DIRECTION('',(1.,0.,0.));
#3395 = ADVANCED_FACE('',(#3396),#3407,.T.);
#3396 = FACE_BOUND('',#3397,.T.);
#3397 = EDGE_LOOP('',(#3398,#3399,#3400,#3401));
#3398 = ORIENTED_EDGE('',*,*,#890,.F.);
#3399 = ORIENTED_EDGE('',*,*,#3366,.T.);
#3400 = ORIENTED_EDGE('',*,*,#1700,.T.);
#3401 = ORIENTED_EDGE('',*,*,#3402,.F.);
#3402 = EDGE_CURVE('',#882,#1703,#3403,.T.);
#3403 = LINE('',#3404,#3405);
#3404 = CARTESIAN_POINT('',(-4.696257429487,28.214883576191,0.));
#3405 = VECTOR('',#3406,1.);
#3406 = DIRECTION('',(0.,0.,1.));
#3407 = CYLINDRICAL_SURFACE('',#3408,3.25);
#3408 = AXIS2_PLACEMENT_3D('',#3409,#3410,#3411);
#3409 = CARTESIAN_POINT('',(-7.85,29.,0.));
#3410 = DIRECTION('',(0.,0.,-1.));
#3411 = DIRECTION('',(1.,0.,0.));
#3412 = ADVANCED_FACE('',(#3413),#3424,.F.);
#3413 = FACE_BOUND('',#3414,.F.);
#3414 = EDGE_LOOP('',(#3415,#3416,#3417,#3418));
#3415 = ORIENTED_EDGE('',*,*,#847,.T.);
#3416 = ORIENTED_EDGE('',*,*,#3383,.T.);
#3417 = ORIENTED_EDGE('',*,*,#1746,.F.);
#3418 = ORIENTED_EDGE('',*,*,#3419,.F.);
#3419 = EDGE_CURVE('',#848,#1747,#3420,.T.);
#3420 = LINE('',#3421,#3422);
#3421 = CARTESIAN_POINT('',(4.415381620085,27.249029816259,0.));
#3422 = VECTOR('',#3423,1.);
#3423 = DIRECTION('',(0.,0.,1.));
#3424 = CYLINDRICAL_SURFACE('',#3425,1.);
#3425 = AXIS2_PLACEMENT_3D('',#3426,#3427,#3428);
#3426 = CARTESIAN_POINT('',(3.725875100098,27.973309291942,0.));
#3427 = DIRECTION('',(0.,0.,1.));
#3428 = DIRECTION('',(0.689506519987,-0.724279475683,0.));
#3429 = ADVANCED_FACE('',(#3430),#3441,.F.);
#3430 = FACE_BOUND('',#3431,.F.);
#3431 = EDGE_LOOP('',(#3432,#3433,#3439,#3440));
#3432 = ORIENTED_EDGE('',*,*,#881,.T.);
#3433 = ORIENTED_EDGE('',*,*,#3434,.T.);
#3434 = EDGE_CURVE('',#874,#1773,#3435,.T.);
#3435 = LINE('',#3436,#3437);
#3436 = CARTESIAN_POINT('',(-4.415381620085,27.249029816259,0.));
#3437 = VECTOR('',#3438,1.);
#3438 = DIRECTION('',(0.,0.,1.));
#3439 = ORIENTED_EDGE('',*,*,#1780,.F.);
#3440 = ORIENTED_EDGE('',*,*,#3402,.F.);
#3441 = CYLINDRICAL_SURFACE('',#3442,1.);
#3442 = AXIS2_PLACEMENT_3D('',#3443,#3444,#3445);
#3443 = CARTESIAN_POINT('',(-3.725875100098,27.973309291942,0.));
#3444 = DIRECTION('',(0.,0.,1.));
#3445 = DIRECTION('',(-0.970382329389,0.241574284249,0.));
#3446 = ADVANCED_FACE('',(#3447),#3458,.F.);
#3447 = FACE_BOUND('',#3448,.F.);
#3448 = EDGE_LOOP('',(#3449,#3450,#3451,#3452));
#3449 = ORIENTED_EDGE('',*,*,#856,.F.);
#3450 = ORIENTED_EDGE('',*,*,#3419,.T.);
#3451 = ORIENTED_EDGE('',*,*,#1755,.F.);
#3452 = ORIENTED_EDGE('',*,*,#3453,.F.);
#3453 = EDGE_CURVE('',#857,#1756,#3454,.T.);
#3454 = LINE('',#3455,#3456);
#3455 = CARTESIAN_POINT('',(0.689506519987,23.702035513059,0.));
#3456 = VECTOR('',#3457,1.);
#3457 = DIRECTION('',(0.,0.,1.));
#3458 = PLANE('',#3459);
#3459 = AXIS2_PLACEMENT_3D('',#3460,#3461,#3462);
#3460 = CARTESIAN_POINT('',(4.876561666114,27.688068418485,0.));
#3461 = DIRECTION('',(0.689506519987,-0.724279475683,0.));
#3462 = DIRECTION('',(-0.724279475683,-0.689506519987,0.));
#3463 = ADVANCED_FACE('',(#3464),#3475,.T.);
#3464 = FACE_BOUND('',#3465,.T.);
#3465 = EDGE_LOOP('',(#3466,#3467,#3468,#3469));
#3466 = ORIENTED_EDGE('',*,*,#873,.F.);
#3467 = ORIENTED_EDGE('',*,*,#3434,.T.);
#3468 = ORIENTED_EDGE('',*,*,#1772,.F.);
#3469 = ORIENTED_EDGE('',*,*,#3470,.F.);
#3470 = EDGE_CURVE('',#865,#1764,#3471,.T.);
#3471 = LINE('',#3472,#3473);
#3472 = CARTESIAN_POINT('',(-0.689506519987,23.702035513059,0.));
#3473 = VECTOR('',#3474,1.);
#3474 = DIRECTION('',(0.,0.,1.));
#3475 = PLANE('',#3476);
#3476 = AXIS2_PLACEMENT_3D('',#3477,#3478,#3479);
#3477 = CARTESIAN_POINT('',(-4.876561666114,27.688068418485,0.));
#3478 = DIRECTION('',(0.689506519987,0.724279475683,0.));
#3479 = DIRECTION('',(0.724279475683,-0.689506519987,0.));
#3480 = ADVANCED_FACE('',(#3481),#3487,.F.);
#3481 = FACE_BOUND('',#3482,.F.);
#3482 = EDGE_LOOP('',(#3483,#3484,#3485,#3486));
#3483 = ORIENTED_EDGE('',*,*,#864,.T.);
#3484 = ORIENTED_EDGE('',*,*,#3453,.T.);
#3485 = ORIENTED_EDGE('',*,*,#1763,.F.);
#3486 = ORIENTED_EDGE('',*,*,#3470,.F.);
#3487 = CYLINDRICAL_SURFACE('',#3488,1.);
#3488 = AXIS2_PLACEMENT_3D('',#3489,#3490,#3491);
#3489 = CARTESIAN_POINT('',(0.,24.426314988742,0.));
#3490 = DIRECTION('',(0.,0.,1.));
#3491 = DIRECTION('',(-0.689506519987,-0.724279475683,0.));
#3492 = ADVANCED_FACE('',(#3493),#3509,.T.);
#3493 = FACE_BOUND('',#3494,.T.);
#3494 = EDGE_LOOP('',(#3495,#3496,#3502,#3503));
#3495 = ORIENTED_EDGE('',*,*,#908,.F.);
#3496 = ORIENTED_EDGE('',*,*,#3497,.T.);
#3497 = EDGE_CURVE('',#909,#1844,#3498,.T.);
#3498 = LINE('',#3499,#3500);
#3499 = CARTESIAN_POINT('',(8.8,16.926086938851,0.));
#3500 = VECTOR('',#3501,1.);
#3501 = DIRECTION('',(0.,0.,1.));
#3502 = ORIENTED_EDGE('',*,*,#1843,.F.);
#3503 = ORIENTED_EDGE('',*,*,#3504,.F.);
#3504 = EDGE_CURVE('',#911,#1835,#3505,.T.);
#3505 = LINE('',#3506,#3507);
#3506 = CARTESIAN_POINT('',(8.8,24.750294127825,0.));
#3507 = VECTOR('',#3508,1.);
#3508 = DIRECTION('',(0.,0.,1.));
#3509 = PLANE('',#3510);
#3510 = AXIS2_PLACEMENT_3D('',#3511,#3512,#3513);
#3511 = CARTESIAN_POINT('',(8.8,14.593414846503,0.));
#3512 = DIRECTION('',(-1.,0.,0.));
#3513 = DIRECTION('',(0.,1.,0.));
#3514 = ADVANCED_FACE('',(#3515),#3526,.F.);
#3515 = FACE_BOUND('',#3516,.T.);
#3516 = EDGE_LOOP('',(#3517,#3518,#3524,#3525));
#3517 = ORIENTED_EDGE('',*,*,#918,.T.);
#3518 = ORIENTED_EDGE('',*,*,#3519,.T.);
#3519 = EDGE_CURVE('',#919,#1792,#3520,.T.);
#3520 = LINE('',#3521,#3522);
#3521 = CARTESIAN_POINT('',(7.110493480013,16.201807463168,0.));
#3522 = VECTOR('',#3523,1.);
#3523 = DIRECTION('',(0.,0.,1.));
#3524 = ORIENTED_EDGE('',*,*,#1851,.F.);
#3525 = ORIENTED_EDGE('',*,*,#3497,.F.);
#3526 = CYLINDRICAL_SURFACE('',#3527,1.);
#3527 = AXIS2_PLACEMENT_3D('',#3528,#3529,#3530);
#3528 = CARTESIAN_POINT('',(7.8,16.926086938851,0.));
#3529 = DIRECTION('',(0.,0.,1.));
#3530 = DIRECTION('',(1.,0.,0.));
#3531 = ADVANCED_FACE('',(#3532),#3543,.F.);
#3532 = FACE_BOUND('',#3533,.F.);
#3533 = EDGE_LOOP('',(#3534,#3535,#3541,#3542));
#3534 = ORIENTED_EDGE('',*,*,#970,.T.);
#3535 = ORIENTED_EDGE('',*,*,#3536,.T.);
#3536 = EDGE_CURVE('',#962,#1826,#3537,.T.);
#3537 = LINE('',#3538,#3539);
#3538 = CARTESIAN_POINT('',(7.811764705882,25.750224921278,0.));
#3539 = VECTOR('',#3540,1.);
#3540 = DIRECTION('',(0.,0.,1.));
#3541 = ORIENTED_EDGE('',*,*,#1834,.F.);
#3542 = ORIENTED_EDGE('',*,*,#3504,.F.);
#3543 = CYLINDRICAL_SURFACE('',#3544,1.);
#3544 = AXIS2_PLACEMENT_3D('',#3545,#3546,#3547);
#3545 = CARTESIAN_POINT('',(7.8,24.750294127825,0.));
#3546 = DIRECTION('',(0.,0.,1.));
#3547 = DIRECTION('',(1.,0.,0.));
#3548 = ADVANCED_FACE('',(#3549),#3560,.F.);
#3549 = FACE_BOUND('',#3550,.F.);
#3550 = EDGE_LOOP('',(#3551,#3552,#3553,#3554));
#3551 = ORIENTED_EDGE('',*,*,#927,.F.);
#3552 = ORIENTED_EDGE('',*,*,#3519,.T.);
#3553 = ORIENTED_EDGE('',*,*,#1789,.F.);
#3554 = ORIENTED_EDGE('',*,*,#3555,.F.);
#3555 = EDGE_CURVE('',#928,#1790,#3556,.T.);
#3556 = LINE('',#3557,#3558);
#3557 = CARTESIAN_POINT('',(2.316911473346,20.76524762495,0.));
#3558 = VECTOR('',#3559,1.);
#3559 = DIRECTION('',(0.,0.,1.));
#3560 = PLANE('',#3561);
#3561 = AXIS2_PLACEMENT_3D('',#3562,#3563,#3564);
#3562 = CARTESIAN_POINT('',(8.8,14.593414846503,0.));
#3563 = DIRECTION('',(-0.689506519987,-0.724279475683,0.));
#3564 = DIRECTION('',(-0.724279475683,0.689506519987,0.));
#3565 = ADVANCED_FACE('',(#3566),#3577,.T.);
#3566 = FACE_BOUND('',#3567,.T.);
#3567 = EDGE_LOOP('',(#3568,#3569,#3570,#3571));
#3568 = ORIENTED_EDGE('',*,*,#961,.F.);
#3569 = ORIENTED_EDGE('',*,*,#3536,.T.);
#3570 = ORIENTED_EDGE('',*,*,#1825,.T.);
#3571 = ORIENTED_EDGE('',*,*,#3572,.F.);
#3572 = EDGE_CURVE('',#953,#1817,#3573,.T.);
#3573 = LINE('',#3574,#3575);
#3574 = CARTESIAN_POINT('',(6.910790134856,25.888668318997,0.));
#3575 = VECTOR('',#3576,1.);
#3576 = DIRECTION('',(0.,0.,1.));
#3577 = CYLINDRICAL_SURFACE('',#3578,3.25);
#3578 = AXIS2_PLACEMENT_3D('',#3579,#3580,#3581);
#3579 = CARTESIAN_POINT('',(7.85,29.,0.));
#3580 = DIRECTION('',(0.,0.,-1.));
#3581 = DIRECTION('',(1.,0.,0.));
#3582 = ADVANCED_FACE('',(#3583),#3594,.F.);
#3583 = FACE_BOUND('',#3584,.F.);
#3584 = EDGE_LOOP('',(#3585,#3586,#3587,#3588));
#3585 = ORIENTED_EDGE('',*,*,#935,.T.);
#3586 = ORIENTED_EDGE('',*,*,#3555,.T.);
#3587 = ORIENTED_EDGE('',*,*,#1799,.F.);
#3588 = ORIENTED_EDGE('',*,*,#3589,.F.);
#3589 = EDGE_CURVE('',#936,#1800,#3590,.T.);
#3590 = LINE('',#3591,#3592);
#3591 = CARTESIAN_POINT('',(2.316911473346,22.213806576316,0.));
#3592 = VECTOR('',#3593,1.);
#3593 = DIRECTION('',(0.,0.,1.));
#3594 = CYLINDRICAL_SURFACE('',#3595,1.);
#3595 = AXIS2_PLACEMENT_3D('',#3596,#3597,#3598);
#3596 = CARTESIAN_POINT('',(3.006417993332,21.489527100633,0.));
#3597 = DIRECTION('',(0.,0.,1.));
#3598 = DIRECTION('',(-0.689506519987,0.724279475683,0.));
#3599 = ADVANCED_FACE('',(#3600),#3611,.F.);
#3600 = FACE_BOUND('',#3601,.F.);
#3601 = EDGE_LOOP('',(#3602,#3603,#3609,#3610));
#3602 = ORIENTED_EDGE('',*,*,#952,.T.);
#3603 = ORIENTED_EDGE('',*,*,#3604,.T.);
#3604 = EDGE_CURVE('',#945,#1809,#3605,.T.);
#3605 = LINE('',#3606,#3607);
#3606 = CARTESIAN_POINT('',(5.932295964055,25.655614969756,0.));
#3607 = VECTOR('',#3608,1.);
#3608 = DIRECTION('',(0.,0.,1.));
#3609 = ORIENTED_EDGE('',*,*,#1816,.F.);
#3610 = ORIENTED_EDGE('',*,*,#3572,.F.);
#3611 = CYLINDRICAL_SURFACE('',#3612,1.);
#3612 = AXIS2_PLACEMENT_3D('',#3613,#3614,#3615);
#3613 = CARTESIAN_POINT('',(6.621802484042,24.931335494072,0.));
#3614 = DIRECTION('',(0.,0.,1.));
#3615 = DIRECTION('',(0.288987650814,0.957332824924,0.));
#3616 = ADVANCED_FACE('',(#3617),#3623,.F.);
#3617 = FACE_BOUND('',#3618,.F.);
#3618 = EDGE_LOOP('',(#3619,#3620,#3621,#3622));
#3619 = ORIENTED_EDGE('',*,*,#944,.F.);
#3620 = ORIENTED_EDGE('',*,*,#3589,.T.);
#3621 = ORIENTED_EDGE('',*,*,#1808,.F.);
#3622 = ORIENTED_EDGE('',*,*,#3604,.F.);
#3623 = PLANE('',#3624);
#3624 = AXIS2_PLACEMENT_3D('',#3625,#3626,#3627);
#3625 = CARTESIAN_POINT('',(1.556105384222,21.489527100633,0.));
#3626 = DIRECTION('',(-0.689506519987,0.724279475683,0.));
#3627 = DIRECTION('',(0.724279475683,0.689506519987,0.));
#3628 = ADVANCED_FACE('',(#3629),#3640,.F.);
#3629 = FACE_BOUND('',#3630,.F.);
#3630 = EDGE_LOOP('',(#3631,#3637,#3638,#3639));
#3631 = ORIENTED_EDGE('',*,*,#3632,.F.);
#3632 = EDGE_CURVE('',#2486,#986,#3633,.T.);
#3633 = LINE('',#3634,#3635);
#3634 = CARTESIAN_POINT('',(8.9,29.,0.85));
#3635 = VECTOR('',#3636,1.);
#3636 = DIRECTION('',(0.707106781187,0.,0.707106781187));
#3637 = ORIENTED_EDGE('',*,*,#2493,.T.);
#3638 = ORIENTED_EDGE('',*,*,#3632,.T.);
#3639 = ORIENTED_EDGE('',*,*,#985,.F.);
#3640 = CONICAL_SURFACE('',#3641,1.05,0.785398163397);
#3641 = AXIS2_PLACEMENT_3D('',#3642,#3643,#3644);
#3642 = CARTESIAN_POINT('',(7.85,29.,0.85));
#3643 = DIRECTION('',(0.,0.,1.));
#3644 = DIRECTION('',(1.,0.,-0.));
#3645 = ADVANCED_FACE('',(#3646),#3657,.F.);
#3646 = FACE_BOUND('',#3647,.F.);
#3647 = EDGE_LOOP('',(#3648,#3654,#3655,#3656));
#3648 = ORIENTED_EDGE('',*,*,#3649,.F.);
#3649 = EDGE_CURVE('',#2325,#1861,#3650,.T.);
#3650 = LINE('',#3651,#3652);
#3651 = CARTESIAN_POINT('',(-6.8,29.,0.85));
#3652 = VECTOR('',#3653,1.);
#3653 = DIRECTION('',(0.707106781187,0.,0.707106781187));
#3654 = ORIENTED_EDGE('',*,*,#2332,.T.);
#3655 = ORIENTED_EDGE('',*,*,#3649,.T.);
#3656 = ORIENTED_EDGE('',*,*,#1860,.F.);
#3657 = CONICAL_SURFACE('',#3658,1.05,0.785398163397);
#3658 = AXIS2_PLACEMENT_3D('',#3659,#3660,#3661);
#3659 = CARTESIAN_POINT('',(-7.85,29.,0.85));
#3660 = DIRECTION('',(0.,0.,1.));
#3661 = DIRECTION('',(1.,0.,-0.));
#3662 = ADVANCED_FACE('',(#3663),#3674,.F.);
#3663 = FACE_BOUND('',#3664,.F.);
#3664 = EDGE_LOOP('',(#3665,#3671,#3672,#3673));
#3665 = ORIENTED_EDGE('',*,*,#3666,.F.);
#3666 = EDGE_CURVE('',#2164,#1872,#3667,.T.);
#3667 = LINE('',#3668,#3669);
#3668 = CARTESIAN_POINT('',(7.25,-39.,0.85));
#3669 = VECTOR('',#3670,1.);
#3670 = DIRECTION('',(0.707106781187,0.,0.707106781187));
#3671 = ORIENTED_EDGE('',*,*,#2171,.T.);
#3672 = ORIENTED_EDGE('',*,*,#3666,.T.);
#3673 = ORIENTED_EDGE('',*,*,#1871,.F.);
#3674 = CONICAL_SURFACE('',#3675,1.05,0.785398163397);
#3675 = AXIS2_PLACEMENT_3D('',#3676,#3677,#3678);
#3676 = CARTESIAN_POINT('',(6.2,-39.,0.85));
#3677 = DIRECTION('',(0.,0.,1.));
#3678 = DIRECTION('',(1.,0.,-0.));
#3679 = ( GEOMETRIC_REPRESENTATION_CONTEXT(3) 
GLOBAL_UNCERTAINTY_ASSIGNED_CONTEXT((#3683)) 
GLOBAL_UNIT_ASSIGNED_CONTEXT((#3680,#3681,#3682)) REPRESENTATION_CONTEXT
('Context #1','3D Context with UNIT and UNCERTAINTY') );
#3680 = ( LENGTH_UNIT() NAMED_UNIT(*) SI_UNIT(.MILLI.,.METRE.) );
#3681 = ( NAMED_UNIT(*) PLANE_ANGLE_UNIT() SI_UNIT($,.RADIAN.) );
#3682 = ( NAMED_UNIT(*) SI_UNIT($,.STERADIAN.) SOLID_ANGLE_UNIT() );
#3683 = UNCERTAINTY_MEASURE_WITH_UNIT(LENGTH_MEASURE(1.E-05),#3680,
  'distance_accuracy_value','confusion accuracy');
#3684 = PRODUCT_RELATED_PRODUCT_CATEGORY('part',$,(#7));
#3685 = MECHANICAL_DESIGN_GEOMETRIC_PRESENTATION_REPRESENTATION('',(
    #3686),#3679);
#3686 = STYLED_ITEM('color',(#3687),#15);
#3687 = PRESENTATION_STYLE_ASSIGNMENT((#3688,#3694));
#3688 = SURFACE_STYLE_USAGE(.BOTH.,#3689);
#3689 = SURFACE_SIDE_STYLE('',(#3690));
#3690 = SURFACE_STYLE_FILL_AREA(#3691);
#3691 = FILL_AREA_STYLE('',(#3692));
#3692 = FILL_AREA_STYLE_COLOUR('',#3693);
#3693 = COLOUR_RGB('',0.447058818107,0.474509808674,0.501960817233);
#3694 = CURVE_STYLE('',#3695,POSITIVE_LENGTH_MEASURE(0.1),#3696);
#3695 = DRAUGHTING_PRE_DEFINED_CURVE_FONT('continuous');
#3696 = COLOUR_RGB('',9.803921802644E-02,9.803921802644E-02,
  9.803921802644E-02);
ENDSEC;
END-ISO-10303-21;
