ISO-10303-21;
HEADER;
FILE_DESCRIPTION(('FreeCAD Model'),'2;1');
FILE_NAME('Open CASCADE Shape Model','2026-05-05T06:48:13',(''),(''),
  'Open CASCADE STEP processor 7.8','FreeCAD','Unknown');
FILE_SCHEMA(('AUTOMOTIVE_DESIGN { 1 0 10303 214 1 1 1 1 }'));
ENDSEC;
DATA;
#1 = APPLICATION_PROTOCOL_DEFINITION('international standard',
  'automotive_design',2000,#2);
#2 = APPLICATION_CONTEXT(
  'core data for automotive mechanical design processes');
#3 = SHAPE_DEFINITION_REPRESENTATION(#4,#10);
#4 = PRODUCT_DEFINITION_SHAPE('','',#5);
#5 = PRODUCT_DEFINITION('design','',#6,#9);
#6 = PRODUCT_DEFINITION_FORMATION('','',#7);
#7 = PRODUCT('Frame','Frame','',(#8));
#8 = PRODUCT_CONTEXT('',#2,'mechanical');
#9 = PRODUCT_DEFINITION_CONTEXT('part definition',#2,'design');
#10 = ADVANCED_BREP_SHAPE_REPRESENTATION('',(#11,#15),#10009);
#11 = AXIS2_PLACEMENT_3D('',#12,#13,#14);
#12 = CARTESIAN_POINT('',(0.,0.,0.));
#13 = DIRECTION('',(0.,0.,1.));
#14 = DIRECTION('',(1.,0.,-0.));
#15 = MANIFOLD_SOLID_BREP('',#16);
#16 = CLOSED_SHELL('',(#17,#2597,#2628,#2653,#2678,#2703,#2727,#2752,
    #2777,#2794,#2825,#2850,#2875,#2900,#2924,#2949,#2974,#2998,#3023,
    #3048,#3073,#3097,#3121,#3146,#3171,#3195,#3219,#3244,#3269,#3293,
    #3318,#3343,#3368,#3393,#3417,#3442,#3467,#3491,#3515,#3540,#3565,
    #3589,#3613,#3638,#3663,#3687,#3711,#3736,#3761,#3785,#3810,#3835,
    #3860,#3884,#3908,#3933,#3958,#3983,#4007,#4032,#4057,#4081,#4105,
    #4130,#4155,#4179,#4203,#4228,#4253,#4277,#4301,#4326,#4351,#4375,
    #4399,#4424,#4449,#4474,#4498,#4523,#4548,#4572,#4597,#4622,#4647,
    #4671,#4695,#4720,#4745,#4770,#4794,#4819,#4844,#4868,#4892,#4917,
    #4942,#4966,#4990,#5015,#5040,#5058,#5089,#5114,#5139,#5163,#5187,
    #5212,#5237,#5254,#5279,#5304,#5329,#5354,#5379,#5404,#5436,#5461,
    #5486,#5510,#5534,#5559,#5584,#5609,#5633,#5651,#5682,#5707,#5732,
    #5756,#5780,#5798,#5829,#5854,#5879,#5903,#5927,#5952,#5977,#6002,
    #6026,#6044,#6069,#6094,#6125,#6150,#6175,#6199,#6223,#6241,#6266,
    #6297,#6322,#6347,#6371,#6395,#6413,#6438,#6469,#6494,#6519,#6543,
    #6567,#6592,#6617,#6634,#6659,#6684,#6709,#6734,#6759,#6790,#6815,
    #6840,#6864,#6888,#6906,#6931,#6962,#6987,#7012,#7036,#7060,#7078,
    #7103,#7128,#7153,#7178,#7203,#7228,#7259,#7284,#7309,#7333,#7357,
    #7382,#7407,#7424,#7449,#7481,#7506,#7531,#7555,#7579,#7604,#7629,
    #7653,#7677,#7695,#7720,#7751,#7776,#7801,#7825,#7849,#7874,#7899,
    #7924,#7948,#7966,#7997,#8022,#8047,#8071,#8095,#8120,#8145,#8169,
    #8193,#8211,#8242,#8267,#8292,#8316,#8340,#8358,#8383,#8408,#8439,
    #8464,#8489,#8513,#8537,#8562,#8587,#8612,#8636,#8654,#8679,#8704,
    #8729,#8754,#8779,#8804,#8835,#8860,#8885,#8909,#8933,#8958,#8983,
    #9000,#9031,#9056,#9081,#9116,#9140,#9165,#9190,#9207,#9238,#9263,
    #9288,#9313,#9337,#9362,#9387,#9404,#9435,#9460,#9485,#9520,#9544,
    #9569,#9594,#9611));
#17 = ADVANCED_FACE('',(#18,#89,#883,#953,#964,#975,#986,#997,#1008,
    #1019,#1108,#1161,#1249,#1260,#1271,#1324,#1335,#1388,#1399,#1469,
    #1480,#1491,#1502,#1513,#1524,#1577,#1588,#1641,#1652,#1663,#1674,
    #1685,#1696,#1707,#1777,#1788,#1876,#1887,#1975,#2062,#2115,#2126,
    #2137,#2225,#2236,#2247,#2258,#2269,#2280,#2291,#2361,#2441,#2512),
  #2592,.T.);
#18 = FACE_BOUND('',#19,.T.);
#19 = EDGE_LOOP('',(#20,#30,#39,#47,#56,#64,#73,#82));
#20 = ORIENTED_EDGE('',*,*,#21,.F.);
#21 = EDGE_CURVE('',#22,#24,#26,.T.);
#22 = VERTEX_POINT('',#23);
#23 = CARTESIAN_POINT('',(2.604194813358,-3.17595929007,0.));
#24 = VERTEX_POINT('',#25);
#25 = CARTESIAN_POINT('',(7.876415509367,-7.17357718045,0.));
#26 = LINE('',#27,#28);
#27 = CARTESIAN_POINT('',(6.38410544717,-6.042045375047,0.));
#28 = VECTOR('',#29,1.);
#29 = DIRECTION('',(0.796836637907,-0.604194813358,0.));
#30 = ORIENTED_EDGE('',*,*,#31,.F.);
#31 = EDGE_CURVE('',#32,#22,#34,.T.);
#32 = VERTEX_POINT('',#33);
#33 = CARTESIAN_POINT('',(1.,-3.972795927977,0.));
#34 = CIRCLE('',#35,1.);
#35 = AXIS2_PLACEMENT_3D('',#36,#37,#38);
#36 = CARTESIAN_POINT('',(2.,-3.972795927977,0.));
#37 = DIRECTION('',(-0.,-0.,-1.));
#38 = DIRECTION('',(0.,-1.,0.));
#39 = ORIENTED_EDGE('',*,*,#40,.T.);
#40 = EDGE_CURVE('',#32,#41,#43,.T.);
#41 = VERTEX_POINT('',#42);
#42 = CARTESIAN_POINT('',(1.,-12.78716379135,0.));
#43 = LINE('',#44,#45);
#44 = CARTESIAN_POINT('',(1.,-7.194440482554,0.));
#45 = VECTOR('',#46,1.);
#46 = DIRECTION('',(-1.2E-16,-1.,0.));
#47 = ORIENTED_EDGE('',*,*,#48,.T.);
#48 = EDGE_CURVE('',#41,#49,#51,.T.);
#49 = VERTEX_POINT('',#50);
#50 = CARTESIAN_POINT('',(2.222043338679,-13.76220058847,0.));
#51 = CIRCLE('',#52,1.);
#52 = AXIS2_PLACEMENT_3D('',#53,#54,#55);
#53 = CARTESIAN_POINT('',(2.,-12.78716379135,0.));
#54 = DIRECTION('',(-0.,0.,1.));
#55 = DIRECTION('',(0.,-1.,0.));
#56 = ORIENTED_EDGE('',*,*,#57,.T.);
#57 = EDGE_CURVE('',#49,#58,#60,.T.);
#58 = VERTEX_POINT('',#59);
#59 = CARTESIAN_POINT('',(7.245478335389,-12.61822296466,0.));
#60 = LINE('',#61,#62);
#61 = CARTESIAN_POINT('',(5.014669604637,-13.12624093895,0.));
#62 = VECTOR('',#63,1.);
#63 = DIRECTION('',(0.975036797125,0.222043338679,0.));
#64 = ORIENTED_EDGE('',*,*,#65,.T.);
#65 = EDGE_CURVE('',#58,#66,#68,.T.);
#66 = VERTEX_POINT('',#67);
#67 = CARTESIAN_POINT('',(7.898895291795,-11.15989611826,0.));
#68 = CIRCLE('',#69,1.);
#69 = AXIS2_PLACEMENT_3D('',#70,#71,#72);
#70 = CARTESIAN_POINT('',(7.02343499671,-11.64318616753,0.));
#71 = DIRECTION('',(0.,-0.,1.));
#72 = DIRECTION('',(0.,1.,0.));
#73 = ORIENTED_EDGE('',*,*,#74,.F.);
#74 = EDGE_CURVE('',#75,#66,#77,.T.);
#75 = VERTEX_POINT('',#76);
#76 = CARTESIAN_POINT('',(8.074508726594,-8.567350930605,0.));
#77 = CIRCLE('',#78,2.4);
#78 = AXIS2_PLACEMENT_3D('',#79,#80,#81);
#79 = CARTESIAN_POINT('',(10.,-10.,0.));
#80 = DIRECTION('',(0.,0.,1.));
#81 = DIRECTION('',(1.,0.,0.));
#82 = ORIENTED_EDGE('',*,*,#83,.F.);
#83 = EDGE_CURVE('',#24,#75,#84,.T.);
#84 = CIRCLE('',#85,1.);
#85 = AXIS2_PLACEMENT_3D('',#86,#87,#88);
#86 = CARTESIAN_POINT('',(7.272220696009,-7.970413818357,0.));
#87 = DIRECTION('',(0.,0.,-1.));
#88 = DIRECTION('',(0.,1.,0.));
#89 = FACE_BOUND('',#90,.T.);
#90 = EDGE_LOOP('',(#91,#101,#110,#119,#128,#136,#145,#153,#162,#170,
    #179,#187,#196,#205,#214,#222,#231,#239,#248,#256,#265,#273,#282,
    #290,#299,#308,#317,#325,#334,#342,#351,#359,#368,#376,#385,#394,
    #403,#411,#420,#428,#437,#446,#455,#463,#472,#480,#489,#498,#507,
    #515,#524,#532,#541,#549,#558,#566,#575,#584,#593,#601,#610,#618,
    #627,#635,#644,#652,#661,#669,#678,#686,#695,#703,#712,#721,#730,
    #738,#747,#755,#764,#772,#781,#789,#798,#807,#816,#824,#833,#841,
    #850,#859,#868,#876));
#91 = ORIENTED_EDGE('',*,*,#92,.F.);
#92 = EDGE_CURVE('',#93,#95,#97,.T.);
#93 = VERTEX_POINT('',#94);
#94 = CARTESIAN_POINT('',(39.572221597542,-27.43831501204,0.));
#95 = VERTEX_POINT('',#96);
#96 = CARTESIAN_POINT('',(19.732384839107,-11.67976777067,0.));
#97 = LINE('',#98,#99);
#98 = CARTESIAN_POINT('',(41.155490138745,-28.69588645308,0.));
#99 = VECTOR('',#100,1.);
#100 = DIRECTION('',(-0.783045822587,0.621964018033,0.));
#101 = ORIENTED_EDGE('',*,*,#102,.T.);
#102 = EDGE_CURVE('',#93,#103,#105,.T.);
#103 = VERTEX_POINT('',#104);
#104 = CARTESIAN_POINT('',(42.626958436527,-27.84356460449,0.));
#105 = CIRCLE('',#106,3.);
#106 = AXIS2_PLACEMENT_3D('',#107,#108,#109);
#107 = CARTESIAN_POINT('',(41.438113651642,-25.08917754428,0.));
#108 = DIRECTION('',(-0.,0.,1.));
#109 = DIRECTION('',(0.,-1.,0.));
#110 = ORIENTED_EDGE('',*,*,#111,.F.);
#111 = EDGE_CURVE('',#112,#103,#114,.T.);
#112 = VERTEX_POINT('',#113);
#113 = CARTESIAN_POINT('',(44.528487509593,-27.31538703332,0.));
#114 = CIRCLE('',#115,7.25);
#115 = AXIS2_PLACEMENT_3D('',#116,#117,#118);
#116 = CARTESIAN_POINT('',(45.5,-34.5,0.));
#117 = DIRECTION('',(0.,0.,1.));
#118 = DIRECTION('',(1.,0.,0.));
#119 = ORIENTED_EDGE('',*,*,#120,.T.);
#120 = EDGE_CURVE('',#112,#121,#123,.T.);
#121 = VERTEX_POINT('',#122);
#122 = CARTESIAN_POINT('',(46.743077118112,-27.89782041615,0.));
#123 = CIRCLE('',#124,3.);
#124 = AXIS2_PLACEMENT_3D('',#125,#126,#127);
#125 = CARTESIAN_POINT('',(44.930492678037,-30.28833032987,0.));
#126 = DIRECTION('',(-0.,-0.,-1.));
#127 = DIRECTION('',(0.,-1.,0.));
#128 = ORIENTED_EDGE('',*,*,#129,.T.);
#129 = EDGE_CURVE('',#121,#130,#132,.T.);
#130 = VERTEX_POINT('',#131);
#131 = CARTESIAN_POINT('',(53.093862943331,-32.71325142648,0.));
#132 = LINE('',#133,#134);
#133 = CARTESIAN_POINT('',(45.903527264976,-27.26123865938,0.));
#134 = VECTOR('',#135,1.);
#135 = DIRECTION('',(0.796836637907,-0.604194813358,0.));
#136 = ORIENTED_EDGE('',*,*,#137,.T.);
#137 = EDGE_CURVE('',#130,#138,#140,.T.);
#138 = VERTEX_POINT('',#139);
#139 = CARTESIAN_POINT('',(54.279125309697,-35.21740343236,0.));
#140 = CIRCLE('',#141,3.);
#141 = AXIS2_PLACEMENT_3D('',#142,#143,#144);
#142 = CARTESIAN_POINT('',(51.281278503256,-35.1037613402,0.));
#143 = DIRECTION('',(-0.,-0.,-1.));
#144 = DIRECTION('',(0.,-1.,0.));
#145 = ORIENTED_EDGE('',*,*,#146,.T.);
#146 = EDGE_CURVE('',#138,#147,#149,.T.);
#147 = VERTEX_POINT('',#148);
#148 = CARTESIAN_POINT('',(54.139842736358,-38.89163900605,0.));
#149 = LINE('',#150,#151);
#150 = CARTESIAN_POINT('',(54.338283638431,-33.65682316233,0.));
#151 = VECTOR('',#152,1.);
#152 = DIRECTION('',(-3.788069738642E-02,-0.999282268814,0.));
#153 = ORIENTED_EDGE('',*,*,#154,.T.);
#154 = EDGE_CURVE('',#147,#155,#157,.T.);
#155 = VERTEX_POINT('',#156);
#156 = CARTESIAN_POINT('',(52.060531288911,-41.6339193208,0.));
#157 = CIRCLE('',#158,3.);
#158 = AXIS2_PLACEMENT_3D('',#159,#160,#161);
#159 = CARTESIAN_POINT('',(51.141995929917,-38.77799691389,0.));
#160 = DIRECTION('',(-0.,-0.,-1.));
#161 = DIRECTION('',(0.,-1.,0.));
#162 = ORIENTED_EDGE('',*,*,#163,.F.);
#163 = EDGE_CURVE('',#164,#155,#166,.T.);
#164 = VERTEX_POINT('',#165);
#165 = CARTESIAN_POINT('',(48.560241787594,-42.75969909195,0.));
#166 = LINE('',#167,#168);
#167 = CARTESIAN_POINT('',(47.073542683626,-43.23785833461,0.));
#168 = VECTOR('',#169,1.);
#169 = DIRECTION('',(0.951974135636,0.306178452998,0.));
#170 = ORIENTED_EDGE('',*,*,#171,.T.);
#171 = EDGE_CURVE('',#164,#172,#174,.T.);
#172 = VERTEX_POINT('',#173);
#173 = CARTESIAN_POINT('',(45.829121988525,-42.29428659876,0.));
#174 = CIRCLE('',#175,3.);
#175 = AXIS2_PLACEMENT_3D('',#176,#177,#178);
#176 = CARTESIAN_POINT('',(47.6417064286,-39.90377668504,0.));
#177 = DIRECTION('',(-0.,-0.,-1.));
#178 = DIRECTION('',(0.,-1.,0.));
#179 = ORIENTED_EDGE('',*,*,#180,.F.);
#180 = EDGE_CURVE('',#181,#172,#183,.T.);
#181 = VERTEX_POINT('',#182);
#182 = CARTESIAN_POINT('',(39.478336163306,-37.47885558843,0.));
#183 = LINE('',#184,#185);
#184 = CARTESIAN_POINT('',(38.63878631017,-36.84227383166,0.));
#185 = VECTOR('',#186,1.);
#186 = DIRECTION('',(0.796836637907,-0.604194813358,0.));
#187 = ORIENTED_EDGE('',*,*,#188,.T.);
#188 = EDGE_CURVE('',#181,#189,#191,.T.);
#189 = VERTEX_POINT('',#190);
#190 = CARTESIAN_POINT('',(38.319805735179,-35.50364850392,0.));
#191 = CIRCLE('',#192,3.);
#192 = AXIS2_PLACEMENT_3D('',#193,#194,#195);
#193 = CARTESIAN_POINT('',(41.290920603381,-35.08834567471,0.));
#194 = DIRECTION('',(-0.,-0.,-1.));
#195 = DIRECTION('',(0.,-1.,0.));
#196 = ORIENTED_EDGE('',*,*,#197,.F.);
#197 = EDGE_CURVE('',#198,#189,#200,.T.);
#198 = VERTEX_POINT('',#199);
#199 = CARTESIAN_POINT('',(38.315272999787,-33.52933119324,0.));
#200 = CIRCLE('',#201,7.25);
#201 = AXIS2_PLACEMENT_3D('',#202,#203,#204);
#202 = CARTESIAN_POINT('',(45.5,-34.5,0.));
#203 = DIRECTION('',(0.,0.,1.));
#204 = DIRECTION('',(1.,0.,0.));
#205 = ORIENTED_EDGE('',*,*,#206,.T.);
#206 = EDGE_CURVE('',#198,#207,#209,.T.);
#207 = VERTEX_POINT('',#208);
#208 = CARTESIAN_POINT('',(37.101854437459,-30.69787953553,0.));
#209 = CIRCLE('',#210,3.);
#210 = AXIS2_PLACEMENT_3D('',#211,#212,#213);
#211 = CARTESIAN_POINT('',(35.342282516941,-33.12767513527,0.));
#212 = DIRECTION('',(-0.,0.,1.));
#213 = DIRECTION('',(0.,-1.,0.));
#214 = ORIENTED_EDGE('',*,*,#215,.T.);
#215 = EDGE_CURVE('',#207,#216,#218,.T.);
#216 = VERTEX_POINT('',#217);
#217 = CARTESIAN_POINT('',(17.591790161964,-16.56938194901,0.));
#218 = LINE('',#219,#220);
#219 = CARTESIAN_POINT('',(38.738710885313,-31.88323300471,0.));
#220 = VECTOR('',#221,1.);
#221 = DIRECTION('',(-0.80993186658,0.586523973506,0.));
#222 = ORIENTED_EDGE('',*,*,#223,.F.);
#223 = EDGE_CURVE('',#224,#216,#226,.T.);
#224 = VERTEX_POINT('',#225);
#225 = CARTESIAN_POINT('',(10.462265228918,-19.91675423816,0.));
#226 = CIRCLE('',#227,4.5);
#227 = AXIS2_PLACEMENT_3D('',#228,#229,#230);
#228 = CARTESIAN_POINT('',(14.952432281186,-20.21407534862,0.));
#229 = DIRECTION('',(-0.,-0.,-1.));
#230 = DIRECTION('',(0.,-1.,0.));
#231 = ORIENTED_EDGE('',*,*,#232,.F.);
#232 = EDGE_CURVE('',#233,#224,#235,.T.);
#233 = VERTEX_POINT('',#234);
#234 = CARTESIAN_POINT('',(9.123682124846,-40.13214271576,0.));
#235 = LINE('',#236,#237);
#236 = CARTESIAN_POINT('',(9.,-42.,0.));
#237 = VECTOR('',#238,1.);
#238 = DIRECTION('',(6.607135788096E-02,0.997814900504,0.));
#239 = ORIENTED_EDGE('',*,*,#240,.T.);
#240 = EDGE_CURVE('',#233,#241,#243,.T.);
#241 = VERTEX_POINT('',#242);
#242 = CARTESIAN_POINT('',(7.128052323838,-42.,0.));
#243 = CIRCLE('',#244,2.);
#244 = AXIS2_PLACEMENT_3D('',#245,#246,#247);
#245 = CARTESIAN_POINT('',(7.128052323838,-40.,0.));
#246 = DIRECTION('',(-0.,-0.,-1.));
#247 = DIRECTION('',(0.,-1.,0.));
#248 = ORIENTED_EDGE('',*,*,#249,.F.);
#249 = EDGE_CURVE('',#250,#241,#252,.T.);
#250 = VERTEX_POINT('',#251);
#251 = CARTESIAN_POINT('',(-7.128052323838,-42.,0.));
#252 = LINE('',#253,#254);
#253 = CARTESIAN_POINT('',(-9.,-42.,0.));
#254 = VECTOR('',#255,1.);
#255 = DIRECTION('',(1.,0.,0.));
#256 = ORIENTED_EDGE('',*,*,#257,.T.);
#257 = EDGE_CURVE('',#250,#258,#260,.T.);
#258 = VERTEX_POINT('',#259);
#259 = CARTESIAN_POINT('',(-9.123682124846,-40.13214271576,0.));
#260 = CIRCLE('',#261,2.);
#261 = AXIS2_PLACEMENT_3D('',#262,#263,#264);
#262 = CARTESIAN_POINT('',(-7.128052323838,-40.,0.));
#263 = DIRECTION('',(-0.,-0.,-1.));
#264 = DIRECTION('',(0.,-1.,0.));
#265 = ORIENTED_EDGE('',*,*,#266,.F.);
#266 = EDGE_CURVE('',#267,#258,#269,.T.);
#267 = VERTEX_POINT('',#268);
#268 = CARTESIAN_POINT('',(-10.46226522891,-19.91675423808,0.));
#269 = LINE('',#270,#271);
#270 = CARTESIAN_POINT('',(-11.,-11.7958409662,0.));
#271 = VECTOR('',#272,1.);
#272 = DIRECTION('',(6.607135788072E-02,-0.997814900504,0.));
#273 = ORIENTED_EDGE('',*,*,#274,.F.);
#274 = EDGE_CURVE('',#275,#267,#277,.T.);
#275 = VERTEX_POINT('',#276);
#276 = CARTESIAN_POINT('',(-17.59179016197,-16.56938194893,0.));
#277 = CIRCLE('',#278,4.5);
#278 = AXIS2_PLACEMENT_3D('',#279,#280,#281);
#279 = CARTESIAN_POINT('',(-14.95243228118,-20.21407534854,0.));
#280 = DIRECTION('',(-0.,-0.,-1.));
#281 = DIRECTION('',(0.,-1.,0.));
#282 = ORIENTED_EDGE('',*,*,#283,.F.);
#283 = EDGE_CURVE('',#284,#275,#286,.T.);
#284 = VERTEX_POINT('',#285);
#285 = CARTESIAN_POINT('',(-37.10185443746,-30.69787953552,0.));
#286 = LINE('',#287,#288);
#287 = CARTESIAN_POINT('',(-38.73871088531,-31.88323300471,0.));
#288 = VECTOR('',#289,1.);
#289 = DIRECTION('',(0.809931866579,0.586523973508,0.));
#290 = ORIENTED_EDGE('',*,*,#291,.T.);
#291 = EDGE_CURVE('',#284,#292,#294,.T.);
#292 = VERTEX_POINT('',#293);
#293 = CARTESIAN_POINT('',(-38.31527299978,-33.52933119323,0.));
#294 = CIRCLE('',#295,3.);
#295 = AXIS2_PLACEMENT_3D('',#296,#297,#298);
#296 = CARTESIAN_POINT('',(-35.34228251694,-33.12767513526,0.));
#297 = DIRECTION('',(-0.,0.,1.));
#298 = DIRECTION('',(0.,-1.,0.));
#299 = ORIENTED_EDGE('',*,*,#300,.F.);
#300 = EDGE_CURVE('',#301,#292,#303,.T.);
#301 = VERTEX_POINT('',#302);
#302 = CARTESIAN_POINT('',(-38.31018875087,-35.43226294682,0.));
#303 = CIRCLE('',#304,7.25);
#304 = AXIS2_PLACEMENT_3D('',#305,#306,#307);
#305 = CARTESIAN_POINT('',(-45.5,-34.5,0.));
#306 = DIRECTION('',(0.,0.,1.));
#307 = DIRECTION('',(1.,0.,0.));
#308 = ORIENTED_EDGE('',*,*,#309,.T.);
#309 = EDGE_CURVE('',#301,#310,#312,.T.);
#310 = VERTEX_POINT('',#311);
#311 = CARTESIAN_POINT('',(-39.47269862078,-37.43700888254,0.));
#312 = CIRCLE('',#313,3.);
#313 = AXIS2_PLACEMENT_3D('',#314,#315,#316);
#314 = CARTESIAN_POINT('',(-41.28528306086,-35.04649896882,0.));
#315 = DIRECTION('',(-0.,-0.,-1.));
#316 = DIRECTION('',(0.,-1.,0.));
#317 = ORIENTED_EDGE('',*,*,#318,.T.);
#318 = EDGE_CURVE('',#310,#319,#321,.T.);
#319 = VERTEX_POINT('',#320);
#320 = CARTESIAN_POINT('',(-45.92502955803,-42.32943563716,0.));
#321 = LINE('',#322,#323);
#322 = CARTESIAN_POINT('',(-38.62175947789,-36.79179129068,0.));
#323 = VECTOR('',#324,1.);
#324 = DIRECTION('',(-0.796836637907,-0.604194813358,0.));
#325 = ORIENTED_EDGE('',*,*,#326,.T.);
#326 = EDGE_CURVE('',#319,#327,#329,.T.);
#327 = VERTEX_POINT('',#328);
#328 = CARTESIAN_POINT('',(-48.40374401414,-42.86403611481,0.));
#329 = CIRCLE('',#330,3.);
#330 = AXIS2_PLACEMENT_3D('',#331,#332,#333);
#331 = CARTESIAN_POINT('',(-47.7376139981,-39.93892572344,0.));
#332 = DIRECTION('',(-0.,-0.,-1.));
#333 = DIRECTION('',(0.,-1.,0.));
#334 = ORIENTED_EDGE('',*,*,#335,.T.);
#335 = EDGE_CURVE('',#327,#336,#338,.T.);
#336 = VERTEX_POINT('',#337);
#337 = CARTESIAN_POINT('',(-52.19926887811,-41.99968820987,0.));
#338 = LINE('',#339,#340);
#339 = CARTESIAN_POINT('',(-47.03974263769,-43.17465764262,0.));
#340 = VECTOR('',#341,1.);
#341 = DIRECTION('',(-0.975036797125,0.222043338679,0.));
#342 = ORIENTED_EDGE('',*,*,#343,.T.);
#343 = EDGE_CURVE('',#336,#344,#346,.T.);
#344 = VERTEX_POINT('',#345);
#345 = CARTESIAN_POINT('',(-54.52948251729,-38.92650790313,0.));
#346 = CIRCLE('',#347,3.);
#347 = AXIS2_PLACEMENT_3D('',#348,#349,#350);
#348 = CARTESIAN_POINT('',(-51.53313886208,-39.0745778185,0.));
#349 = DIRECTION('',(-0.,-0.,-1.));
#350 = DIRECTION('',(0.,-1.,0.));
#351 = ORIENTED_EDGE('',*,*,#352,.F.);
#352 = EDGE_CURVE('',#353,#344,#355,.T.);
#353 = VERTEX_POINT('',#354);
#354 = CARTESIAN_POINT('',(-54.33735197513,-35.03855315177,0.));
#355 = LINE('',#356,#357);
#356 = CARTESIAN_POINT('',(-54.26830583965,-33.64133515888,0.));
#357 = VECTOR('',#358,1.);
#358 = DIRECTION('',(-4.935663845666E-02,-0.998781218406,0.));
#359 = ORIENTED_EDGE('',*,*,#360,.T.);
#360 = EDGE_CURVE('',#353,#361,#363,.T.);
#361 = VERTEX_POINT('',#362);
#362 = CARTESIAN_POINT('',(-53.15359275998,-32.79611315342,0.));
#363 = CIRCLE('',#364,3.);
#364 = AXIS2_PLACEMENT_3D('',#365,#366,#367);
#365 = CARTESIAN_POINT('',(-51.34100831991,-35.18662306714,0.));
#366 = DIRECTION('',(-0.,-0.,-1.));
#367 = DIRECTION('',(0.,-1.,0.));
#368 = ORIENTED_EDGE('',*,*,#369,.F.);
#369 = EDGE_CURVE('',#370,#361,#372,.T.);
#370 = VERTEX_POINT('',#371);
#371 = CARTESIAN_POINT('',(-46.70126182274,-27.9036863988,0.));
#372 = LINE('',#373,#374);
#373 = CARTESIAN_POINT('',(-45.85032267984,-27.25846880694,0.));
#374 = VECTOR('',#375,1.);
#375 = DIRECTION('',(-0.796836637907,-0.604194813358,0.));
#376 = ORIENTED_EDGE('',*,*,#377,.T.);
#377 = EDGE_CURVE('',#370,#378,#380,.T.);
#378 = VERTEX_POINT('',#379);
#379 = CARTESIAN_POINT('',(-44.45715553513,-27.32539370961,0.));
#380 = CIRCLE('',#381,3.);
#381 = AXIS2_PLACEMENT_3D('',#382,#383,#384);
#382 = CARTESIAN_POINT('',(-44.88867738266,-30.29419631253,0.));
#383 = DIRECTION('',(-0.,-0.,-1.));
#384 = DIRECTION('',(0.,-1.,0.));
#385 = ORIENTED_EDGE('',*,*,#386,.F.);
#386 = EDGE_CURVE('',#387,#378,#389,.T.);
#387 = VERTEX_POINT('',#388);
#388 = CARTESIAN_POINT('',(-42.62695843656,-27.84356460447,0.));
#389 = CIRCLE('',#390,7.25);
#390 = AXIS2_PLACEMENT_3D('',#391,#392,#393);
#391 = CARTESIAN_POINT('',(-45.5,-34.5,0.));
#392 = DIRECTION('',(0.,0.,1.));
#393 = DIRECTION('',(1.,0.,0.));
#394 = ORIENTED_EDGE('',*,*,#395,.T.);
#395 = EDGE_CURVE('',#387,#396,#398,.T.);
#396 = VERTEX_POINT('',#397);
#397 = CARTESIAN_POINT('',(-39.57222159753,-27.43831501197,0.));
#398 = CIRCLE('',#399,3.);
#399 = AXIS2_PLACEMENT_3D('',#400,#401,#402);
#400 = CARTESIAN_POINT('',(-41.43811365169,-25.08917754426,0.));
#401 = DIRECTION('',(-0.,0.,1.));
#402 = DIRECTION('',(0.,-1.,0.));
#403 = ORIENTED_EDGE('',*,*,#404,.F.);
#404 = EDGE_CURVE('',#405,#396,#407,.T.);
#405 = VERTEX_POINT('',#406);
#406 = CARTESIAN_POINT('',(-19.73238483901,-11.67976776973,0.));
#407 = LINE('',#408,#409);
#408 = CARTESIAN_POINT('',(-18.03122292025,-10.32855501583,0.));
#409 = VECTOR('',#410,1.);
#410 = DIRECTION('',(-0.783045822572,-0.621964018053,0.));
#411 = ORIENTED_EDGE('',*,*,#412,.F.);
#412 = EDGE_CURVE('',#413,#405,#415,.T.);
#413 = VERTEX_POINT('',#414);
#414 = CARTESIAN_POINT('',(-18.03122292025,-8.156061568164,0.));
#415 = CIRCLE('',#416,4.5);
#416 = AXIS2_PLACEMENT_3D('',#417,#418,#419);
#417 = CARTESIAN_POINT('',(-22.53122292025,-8.156061568164,0.));
#418 = DIRECTION('',(-0.,-0.,-1.));
#419 = DIRECTION('',(0.,-1.,0.));
#420 = ORIENTED_EDGE('',*,*,#421,.T.);
#421 = EDGE_CURVE('',#413,#422,#424,.T.);
#422 = VERTEX_POINT('',#423);
#423 = CARTESIAN_POINT('',(-18.03122292025,-3.919183588453,0.));
#424 = LINE('',#425,#426);
#425 = CARTESIAN_POINT('',(-18.03122292025,-10.32855501583,0.));
#426 = VECTOR('',#427,1.);
#427 = DIRECTION('',(0.,1.,0.));
#428 = ORIENTED_EDGE('',*,*,#429,.T.);
#429 = EDGE_CURVE('',#422,#430,#432,.T.);
#430 = VERTEX_POINT('',#431);
#431 = CARTESIAN_POINT('',(-19.12213201116,-2.137736502793,0.));
#432 = CIRCLE('',#433,2.);
#433 = AXIS2_PLACEMENT_3D('',#434,#435,#436);
#434 = CARTESIAN_POINT('',(-20.03122292025,-3.919183588453,0.));
#435 = DIRECTION('',(-0.,0.,1.));
#436 = DIRECTION('',(0.,-1.,0.));
#437 = ORIENTED_EDGE('',*,*,#438,.F.);
#438 = EDGE_CURVE('',#439,#430,#441,.T.);
#439 = VERTEX_POINT('',#440);
#440 = CARTESIAN_POINT('',(-19.12213201116,2.137736502793,0.));
#441 = CIRCLE('',#442,2.4);
#442 = AXIS2_PLACEMENT_3D('',#443,#444,#445);
#443 = CARTESIAN_POINT('',(-18.03122292025,0.,0.));
#444 = DIRECTION('',(0.,0.,1.));
#445 = DIRECTION('',(1.,0.,0.));
#446 = ORIENTED_EDGE('',*,*,#447,.T.);
#447 = EDGE_CURVE('',#439,#448,#450,.T.);
#448 = VERTEX_POINT('',#449);
#449 = CARTESIAN_POINT('',(-18.03122292025,3.919183588453,0.));
#450 = CIRCLE('',#451,2.);
#451 = AXIS2_PLACEMENT_3D('',#452,#453,#454);
#452 = CARTESIAN_POINT('',(-20.03122292025,3.919183588453,0.));
#453 = DIRECTION('',(-0.,0.,1.));
#454 = DIRECTION('',(0.,-1.,0.));
#455 = ORIENTED_EDGE('',*,*,#456,.T.);
#456 = EDGE_CURVE('',#448,#457,#459,.T.);
#457 = VERTEX_POINT('',#458);
#458 = CARTESIAN_POINT('',(-18.03122292025,8.156061568164,0.));
#459 = LINE('',#460,#461);
#460 = CARTESIAN_POINT('',(-18.03122292025,2.4,0.));
#461 = VECTOR('',#462,1.);
#462 = DIRECTION('',(0.,1.,0.));
#463 = ORIENTED_EDGE('',*,*,#464,.F.);
#464 = EDGE_CURVE('',#465,#457,#467,.T.);
#465 = VERTEX_POINT('',#466);
#466 = CARTESIAN_POINT('',(-19.73238483901,11.679767769739,0.));
#467 = CIRCLE('',#468,4.5);
#468 = AXIS2_PLACEMENT_3D('',#469,#470,#471);
#469 = CARTESIAN_POINT('',(-22.53122292025,8.156061568164,0.));
#470 = DIRECTION('',(-0.,-0.,-1.));
#471 = DIRECTION('',(0.,-1.,0.));
#472 = ORIENTED_EDGE('',*,*,#473,.F.);
#473 = EDGE_CURVE('',#474,#465,#476,.T.);
#474 = VERTEX_POINT('',#475);
#475 = CARTESIAN_POINT('',(-39.57222159753,27.438315011977,0.));
#476 = LINE('',#477,#478);
#477 = CARTESIAN_POINT('',(-41.15549013874,28.695886453087,0.));
#478 = VECTOR('',#479,1.);
#479 = DIRECTION('',(0.783045822572,-0.621964018053,0.));
#480 = ORIENTED_EDGE('',*,*,#481,.F.);
#481 = EDGE_CURVE('',#482,#474,#484,.T.);
#482 = VERTEX_POINT('',#483);
#483 = CARTESIAN_POINT('',(-42.62695843656,27.843564604477,0.));
#484 = CIRCLE('',#485,3.);
#485 = AXIS2_PLACEMENT_3D('',#486,#487,#488);
#486 = CARTESIAN_POINT('',(-41.43811365169,25.089177544261,0.));
#487 = DIRECTION('',(-0.,-0.,-1.));
#488 = DIRECTION('',(0.,-1.,0.));
#489 = ORIENTED_EDGE('',*,*,#490,.F.);
#490 = EDGE_CURVE('',#491,#482,#493,.T.);
#491 = VERTEX_POINT('',#492);
#492 = CARTESIAN_POINT('',(-44.52848750959,27.31538703332,0.));
#493 = CIRCLE('',#494,7.25);
#494 = AXIS2_PLACEMENT_3D('',#495,#496,#497);
#495 = CARTESIAN_POINT('',(-45.5,34.5,0.));
#496 = DIRECTION('',(0.,0.,1.));
#497 = DIRECTION('',(1.,0.,0.));
#498 = ORIENTED_EDGE('',*,*,#499,.F.);
#499 = EDGE_CURVE('',#500,#491,#502,.T.);
#500 = VERTEX_POINT('',#501);
#501 = CARTESIAN_POINT('',(-46.74307711811,27.897820416156,0.));
#502 = CIRCLE('',#503,3.);
#503 = AXIS2_PLACEMENT_3D('',#504,#505,#506);
#504 = CARTESIAN_POINT('',(-44.93049267803,30.288330329877,0.));
#505 = DIRECTION('',(-0.,0.,1.));
#506 = DIRECTION('',(0.,-1.,0.));
#507 = ORIENTED_EDGE('',*,*,#508,.T.);
#508 = EDGE_CURVE('',#500,#509,#511,.T.);
#509 = VERTEX_POINT('',#510);
#510 = CARTESIAN_POINT('',(-53.09386294333,32.713251426487,0.));
#511 = LINE('',#512,#513);
#512 = CARTESIAN_POINT('',(-45.90352726497,27.261238659382,0.));
#513 = VECTOR('',#514,1.);
#514 = DIRECTION('',(-0.796836637907,0.604194813358,0.));
#515 = ORIENTED_EDGE('',*,*,#516,.F.);
#516 = EDGE_CURVE('',#517,#509,#519,.T.);
#517 = VERTEX_POINT('',#518);
#518 = CARTESIAN_POINT('',(-54.27912530969,35.217403432367,0.));
#519 = CIRCLE('',#520,3.);
#520 = AXIS2_PLACEMENT_3D('',#521,#522,#523);
#521 = CARTESIAN_POINT('',(-51.28127850325,35.103761340208,0.));
#522 = DIRECTION('',(-0.,0.,1.));
#523 = DIRECTION('',(0.,-1.,0.));
#524 = ORIENTED_EDGE('',*,*,#525,.T.);
#525 = EDGE_CURVE('',#517,#526,#528,.T.);
#526 = VERTEX_POINT('',#527);
#527 = CARTESIAN_POINT('',(-54.13984273635,38.891639006052,0.));
#528 = LINE('',#529,#530);
#529 = CARTESIAN_POINT('',(-54.33828363843,33.656823162332,0.));
#530 = VECTOR('',#531,1.);
#531 = DIRECTION('',(3.788069738642E-02,0.999282268814,0.));
#532 = ORIENTED_EDGE('',*,*,#533,.F.);
#533 = EDGE_CURVE('',#534,#526,#536,.T.);
#534 = VERTEX_POINT('',#535);
#535 = CARTESIAN_POINT('',(-52.06053128891,41.6339193208,0.));
#536 = CIRCLE('',#537,3.);
#537 = AXIS2_PLACEMENT_3D('',#538,#539,#540);
#538 = CARTESIAN_POINT('',(-51.14199592991,38.777996913893,0.));
#539 = DIRECTION('',(-0.,0.,1.));
#540 = DIRECTION('',(0.,-1.,0.));
#541 = ORIENTED_EDGE('',*,*,#542,.F.);
#542 = EDGE_CURVE('',#543,#534,#545,.T.);
#543 = VERTEX_POINT('',#544);
#544 = CARTESIAN_POINT('',(-48.56024178759,42.759699091953,0.));
#545 = LINE('',#546,#547);
#546 = CARTESIAN_POINT('',(-47.07354268362,43.237858334612,0.));
#547 = VECTOR('',#548,1.);
#548 = DIRECTION('',(-0.951974135636,-0.306178452998,0.));
#549 = ORIENTED_EDGE('',*,*,#550,.F.);
#550 = EDGE_CURVE('',#551,#543,#553,.T.);
#551 = VERTEX_POINT('',#552);
#552 = CARTESIAN_POINT('',(-45.82912198852,42.294286598767,0.));
#553 = CIRCLE('',#554,3.);
#554 = AXIS2_PLACEMENT_3D('',#555,#556,#557);
#555 = CARTESIAN_POINT('',(-47.6417064286,39.903776685045,0.));
#556 = DIRECTION('',(-0.,0.,1.));
#557 = DIRECTION('',(0.,-1.,0.));
#558 = ORIENTED_EDGE('',*,*,#559,.F.);
#559 = EDGE_CURVE('',#560,#551,#562,.T.);
#560 = VERTEX_POINT('',#561);
#561 = CARTESIAN_POINT('',(-39.4783361633,37.478855588436,0.));
#562 = LINE('',#563,#564);
#563 = CARTESIAN_POINT('',(-38.63878631017,36.842273831662,0.));
#564 = VECTOR('',#565,1.);
#565 = DIRECTION('',(-0.796836637907,0.604194813358,0.));
#566 = ORIENTED_EDGE('',*,*,#567,.F.);
#567 = EDGE_CURVE('',#568,#560,#570,.T.);
#568 = VERTEX_POINT('',#569);
#569 = CARTESIAN_POINT('',(-38.31980573517,35.503648503925,0.));
#570 = CIRCLE('',#571,3.);
#571 = AXIS2_PLACEMENT_3D('',#572,#573,#574);
#572 = CARTESIAN_POINT('',(-41.29092060338,35.088345674714,0.));
#573 = DIRECTION('',(-0.,0.,1.));
#574 = DIRECTION('',(0.,-1.,0.));
#575 = ORIENTED_EDGE('',*,*,#576,.F.);
#576 = EDGE_CURVE('',#577,#568,#579,.T.);
#577 = VERTEX_POINT('',#578);
#578 = CARTESIAN_POINT('',(-38.31527299978,33.529331193237,0.));
#579 = CIRCLE('',#580,7.25);
#580 = AXIS2_PLACEMENT_3D('',#581,#582,#583);
#581 = CARTESIAN_POINT('',(-45.5,34.5,0.));
#582 = DIRECTION('',(0.,0.,1.));
#583 = DIRECTION('',(1.,0.,0.));
#584 = ORIENTED_EDGE('',*,*,#585,.F.);
#585 = EDGE_CURVE('',#586,#577,#588,.T.);
#586 = VERTEX_POINT('',#587);
#587 = CARTESIAN_POINT('',(-37.10185443746,30.697879535529,0.));
#588 = CIRCLE('',#589,3.);
#589 = AXIS2_PLACEMENT_3D('',#590,#591,#592);
#590 = CARTESIAN_POINT('',(-35.34228251694,33.127675135266,0.));
#591 = DIRECTION('',(-0.,-0.,-1.));
#592 = DIRECTION('',(0.,-1.,0.));
#593 = ORIENTED_EDGE('',*,*,#594,.T.);
#594 = EDGE_CURVE('',#586,#595,#597,.T.);
#595 = VERTEX_POINT('',#596);
#596 = CARTESIAN_POINT('',(-18.13935788078,16.965911098433,0.));
#597 = LINE('',#598,#599);
#598 = CARTESIAN_POINT('',(-38.73871088531,31.883233004715,0.));
#599 = VECTOR('',#600,1.);
#600 = DIRECTION('',(0.809931866579,-0.586523973508,0.));
#601 = ORIENTED_EDGE('',*,*,#602,.F.);
#602 = EDGE_CURVE('',#603,#595,#605,.T.);
#603 = VERTEX_POINT('',#604);
#604 = CARTESIAN_POINT('',(-11.,20.610604498038,0.));
#605 = CIRCLE('',#606,4.5);
#606 = AXIS2_PLACEMENT_3D('',#607,#608,#609);
#607 = CARTESIAN_POINT('',(-15.5,20.610604498038,0.));
#608 = DIRECTION('',(-0.,-0.,-1.));
#609 = DIRECTION('',(0.,-1.,0.));
#610 = ORIENTED_EDGE('',*,*,#611,.F.);
#611 = EDGE_CURVE('',#612,#603,#614,.T.);
#612 = VERTEX_POINT('',#613);
#613 = CARTESIAN_POINT('',(-11.,30.64765004464,0.));
#614 = LINE('',#615,#616);
#615 = CARTESIAN_POINT('',(-11.,31.,0.));
#616 = VECTOR('',#617,1.);
#617 = DIRECTION('',(0.,-1.,0.));
#618 = ORIENTED_EDGE('',*,*,#619,.F.);
#619 = EDGE_CURVE('',#620,#612,#622,.T.);
#620 = VERTEX_POINT('',#621);
#621 = CARTESIAN_POINT('',(-10.87958684697,31.331136170814,0.));
#622 = CIRCLE('',#623,2.);
#623 = AXIS2_PLACEMENT_3D('',#624,#625,#626);
#624 = CARTESIAN_POINT('',(-9.,30.64765004464,0.));
#625 = DIRECTION('',(-0.,0.,1.));
#626 = DIRECTION('',(0.,-1.,0.));
#627 = ORIENTED_EDGE('',*,*,#628,.F.);
#628 = EDGE_CURVE('',#629,#620,#631,.T.);
#629 = VERTEX_POINT('',#630);
#630 = CARTESIAN_POINT('',(-7.478732317755,40.683486126173,0.));
#631 = LINE('',#632,#633);
#632 = CARTESIAN_POINT('',(-7.,42.,0.));
#633 = VECTOR('',#634,1.);
#634 = DIRECTION('',(-0.341743063087,-0.939793423488,0.));
#635 = ORIENTED_EDGE('',*,*,#636,.F.);
#636 = EDGE_CURVE('',#637,#629,#639,.T.);
#637 = VERTEX_POINT('',#638);
#638 = CARTESIAN_POINT('',(-5.599145470778,42.,0.));
#639 = CIRCLE('',#640,2.);
#640 = AXIS2_PLACEMENT_3D('',#641,#642,#643);
#641 = CARTESIAN_POINT('',(-5.599145470778,40.,0.));
#642 = DIRECTION('',(-0.,0.,1.));
#643 = DIRECTION('',(0.,-1.,0.));
#644 = ORIENTED_EDGE('',*,*,#645,.T.);
#645 = EDGE_CURVE('',#637,#646,#648,.T.);
#646 = VERTEX_POINT('',#647);
#647 = CARTESIAN_POINT('',(5.599145470775,42.,0.));
#648 = LINE('',#649,#650);
#649 = CARTESIAN_POINT('',(-7.,42.,0.));
#650 = VECTOR('',#651,1.);
#651 = DIRECTION('',(1.,0.,0.));
#652 = ORIENTED_EDGE('',*,*,#653,.F.);
#653 = EDGE_CURVE('',#654,#646,#656,.T.);
#654 = VERTEX_POINT('',#655);
#655 = CARTESIAN_POINT('',(7.478732317754,40.68348612617,0.));
#656 = CIRCLE('',#657,2.);
#657 = AXIS2_PLACEMENT_3D('',#658,#659,#660);
#658 = CARTESIAN_POINT('',(5.599145470775,40.,0.));
#659 = DIRECTION('',(-0.,0.,1.));
#660 = DIRECTION('',(0.,-1.,0.));
#661 = ORIENTED_EDGE('',*,*,#662,.T.);
#662 = EDGE_CURVE('',#654,#663,#665,.T.);
#663 = VERTEX_POINT('',#664);
#664 = CARTESIAN_POINT('',(10.879586846978,31.331136170748,0.));
#665 = LINE('',#666,#667);
#666 = CARTESIAN_POINT('',(7.,42.,0.));
#667 = VECTOR('',#668,1.);
#668 = DIRECTION('',(0.341743063085,-0.939793423489,0.));
#669 = ORIENTED_EDGE('',*,*,#670,.F.);
#670 = EDGE_CURVE('',#671,#663,#673,.T.);
#671 = VERTEX_POINT('',#672);
#672 = CARTESIAN_POINT('',(11.,30.647650044578,0.));
#673 = CIRCLE('',#674,2.);
#674 = AXIS2_PLACEMENT_3D('',#675,#676,#677);
#675 = CARTESIAN_POINT('',(9.,30.647650044578,0.));
#676 = DIRECTION('',(-0.,0.,1.));
#677 = DIRECTION('',(0.,-1.,0.));
#678 = ORIENTED_EDGE('',*,*,#679,.F.);
#679 = EDGE_CURVE('',#680,#671,#682,.T.);
#680 = VERTEX_POINT('',#681);
#681 = CARTESIAN_POINT('',(11.,20.610604498038,0.));
#682 = LINE('',#683,#684);
#683 = CARTESIAN_POINT('',(11.,11.795840966208,0.));
#684 = VECTOR('',#685,1.);
#685 = DIRECTION('',(-9.E-17,1.,0.));
#686 = ORIENTED_EDGE('',*,*,#687,.F.);
#687 = EDGE_CURVE('',#688,#680,#690,.T.);
#688 = VERTEX_POINT('',#689);
#689 = CARTESIAN_POINT('',(18.139357880787,16.965911098433,0.));
#690 = CIRCLE('',#691,4.5);
#691 = AXIS2_PLACEMENT_3D('',#692,#693,#694);
#692 = CARTESIAN_POINT('',(15.5,20.610604498038,0.));
#693 = DIRECTION('',(-0.,-0.,-1.));
#694 = DIRECTION('',(0.,-1.,0.));
#695 = ORIENTED_EDGE('',*,*,#696,.F.);
#696 = EDGE_CURVE('',#697,#688,#699,.T.);
#697 = VERTEX_POINT('',#698);
#698 = CARTESIAN_POINT('',(37.101854437466,30.697879535529,0.));
#699 = LINE('',#700,#701);
#700 = CARTESIAN_POINT('',(38.738710885313,31.883233004715,0.));
#701 = VECTOR('',#702,1.);
#702 = DIRECTION('',(-0.809931866579,-0.586523973508,0.));
#703 = ORIENTED_EDGE('',*,*,#704,.F.);
#704 = EDGE_CURVE('',#705,#697,#707,.T.);
#705 = VERTEX_POINT('',#706);
#706 = CARTESIAN_POINT('',(38.315272999788,33.529331193237,0.));
#707 = CIRCLE('',#708,3.);
#708 = AXIS2_PLACEMENT_3D('',#709,#710,#711);
#709 = CARTESIAN_POINT('',(35.342282516941,33.127675135266,0.));
#710 = DIRECTION('',(-0.,-0.,-1.));
#711 = DIRECTION('',(0.,-1.,0.));
#712 = ORIENTED_EDGE('',*,*,#713,.F.);
#713 = EDGE_CURVE('',#714,#705,#716,.T.);
#714 = VERTEX_POINT('',#715);
#715 = CARTESIAN_POINT('',(38.310188750879,35.432262946819,0.));
#716 = CIRCLE('',#717,7.25);
#717 = AXIS2_PLACEMENT_3D('',#718,#719,#720);
#718 = CARTESIAN_POINT('',(45.5,34.5,0.));
#719 = DIRECTION('',(0.,0.,1.));
#720 = DIRECTION('',(1.,0.,0.));
#721 = ORIENTED_EDGE('',*,*,#722,.F.);
#722 = EDGE_CURVE('',#723,#714,#725,.T.);
#723 = VERTEX_POINT('',#724);
#724 = CARTESIAN_POINT('',(39.472698620786,37.437008882547,0.));
#725 = CIRCLE('',#726,3.);
#726 = AXIS2_PLACEMENT_3D('',#727,#728,#729);
#727 = CARTESIAN_POINT('',(41.28528306086,35.046498968825,0.));
#728 = DIRECTION('',(-0.,0.,1.));
#729 = DIRECTION('',(0.,-1.,0.));
#730 = ORIENTED_EDGE('',*,*,#731,.T.);
#731 = EDGE_CURVE('',#723,#732,#734,.T.);
#732 = VERTEX_POINT('',#733);
#733 = CARTESIAN_POINT('',(45.863915257043,42.283096222126,0.));
#734 = LINE('',#735,#736);
#735 = CARTESIAN_POINT('',(38.621759477893,36.791791290683,0.));
#736 = VECTOR('',#737,1.);
#737 = DIRECTION('',(0.796836637907,0.604194813358,0.));
#738 = ORIENTED_EDGE('',*,*,#739,.F.);
#739 = EDGE_CURVE('',#740,#732,#742,.T.);
#740 = VERTEX_POINT('',#741);
#741 = CARTESIAN_POINT('',(48.595035056112,42.748508715312,0.));
#742 = CIRCLE('',#743,3.);
#743 = AXIS2_PLACEMENT_3D('',#744,#745,#746);
#744 = CARTESIAN_POINT('',(47.676499697117,39.892586308405,0.));
#745 = DIRECTION('',(-0.,0.,1.));
#746 = DIRECTION('',(0.,-1.,0.));
#747 = ORIENTED_EDGE('',*,*,#748,.T.);
#748 = EDGE_CURVE('',#740,#749,#751,.T.);
#749 = VERTEX_POINT('',#750);
#750 = CARTESIAN_POINT('',(52.060531288911,41.6339193208,0.));
#751 = LINE('',#752,#753);
#752 = CARTESIAN_POINT('',(47.108335952144,43.226667957972,0.));
#753 = VECTOR('',#754,1.);
#754 = DIRECTION('',(0.951974135636,-0.306178452998,0.));
#755 = ORIENTED_EDGE('',*,*,#756,.F.);
#756 = EDGE_CURVE('',#757,#749,#759,.T.);
#757 = VERTEX_POINT('',#758);
#758 = CARTESIAN_POINT('',(54.139842736358,38.891639006052,0.));
#759 = CIRCLE('',#760,3.);
#760 = AXIS2_PLACEMENT_3D('',#761,#762,#763);
#761 = CARTESIAN_POINT('',(51.141995929917,38.777996913893,0.));
#762 = DIRECTION('',(-0.,0.,1.));
#763 = DIRECTION('',(0.,-1.,0.));
#764 = ORIENTED_EDGE('',*,*,#765,.F.);
#765 = EDGE_CURVE('',#766,#757,#768,.T.);
#766 = VERTEX_POINT('',#767);
#767 = CARTESIAN_POINT('',(54.277740825365,35.253925744269,0.));
#768 = LINE('',#769,#770);
#769 = CARTESIAN_POINT('',(54.336899154099,33.693345474234,0.));
#770 = VECTOR('',#771,1.);
#771 = DIRECTION('',(-3.788069738642E-02,0.999282268814,0.));
#772 = ORIENTED_EDGE('',*,*,#773,.F.);
#773 = EDGE_CURVE('',#774,#766,#776,.T.);
#774 = VERTEX_POINT('',#775);
#775 = CARTESIAN_POINT('',(53.092478458998,32.749773738388,0.));
#776 = CIRCLE('',#777,3.);
#777 = AXIS2_PLACEMENT_3D('',#778,#779,#780);
#778 = CARTESIAN_POINT('',(51.279894018924,35.14028365211,0.));
#779 = DIRECTION('',(-0.,0.,1.));
#780 = DIRECTION('',(0.,-1.,0.));
#781 = ORIENTED_EDGE('',*,*,#782,.F.);
#782 = EDGE_CURVE('',#783,#774,#785,.T.);
#783 = VERTEX_POINT('',#784);
#784 = CARTESIAN_POINT('',(46.701261822741,27.903686398809,0.));
#785 = LINE('',#786,#787);
#786 = CARTESIAN_POINT('',(45.850322679849,27.258468806945,0.));
#787 = VECTOR('',#788,1.);
#788 = DIRECTION('',(0.796836637907,0.604194813358,0.));
#789 = ORIENTED_EDGE('',*,*,#790,.F.);
#790 = EDGE_CURVE('',#791,#783,#793,.T.);
#791 = VERTEX_POINT('',#792);
#792 = CARTESIAN_POINT('',(44.457155535137,27.32539370961,0.));
#793 = CIRCLE('',#794,3.);
#794 = AXIS2_PLACEMENT_3D('',#795,#796,#797);
#795 = CARTESIAN_POINT('',(44.888677382666,30.29419631253,0.));
#796 = DIRECTION('',(-0.,0.,1.));
#797 = DIRECTION('',(0.,-1.,0.));
#798 = ORIENTED_EDGE('',*,*,#799,.F.);
#799 = EDGE_CURVE('',#800,#791,#802,.T.);
#800 = VERTEX_POINT('',#801);
#801 = CARTESIAN_POINT('',(42.626958436564,27.843564604477,0.));
#802 = CIRCLE('',#803,7.25);
#803 = AXIS2_PLACEMENT_3D('',#804,#805,#806);
#804 = CARTESIAN_POINT('',(45.5,34.5,0.));
#805 = DIRECTION('',(0.,0.,1.));
#806 = DIRECTION('',(1.,0.,0.));
#807 = ORIENTED_EDGE('',*,*,#808,.F.);
#808 = EDGE_CURVE('',#809,#800,#811,.T.);
#809 = VERTEX_POINT('',#810);
#810 = CARTESIAN_POINT('',(39.572221597536,27.438315011977,0.));
#811 = CIRCLE('',#812,3.);
#812 = AXIS2_PLACEMENT_3D('',#813,#814,#815);
#813 = CARTESIAN_POINT('',(41.438113651694,25.089177544261,0.));
#814 = DIRECTION('',(-0.,-0.,-1.));
#815 = DIRECTION('',(0.,-1.,0.));
#816 = ORIENTED_EDGE('',*,*,#817,.F.);
#817 = EDGE_CURVE('',#818,#809,#820,.T.);
#818 = VERTEX_POINT('',#819);
#819 = CARTESIAN_POINT('',(19.732384839019,11.679767769739,0.));
#820 = LINE('',#821,#822);
#821 = CARTESIAN_POINT('',(18.031222920257,10.328555015833,0.));
#822 = VECTOR('',#823,1.);
#823 = DIRECTION('',(0.783045822572,0.621964018053,0.));
#824 = ORIENTED_EDGE('',*,*,#825,.F.);
#825 = EDGE_CURVE('',#826,#818,#828,.T.);
#826 = VERTEX_POINT('',#827);
#827 = CARTESIAN_POINT('',(18.031222920257,8.156061568164,0.));
#828 = CIRCLE('',#829,4.5);
#829 = AXIS2_PLACEMENT_3D('',#830,#831,#832);
#830 = CARTESIAN_POINT('',(22.531222920257,8.156061568164,0.));
#831 = DIRECTION('',(-0.,-0.,-1.));
#832 = DIRECTION('',(0.,-1.,0.));
#833 = ORIENTED_EDGE('',*,*,#834,.T.);
#834 = EDGE_CURVE('',#826,#835,#837,.T.);
#835 = VERTEX_POINT('',#836);
#836 = CARTESIAN_POINT('',(18.031222920257,3.919183588453,0.));
#837 = LINE('',#838,#839);
#838 = CARTESIAN_POINT('',(18.031222920257,10.328555015833,0.));
#839 = VECTOR('',#840,1.);
#840 = DIRECTION('',(0.,-1.,0.));
#841 = ORIENTED_EDGE('',*,*,#842,.F.);
#842 = EDGE_CURVE('',#843,#835,#845,.T.);
#843 = VERTEX_POINT('',#844);
#844 = CARTESIAN_POINT('',(19.122132011166,2.137736502793,0.));
#845 = CIRCLE('',#846,2.);
#846 = AXIS2_PLACEMENT_3D('',#847,#848,#849);
#847 = CARTESIAN_POINT('',(20.031222920257,3.919183588453,0.));
#848 = DIRECTION('',(-0.,-0.,-1.));
#849 = DIRECTION('',(0.,-1.,0.));
#850 = ORIENTED_EDGE('',*,*,#851,.F.);
#851 = EDGE_CURVE('',#852,#843,#854,.T.);
#852 = VERTEX_POINT('',#853);
#853 = CARTESIAN_POINT('',(19.122132011166,-2.137736502793,0.));
#854 = CIRCLE('',#855,2.4);
#855 = AXIS2_PLACEMENT_3D('',#856,#857,#858);
#856 = CARTESIAN_POINT('',(18.031222920257,0.,0.));
#857 = DIRECTION('',(0.,0.,1.));
#858 = DIRECTION('',(1.,0.,0.));
#859 = ORIENTED_EDGE('',*,*,#860,.F.);
#860 = EDGE_CURVE('',#861,#852,#863,.T.);
#861 = VERTEX_POINT('',#862);
#862 = CARTESIAN_POINT('',(18.031222920257,-3.919183588453,0.));
#863 = CIRCLE('',#864,2.);
#864 = AXIS2_PLACEMENT_3D('',#865,#866,#867);
#865 = CARTESIAN_POINT('',(20.031222920257,-3.919183588453,0.));
#866 = DIRECTION('',(-0.,-0.,-1.));
#867 = DIRECTION('',(0.,-1.,0.));
#868 = ORIENTED_EDGE('',*,*,#869,.T.);
#869 = EDGE_CURVE('',#861,#870,#872,.T.);
#870 = VERTEX_POINT('',#871);
#871 = CARTESIAN_POINT('',(18.031222920257,-8.15606156903,0.));
#872 = LINE('',#873,#874);
#873 = CARTESIAN_POINT('',(18.031222920257,-2.4,0.));
#874 = VECTOR('',#875,1.);
#875 = DIRECTION('',(0.,-1.,0.));
#876 = ORIENTED_EDGE('',*,*,#877,.F.);
#877 = EDGE_CURVE('',#95,#870,#878,.T.);
#878 = CIRCLE('',#879,4.5);
#879 = AXIS2_PLACEMENT_3D('',#880,#881,#882);
#880 = CARTESIAN_POINT('',(22.531222920257,-8.15606156903,0.));
#881 = DIRECTION('',(-0.,-0.,-1.));
#882 = DIRECTION('',(0.,-1.,0.));
#883 = FACE_BOUND('',#884,.T.);
#884 = EDGE_LOOP('',(#885,#895,#904,#912,#921,#929,#938,#946));
#885 = ORIENTED_EDGE('',*,*,#886,.T.);
#886 = EDGE_CURVE('',#887,#889,#891,.T.);
#887 = VERTEX_POINT('',#888);
#888 = CARTESIAN_POINT('',(48.323995946582,-37.60262860588,0.));
#889 = VERTEX_POINT('',#890);
#890 = CARTESIAN_POINT('',(48.74628070629,-39.45696561067,0.));
#891 = LINE('',#892,#893);
#892 = CARTESIAN_POINT('',(48.059375,-36.440625,0.));
#893 = VECTOR('',#894,1.);
#894 = DIRECTION('',(0.222043338679,-0.975036797125,0.));
#895 = ORIENTED_EDGE('',*,*,#896,.T.);
#896 = EDGE_CURVE('',#889,#897,#899,.T.);
#897 = VERTEX_POINT('',#898);
#898 = CARTESIAN_POINT('',(50.027495956413,-40.18689640763,0.));
#899 = CIRCLE('',#900,1.);
#900 = AXIS2_PLACEMENT_3D('',#901,#902,#903);
#901 = CARTESIAN_POINT('',(49.721317503415,-39.234922272,0.));
#902 = DIRECTION('',(-0.,0.,1.));
#903 = DIRECTION('',(0.,-1.,0.));
#904 = ORIENTED_EDGE('',*,*,#905,.T.);
#905 = EDGE_CURVE('',#897,#906,#908,.T.);
#906 = VERTEX_POINT('',#907);
#907 = CARTESIAN_POINT('',(51.448174382915,-39.72997104952,0.));
#908 = LINE('',#909,#910);
#909 = CARTESIAN_POINT('',(48.988598489396,-40.52103155623,0.));
#910 = VECTOR('',#911,1.);
#911 = DIRECTION('',(0.951974135636,0.306178452998,0.));
#912 = ORIENTED_EDGE('',*,*,#913,.T.);
#913 = EDGE_CURVE('',#906,#914,#916,.T.);
#914 = VERTEX_POINT('',#915);
#915 = CARTESIAN_POINT('',(52.14127819873,-38.81587761127,0.));
#916 = CIRCLE('',#917,1.);
#917 = AXIS2_PLACEMENT_3D('',#918,#919,#920);
#918 = CARTESIAN_POINT('',(51.141995929917,-38.77799691389,0.));
#919 = DIRECTION('',(-0.,0.,1.));
#920 = DIRECTION('',(0.,-1.,0.));
#921 = ORIENTED_EDGE('',*,*,#922,.T.);
#922 = EDGE_CURVE('',#914,#923,#925,.T.);
#923 = VERTEX_POINT('',#924);
#924 = CARTESIAN_POINT('',(52.197809450519,-37.32459890091,0.));
#925 = LINE('',#926,#927);
#926 = CARTESIAN_POINT('',(52.114753848868,-39.5155825887,0.));
#927 = VECTOR('',#928,1.);
#928 = DIRECTION('',(3.788069738642E-02,0.999282268814,0.));
#929 = ORIENTED_EDGE('',*,*,#930,.F.);
#930 = EDGE_CURVE('',#931,#923,#933,.T.);
#931 = VERTEX_POINT('',#932);
#932 = CARTESIAN_POINT('',(51.149170543248,-36.28793698512,0.));
#933 = CIRCLE('',#934,1.);
#934 = AXIS2_PLACEMENT_3D('',#935,#936,#937);
#935 = CARTESIAN_POINT('',(51.198527181705,-37.28671820353,0.));
#936 = DIRECTION('',(-0.,-0.,-1.));
#937 = DIRECTION('',(0.,-1.,0.));
#938 = ORIENTED_EDGE('',*,*,#939,.T.);
#939 = EDGE_CURVE('',#931,#940,#942,.T.);
#940 = VERTEX_POINT('',#941);
#941 = CARTESIAN_POINT('',(49.249676105251,-36.3818040488,0.));
#942 = LINE('',#943,#944);
#943 = CARTESIAN_POINT('',(52.239148977603,-36.23407366599,0.));
#944 = VECTOR('',#945,1.);
#945 = DIRECTION('',(-0.998781218406,-4.935663845666E-02,0.));
#946 = ORIENTED_EDGE('',*,*,#947,.F.);
#947 = EDGE_CURVE('',#887,#940,#948,.T.);
#948 = CIRCLE('',#949,1.);
#949 = AXIS2_PLACEMENT_3D('',#950,#951,#952);
#950 = CARTESIAN_POINT('',(49.299032743707,-37.3805852672,0.));
#951 = DIRECTION('',(-0.,-0.,-1.));
#952 = DIRECTION('',(0.,-1.,0.));
#953 = FACE_BOUND('',#954,.T.);
#954 = EDGE_LOOP('',(#955));
#955 = ORIENTED_EDGE('',*,*,#956,.T.);
#956 = EDGE_CURVE('',#957,#957,#959,.T.);
#957 = VERTEX_POINT('',#958);
#958 = CARTESIAN_POINT('',(47.16875,-39.,0.));
#959 = CIRCLE('',#960,1.05);
#960 = AXIS2_PLACEMENT_3D('',#961,#962,#963);
#961 = CARTESIAN_POINT('',(46.11875,-39.,0.));
#962 = DIRECTION('',(0.,0.,1.));
#963 = DIRECTION('',(1.,0.,0.));
#964 = FACE_BOUND('',#965,.T.);
#965 = EDGE_LOOP('',(#966));
#966 = ORIENTED_EDGE('',*,*,#967,.T.);
#967 = EDGE_CURVE('',#968,#968,#970,.T.);
#968 = VERTEX_POINT('',#969);
#969 = CARTESIAN_POINT('',(51.05,-33.88125,0.));
#970 = CIRCLE('',#971,1.05);
#971 = AXIS2_PLACEMENT_3D('',#972,#973,#974);
#972 = CARTESIAN_POINT('',(50.,-33.88125,0.));
#973 = DIRECTION('',(0.,0.,1.));
#974 = DIRECTION('',(1.,0.,0.));
#975 = FACE_BOUND('',#976,.T.);
#976 = EDGE_LOOP('',(#977));
#977 = ORIENTED_EDGE('',*,*,#978,.T.);
#978 = EDGE_CURVE('',#979,#979,#981,.T.);
#979 = VERTEX_POINT('',#980);
#980 = CARTESIAN_POINT('',(47.875,-34.5,0.));
#981 = CIRCLE('',#982,2.375);
#982 = AXIS2_PLACEMENT_3D('',#983,#984,#985);
#983 = CARTESIAN_POINT('',(45.5,-34.5,0.));
#984 = DIRECTION('',(0.,0.,1.));
#985 = DIRECTION('',(1.,0.,0.));
#986 = FACE_BOUND('',#987,.T.);
#987 = EDGE_LOOP('',(#988));
#988 = ORIENTED_EDGE('',*,*,#989,.T.);
#989 = EDGE_CURVE('',#990,#990,#992,.T.);
#990 = VERTEX_POINT('',#991);
#991 = CARTESIAN_POINT('',(42.05,-35.11875,0.));
#992 = CIRCLE('',#993,1.05);
#993 = AXIS2_PLACEMENT_3D('',#994,#995,#996);
#994 = CARTESIAN_POINT('',(41.,-35.11875,0.));
#995 = DIRECTION('',(0.,0.,1.));
#996 = DIRECTION('',(1.,0.,0.));
#997 = FACE_BOUND('',#998,.T.);
#998 = EDGE_LOOP('',(#999));
#999 = ORIENTED_EDGE('',*,*,#1000,.T.);
#1000 = EDGE_CURVE('',#1001,#1001,#1003,.T.);
#1001 = VERTEX_POINT('',#1002);
#1002 = CARTESIAN_POINT('',(45.93125,-30.,0.));
#1003 = CIRCLE('',#1004,1.05);
#1004 = AXIS2_PLACEMENT_3D('',#1005,#1006,#1007);
#1005 = CARTESIAN_POINT('',(44.88125,-30.,0.));
#1006 = DIRECTION('',(0.,0.,1.));
#1007 = DIRECTION('',(1.,0.,0.));
#1008 = FACE_BOUND('',#1009,.T.);
#1009 = EDGE_LOOP('',(#1010));
#1010 = ORIENTED_EDGE('',*,*,#1011,.T.);
#1011 = EDGE_CURVE('',#1012,#1012,#1014,.T.);
#1012 = VERTEX_POINT('',#1013);
#1013 = CARTESIAN_POINT('',(7.25,-39.,0.));
#1014 = CIRCLE('',#1015,1.05);
#1015 = AXIS2_PLACEMENT_3D('',#1016,#1017,#1018);
#1016 = CARTESIAN_POINT('',(6.2,-39.,0.));
#1017 = DIRECTION('',(0.,0.,1.));
#1018 = DIRECTION('',(1.,0.,0.));
#1019 = FACE_BOUND('',#1020,.T.);
#1020 = EDGE_LOOP('',(#1021,#1032,#1041,#1049,#1058,#1066,#1075,#1084,
    #1093,#1101));
#1021 = ORIENTED_EDGE('',*,*,#1022,.T.);
#1022 = EDGE_CURVE('',#1023,#1025,#1027,.T.);
#1023 = VERTEX_POINT('',#1024);
#1024 = CARTESIAN_POINT('',(3.8,-39.,0.));
#1025 = VERTEX_POINT('',#1026);
#1026 = CARTESIAN_POINT('',(3.959661942866,-38.13925300479,0.));
#1027 = CIRCLE('',#1028,2.4);
#1028 = AXIS2_PLACEMENT_3D('',#1029,#1030,#1031);
#1029 = CARTESIAN_POINT('',(6.2,-39.,0.));
#1030 = DIRECTION('',(0.,0.,-1.));
#1031 = DIRECTION('',(-1.,1.2E-16,0.));
#1032 = ORIENTED_EDGE('',*,*,#1033,.T.);
#1033 = EDGE_CURVE('',#1025,#1034,#1036,.T.);
#1034 = VERTEX_POINT('',#1035);
#1035 = CARTESIAN_POINT('',(3.884803311614,-37.26798836779,0.));
#1036 = CIRCLE('',#1037,1.);
#1037 = AXIS2_PLACEMENT_3D('',#1038,#1039,#1040);
#1038 = CARTESIAN_POINT('',(3.026187752394,-37.78060842345,0.));
#1039 = DIRECTION('',(-0.,0.,1.));
#1040 = DIRECTION('',(0.,-1.,0.));
#1041 = ORIENTED_EDGE('',*,*,#1042,.F.);
#1042 = EDGE_CURVE('',#1043,#1034,#1045,.T.);
#1043 = VERTEX_POINT('',#1044);
#1044 = CARTESIAN_POINT('',(0.85861555922,-32.1992598609,0.));
#1045 = LINE('',#1046,#1047);
#1046 = CARTESIAN_POINT('',(-4.627251635734,-23.01067881068,0.));
#1047 = VECTOR('',#1048,1.);
#1048 = DIRECTION('',(0.51262005566,-0.85861555922,0.));
#1049 = ORIENTED_EDGE('',*,*,#1050,.T.);
#1050 = EDGE_CURVE('',#1043,#1051,#1053,.T.);
#1051 = VERTEX_POINT('',#1052);
#1052 = CARTESIAN_POINT('',(-0.85861555922,-32.1992598609,0.));
#1053 = CIRCLE('',#1054,1.);
#1054 = AXIS2_PLACEMENT_3D('',#1055,#1056,#1057);
#1055 = CARTESIAN_POINT('',(-3.78E-15,-32.71187991656,0.));
#1056 = DIRECTION('',(-0.,0.,1.));
#1057 = DIRECTION('',(0.,-1.,0.));
#1058 = ORIENTED_EDGE('',*,*,#1059,.F.);
#1059 = EDGE_CURVE('',#1060,#1051,#1062,.T.);
#1060 = VERTEX_POINT('',#1061);
#1061 = CARTESIAN_POINT('',(-3.884803311614,-37.26798836779,0.));
#1062 = LINE('',#1063,#1064);
#1063 = CARTESIAN_POINT('',(6.677682321793,-19.57629954534,0.));
#1064 = VECTOR('',#1065,1.);
#1065 = DIRECTION('',(0.51262005566,0.85861555922,0.));
#1066 = ORIENTED_EDGE('',*,*,#1067,.T.);
#1067 = EDGE_CURVE('',#1060,#1068,#1070,.T.);
#1068 = VERTEX_POINT('',#1069);
#1069 = CARTESIAN_POINT('',(-3.959661942866,-38.13925300479,0.));
#1070 = CIRCLE('',#1071,1.);
#1071 = AXIS2_PLACEMENT_3D('',#1072,#1073,#1074);
#1072 = CARTESIAN_POINT('',(-3.026187752394,-37.78060842345,0.));
#1073 = DIRECTION('',(-0.,0.,1.));
#1074 = DIRECTION('',(0.,-1.,0.));
#1075 = ORIENTED_EDGE('',*,*,#1076,.T.);
#1076 = EDGE_CURVE('',#1068,#1077,#1079,.T.);
#1077 = VERTEX_POINT('',#1078);
#1078 = CARTESIAN_POINT('',(-3.8,-39.,0.));
#1079 = CIRCLE('',#1080,2.4);
#1080 = AXIS2_PLACEMENT_3D('',#1081,#1082,#1083);
#1081 = CARTESIAN_POINT('',(-6.2,-39.,0.));
#1082 = DIRECTION('',(0.,0.,-1.));
#1083 = DIRECTION('',(-1.,1.2E-16,0.));
#1084 = ORIENTED_EDGE('',*,*,#1085,.T.);
#1085 = EDGE_CURVE('',#1077,#1086,#1088,.T.);
#1086 = VERTEX_POINT('',#1087);
#1087 = CARTESIAN_POINT('',(-2.8,-40.,0.));
#1088 = CIRCLE('',#1089,1.);
#1089 = AXIS2_PLACEMENT_3D('',#1090,#1091,#1092);
#1090 = CARTESIAN_POINT('',(-2.8,-39.,0.));
#1091 = DIRECTION('',(-0.,0.,1.));
#1092 = DIRECTION('',(0.,-1.,0.));
#1093 = ORIENTED_EDGE('',*,*,#1094,.T.);
#1094 = EDGE_CURVE('',#1086,#1095,#1097,.T.);
#1095 = VERTEX_POINT('',#1096);
#1096 = CARTESIAN_POINT('',(2.8,-40.,0.));
#1097 = LINE('',#1098,#1099);
#1098 = CARTESIAN_POINT('',(1.950899736039,-40.,0.));
#1099 = VECTOR('',#1100,1.);
#1100 = DIRECTION('',(1.,-1.2E-16,0.));
#1101 = ORIENTED_EDGE('',*,*,#1102,.F.);
#1102 = EDGE_CURVE('',#1023,#1095,#1103,.T.);
#1103 = CIRCLE('',#1104,1.);
#1104 = AXIS2_PLACEMENT_3D('',#1105,#1106,#1107);
#1105 = CARTESIAN_POINT('',(2.8,-39.,0.));
#1106 = DIRECTION('',(-0.,-0.,-1.));
#1107 = DIRECTION('',(0.,-1.,0.));
#1108 = FACE_BOUND('',#1109,.T.);
#1109 = EDGE_LOOP('',(#1110,#1120,#1129,#1137,#1146,#1154));
#1110 = ORIENTED_EDGE('',*,*,#1111,.T.);
#1111 = EDGE_CURVE('',#1112,#1114,#1116,.T.);
#1112 = VERTEX_POINT('',#1113);
#1113 = CARTESIAN_POINT('',(6.544849879919,-20.62183869936,0.));
#1114 = VERTEX_POINT('',#1115);
#1115 = CARTESIAN_POINT('',(1.832875579236,-28.51418392569,0.));
#1116 = LINE('',#1117,#1118);
#1117 = CARTESIAN_POINT('',(7.622225343195,-18.81728320904,0.));
#1118 = VECTOR('',#1119,1.);
#1119 = DIRECTION('',(-0.51262005566,-0.85861555922,0.));
#1120 = ORIENTED_EDGE('',*,*,#1121,.T.);
#1121 = EDGE_CURVE('',#1114,#1122,#1124,.T.);
#1122 = VERTEX_POINT('',#1123);
#1123 = CARTESIAN_POINT('',(1.832875579236,-29.53942403701,0.));
#1124 = CIRCLE('',#1125,1.);
#1125 = AXIS2_PLACEMENT_3D('',#1126,#1127,#1128);
#1126 = CARTESIAN_POINT('',(2.691491138456,-29.02680398135,0.));
#1127 = DIRECTION('',(-0.,0.,1.));
#1128 = DIRECTION('',(0.,-1.,0.));
#1129 = ORIENTED_EDGE('',*,*,#1130,.T.);
#1130 = EDGE_CURVE('',#1122,#1131,#1133,.T.);
#1131 = VERTEX_POINT('',#1132);
#1132 = CARTESIAN_POINT('',(5.586456830921,-35.8265039706,0.));
#1133 = LINE('',#1134,#1135);
#1134 = CARTESIAN_POINT('',(-3.575356435983,-20.4808784244,-2.2E-16));
#1135 = VECTOR('',#1136,1.);
#1136 = DIRECTION('',(0.51262005566,-0.85861555922,0.));
#1137 = ORIENTED_EDGE('',*,*,#1138,.T.);
#1138 = EDGE_CURVE('',#1131,#1139,#1141,.T.);
#1139 = VERTEX_POINT('',#1140);
#1140 = CARTESIAN_POINT('',(7.4427959558,-35.38132045199,0.));
#1141 = CIRCLE('',#1142,1.);
#1142 = AXIS2_PLACEMENT_3D('',#1143,#1144,#1145);
#1143 = CARTESIAN_POINT('',(6.445072390141,-35.31388391494,0.));
#1144 = DIRECTION('',(-0.,0.,1.));
#1145 = DIRECTION('',(0.,-1.,0.));
#1146 = ORIENTED_EDGE('',*,*,#1147,.F.);
#1147 = EDGE_CURVE('',#1148,#1139,#1150,.T.);
#1148 = VERTEX_POINT('',#1149);
#1149 = CARTESIAN_POINT('',(8.401189004798,-21.20189529207,0.));
#1150 = LINE('',#1151,#1152);
#1151 = CARTESIAN_POINT('',(8.496260581501,-19.79531131475,1.1E-16));
#1152 = VECTOR('',#1153,1.);
#1153 = DIRECTION('',(-6.743653705027E-02,-0.997723565659,0.));
#1154 = ORIENTED_EDGE('',*,*,#1155,.F.);
#1155 = EDGE_CURVE('',#1112,#1148,#1156,.T.);
#1156 = CIRCLE('',#1157,1.);
#1157 = AXIS2_PLACEMENT_3D('',#1158,#1159,#1160);
#1158 = CARTESIAN_POINT('',(7.403465439139,-21.13445875502,0.));
#1159 = DIRECTION('',(-0.,-0.,-1.));
#1160 = DIRECTION('',(0.,-1.,0.));
#1161 = FACE_BOUND('',#1162,.T.);
#1162 = EDGE_LOOP('',(#1163,#1173,#1182,#1190,#1199,#1207,#1216,#1225,
    #1234,#1242));
#1163 = ORIENTED_EDGE('',*,*,#1164,.T.);
#1164 = EDGE_CURVE('',#1165,#1167,#1169,.T.);
#1165 = VERTEX_POINT('',#1166);
#1166 = CARTESIAN_POINT('',(-5.541126301717,-18.4015055188,0.));
#1167 = VERTEX_POINT('',#1168);
#1168 = CARTESIAN_POINT('',(-0.85861555922,-26.24450060909,0.));
#1169 = LINE('',#1170,#1171);
#1170 = CARTESIAN_POINT('',(-6.030799793384,-17.58132442319,0.));
#1171 = VECTOR('',#1172,1.);
#1172 = DIRECTION('',(0.51262005566,-0.85861555922,0.));
#1173 = ORIENTED_EDGE('',*,*,#1174,.T.);
#1174 = EDGE_CURVE('',#1167,#1175,#1177,.T.);
#1175 = VERTEX_POINT('',#1176);
#1176 = CARTESIAN_POINT('',(0.85861555922,-26.24450060909,0.));
#1177 = CIRCLE('',#1178,1.);
#1178 = AXIS2_PLACEMENT_3D('',#1179,#1180,#1181);
#1179 = CARTESIAN_POINT('',(-2.76E-15,-25.73188055343,0.));
#1180 = DIRECTION('',(-0.,0.,1.));
#1181 = DIRECTION('',(0.,-1.,0.));
#1182 = ORIENTED_EDGE('',*,*,#1183,.F.);
#1183 = EDGE_CURVE('',#1184,#1175,#1186,.T.);
#1184 = VERTEX_POINT('',#1185);
#1185 = CARTESIAN_POINT('',(5.541126301717,-18.4015055188,0.));
#1186 = LINE('',#1187,#1188);
#1187 = CARTESIAN_POINT('',(6.000197011574,-17.63258270762,0.));
#1188 = VECTOR('',#1189,1.);
#1189 = DIRECTION('',(-0.51262005566,-0.85861555922,0.));
#1190 = ORIENTED_EDGE('',*,*,#1191,.T.);
#1191 = EDGE_CURVE('',#1184,#1192,#1194,.T.);
#1192 = VERTEX_POINT('',#1193);
#1193 = CARTESIAN_POINT('',(4.460467403818,-16.91384866602,0.));
#1194 = CIRCLE('',#1195,1.);
#1195 = AXIS2_PLACEMENT_3D('',#1196,#1197,#1198);
#1196 = CARTESIAN_POINT('',(4.682510742497,-17.88888546314,0.));
#1197 = DIRECTION('',(-0.,0.,1.));
#1198 = DIRECTION('',(0.,-1.,0.));
#1199 = ORIENTED_EDGE('',*,*,#1200,.F.);
#1200 = EDGE_CURVE('',#1201,#1192,#1203,.T.);
#1201 = VERTEX_POINT('',#1202);
#1202 = CARTESIAN_POINT('',(3.174623742183,-17.206671481,0.));
#1203 = LINE('',#1204,#1205);
#1204 = CARTESIAN_POINT('',(5.217369053289,-16.7414808438,0.));
#1205 = VECTOR('',#1206,1.);
#1206 = DIRECTION('',(0.975036797125,0.222043338679,0.));
#1207 = ORIENTED_EDGE('',*,*,#1208,.T.);
#1208 = EDGE_CURVE('',#1201,#1209,#1211,.T.);
#1209 = VERTEX_POINT('',#1210);
#1210 = CARTESIAN_POINT('',(2.397647351197,-18.1374411375,0.));
#1211 = CIRCLE('',#1212,1.);
#1212 = AXIS2_PLACEMENT_3D('',#1213,#1214,#1215);
#1213 = CARTESIAN_POINT('',(3.396667080862,-18.18170827813,0.));
#1214 = DIRECTION('',(-0.,0.,1.));
#1215 = DIRECTION('',(0.,-1.,0.));
#1216 = ORIENTED_EDGE('',*,*,#1217,.T.);
#1217 = EDGE_CURVE('',#1209,#1218,#1220,.T.);
#1218 = VERTEX_POINT('',#1219);
#1219 = CARTESIAN_POINT('',(-2.397647351197,-18.1374411375,0.));
#1220 = CIRCLE('',#1221,2.4);
#1221 = AXIS2_PLACEMENT_3D('',#1222,#1223,#1224);
#1222 = CARTESIAN_POINT('',(-2.21E-15,-18.0312,0.));
#1223 = DIRECTION('',(0.,0.,-1.));
#1224 = DIRECTION('',(-1.,1.2E-16,0.));
#1225 = ORIENTED_EDGE('',*,*,#1226,.T.);
#1226 = EDGE_CURVE('',#1218,#1227,#1229,.T.);
#1227 = VERTEX_POINT('',#1228);
#1228 = CARTESIAN_POINT('',(-3.174623742183,-17.206671481,0.));
#1229 = CIRCLE('',#1230,1.);
#1230 = AXIS2_PLACEMENT_3D('',#1231,#1232,#1233);
#1231 = CARTESIAN_POINT('',(-3.396667080862,-18.18170827813,0.));
#1232 = DIRECTION('',(-0.,0.,1.));
#1233 = DIRECTION('',(0.,-1.,0.));
#1234 = ORIENTED_EDGE('',*,*,#1235,.F.);
#1235 = EDGE_CURVE('',#1236,#1227,#1238,.T.);
#1236 = VERTEX_POINT('',#1237);
#1237 = CARTESIAN_POINT('',(-4.460467403818,-16.91384866602,0.));
#1238 = LINE('',#1239,#1240);
#1239 = CARTESIAN_POINT('',(-3.116582394436,-17.21988913051,1.1E-16));
#1240 = VECTOR('',#1241,1.);
#1241 = DIRECTION('',(0.975036797125,-0.222043338679,0.));
#1242 = ORIENTED_EDGE('',*,*,#1243,.F.);
#1243 = EDGE_CURVE('',#1165,#1236,#1244,.T.);
#1244 = CIRCLE('',#1245,1.);
#1245 = AXIS2_PLACEMENT_3D('',#1246,#1247,#1248);
#1246 = CARTESIAN_POINT('',(-4.682510742497,-17.88888546314,0.));
#1247 = DIRECTION('',(-0.,-0.,-1.));
#1248 = DIRECTION('',(0.,-1.,0.));
#1249 = FACE_BOUND('',#1250,.T.);
#1250 = EDGE_LOOP('',(#1251));
#1251 = ORIENTED_EDGE('',*,*,#1252,.T.);
#1252 = EDGE_CURVE('',#1253,#1253,#1255,.T.);
#1253 = VERTEX_POINT('',#1254);
#1254 = CARTESIAN_POINT('',(1.05,-18.03122292025,0.));
#1255 = CIRCLE('',#1256,1.05);
#1256 = AXIS2_PLACEMENT_3D('',#1257,#1258,#1259);
#1257 = CARTESIAN_POINT('',(0.,-18.03122292025,0.));
#1258 = DIRECTION('',(0.,0.,1.));
#1259 = DIRECTION('',(1.,0.,0.));
#1260 = FACE_BOUND('',#1261,.T.);
#1261 = EDGE_LOOP('',(#1262));
#1262 = ORIENTED_EDGE('',*,*,#1263,.T.);
#1263 = EDGE_CURVE('',#1264,#1264,#1266,.T.);
#1264 = VERTEX_POINT('',#1265);
#1265 = CARTESIAN_POINT('',(11.05,-10.,0.));
#1266 = CIRCLE('',#1267,1.05);
#1267 = AXIS2_PLACEMENT_3D('',#1268,#1269,#1270);
#1268 = CARTESIAN_POINT('',(10.,-10.,0.));
#1269 = DIRECTION('',(0.,0.,1.));
#1270 = DIRECTION('',(1.,0.,0.));
#1271 = FACE_BOUND('',#1272,.T.);
#1272 = EDGE_LOOP('',(#1273,#1283,#1292,#1300,#1309,#1317));
#1273 = ORIENTED_EDGE('',*,*,#1274,.T.);
#1274 = EDGE_CURVE('',#1275,#1277,#1279,.T.);
#1275 = VERTEX_POINT('',#1276);
#1276 = CARTESIAN_POINT('',(5.414383088659,-2.796836637907,0.));
#1277 = VERTEX_POINT('',#1278);
#1278 = CARTESIAN_POINT('',(12.857005186642,-8.440143503411,0.));
#1279 = LINE('',#1280,#1281);
#1280 = CARTESIAN_POINT('',(7.592495073886,-4.448372099233,1.1E-16));
#1281 = VECTOR('',#1282,1.);
#1282 = DIRECTION('',(0.796836637907,-0.604194813358,0.));
#1283 = ORIENTED_EDGE('',*,*,#1284,.T.);
#1284 = EDGE_CURVE('',#1277,#1285,#1287,.T.);
#1285 = VERTEX_POINT('',#1286);
#1286 = CARTESIAN_POINT('',(14.4612,-7.643306865504,0.));
#1287 = CIRCLE('',#1288,1.);
#1288 = AXIS2_PLACEMENT_3D('',#1289,#1290,#1291);
#1289 = CARTESIAN_POINT('',(13.4612,-7.643306865504,0.));
#1290 = DIRECTION('',(-0.,0.,1.));
#1291 = DIRECTION('',(0.,-1.,0.));
#1292 = ORIENTED_EDGE('',*,*,#1293,.T.);
#1293 = EDGE_CURVE('',#1285,#1294,#1296,.T.);
#1294 = VERTEX_POINT('',#1295);
#1295 = CARTESIAN_POINT('',(14.4612,-2.,0.));
#1296 = LINE('',#1297,#1298);
#1297 = CARTESIAN_POINT('',(14.4612,-0.674193345996,0.));
#1298 = VECTOR('',#1299,1.);
#1299 = DIRECTION('',(1.2E-16,1.,0.));
#1300 = ORIENTED_EDGE('',*,*,#1301,.T.);
#1301 = EDGE_CURVE('',#1294,#1302,#1304,.T.);
#1302 = VERTEX_POINT('',#1303);
#1303 = CARTESIAN_POINT('',(13.4612,-1.,0.));
#1304 = CIRCLE('',#1305,1.);
#1305 = AXIS2_PLACEMENT_3D('',#1306,#1307,#1308);
#1306 = CARTESIAN_POINT('',(13.4612,-2.,0.));
#1307 = DIRECTION('',(-0.,0.,1.));
#1308 = DIRECTION('',(0.,-1.,0.));
#1309 = ORIENTED_EDGE('',*,*,#1310,.F.);
#1310 = EDGE_CURVE('',#1311,#1302,#1313,.T.);
#1311 = VERTEX_POINT('',#1312);
#1312 = CARTESIAN_POINT('',(6.018577902017,-1.,0.));
#1313 = LINE('',#1314,#1315);
#1314 = CARTESIAN_POINT('',(7.172370947502,-1.,0.));
#1315 = VECTOR('',#1316,1.);
#1316 = DIRECTION('',(1.,-1.2E-16,0.));
#1317 = ORIENTED_EDGE('',*,*,#1318,.F.);
#1318 = EDGE_CURVE('',#1275,#1311,#1319,.T.);
#1319 = CIRCLE('',#1320,1.);
#1320 = AXIS2_PLACEMENT_3D('',#1321,#1322,#1323);
#1321 = CARTESIAN_POINT('',(6.018577902017,-2.,0.));
#1322 = DIRECTION('',(-0.,-0.,-1.));
#1323 = DIRECTION('',(0.,-1.,0.));
#1324 = FACE_BOUND('',#1325,.T.);
#1325 = EDGE_LOOP('',(#1326));
#1326 = ORIENTED_EDGE('',*,*,#1327,.T.);
#1327 = EDGE_CURVE('',#1328,#1328,#1330,.T.);
#1328 = VERTEX_POINT('',#1329);
#1329 = CARTESIAN_POINT('',(-5.15,-39.,0.));
#1330 = CIRCLE('',#1331,1.05);
#1331 = AXIS2_PLACEMENT_3D('',#1332,#1333,#1334);
#1332 = CARTESIAN_POINT('',(-6.2,-39.,0.));
#1333 = DIRECTION('',(0.,0.,1.));
#1334 = DIRECTION('',(1.,0.,0.));
#1335 = FACE_BOUND('',#1336,.T.);
#1336 = EDGE_LOOP('',(#1337,#1347,#1356,#1364,#1373,#1381));
#1337 = ORIENTED_EDGE('',*,*,#1338,.T.);
#1338 = EDGE_CURVE('',#1339,#1341,#1343,.T.);
#1339 = VERTEX_POINT('',#1340);
#1340 = CARTESIAN_POINT('',(-8.175141658684,-21.58051443962,0.));
#1341 = VERTEX_POINT('',#1342);
#1342 = CARTESIAN_POINT('',(-7.262725559355,-35.07971062921,0.));
#1343 = LINE('',#1344,#1345);
#1344 = CARTESIAN_POINT('',(-8.306982641668,-19.62992709638,0.));
#1345 = VECTOR('',#1346,1.);
#1346 = DIRECTION('',(6.743653705027E-02,-0.997723565659,0.));
#1347 = ORIENTED_EDGE('',*,*,#1348,.T.);
#1348 = EDGE_CURVE('',#1341,#1349,#1351,.T.);
#1349 = VERTEX_POINT('',#1350);
#1350 = CARTESIAN_POINT('',(-5.406386434476,-35.52489414782,0.));
#1351 = CIRCLE('',#1352,1.);
#1352 = AXIS2_PLACEMENT_3D('',#1353,#1354,#1355);
#1353 = CARTESIAN_POINT('',(-6.265001993696,-35.01227409216,0.));
#1354 = DIRECTION('',(-0.,0.,1.));
#1355 = DIRECTION('',(0.,-1.,0.));
#1356 = ORIENTED_EDGE('',*,*,#1357,.T.);
#1357 = EDGE_CURVE('',#1349,#1358,#1360,.T.);
#1358 = VERTEX_POINT('',#1359);
#1359 = CARTESIAN_POINT('',(-1.832875579236,-29.53942403701,0.));
#1360 = LINE('',#1361,#1362);
#1361 = CARTESIAN_POINT('',(3.589771253284,-20.45673425313,0.));
#1362 = VECTOR('',#1363,1.);
#1363 = DIRECTION('',(0.51262005566,0.85861555922,0.));
#1364 = ORIENTED_EDGE('',*,*,#1365,.T.);
#1365 = EDGE_CURVE('',#1358,#1366,#1368,.T.);
#1366 = VERTEX_POINT('',#1367);
#1367 = CARTESIAN_POINT('',(-1.832875579236,-28.51418392569,0.));
#1368 = CIRCLE('',#1369,1.);
#1369 = AXIS2_PLACEMENT_3D('',#1370,#1371,#1372);
#1370 = CARTESIAN_POINT('',(-2.691491138456,-29.02680398135,0.));
#1371 = DIRECTION('',(-0.,0.,1.));
#1372 = DIRECTION('',(0.,-1.,0.));
#1373 = ORIENTED_EDGE('',*,*,#1374,.F.);
#1374 = EDGE_CURVE('',#1375,#1366,#1377,.T.);
#1375 = VERTEX_POINT('',#1376);
#1376 = CARTESIAN_POINT('',(-6.318802533806,-21.00045784691,0.));
#1377 = LINE('',#1378,#1379);
#1378 = CARTESIAN_POINT('',(-7.652828125005,-18.76602492461,1.1E-16));
#1379 = VECTOR('',#1380,1.);
#1380 = DIRECTION('',(0.51262005566,-0.85861555922,0.));
#1381 = ORIENTED_EDGE('',*,*,#1382,.F.);
#1382 = EDGE_CURVE('',#1339,#1375,#1383,.T.);
#1383 = CIRCLE('',#1384,1.);
#1384 = AXIS2_PLACEMENT_3D('',#1385,#1386,#1387);
#1385 = CARTESIAN_POINT('',(-7.177418093026,-21.51307790257,0.));
#1386 = DIRECTION('',(-0.,-0.,-1.));
#1387 = DIRECTION('',(0.,-1.,0.));
#1388 = FACE_BOUND('',#1389,.T.);
#1389 = EDGE_LOOP('',(#1390));
#1390 = ORIENTED_EDGE('',*,*,#1391,.T.);
#1391 = EDGE_CURVE('',#1392,#1392,#1394,.T.);
#1392 = VERTEX_POINT('',#1393);
#1393 = CARTESIAN_POINT('',(-45.06298253215,-38.9580547793,0.));
#1394 = CIRCLE('',#1395,1.05);
#1395 = AXIS2_PLACEMENT_3D('',#1396,#1397,#1398);
#1396 = CARTESIAN_POINT('',(-46.11298253215,-38.9580547793,0.));
#1397 = DIRECTION('',(0.,0.,1.));
#1398 = DIRECTION('',(1.,0.,0.));
#1399 = FACE_BOUND('',#1400,.T.);
#1400 = EDGE_LOOP('',(#1401,#1411,#1420,#1428,#1437,#1445,#1454,#1462));
#1401 = ORIENTED_EDGE('',*,*,#1402,.F.);
#1402 = EDGE_CURVE('',#1403,#1405,#1407,.T.);
#1403 = VERTEX_POINT('',#1404);
#1404 = CARTESIAN_POINT('',(-52.53192008048,-39.02522118004,0.));
#1405 = VERTEX_POINT('',#1406);
#1406 = CARTESIAN_POINT('',(-52.44201989096,-37.20600043013,0.));
#1407 = LINE('',#1408,#1409);
#1408 = CARTESIAN_POINT('',(-52.57333521761,-39.86329813203,0.));
#1409 = VECTOR('',#1410,1.);
#1410 = DIRECTION('',(4.935663845666E-02,0.998781218406,0.));
#1411 = ORIENTED_EDGE('',*,*,#1412,.T.);
#1412 = EDGE_CURVE('',#1403,#1413,#1415,.T.);
#1413 = VERTEX_POINT('',#1414);
#1414 = CARTESIAN_POINT('',(-51.75518220075,-40.04961461562,0.));
#1415 = CIRCLE('',#1416,1.);
#1416 = AXIS2_PLACEMENT_3D('',#1417,#1418,#1419);
#1417 = CARTESIAN_POINT('',(-51.53313886208,-39.0745778185,0.));
#1418 = DIRECTION('',(-0.,0.,1.));
#1419 = DIRECTION('',(0.,-1.,0.));
#1420 = ORIENTED_EDGE('',*,*,#1421,.F.);
#1421 = EDGE_CURVE('',#1422,#1413,#1424,.T.);
#1422 = VERTEX_POINT('',#1423);
#1423 = CARTESIAN_POINT('',(-49.97921097097,-40.45405328134,0.));
#1424 = LINE('',#1425,#1426);
#1425 = CARTESIAN_POINT('',(-49.00417417384,-40.67609662002,0.));
#1426 = VECTOR('',#1427,1.);
#1427 = DIRECTION('',(-0.975036797125,0.222043338679,0.));
#1428 = ORIENTED_EDGE('',*,*,#1429,.T.);
#1429 = EDGE_CURVE('',#1422,#1430,#1432,.T.);
#1430 = VERTEX_POINT('',#1431);
#1431 = CARTESIAN_POINT('',(-48.78213083516,-39.7010598229,0.));
#1432 = CIRCLE('',#1433,1.);
#1433 = AXIS2_PLACEMENT_3D('',#1434,#1435,#1436);
#1434 = CARTESIAN_POINT('',(-49.75716763229,-39.47901648422,0.));
#1435 = DIRECTION('',(-0.,0.,1.));
#1436 = DIRECTION('',(0.,-1.,0.));
#1437 = ORIENTED_EDGE('',*,*,#1438,.F.);
#1438 = EDGE_CURVE('',#1439,#1430,#1441,.T.);
#1439 = VERTEX_POINT('',#1440);
#1440 = CARTESIAN_POINT('',(-48.30013956419,-37.58453956207,0.));
#1441 = LINE('',#1442,#1443);
#1442 = CARTESIAN_POINT('',(-48.03551865572,-36.42253612357,0.));
#1443 = VECTOR('',#1444,1.);
#1444 = DIRECTION('',(-0.222043338679,-0.975036797125,0.));
#1445 = ORIENTED_EDGE('',*,*,#1446,.F.);
#1446 = EDGE_CURVE('',#1447,#1439,#1449,.T.);
#1447 = VERTEX_POINT('',#1448);
#1448 = CARTESIAN_POINT('',(-49.22581958117,-36.36371501199,0.));
#1449 = CIRCLE('',#1450,1.);
#1450 = AXIS2_PLACEMENT_3D('',#1451,#1452,#1453);
#1451 = CARTESIAN_POINT('',(-49.27517636131,-37.36249622339,0.));
#1452 = DIRECTION('',(-0.,-0.,-1.));
#1453 = DIRECTION('',(0.,-1.,0.));
#1454 = ORIENTED_EDGE('',*,*,#1455,.F.);
#1455 = EDGE_CURVE('',#1456,#1447,#1458,.T.);
#1456 = VERTEX_POINT('',#1457);
#1457 = CARTESIAN_POINT('',(-51.39388189241,-36.25657585718,0.));
#1458 = LINE('',#1459,#1460);
#1459 = CARTESIAN_POINT('',(-52.3926632455,-36.20721907003,0.));
#1460 = VECTOR('',#1461,1.);
#1461 = DIRECTION('',(0.998781211404,-4.935678014257E-02,0.));
#1462 = ORIENTED_EDGE('',*,*,#1463,.F.);
#1463 = EDGE_CURVE('',#1405,#1456,#1464,.T.);
#1464 = CIRCLE('',#1465,1.);
#1465 = AXIS2_PLACEMENT_3D('',#1466,#1467,#1468);
#1466 = CARTESIAN_POINT('',(-51.44323867255,-37.25535706858,0.));
#1467 = DIRECTION('',(-0.,-0.,-1.));
#1468 = DIRECTION('',(0.,-1.,0.));
#1469 = FACE_BOUND('',#1470,.T.);
#1470 = EDGE_LOOP('',(#1471));
#1471 = ORIENTED_EDGE('',*,*,#1472,.T.);
#1472 = EDGE_CURVE('',#1473,#1473,#1475,.T.);
#1473 = VERTEX_POINT('',#1474);
#1474 = CARTESIAN_POINT('',(-39.99194522069,-35.11298253215,0.));
#1475 = CIRCLE('',#1476,1.05);
#1476 = AXIS2_PLACEMENT_3D('',#1477,#1478,#1479);
#1477 = CARTESIAN_POINT('',(-41.04194522069,-35.11298253215,0.));
#1478 = DIRECTION('',(0.,0.,1.));
#1479 = DIRECTION('',(1.,0.,0.));
#1480 = FACE_BOUND('',#1481,.T.);
#1481 = EDGE_LOOP('',(#1482));
#1482 = ORIENTED_EDGE('',*,*,#1483,.T.);
#1483 = EDGE_CURVE('',#1484,#1484,#1486,.T.);
#1484 = VERTEX_POINT('',#1485);
#1485 = CARTESIAN_POINT('',(-43.125,-34.5,0.));
#1486 = CIRCLE('',#1487,2.375);
#1487 = AXIS2_PLACEMENT_3D('',#1488,#1489,#1490);
#1488 = CARTESIAN_POINT('',(-45.5,-34.5,0.));
#1489 = DIRECTION('',(0.,0.,1.));
#1490 = DIRECTION('',(1.,0.,0.));
#1491 = FACE_BOUND('',#1492,.T.);
#1492 = EDGE_LOOP('',(#1493));
#1493 = ORIENTED_EDGE('',*,*,#1494,.T.);
#1494 = EDGE_CURVE('',#1495,#1495,#1497,.T.);
#1495 = VERTEX_POINT('',#1496);
#1496 = CARTESIAN_POINT('',(-48.9080547793,-33.88701746784,0.));
#1497 = CIRCLE('',#1498,1.05);
#1498 = AXIS2_PLACEMENT_3D('',#1499,#1500,#1501);
#1499 = CARTESIAN_POINT('',(-49.9580547793,-33.88701746784,0.));
#1500 = DIRECTION('',(0.,0.,1.));
#1501 = DIRECTION('',(1.,0.,0.));
#1502 = FACE_BOUND('',#1503,.T.);
#1503 = EDGE_LOOP('',(#1504));
#1504 = ORIENTED_EDGE('',*,*,#1505,.T.);
#1505 = EDGE_CURVE('',#1506,#1506,#1508,.T.);
#1506 = VERTEX_POINT('',#1507);
#1507 = CARTESIAN_POINT('',(-43.83701746784,-30.04194522069,0.));
#1508 = CIRCLE('',#1509,1.05);
#1509 = AXIS2_PLACEMENT_3D('',#1510,#1511,#1512);
#1510 = CARTESIAN_POINT('',(-44.88701746784,-30.04194522069,0.));
#1511 = DIRECTION('',(0.,0.,1.));
#1512 = DIRECTION('',(1.,0.,0.));
#1513 = FACE_BOUND('',#1514,.T.);
#1514 = EDGE_LOOP('',(#1515));
#1515 = ORIENTED_EDGE('',*,*,#1516,.T.);
#1516 = EDGE_CURVE('',#1517,#1517,#1519,.T.);
#1517 = VERTEX_POINT('',#1518);
#1518 = CARTESIAN_POINT('',(-8.95,-10.,0.));
#1519 = CIRCLE('',#1520,1.05);
#1520 = AXIS2_PLACEMENT_3D('',#1521,#1522,#1523);
#1521 = CARTESIAN_POINT('',(-10.,-10.,0.));
#1522 = DIRECTION('',(0.,0.,1.));
#1523 = DIRECTION('',(1.,0.,0.));
#1524 = FACE_BOUND('',#1525,.T.);
#1525 = EDGE_LOOP('',(#1526,#1536,#1545,#1553,#1562,#1570));
#1526 = ORIENTED_EDGE('',*,*,#1527,.T.);
#1527 = EDGE_CURVE('',#1528,#1530,#1532,.T.);
#1528 = VERTEX_POINT('',#1529);
#1529 = CARTESIAN_POINT('',(-6.018577902017,-1.,0.));
#1530 = VERTEX_POINT('',#1531);
#1531 = CARTESIAN_POINT('',(-13.4612,-1.,0.));
#1532 = LINE('',#1533,#1534);
#1533 = CARTESIAN_POINT('',(-7.288829052498,-1.,0.));
#1534 = VECTOR('',#1535,1.);
#1535 = DIRECTION('',(-1.,1.2E-16,0.));
#1536 = ORIENTED_EDGE('',*,*,#1537,.T.);
#1537 = EDGE_CURVE('',#1530,#1538,#1540,.T.);
#1538 = VERTEX_POINT('',#1539);
#1539 = CARTESIAN_POINT('',(-14.4612,-2.,0.));
#1540 = CIRCLE('',#1541,1.);
#1541 = AXIS2_PLACEMENT_3D('',#1542,#1543,#1544);
#1542 = CARTESIAN_POINT('',(-13.4612,-2.,0.));
#1543 = DIRECTION('',(-0.,0.,1.));
#1544 = DIRECTION('',(0.,-1.,0.));
#1545 = ORIENTED_EDGE('',*,*,#1546,.T.);
#1546 = EDGE_CURVE('',#1538,#1547,#1549,.T.);
#1547 = VERTEX_POINT('',#1548);
#1548 = CARTESIAN_POINT('',(-14.4612,-7.643306865504,0.));
#1549 = LINE('',#1550,#1551);
#1550 = CARTESIAN_POINT('',(-14.4612,-5.002448845623,0.));
#1551 = VECTOR('',#1552,1.);
#1552 = DIRECTION('',(-1.2E-16,-1.,0.));
#1553 = ORIENTED_EDGE('',*,*,#1554,.T.);
#1554 = EDGE_CURVE('',#1547,#1555,#1557,.T.);
#1555 = VERTEX_POINT('',#1556);
#1556 = CARTESIAN_POINT('',(-12.85700518664,-8.440143503411,0.));
#1557 = CIRCLE('',#1558,1.);
#1558 = AXIS2_PLACEMENT_3D('',#1559,#1560,#1561);
#1559 = CARTESIAN_POINT('',(-13.4612,-7.643306865504,0.));
#1560 = DIRECTION('',(-0.,0.,1.));
#1561 = DIRECTION('',(0.,-1.,0.));
#1562 = ORIENTED_EDGE('',*,*,#1563,.F.);
#1563 = EDGE_CURVE('',#1564,#1555,#1566,.T.);
#1564 = VERTEX_POINT('',#1565);
#1565 = CARTESIAN_POINT('',(-5.414383088659,-2.796836637907,0.));
#1566 = LINE('',#1567,#1568);
#1567 = CARTESIAN_POINT('',(-7.666439987815,-4.504440220784,0.));
#1568 = VECTOR('',#1569,1.);
#1569 = DIRECTION('',(-0.796836637907,-0.604194813358,0.));
#1570 = ORIENTED_EDGE('',*,*,#1571,.F.);
#1571 = EDGE_CURVE('',#1528,#1564,#1572,.T.);
#1572 = CIRCLE('',#1573,1.);
#1573 = AXIS2_PLACEMENT_3D('',#1574,#1575,#1576);
#1574 = CARTESIAN_POINT('',(-6.018577902017,-2.,0.));
#1575 = DIRECTION('',(-0.,-0.,-1.));
#1576 = DIRECTION('',(0.,-1.,0.));
#1577 = FACE_BOUND('',#1578,.T.);
#1578 = EDGE_LOOP('',(#1579));
#1579 = ORIENTED_EDGE('',*,*,#1580,.T.);
#1580 = EDGE_CURVE('',#1581,#1581,#1583,.T.);
#1581 = VERTEX_POINT('',#1582);
#1582 = CARTESIAN_POINT('',(19.081222920257,0.,0.));
#1583 = CIRCLE('',#1584,1.05);
#1584 = AXIS2_PLACEMENT_3D('',#1585,#1586,#1587);
#1585 = CARTESIAN_POINT('',(18.031222920257,0.,0.));
#1586 = DIRECTION('',(0.,0.,1.));
#1587 = DIRECTION('',(1.,0.,0.));
#1588 = FACE_BOUND('',#1589,.T.);
#1589 = EDGE_LOOP('',(#1590,#1600,#1609,#1617,#1626,#1634));
#1590 = ORIENTED_EDGE('',*,*,#1591,.T.);
#1591 = EDGE_CURVE('',#1592,#1594,#1596,.T.);
#1592 = VERTEX_POINT('',#1593);
#1593 = CARTESIAN_POINT('',(12.857005186642,8.440143503411,0.));
#1594 = VERTEX_POINT('',#1595);
#1595 = CARTESIAN_POINT('',(5.414383088659,2.796836637907,0.));
#1596 = LINE('',#1597,#1598);
#1597 = CARTESIAN_POINT('',(1.716487202693,-7.062440462575E-03,0.));
#1598 = VECTOR('',#1599,1.);
#1599 = DIRECTION('',(-0.796836637907,-0.604194813358,0.));
#1600 = ORIENTED_EDGE('',*,*,#1601,.T.);
#1601 = EDGE_CURVE('',#1594,#1602,#1604,.T.);
#1602 = VERTEX_POINT('',#1603);
#1603 = CARTESIAN_POINT('',(6.018577902017,1.,0.));
#1604 = CIRCLE('',#1605,1.);
#1605 = AXIS2_PLACEMENT_3D('',#1606,#1607,#1608);
#1606 = CARTESIAN_POINT('',(6.018577902017,2.,0.));
#1607 = DIRECTION('',(-0.,0.,1.));
#1608 = DIRECTION('',(0.,-1.,0.));
#1609 = ORIENTED_EDGE('',*,*,#1610,.T.);
#1610 = EDGE_CURVE('',#1602,#1611,#1613,.T.);
#1611 = VERTEX_POINT('',#1612);
#1612 = CARTESIAN_POINT('',(13.4612,1.,0.));
#1613 = LINE('',#1614,#1615);
#1614 = CARTESIAN_POINT('',(7.172370947502,1.,0.));
#1615 = VECTOR('',#1616,1.);
#1616 = DIRECTION('',(1.,-1.2E-16,0.));
#1617 = ORIENTED_EDGE('',*,*,#1618,.T.);
#1618 = EDGE_CURVE('',#1611,#1619,#1621,.T.);
#1619 = VERTEX_POINT('',#1620);
#1620 = CARTESIAN_POINT('',(14.4612,2.,0.));
#1621 = CIRCLE('',#1622,1.);
#1622 = AXIS2_PLACEMENT_3D('',#1623,#1624,#1625);
#1623 = CARTESIAN_POINT('',(13.4612,2.,0.));
#1624 = DIRECTION('',(-0.,0.,1.));
#1625 = DIRECTION('',(0.,-1.,0.));
#1626 = ORIENTED_EDGE('',*,*,#1627,.F.);
#1627 = EDGE_CURVE('',#1628,#1619,#1630,.T.);
#1628 = VERTEX_POINT('',#1629);
#1629 = CARTESIAN_POINT('',(14.4612,7.643306865504,0.));
#1630 = LINE('',#1631,#1632);
#1631 = CARTESIAN_POINT('',(14.4612,0.325806654004,0.));
#1632 = VECTOR('',#1633,1.);
#1633 = DIRECTION('',(-1.2E-16,-1.,0.));
#1634 = ORIENTED_EDGE('',*,*,#1635,.F.);
#1635 = EDGE_CURVE('',#1592,#1628,#1636,.T.);
#1636 = CIRCLE('',#1637,1.);
#1637 = AXIS2_PLACEMENT_3D('',#1638,#1639,#1640);
#1638 = CARTESIAN_POINT('',(13.4612,7.643306865504,0.));
#1639 = DIRECTION('',(-0.,-0.,-1.));
#1640 = DIRECTION('',(0.,-1.,0.));
#1641 = FACE_BOUND('',#1642,.T.);
#1642 = EDGE_LOOP('',(#1643));
#1643 = ORIENTED_EDGE('',*,*,#1644,.T.);
#1644 = EDGE_CURVE('',#1645,#1645,#1647,.T.);
#1645 = VERTEX_POINT('',#1646);
#1646 = CARTESIAN_POINT('',(11.05,10.,0.));
#1647 = CIRCLE('',#1648,1.05);
#1648 = AXIS2_PLACEMENT_3D('',#1649,#1650,#1651);
#1649 = CARTESIAN_POINT('',(10.,10.,0.));
#1650 = DIRECTION('',(0.,0.,1.));
#1651 = DIRECTION('',(1.,0.,0.));
#1652 = FACE_BOUND('',#1653,.T.);
#1653 = EDGE_LOOP('',(#1654));
#1654 = ORIENTED_EDGE('',*,*,#1655,.T.);
#1655 = EDGE_CURVE('',#1656,#1656,#1658,.T.);
#1656 = VERTEX_POINT('',#1657);
#1657 = CARTESIAN_POINT('',(1.05,18.031222920257,0.));
#1658 = CIRCLE('',#1659,1.05);
#1659 = AXIS2_PLACEMENT_3D('',#1660,#1661,#1662);
#1660 = CARTESIAN_POINT('',(0.,18.031222920257,0.));
#1661 = DIRECTION('',(0.,0.,1.));
#1662 = DIRECTION('',(1.,0.,0.));
#1663 = FACE_BOUND('',#1664,.T.);
#1664 = EDGE_LOOP('',(#1665));
#1665 = ORIENTED_EDGE('',*,*,#1666,.T.);
#1666 = EDGE_CURVE('',#1667,#1667,#1669,.T.);
#1667 = VERTEX_POINT('',#1668);
#1668 = CARTESIAN_POINT('',(45.937017467846,30.041945220696,0.));
#1669 = CIRCLE('',#1670,1.05);
#1670 = AXIS2_PLACEMENT_3D('',#1671,#1672,#1673);
#1671 = CARTESIAN_POINT('',(44.887017467846,30.041945220696,0.));
#1672 = DIRECTION('',(0.,0.,1.));
#1673 = DIRECTION('',(1.,0.,0.));
#1674 = FACE_BOUND('',#1675,.T.);
#1675 = EDGE_LOOP('',(#1676));
#1676 = ORIENTED_EDGE('',*,*,#1677,.T.);
#1677 = EDGE_CURVE('',#1678,#1678,#1680,.T.);
#1678 = VERTEX_POINT('',#1679);
#1679 = CARTESIAN_POINT('',(51.008054779304,33.887017467846,0.));
#1680 = CIRCLE('',#1681,1.05);
#1681 = AXIS2_PLACEMENT_3D('',#1682,#1683,#1684);
#1682 = CARTESIAN_POINT('',(49.958054779304,33.887017467846,0.));
#1683 = DIRECTION('',(0.,0.,1.));
#1684 = DIRECTION('',(1.,0.,0.));
#1685 = FACE_BOUND('',#1686,.T.);
#1686 = EDGE_LOOP('',(#1687));
#1687 = ORIENTED_EDGE('',*,*,#1688,.T.);
#1688 = EDGE_CURVE('',#1689,#1689,#1691,.T.);
#1689 = VERTEX_POINT('',#1690);
#1690 = CARTESIAN_POINT('',(47.875,34.5,0.));
#1691 = CIRCLE('',#1692,2.375);
#1692 = AXIS2_PLACEMENT_3D('',#1693,#1694,#1695);
#1693 = CARTESIAN_POINT('',(45.5,34.5,0.));
#1694 = DIRECTION('',(0.,0.,1.));
#1695 = DIRECTION('',(1.,0.,0.));
#1696 = FACE_BOUND('',#1697,.T.);
#1697 = EDGE_LOOP('',(#1698));
#1698 = ORIENTED_EDGE('',*,*,#1699,.T.);
#1699 = EDGE_CURVE('',#1700,#1700,#1702,.T.);
#1700 = VERTEX_POINT('',#1701);
#1701 = CARTESIAN_POINT('',(42.091945220696,35.112982532154,0.));
#1702 = CIRCLE('',#1703,1.05);
#1703 = AXIS2_PLACEMENT_3D('',#1704,#1705,#1706);
#1704 = CARTESIAN_POINT('',(41.041945220696,35.112982532154,0.));
#1705 = DIRECTION('',(0.,0.,1.));
#1706 = DIRECTION('',(1.,0.,0.));
#1707 = FACE_BOUND('',#1708,.T.);
#1708 = EDGE_LOOP('',(#1709,#1719,#1728,#1736,#1745,#1753,#1762,#1770));
#1709 = ORIENTED_EDGE('',*,*,#1710,.F.);
#1710 = EDGE_CURVE('',#1711,#1713,#1715,.T.);
#1711 = VERTEX_POINT('',#1712);
#1712 = CARTESIAN_POINT('',(51.149902315329,36.268633041028,0.));
#1713 = VERTEX_POINT('',#1714);
#1714 = CARTESIAN_POINT('',(49.22581976098,36.363715172376,0.));
#1715 = LINE('',#1716,#1717);
#1716 = CARTESIAN_POINT('',(52.239880749683,36.214769721896,0.));
#1717 = VECTOR('',#1718,1.);
#1718 = DIRECTION('',(-0.998781218406,4.935663845666E-02,0.));
#1719 = ORIENTED_EDGE('',*,*,#1720,.T.);
#1720 = EDGE_CURVE('',#1711,#1721,#1723,.T.);
#1721 = VERTEX_POINT('',#1722);
#1722 = CARTESIAN_POINT('',(52.198541222599,37.305294956821,0.));
#1723 = CIRCLE('',#1724,1.);
#1724 = AXIS2_PLACEMENT_3D('',#1725,#1726,#1727);
#1725 = CARTESIAN_POINT('',(51.199258953785,37.267414259434,0.));
#1726 = DIRECTION('',(-0.,0.,1.));
#1727 = DIRECTION('',(0.,-1.,0.));
#1728 = ORIENTED_EDGE('',*,*,#1729,.F.);
#1729 = EDGE_CURVE('',#1730,#1721,#1732,.T.);
#1730 = VERTEX_POINT('',#1731);
#1731 = CARTESIAN_POINT('',(52.14127819873,38.815877611279,0.));
#1732 = LINE('',#1733,#1734);
#1733 = CARTESIAN_POINT('',(52.114753848868,39.515582588702,0.));
#1734 = VECTOR('',#1735,1.);
#1735 = DIRECTION('',(3.788069738642E-02,-0.999282268814,0.));
#1736 = ORIENTED_EDGE('',*,*,#1737,.T.);
#1737 = EDGE_CURVE('',#1730,#1738,#1740,.T.);
#1738 = VERTEX_POINT('',#1739);
#1739 = CARTESIAN_POINT('',(51.448174382915,39.729971049529,0.));
#1740 = CIRCLE('',#1741,1.);
#1741 = AXIS2_PLACEMENT_3D('',#1742,#1743,#1744);
#1742 = CARTESIAN_POINT('',(51.141995929917,38.777996913893,0.));
#1743 = DIRECTION('',(-0.,0.,1.));
#1744 = DIRECTION('',(0.,-1.,0.));
#1745 = ORIENTED_EDGE('',*,*,#1746,.F.);
#1746 = EDGE_CURVE('',#1747,#1738,#1749,.T.);
#1747 = VERTEX_POINT('',#1748);
#1748 = CARTESIAN_POINT('',(50.009105901802,40.192811104538,0.));
#1749 = LINE('',#1750,#1751);
#1750 = CARTESIAN_POINT('',(48.970208434784,40.52694625314,0.));
#1751 = VECTOR('',#1752,1.);
#1752 = DIRECTION('',(0.951974135636,-0.306178452998,0.));
#1753 = ORIENTED_EDGE('',*,*,#1754,.F.);
#1754 = EDGE_CURVE('',#1755,#1747,#1757,.T.);
#1755 = VERTEX_POINT('',#1756);
#1756 = CARTESIAN_POINT('',(48.727890651678,39.462880307581,0.));
#1757 = CIRCLE('',#1758,1.);
#1758 = AXIS2_PLACEMENT_3D('',#1759,#1760,#1761);
#1759 = CARTESIAN_POINT('',(49.702927448804,39.240836968903,0.));
#1760 = DIRECTION('',(-0.,-0.,-1.));
#1761 = DIRECTION('',(0.,-1.,0.));
#1762 = ORIENTED_EDGE('',*,*,#1763,.F.);
#1763 = EDGE_CURVE('',#1764,#1755,#1766,.T.);
#1764 = VERTEX_POINT('',#1765);
#1765 = CARTESIAN_POINT('',(48.300139602311,37.58453972946,0.));
#1766 = LINE('',#1767,#1768);
#1767 = CARTESIAN_POINT('',(48.035518655729,36.422536123575,0.));
#1768 = VECTOR('',#1769,1.);
#1769 = DIRECTION('',(0.222043338679,0.975036797125,0.));
#1770 = ORIENTED_EDGE('',*,*,#1771,.F.);
#1771 = EDGE_CURVE('',#1713,#1764,#1772,.T.);
#1772 = CIRCLE('',#1773,1.);
#1773 = AXIS2_PLACEMENT_3D('',#1774,#1775,#1776);
#1774 = CARTESIAN_POINT('',(49.275176399436,37.362496390782,0.));
#1775 = DIRECTION('',(-0.,-0.,-1.));
#1776 = DIRECTION('',(0.,-1.,0.));
#1777 = FACE_BOUND('',#1778,.T.);
#1778 = EDGE_LOOP('',(#1779));
#1779 = ORIENTED_EDGE('',*,*,#1780,.T.);
#1780 = EDGE_CURVE('',#1781,#1781,#1783,.T.);
#1781 = VERTEX_POINT('',#1782);
#1782 = CARTESIAN_POINT('',(47.162982532154,38.958054779304,0.));
#1783 = CIRCLE('',#1784,1.05);
#1784 = AXIS2_PLACEMENT_3D('',#1785,#1786,#1787);
#1785 = CARTESIAN_POINT('',(46.112982532154,38.958054779304,0.));
#1786 = DIRECTION('',(0.,0.,1.));
#1787 = DIRECTION('',(1.,0.,0.));
#1788 = FACE_BOUND('',#1789,.T.);
#1789 = EDGE_LOOP('',(#1790,#1801,#1810,#1818,#1827,#1835,#1844,#1852,
    #1861,#1869));
#1790 = ORIENTED_EDGE('',*,*,#1791,.T.);
#1791 = EDGE_CURVE('',#1792,#1794,#1796,.T.);
#1792 = VERTEX_POINT('',#1793);
#1793 = CARTESIAN_POINT('',(-2.397647351197,18.137441137506,0.));
#1794 = VERTEX_POINT('',#1795);
#1795 = CARTESIAN_POINT('',(2.397647351197,18.137441137506,0.));
#1796 = CIRCLE('',#1797,2.4);
#1797 = AXIS2_PLACEMENT_3D('',#1798,#1799,#1800);
#1798 = CARTESIAN_POINT('',(2.21E-15,18.0312,0.));
#1799 = DIRECTION('',(0.,0.,-1.));
#1800 = DIRECTION('',(-1.,1.2E-16,0.));
#1801 = ORIENTED_EDGE('',*,*,#1802,.T.);
#1802 = EDGE_CURVE('',#1794,#1803,#1805,.T.);
#1803 = VERTEX_POINT('',#1804);
#1804 = CARTESIAN_POINT('',(3.174623742183,17.206671481009,0.));
#1805 = CIRCLE('',#1806,1.);
#1806 = AXIS2_PLACEMENT_3D('',#1807,#1808,#1809);
#1807 = CARTESIAN_POINT('',(3.396667080862,18.181708278134,0.));
#1808 = DIRECTION('',(-0.,0.,1.));
#1809 = DIRECTION('',(0.,-1.,0.));
#1810 = ORIENTED_EDGE('',*,*,#1811,.F.);
#1811 = EDGE_CURVE('',#1812,#1803,#1814,.T.);
#1812 = VERTEX_POINT('',#1813);
#1813 = CARTESIAN_POINT('',(6.296981419278,16.495622702936,0.));
#1814 = LINE('',#1815,#1816);
#1815 = CARTESIAN_POINT('',(3.081291918984,17.227925765657,0.));
#1816 = VECTOR('',#1817,1.);
#1817 = DIRECTION('',(-0.975036797125,0.222043338679,0.));
#1818 = ORIENTED_EDGE('',*,*,#1819,.T.);
#1819 = EDGE_CURVE('',#1812,#1820,#1822,.T.);
#1820 = VERTEX_POINT('',#1821);
#1821 = CARTESIAN_POINT('',(7.312378098246,18.079420929073,0.));
#1822 = CIRCLE('',#1823,1.);
#1823 = AXIS2_PLACEMENT_3D('',#1824,#1825,#1826);
#1824 = CARTESIAN_POINT('',(6.519024757957,17.470659500062,0.));
#1825 = DIRECTION('',(-0.,0.,1.));
#1826 = DIRECTION('',(0.,-1.,0.));
#1827 = ORIENTED_EDGE('',*,*,#1828,.F.);
#1828 = EDGE_CURVE('',#1829,#1820,#1831,.T.);
#1829 = VERTEX_POINT('',#1830);
#1830 = CARTESIAN_POINT('',(0.793353340289,26.575179399762,0.));
#1831 = LINE('',#1832,#1833);
#1832 = CARTESIAN_POINT('',(11.229634897163,12.974352476825,0.));
#1833 = VECTOR('',#1834,1.);
#1834 = DIRECTION('',(0.608761429011,-0.793353340289,0.));
#1835 = ORIENTED_EDGE('',*,*,#1836,.T.);
#1836 = EDGE_CURVE('',#1829,#1837,#1839,.T.);
#1837 = VERTEX_POINT('',#1838);
#1838 = CARTESIAN_POINT('',(-0.793353340289,26.575179399762,0.));
#1839 = CIRCLE('',#1840,1.);
#1840 = AXIS2_PLACEMENT_3D('',#1841,#1842,#1843);
#1841 = CARTESIAN_POINT('',(2.81E-15,25.96641797075,0.));
#1842 = DIRECTION('',(-0.,0.,1.));
#1843 = DIRECTION('',(0.,-1.,0.));
#1844 = ORIENTED_EDGE('',*,*,#1845,.T.);
#1845 = EDGE_CURVE('',#1837,#1846,#1848,.T.);
#1846 = VERTEX_POINT('',#1847);
#1847 = CARTESIAN_POINT('',(-7.312378098246,18.079420929073,0.));
#1848 = LINE('',#1849,#1850);
#1849 = CARTESIAN_POINT('',(-11.27279316189,12.918107531177,0.));
#1850 = VECTOR('',#1851,1.);
#1851 = DIRECTION('',(-0.608761429011,-0.793353340289,0.));
#1852 = ORIENTED_EDGE('',*,*,#1853,.T.);
#1853 = EDGE_CURVE('',#1846,#1854,#1856,.T.);
#1854 = VERTEX_POINT('',#1855);
#1855 = CARTESIAN_POINT('',(-6.296981419278,16.495622702936,0.));
#1856 = CIRCLE('',#1857,1.);
#1857 = AXIS2_PLACEMENT_3D('',#1858,#1859,#1860);
#1858 = CARTESIAN_POINT('',(-6.519024757957,17.470659500062,0.));
#1859 = DIRECTION('',(-0.,0.,1.));
#1860 = DIRECTION('',(0.,-1.,0.));
#1861 = ORIENTED_EDGE('',*,*,#1862,.T.);
#1862 = EDGE_CURVE('',#1854,#1863,#1865,.T.);
#1863 = VERTEX_POINT('',#1864);
#1864 = CARTESIAN_POINT('',(-3.174623742183,17.206671481009,0.));
#1865 = LINE('',#1866,#1867);
#1866 = CARTESIAN_POINT('',(-3.192008261584,17.202712536341,1.1E-16));
#1867 = VECTOR('',#1868,1.);
#1868 = DIRECTION('',(0.975036797125,0.222043338679,0.));
#1869 = ORIENTED_EDGE('',*,*,#1870,.F.);
#1870 = EDGE_CURVE('',#1792,#1863,#1871,.T.);
#1871 = CIRCLE('',#1872,1.);
#1872 = AXIS2_PLACEMENT_3D('',#1873,#1874,#1875);
#1873 = CARTESIAN_POINT('',(-3.396667080862,18.181708278134,0.));
#1874 = DIRECTION('',(-0.,-0.,-1.));
#1875 = DIRECTION('',(0.,-1.,0.));
#1876 = FACE_BOUND('',#1877,.T.);
#1877 = EDGE_LOOP('',(#1878));
#1878 = ORIENTED_EDGE('',*,*,#1879,.T.);
#1879 = EDGE_CURVE('',#1880,#1880,#1882,.T.);
#1880 = VERTEX_POINT('',#1881);
#1881 = CARTESIAN_POINT('',(8.9,29.,0.));
#1882 = CIRCLE('',#1883,1.05);
#1883 = AXIS2_PLACEMENT_3D('',#1884,#1885,#1886);
#1884 = CARTESIAN_POINT('',(7.85,29.,0.));
#1885 = DIRECTION('',(0.,0.,1.));
#1886 = DIRECTION('',(1.,0.,0.));
#1887 = FACE_BOUND('',#1888,.T.);
#1888 = EDGE_LOOP('',(#1889,#1899,#1908,#1916,#1925,#1933,#1942,#1951,
    #1960,#1968));
#1889 = ORIENTED_EDGE('',*,*,#1890,.T.);
#1890 = EDGE_CURVE('',#1891,#1893,#1895,.T.);
#1891 = VERTEX_POINT('',#1892);
#1892 = CARTESIAN_POINT('',(5.852608917125,34.80384028807,0.));
#1893 = VERTEX_POINT('',#1894);
#1894 = CARTESIAN_POINT('',(1.893535829171,29.644275786902,0.));
#1895 = LINE('',#1896,#1897);
#1896 = CARTESIAN_POINT('',(-5.955137835433,19.415685124015,1.1E-16));
#1897 = VECTOR('',#1898,1.);
#1898 = DIRECTION('',(-0.608761429008,-0.793353340292,0.));
#1899 = ORIENTED_EDGE('',*,*,#1900,.T.);
#1900 = EDGE_CURVE('',#1893,#1901,#1903,.T.);
#1901 = VERTEX_POINT('',#1902);
#1902 = CARTESIAN_POINT('',(1.893535829173,28.426752928883,0.));
#1903 = CIRCLE('',#1904,1.);
#1904 = AXIS2_PLACEMENT_3D('',#1905,#1906,#1907);
#1905 = CARTESIAN_POINT('',(2.686889169463,29.035514357894,0.));
#1906 = DIRECTION('',(-0.,0.,1.));
#1907 = DIRECTION('',(0.,-1.,0.));
#1908 = ORIENTED_EDGE('',*,*,#1909,.F.);
#1909 = EDGE_CURVE('',#1910,#1901,#1912,.T.);
#1910 = VERTEX_POINT('',#1911);
#1911 = CARTESIAN_POINT('',(7.206646659711,21.502572085857,0.));
#1912 = LINE('',#1913,#1914);
#1913 = CARTESIAN_POINT('',(8.236196615175,20.160836461298,1.1E-16));
#1914 = VECTOR('',#1915,1.);
#1915 = DIRECTION('',(-0.608761429011,0.793353340289,0.));
#1916 = ORIENTED_EDGE('',*,*,#1917,.T.);
#1917 = EDGE_CURVE('',#1910,#1918,#1920,.T.);
#1918 = VERTEX_POINT('',#1919);
#1919 = CARTESIAN_POINT('',(9.,22.111333514868,0.));
#1920 = CIRCLE('',#1921,1.);
#1921 = AXIS2_PLACEMENT_3D('',#1922,#1923,#1924);
#1922 = CARTESIAN_POINT('',(8.,22.111333514868,0.));
#1923 = DIRECTION('',(-0.,0.,1.));
#1924 = DIRECTION('',(0.,-1.,0.));
#1925 = ORIENTED_EDGE('',*,*,#1926,.F.);
#1926 = EDGE_CURVE('',#1927,#1918,#1929,.T.);
#1927 = VERTEX_POINT('',#1928);
#1928 = CARTESIAN_POINT('',(9.,25.603310435144,0.));
#1929 = LINE('',#1930,#1931);
#1930 = CARTESIAN_POINT('',(9.,9.408520909173,0.));
#1931 = VECTOR('',#1932,1.);
#1932 = DIRECTION('',(-1.2E-16,-1.,0.));
#1933 = ORIENTED_EDGE('',*,*,#1934,.T.);
#1934 = EDGE_CURVE('',#1927,#1935,#1937,.T.);
#1935 = VERTEX_POINT('',#1936);
#1936 = CARTESIAN_POINT('',(7.955882352941,26.602336777749,0.));
#1937 = CIRCLE('',#1938,1.);
#1938 = AXIS2_PLACEMENT_3D('',#1939,#1940,#1941);
#1939 = CARTESIAN_POINT('',(8.,25.603310435144,0.));
#1940 = DIRECTION('',(-0.,0.,1.));
#1941 = DIRECTION('',(0.,-1.,0.));
#1942 = ORIENTED_EDGE('',*,*,#1943,.T.);
#1943 = EDGE_CURVE('',#1935,#1944,#1946,.T.);
#1944 = VERTEX_POINT('',#1945);
#1945 = CARTESIAN_POINT('',(7.47176600571,31.370008237446,0.));
#1946 = CIRCLE('',#1947,2.4);
#1947 = AXIS2_PLACEMENT_3D('',#1948,#1949,#1950);
#1948 = CARTESIAN_POINT('',(7.85,29.,0.));
#1949 = DIRECTION('',(0.,0.,-1.));
#1950 = DIRECTION('',(-1.,1.2E-16,0.));
#1951 = ORIENTED_EDGE('',*,*,#1952,.T.);
#1952 = EDGE_CURVE('',#1944,#1953,#1955,.T.);
#1953 = VERTEX_POINT('',#1954);
#1954 = CARTESIAN_POINT('',(8.253961931577,32.699254732802,0.));
#1955 = CIRCLE('',#1956,1.);
#1956 = AXIS2_PLACEMENT_3D('',#1957,#1958,#1959);
#1957 = CARTESIAN_POINT('',(7.314168508089,32.357511669716,0.));
#1958 = DIRECTION('',(-0.,0.,1.));
#1959 = DIRECTION('',(0.,-1.,0.));
#1960 = ORIENTED_EDGE('',*,*,#1961,.T.);
#1961 = EDGE_CURVE('',#1953,#1962,#1964,.T.);
#1962 = VERTEX_POINT('',#1963);
#1963 = CARTESIAN_POINT('',(7.585755680906,34.536821922149,0.));
#1964 = LINE('',#1965,#1966);
#1965 = CARTESIAN_POINT('',(12.426429086782,21.224970055989,0.));
#1966 = VECTOR('',#1967,1.);
#1967 = DIRECTION('',(-0.341743063087,0.939793423488,0.));
#1968 = ORIENTED_EDGE('',*,*,#1969,.F.);
#1969 = EDGE_CURVE('',#1891,#1962,#1970,.T.);
#1970 = CIRCLE('',#1971,1.);
#1971 = AXIS2_PLACEMENT_3D('',#1972,#1973,#1974);
#1972 = CARTESIAN_POINT('',(6.645962257417,34.195078859062,0.));
#1973 = DIRECTION('',(-0.,-0.,-1.));
#1974 = DIRECTION('',(0.,-1.,0.));
#1975 = FACE_BOUND('',#1976,.T.);
#1976 = EDGE_LOOP('',(#1977,#1987,#1996,#2004,#2013,#2021,#2030,#2038,
    #2047,#2055));
#1977 = ORIENTED_EDGE('',*,*,#1978,.T.);
#1978 = EDGE_CURVE('',#1979,#1981,#1983,.T.);
#1979 = VERTEX_POINT('',#1980);
#1980 = CARTESIAN_POINT('',(0.793353340291,31.495849316048,0.));
#1981 = VERTEX_POINT('',#1982);
#1982 = CARTESIAN_POINT('',(5.818206993473,38.044366091703,0.));
#1983 = LINE('',#1984,#1985);
#1984 = CARTESIAN_POINT('',(-4.385665452515,24.746420618826,0.));
#1985 = VECTOR('',#1986,1.);
#1986 = DIRECTION('',(0.608761429008,0.793353340292,0.));
#1987 = ORIENTED_EDGE('',*,*,#1988,.T.);
#1988 = EDGE_CURVE('',#1981,#1989,#1991,.T.);
#1989 = VERTEX_POINT('',#1990);
#1990 = CARTESIAN_POINT('',(5.96464707667,38.994870583798,0.));
#1991 = CIRCLE('',#1992,1.);
#1992 = AXIS2_PLACEMENT_3D('',#1993,#1994,#1995);
#1993 = CARTESIAN_POINT('',(5.024853653181,38.653127520711,0.));
#1994 = DIRECTION('',(-0.,0.,1.));
#1995 = DIRECTION('',(0.,-1.,0.));
#1996 = ORIENTED_EDGE('',*,*,#1997,.F.);
#1997 = EDGE_CURVE('',#1998,#1989,#2000,.T.);
#1998 = VERTEX_POINT('',#1999);
#1999 = CARTESIAN_POINT('',(5.838511629656,39.341743063087,0.));
#2000 = LINE('',#2001,#2002);
#2001 = CARTESIAN_POINT('',(12.021151935723,22.339482221401,0.));
#2002 = VECTOR('',#2003,1.);
#2003 = DIRECTION('',(0.341743063087,-0.939793423488,0.));
#2004 = ORIENTED_EDGE('',*,*,#2005,.T.);
#2005 = EDGE_CURVE('',#1998,#2006,#2008,.T.);
#2006 = VERTEX_POINT('',#2007);
#2007 = CARTESIAN_POINT('',(4.898718206167,40.,0.));
#2008 = CIRCLE('',#2009,1.);
#2009 = AXIS2_PLACEMENT_3D('',#2010,#2011,#2012);
#2010 = CARTESIAN_POINT('',(4.898718206167,39.,0.));
#2011 = DIRECTION('',(-0.,0.,1.));
#2012 = DIRECTION('',(0.,-1.,0.));
#2013 = ORIENTED_EDGE('',*,*,#2014,.T.);
#2014 = EDGE_CURVE('',#2006,#2015,#2017,.T.);
#2015 = VERTEX_POINT('',#2016);
#2016 = CARTESIAN_POINT('',(-4.898718206167,40.,0.));
#2017 = LINE('',#2018,#2019);
#2018 = CARTESIAN_POINT('',(-2.857801787887,40.,0.));
#2019 = VECTOR('',#2020,1.);
#2020 = DIRECTION('',(-1.,1.2E-16,0.));
#2021 = ORIENTED_EDGE('',*,*,#2022,.T.);
#2022 = EDGE_CURVE('',#2015,#2023,#2025,.T.);
#2023 = VERTEX_POINT('',#2024);
#2024 = CARTESIAN_POINT('',(-5.838511629656,39.341743063087,0.));
#2025 = CIRCLE('',#2026,1.);
#2026 = AXIS2_PLACEMENT_3D('',#2027,#2028,#2029);
#2027 = CARTESIAN_POINT('',(-4.898718206167,39.,0.));
#2028 = DIRECTION('',(-0.,0.,1.));
#2029 = DIRECTION('',(0.,-1.,0.));
#2030 = ORIENTED_EDGE('',*,*,#2031,.F.);
#2031 = EDGE_CURVE('',#2032,#2023,#2034,.T.);
#2032 = VERTEX_POINT('',#2033);
#2033 = CARTESIAN_POINT('',(-5.964647076674,38.994870583788,0.));
#2034 = LINE('',#2035,#2036);
#2035 = CARTESIAN_POINT('',(-11.75829151674,23.062348373589,0.));
#2036 = VECTOR('',#2037,1.);
#2037 = DIRECTION('',(0.341743063087,0.939793423488,0.));
#2038 = ORIENTED_EDGE('',*,*,#2039,.T.);
#2039 = EDGE_CURVE('',#2032,#2040,#2042,.T.);
#2040 = VERTEX_POINT('',#2041);
#2041 = CARTESIAN_POINT('',(-5.818206993477,38.044366091692,0.));
#2042 = CIRCLE('',#2043,1.);
#2043 = AXIS2_PLACEMENT_3D('',#2044,#2045,#2046);
#2044 = CARTESIAN_POINT('',(-5.024853653185,38.653127520701,0.));
#2045 = DIRECTION('',(-0.,0.,1.));
#2046 = DIRECTION('',(0.,-1.,0.));
#2047 = ORIENTED_EDGE('',*,*,#2048,.F.);
#2048 = EDGE_CURVE('',#2049,#2040,#2051,.T.);
#2049 = VERTEX_POINT('',#2050);
#2050 = CARTESIAN_POINT('',(-0.793353340292,31.495849316047,0.));
#2051 = LINE('',#2052,#2053);
#2052 = CARTESIAN_POINT('',(4.342507187784,24.802665564483,0.));
#2053 = VECTOR('',#2054,1.);
#2054 = DIRECTION('',(-0.608761429009,0.793353340291,0.));
#2055 = ORIENTED_EDGE('',*,*,#2056,.F.);
#2056 = EDGE_CURVE('',#1979,#2049,#2057,.T.);
#2057 = CIRCLE('',#2058,1.);
#2058 = AXIS2_PLACEMENT_3D('',#2059,#2060,#2061);
#2059 = CARTESIAN_POINT('',(-7.8507E-13,32.104610745056,0.));
#2060 = DIRECTION('',(-0.,-0.,-1.));
#2061 = DIRECTION('',(0.,-1.,0.));
#2062 = FACE_BOUND('',#2063,.T.);
#2063 = EDGE_LOOP('',(#2064,#2074,#2083,#2091,#2100,#2108));
#2064 = ORIENTED_EDGE('',*,*,#2065,.F.);
#2065 = EDGE_CURVE('',#2066,#2068,#2070,.T.);
#2066 = VERTEX_POINT('',#2067);
#2067 = CARTESIAN_POINT('',(-12.85700518664,8.440143503411,0.));
#2068 = VERTEX_POINT('',#2069);
#2069 = CARTESIAN_POINT('',(-5.414383088659,2.796836637907,0.));
#2070 = LINE('',#2071,#2072);
#2071 = CARTESIAN_POINT('',(-1.790432116622,4.900568108841E-02,0.));
#2072 = VECTOR('',#2073,1.);
#2073 = DIRECTION('',(0.796836637907,-0.604194813358,0.));
#2074 = ORIENTED_EDGE('',*,*,#2075,.T.);
#2075 = EDGE_CURVE('',#2066,#2076,#2078,.T.);
#2076 = VERTEX_POINT('',#2077);
#2077 = CARTESIAN_POINT('',(-14.4612,7.643306865504,0.));
#2078 = CIRCLE('',#2079,1.);
#2079 = AXIS2_PLACEMENT_3D('',#2080,#2081,#2082);
#2080 = CARTESIAN_POINT('',(-13.4612,7.643306865504,0.));
#2081 = DIRECTION('',(-0.,0.,1.));
#2082 = DIRECTION('',(0.,-1.,0.));
#2083 = ORIENTED_EDGE('',*,*,#2084,.T.);
#2084 = EDGE_CURVE('',#2076,#2085,#2087,.T.);
#2085 = VERTEX_POINT('',#2086);
#2086 = CARTESIAN_POINT('',(-14.4612,2.,0.));
#2087 = LINE('',#2088,#2089);
#2088 = CARTESIAN_POINT('',(-14.4612,0.325806654004,0.));
#2089 = VECTOR('',#2090,1.);
#2090 = DIRECTION('',(-1.2E-16,-1.,0.));
#2091 = ORIENTED_EDGE('',*,*,#2092,.T.);
#2092 = EDGE_CURVE('',#2085,#2093,#2095,.T.);
#2093 = VERTEX_POINT('',#2094);
#2094 = CARTESIAN_POINT('',(-13.4612,1.,0.));
#2095 = CIRCLE('',#2096,1.);
#2096 = AXIS2_PLACEMENT_3D('',#2097,#2098,#2099);
#2097 = CARTESIAN_POINT('',(-13.4612,2.,0.));
#2098 = DIRECTION('',(-0.,0.,1.));
#2099 = DIRECTION('',(0.,-1.,0.));
#2100 = ORIENTED_EDGE('',*,*,#2101,.F.);
#2101 = EDGE_CURVE('',#2102,#2093,#2104,.T.);
#2102 = VERTEX_POINT('',#2103);
#2103 = CARTESIAN_POINT('',(-6.018577902017,1.,0.));
#2104 = LINE('',#2105,#2106);
#2105 = CARTESIAN_POINT('',(-7.288829052498,1.,0.));
#2106 = VECTOR('',#2107,1.);
#2107 = DIRECTION('',(-1.,1.2E-16,0.));
#2108 = ORIENTED_EDGE('',*,*,#2109,.F.);
#2109 = EDGE_CURVE('',#2068,#2102,#2110,.T.);
#2110 = CIRCLE('',#2111,1.);
#2111 = AXIS2_PLACEMENT_3D('',#2112,#2113,#2114);
#2112 = CARTESIAN_POINT('',(-6.018577902017,2.,0.));
#2113 = DIRECTION('',(-0.,-0.,-1.));
#2114 = DIRECTION('',(0.,-1.,0.));
#2115 = FACE_BOUND('',#2116,.T.);
#2116 = EDGE_LOOP('',(#2117));
#2117 = ORIENTED_EDGE('',*,*,#2118,.T.);
#2118 = EDGE_CURVE('',#2119,#2119,#2121,.T.);
#2119 = VERTEX_POINT('',#2120);
#2120 = CARTESIAN_POINT('',(-16.98122292025,0.,0.));
#2121 = CIRCLE('',#2122,1.05);
#2122 = AXIS2_PLACEMENT_3D('',#2123,#2124,#2125);
#2123 = CARTESIAN_POINT('',(-18.03122292025,0.,0.));
#2124 = DIRECTION('',(0.,0.,1.));
#2125 = DIRECTION('',(1.,0.,0.));
#2126 = FACE_BOUND('',#2127,.T.);
#2127 = EDGE_LOOP('',(#2128));
#2128 = ORIENTED_EDGE('',*,*,#2129,.T.);
#2129 = EDGE_CURVE('',#2130,#2130,#2132,.T.);
#2130 = VERTEX_POINT('',#2131);
#2131 = CARTESIAN_POINT('',(-8.95,10.,0.));
#2132 = CIRCLE('',#2133,1.05);
#2133 = AXIS2_PLACEMENT_3D('',#2134,#2135,#2136);
#2134 = CARTESIAN_POINT('',(-10.,10.,0.));
#2135 = DIRECTION('',(0.,0.,1.));
#2136 = DIRECTION('',(1.,0.,0.));
#2137 = FACE_BOUND('',#2138,.T.);
#2138 = EDGE_LOOP('',(#2139,#2149,#2158,#2166,#2175,#2183,#2192,#2201,
    #2210,#2218));
#2139 = ORIENTED_EDGE('',*,*,#2140,.T.);
#2140 = EDGE_CURVE('',#2141,#2143,#2145,.T.);
#2141 = VERTEX_POINT('',#2142);
#2142 = CARTESIAN_POINT('',(-7.206646659711,21.502572085858,0.));
#2143 = VERTEX_POINT('',#2144);
#2144 = CARTESIAN_POINT('',(-1.893535829174,28.426752928884,0.));
#2145 = LINE('',#2146,#2147);
#2146 = CARTESIAN_POINT('',(-8.279354879908,20.10459151565,0.));
#2147 = VECTOR('',#2148,1.);
#2148 = DIRECTION('',(0.608761429011,0.793353340289,0.));
#2149 = ORIENTED_EDGE('',*,*,#2150,.T.);
#2150 = EDGE_CURVE('',#2143,#2151,#2153,.T.);
#2151 = VERTEX_POINT('',#2152);
#2152 = CARTESIAN_POINT('',(-1.893535829171,29.644275786903,0.));
#2153 = CIRCLE('',#2154,1.);
#2154 = AXIS2_PLACEMENT_3D('',#2155,#2156,#2157);
#2155 = CARTESIAN_POINT('',(-2.686889169463,29.035514357895,0.));
#2156 = DIRECTION('',(-0.,0.,1.));
#2157 = DIRECTION('',(0.,-1.,0.));
#2158 = ORIENTED_EDGE('',*,*,#2159,.F.);
#2159 = EDGE_CURVE('',#2160,#2151,#2162,.T.);
#2160 = VERTEX_POINT('',#2161);
#2161 = CARTESIAN_POINT('',(-5.852608917126,34.80384028807,0.));
#2162 = LINE('',#2163,#2164);
#2163 = CARTESIAN_POINT('',(5.911979570701,19.471930069665,0.));
#2164 = VECTOR('',#2165,1.);
#2165 = DIRECTION('',(0.608761429008,-0.793353340292,0.));
#2166 = ORIENTED_EDGE('',*,*,#2167,.T.);
#2167 = EDGE_CURVE('',#2160,#2168,#2170,.T.);
#2168 = VERTEX_POINT('',#2169);
#2169 = CARTESIAN_POINT('',(-7.585755680906,34.536821922148,0.));
#2170 = CIRCLE('',#2171,1.);
#2171 = AXIS2_PLACEMENT_3D('',#2172,#2173,#2174);
#2172 = CARTESIAN_POINT('',(-6.645962257418,34.195078859062,0.));
#2173 = DIRECTION('',(-0.,0.,1.));
#2174 = DIRECTION('',(0.,-1.,0.));
#2175 = ORIENTED_EDGE('',*,*,#2176,.F.);
#2176 = EDGE_CURVE('',#2177,#2168,#2179,.T.);
#2177 = VERTEX_POINT('',#2178);
#2178 = CARTESIAN_POINT('',(-8.253961931577,32.699254732802,0.));
#2179 = LINE('',#2180,#2181);
#2180 = CARTESIAN_POINT('',(-12.44003003335,21.187567452924,0.));
#2181 = VECTOR('',#2182,1.);
#2182 = DIRECTION('',(0.341743063087,0.939793423488,0.));
#2183 = ORIENTED_EDGE('',*,*,#2184,.T.);
#2184 = EDGE_CURVE('',#2177,#2185,#2187,.T.);
#2185 = VERTEX_POINT('',#2186);
#2186 = CARTESIAN_POINT('',(-7.47176600571,31.370008237446,0.));
#2187 = CIRCLE('',#2188,1.);
#2188 = AXIS2_PLACEMENT_3D('',#2189,#2190,#2191);
#2189 = CARTESIAN_POINT('',(-7.314168508089,32.357511669716,0.));
#2190 = DIRECTION('',(-0.,0.,1.));
#2191 = DIRECTION('',(0.,-1.,0.));
#2192 = ORIENTED_EDGE('',*,*,#2193,.T.);
#2193 = EDGE_CURVE('',#2185,#2194,#2196,.T.);
#2194 = VERTEX_POINT('',#2195);
#2195 = CARTESIAN_POINT('',(-7.955882352941,26.602336777749,0.));
#2196 = CIRCLE('',#2197,2.4);
#2197 = AXIS2_PLACEMENT_3D('',#2198,#2199,#2200);
#2198 = CARTESIAN_POINT('',(-7.85,29.,0.));
#2199 = DIRECTION('',(0.,0.,-1.));
#2200 = DIRECTION('',(-1.,1.2E-16,0.));
#2201 = ORIENTED_EDGE('',*,*,#2202,.T.);
#2202 = EDGE_CURVE('',#2194,#2203,#2205,.T.);
#2203 = VERTEX_POINT('',#2204);
#2204 = CARTESIAN_POINT('',(-9.,25.603310435144,0.));
#2205 = CIRCLE('',#2206,1.);
#2206 = AXIS2_PLACEMENT_3D('',#2207,#2208,#2209);
#2207 = CARTESIAN_POINT('',(-8.,25.603310435144,0.));
#2208 = DIRECTION('',(-0.,0.,1.));
#2209 = DIRECTION('',(0.,-1.,0.));
#2210 = ORIENTED_EDGE('',*,*,#2211,.T.);
#2211 = EDGE_CURVE('',#2203,#2212,#2214,.T.);
#2212 = VERTEX_POINT('',#2213);
#2213 = CARTESIAN_POINT('',(-9.,22.111333514869,0.));
#2214 = LINE('',#2215,#2216);
#2215 = CARTESIAN_POINT('',(-9.,9.408520909173,0.));
#2216 = VECTOR('',#2217,1.);
#2217 = DIRECTION('',(-1.2E-16,-1.,0.));
#2218 = ORIENTED_EDGE('',*,*,#2219,.F.);
#2219 = EDGE_CURVE('',#2141,#2212,#2220,.T.);
#2220 = CIRCLE('',#2221,1.);
#2221 = AXIS2_PLACEMENT_3D('',#2222,#2223,#2224);
#2222 = CARTESIAN_POINT('',(-8.,22.111333514869,0.));
#2223 = DIRECTION('',(-0.,-0.,-1.));
#2224 = DIRECTION('',(0.,-1.,0.));
#2225 = FACE_BOUND('',#2226,.T.);
#2226 = EDGE_LOOP('',(#2227));
#2227 = ORIENTED_EDGE('',*,*,#2228,.T.);
#2228 = EDGE_CURVE('',#2229,#2229,#2231,.T.);
#2229 = VERTEX_POINT('',#2230);
#2230 = CARTESIAN_POINT('',(-6.8,29.,0.));
#2231 = CIRCLE('',#2232,1.05);
#2232 = AXIS2_PLACEMENT_3D('',#2233,#2234,#2235);
#2233 = CARTESIAN_POINT('',(-7.85,29.,0.));
#2234 = DIRECTION('',(0.,0.,1.));
#2235 = DIRECTION('',(1.,0.,0.));
#2236 = FACE_BOUND('',#2237,.T.);
#2237 = EDGE_LOOP('',(#2238));
#2238 = ORIENTED_EDGE('',*,*,#2239,.T.);
#2239 = EDGE_CURVE('',#2240,#2240,#2242,.T.);
#2240 = VERTEX_POINT('',#2241);
#2241 = CARTESIAN_POINT('',(-43.83125,30.,0.));
#2242 = CIRCLE('',#2243,1.05);
#2243 = AXIS2_PLACEMENT_3D('',#2244,#2245,#2246);
#2244 = CARTESIAN_POINT('',(-44.88125,30.,0.));
#2245 = DIRECTION('',(0.,0.,1.));
#2246 = DIRECTION('',(1.,0.,0.));
#2247 = FACE_BOUND('',#2248,.T.);
#2248 = EDGE_LOOP('',(#2249));
#2249 = ORIENTED_EDGE('',*,*,#2250,.T.);
#2250 = EDGE_CURVE('',#2251,#2251,#2253,.T.);
#2251 = VERTEX_POINT('',#2252);
#2252 = CARTESIAN_POINT('',(-39.95,35.11875,0.));
#2253 = CIRCLE('',#2254,1.05);
#2254 = AXIS2_PLACEMENT_3D('',#2255,#2256,#2257);
#2255 = CARTESIAN_POINT('',(-41.,35.11875,0.));
#2256 = DIRECTION('',(0.,0.,1.));
#2257 = DIRECTION('',(1.,0.,0.));
#2258 = FACE_BOUND('',#2259,.T.);
#2259 = EDGE_LOOP('',(#2260));
#2260 = ORIENTED_EDGE('',*,*,#2261,.T.);
#2261 = EDGE_CURVE('',#2262,#2262,#2264,.T.);
#2262 = VERTEX_POINT('',#2263);
#2263 = CARTESIAN_POINT('',(-43.125,34.5,0.));
#2264 = CIRCLE('',#2265,2.375);
#2265 = AXIS2_PLACEMENT_3D('',#2266,#2267,#2268);
#2266 = CARTESIAN_POINT('',(-45.5,34.5,0.));
#2267 = DIRECTION('',(0.,0.,1.));
#2268 = DIRECTION('',(1.,0.,0.));
#2269 = FACE_BOUND('',#2270,.T.);
#2270 = EDGE_LOOP('',(#2271));
#2271 = ORIENTED_EDGE('',*,*,#2272,.T.);
#2272 = EDGE_CURVE('',#2273,#2273,#2275,.T.);
#2273 = VERTEX_POINT('',#2274);
#2274 = CARTESIAN_POINT('',(-48.95,33.88125,0.));
#2275 = CIRCLE('',#2276,1.05);
#2276 = AXIS2_PLACEMENT_3D('',#2277,#2278,#2279);
#2277 = CARTESIAN_POINT('',(-50.,33.88125,0.));
#2278 = DIRECTION('',(0.,0.,1.));
#2279 = DIRECTION('',(1.,0.,0.));
#2280 = FACE_BOUND('',#2281,.T.);
#2281 = EDGE_LOOP('',(#2282));
#2282 = ORIENTED_EDGE('',*,*,#2283,.T.);
#2283 = EDGE_CURVE('',#2284,#2284,#2286,.T.);
#2284 = VERTEX_POINT('',#2285);
#2285 = CARTESIAN_POINT('',(-45.06875,39.,0.));
#2286 = CIRCLE('',#2287,1.05);
#2287 = AXIS2_PLACEMENT_3D('',#2288,#2289,#2290);
#2288 = CARTESIAN_POINT('',(-46.11875,39.,0.));
#2289 = DIRECTION('',(0.,0.,1.));
#2290 = DIRECTION('',(1.,0.,0.));
#2291 = FACE_BOUND('',#2292,.T.);
#2292 = EDGE_LOOP('',(#2293,#2303,#2312,#2320,#2329,#2337,#2346,#2354));
#2293 = ORIENTED_EDGE('',*,*,#2294,.T.);
#2294 = EDGE_CURVE('',#2295,#2297,#2299,.T.);
#2295 = VERTEX_POINT('',#2296);
#2296 = CARTESIAN_POINT('',(-48.32399594658,37.602628605886,0.));
#2297 = VERTEX_POINT('',#2298);
#2298 = CARTESIAN_POINT('',(-48.74628070629,39.456965610679,0.));
#2299 = LINE('',#2300,#2301);
#2300 = CARTESIAN_POINT('',(-48.059375,36.440625,0.));
#2301 = VECTOR('',#2302,1.);
#2302 = DIRECTION('',(-0.222043338679,0.975036797125,0.));
#2303 = ORIENTED_EDGE('',*,*,#2304,.T.);
#2304 = EDGE_CURVE('',#2297,#2305,#2307,.T.);
#2305 = VERTEX_POINT('',#2306);
#2306 = CARTESIAN_POINT('',(-50.02749595641,40.186896407636,0.));
#2307 = CIRCLE('',#2308,1.);
#2308 = AXIS2_PLACEMENT_3D('',#2309,#2310,#2311);
#2309 = CARTESIAN_POINT('',(-49.72131750341,39.234922272,0.));
#2310 = DIRECTION('',(-0.,0.,1.));
#2311 = DIRECTION('',(0.,-1.,0.));
#2312 = ORIENTED_EDGE('',*,*,#2313,.T.);
#2313 = EDGE_CURVE('',#2305,#2314,#2316,.T.);
#2314 = VERTEX_POINT('',#2315);
#2315 = CARTESIAN_POINT('',(-51.44817438291,39.729971049529,0.));
#2316 = LINE('',#2317,#2318);
#2317 = CARTESIAN_POINT('',(-48.98859848939,40.521031556237,0.));
#2318 = VECTOR('',#2319,1.);
#2319 = DIRECTION('',(-0.951974135636,-0.306178452998,0.));
#2320 = ORIENTED_EDGE('',*,*,#2321,.T.);
#2321 = EDGE_CURVE('',#2314,#2322,#2324,.T.);
#2322 = VERTEX_POINT('',#2323);
#2323 = CARTESIAN_POINT('',(-52.14127819873,38.815877611279,0.));
#2324 = CIRCLE('',#2325,1.);
#2325 = AXIS2_PLACEMENT_3D('',#2326,#2327,#2328);
#2326 = CARTESIAN_POINT('',(-51.14199592991,38.777996913893,0.));
#2327 = DIRECTION('',(-0.,0.,1.));
#2328 = DIRECTION('',(0.,-1.,0.));
#2329 = ORIENTED_EDGE('',*,*,#2330,.T.);
#2330 = EDGE_CURVE('',#2322,#2331,#2333,.T.);
#2331 = VERTEX_POINT('',#2332);
#2332 = CARTESIAN_POINT('',(-52.19780945051,37.324598900917,0.));
#2333 = LINE('',#2334,#2335);
#2334 = CARTESIAN_POINT('',(-52.11475384886,39.515582588702,0.));
#2335 = VECTOR('',#2336,1.);
#2336 = DIRECTION('',(-3.788069738642E-02,-0.999282268814,0.));
#2337 = ORIENTED_EDGE('',*,*,#2338,.F.);
#2338 = EDGE_CURVE('',#2339,#2331,#2341,.T.);
#2339 = VERTEX_POINT('',#2340);
#2340 = CARTESIAN_POINT('',(-51.14917054324,36.287936985125,0.));
#2341 = CIRCLE('',#2342,1.);
#2342 = AXIS2_PLACEMENT_3D('',#2343,#2344,#2345);
#2343 = CARTESIAN_POINT('',(-51.1985271817,37.286718203531,0.));
#2344 = DIRECTION('',(-0.,-0.,-1.));
#2345 = DIRECTION('',(0.,-1.,0.));
#2346 = ORIENTED_EDGE('',*,*,#2347,.T.);
#2347 = EDGE_CURVE('',#2339,#2348,#2350,.T.);
#2348 = VERTEX_POINT('',#2349);
#2349 = CARTESIAN_POINT('',(-49.24967610525,36.381804048801,0.));
#2350 = LINE('',#2351,#2352);
#2351 = CARTESIAN_POINT('',(-52.2391489776,36.234073665993,0.));
#2352 = VECTOR('',#2353,1.);
#2353 = DIRECTION('',(0.998781218406,4.935663845666E-02,0.));
#2354 = ORIENTED_EDGE('',*,*,#2355,.F.);
#2355 = EDGE_CURVE('',#2295,#2348,#2356,.T.);
#2356 = CIRCLE('',#2357,1.);
#2357 = AXIS2_PLACEMENT_3D('',#2358,#2359,#2360);
#2358 = CARTESIAN_POINT('',(-49.2990327437,37.380585267207,0.));
#2359 = DIRECTION('',(-0.,-0.,-1.));
#2360 = DIRECTION('',(0.,-1.,0.));
#2361 = FACE_BOUND('',#2362,.T.);
#2362 = EDGE_LOOP('',(#2363,#2373,#2382,#2391,#2400,#2409,#2417,#2426,
    #2434));
#2363 = ORIENTED_EDGE('',*,*,#2364,.T.);
#2364 = EDGE_CURVE('',#2365,#2367,#2369,.T.);
#2365 = VERTEX_POINT('',#2366);
#2366 = CARTESIAN_POINT('',(-2.604194813358,-3.17595929007,0.));
#2367 = VERTEX_POINT('',#2368);
#2368 = CARTESIAN_POINT('',(-7.876415509367,-7.17357718045,0.));
#2369 = LINE('',#2370,#2371);
#2370 = CARTESIAN_POINT('',(-6.458050361099,-6.098113496598,0.));
#2371 = VECTOR('',#2372,1.);
#2372 = DIRECTION('',(-0.796836637907,-0.604194813358,0.));
#2373 = ORIENTED_EDGE('',*,*,#2374,.T.);
#2374 = EDGE_CURVE('',#2367,#2375,#2377,.T.);
#2375 = VERTEX_POINT('',#2376);
#2376 = CARTESIAN_POINT('',(-8.074508726594,-8.567350930605,0.));
#2377 = CIRCLE('',#2378,1.);
#2378 = AXIS2_PLACEMENT_3D('',#2379,#2380,#2381);
#2379 = CARTESIAN_POINT('',(-7.272220696009,-7.970413818357,0.));
#2380 = DIRECTION('',(0.,-0.,1.));
#2381 = DIRECTION('',(0.,1.,0.));
#2382 = ORIENTED_EDGE('',*,*,#2383,.F.);
#2383 = EDGE_CURVE('',#2384,#2375,#2386,.T.);
#2384 = VERTEX_POINT('',#2385);
#2385 = CARTESIAN_POINT('',(-7.6,-10.,0.));
#2386 = CIRCLE('',#2387,2.4);
#2387 = AXIS2_PLACEMENT_3D('',#2388,#2389,#2390);
#2388 = CARTESIAN_POINT('',(-10.,-10.,0.));
#2389 = DIRECTION('',(0.,0.,1.));
#2390 = DIRECTION('',(1.,0.,0.));
#2391 = ORIENTED_EDGE('',*,*,#2392,.F.);
#2392 = EDGE_CURVE('',#2393,#2384,#2395,.T.);
#2393 = VERTEX_POINT('',#2394);
#2394 = CARTESIAN_POINT('',(-7.898895291795,-11.15989611826,0.));
#2395 = CIRCLE('',#2396,2.4);
#2396 = AXIS2_PLACEMENT_3D('',#2397,#2398,#2399);
#2397 = CARTESIAN_POINT('',(-10.,-10.,0.));
#2398 = DIRECTION('',(0.,0.,1.));
#2399 = DIRECTION('',(1.,0.,0.));
#2400 = ORIENTED_EDGE('',*,*,#2401,.T.);
#2401 = EDGE_CURVE('',#2393,#2402,#2404,.T.);
#2402 = VERTEX_POINT('',#2403);
#2403 = CARTESIAN_POINT('',(-7.245478335389,-12.61822296466,0.));
#2404 = CIRCLE('',#2405,1.);
#2405 = AXIS2_PLACEMENT_3D('',#2406,#2407,#2408);
#2406 = CARTESIAN_POINT('',(-7.02343499671,-11.64318616753,0.));
#2407 = DIRECTION('',(0.,-0.,1.));
#2408 = DIRECTION('',(0.,1.,0.));
#2409 = ORIENTED_EDGE('',*,*,#2410,.T.);
#2410 = EDGE_CURVE('',#2402,#2411,#2413,.T.);
#2411 = VERTEX_POINT('',#2412);
#2412 = CARTESIAN_POINT('',(-2.222043338679,-13.76220058847,0.));
#2413 = LINE('',#2414,#2415);
#2414 = CARTESIAN_POINT('',(-5.125385947237,-13.10102770963,0.));
#2415 = VECTOR('',#2416,1.);
#2416 = DIRECTION('',(0.975036797125,-0.222043338679,0.));
#2417 = ORIENTED_EDGE('',*,*,#2418,.T.);
#2418 = EDGE_CURVE('',#2411,#2419,#2421,.T.);
#2419 = VERTEX_POINT('',#2420);
#2420 = CARTESIAN_POINT('',(-1.,-12.78716379135,0.));
#2421 = CIRCLE('',#2422,1.);
#2422 = AXIS2_PLACEMENT_3D('',#2423,#2424,#2425);
#2423 = CARTESIAN_POINT('',(-2.,-12.78716379135,0.));
#2424 = DIRECTION('',(-0.,0.,1.));
#2425 = DIRECTION('',(0.,-1.,0.));
#2426 = ORIENTED_EDGE('',*,*,#2427,.F.);
#2427 = EDGE_CURVE('',#2428,#2419,#2430,.T.);
#2428 = VERTEX_POINT('',#2429);
#2429 = CARTESIAN_POINT('',(-1.,-3.972795927977,0.));
#2430 = LINE('',#2431,#2432);
#2431 = CARTESIAN_POINT('',(-1.,-7.194440482554,0.));
#2432 = VECTOR('',#2433,1.);
#2433 = DIRECTION('',(-1.2E-16,-1.,0.));
#2434 = ORIENTED_EDGE('',*,*,#2435,.F.);
#2435 = EDGE_CURVE('',#2365,#2428,#2436,.T.);
#2436 = CIRCLE('',#2437,1.);
#2437 = AXIS2_PLACEMENT_3D('',#2438,#2439,#2440);
#2438 = CARTESIAN_POINT('',(-2.,-3.972795927977,0.));
#2439 = DIRECTION('',(-0.,-0.,-1.));
#2440 = DIRECTION('',(0.,-1.,0.));
#2441 = FACE_BOUND('',#2442,.T.);
#2442 = EDGE_LOOP('',(#2443,#2453,#2462,#2470,#2479,#2487,#2496,#2505));
#2443 = ORIENTED_EDGE('',*,*,#2444,.T.);
#2444 = EDGE_CURVE('',#2445,#2447,#2449,.T.);
#2445 = VERTEX_POINT('',#2446);
#2446 = CARTESIAN_POINT('',(7.245478335389,12.618222964664,0.));
#2447 = VERTEX_POINT('',#2448);
#2448 = CARTESIAN_POINT('',(2.222043338679,13.762200588477,0.));
#2449 = LINE('',#2450,#2451);
#2450 = CARTESIAN_POINT('',(2.026892878465,13.806641844292,0.));
#2451 = VECTOR('',#2452,1.);
#2452 = DIRECTION('',(-0.975036797125,0.222043338679,0.));
#2453 = ORIENTED_EDGE('',*,*,#2454,.F.);
#2454 = EDGE_CURVE('',#2455,#2447,#2457,.T.);
#2455 = VERTEX_POINT('',#2456);
#2456 = CARTESIAN_POINT('',(1.,12.787163791351,0.));
#2457 = CIRCLE('',#2458,1.);
#2458 = AXIS2_PLACEMENT_3D('',#2459,#2460,#2461);
#2459 = CARTESIAN_POINT('',(2.,12.787163791351,0.));
#2460 = DIRECTION('',(-0.,-0.,-1.));
#2461 = DIRECTION('',(0.,-1.,0.));
#2462 = ORIENTED_EDGE('',*,*,#2463,.T.);
#2463 = EDGE_CURVE('',#2455,#2464,#2466,.T.);
#2464 = VERTEX_POINT('',#2465);
#2465 = CARTESIAN_POINT('',(1.,3.972795927977,0.));
#2466 = LINE('',#2467,#2468);
#2467 = CARTESIAN_POINT('',(1.,0.805602551117,0.));
#2468 = VECTOR('',#2469,1.);
#2469 = DIRECTION('',(-1.2E-16,-1.,0.));
#2470 = ORIENTED_EDGE('',*,*,#2471,.T.);
#2471 = EDGE_CURVE('',#2464,#2472,#2474,.T.);
#2472 = VERTEX_POINT('',#2473);
#2473 = CARTESIAN_POINT('',(2.604194813358,3.17595929007,0.));
#2474 = CIRCLE('',#2475,1.);
#2475 = AXIS2_PLACEMENT_3D('',#2476,#2477,#2478);
#2476 = CARTESIAN_POINT('',(2.,3.972795927977,0.));
#2477 = DIRECTION('',(-0.,0.,1.));
#2478 = DIRECTION('',(0.,-1.,0.));
#2479 = ORIENTED_EDGE('',*,*,#2480,.F.);
#2480 = EDGE_CURVE('',#2481,#2472,#2483,.T.);
#2481 = VERTEX_POINT('',#2482);
#2482 = CARTESIAN_POINT('',(7.876415509367,7.17357718045,0.));
#2483 = LINE('',#2484,#2485);
#2484 = CARTESIAN_POINT('',(8.997138159631E-02,1.269570094558,1.1E-16));
#2485 = VECTOR('',#2486,1.);
#2486 = DIRECTION('',(-0.796836637907,-0.604194813358,0.));
#2487 = ORIENTED_EDGE('',*,*,#2488,.T.);
#2488 = EDGE_CURVE('',#2481,#2489,#2491,.T.);
#2489 = VERTEX_POINT('',#2490);
#2490 = CARTESIAN_POINT('',(8.074508726594,8.567350930605,0.));
#2491 = CIRCLE('',#2492,1.);
#2492 = AXIS2_PLACEMENT_3D('',#2493,#2494,#2495);
#2493 = CARTESIAN_POINT('',(7.272220696009,7.970413818357,0.));
#2494 = DIRECTION('',(0.,-0.,1.));
#2495 = DIRECTION('',(0.,1.,0.));
#2496 = ORIENTED_EDGE('',*,*,#2497,.F.);
#2497 = EDGE_CURVE('',#2498,#2489,#2500,.T.);
#2498 = VERTEX_POINT('',#2499);
#2499 = CARTESIAN_POINT('',(7.898895291795,11.159896118262,0.));
#2500 = CIRCLE('',#2501,2.4);
#2501 = AXIS2_PLACEMENT_3D('',#2502,#2503,#2504);
#2502 = CARTESIAN_POINT('',(10.,10.,0.));
#2503 = DIRECTION('',(0.,0.,1.));
#2504 = DIRECTION('',(1.,0.,0.));
#2505 = ORIENTED_EDGE('',*,*,#2506,.F.);
#2506 = EDGE_CURVE('',#2445,#2498,#2507,.T.);
#2507 = CIRCLE('',#2508,1.);
#2508 = AXIS2_PLACEMENT_3D('',#2509,#2510,#2511);
#2509 = CARTESIAN_POINT('',(7.02343499671,11.643186167538,0.));
#2510 = DIRECTION('',(0.,0.,-1.));
#2511 = DIRECTION('',(0.,1.,0.));
#2512 = FACE_BOUND('',#2513,.T.);
#2513 = EDGE_LOOP('',(#2514,#2524,#2533,#2541,#2550,#2558,#2567,#2576,
    #2585));
#2514 = ORIENTED_EDGE('',*,*,#2515,.T.);
#2515 = EDGE_CURVE('',#2516,#2518,#2520,.T.);
#2516 = VERTEX_POINT('',#2517);
#2517 = CARTESIAN_POINT('',(-7.876415509367,7.17357718045,0.));
#2518 = VERTEX_POINT('',#2519);
#2519 = CARTESIAN_POINT('',(-2.604194813358,3.17595929007,0.));
#2520 = LINE('',#2521,#2522);
#2521 = CARTESIAN_POINT('',(-0.163916295526,1.325638216109,1.1E-16));
#2522 = VECTOR('',#2523,1.);
#2523 = DIRECTION('',(0.796836637907,-0.604194813358,0.));
#2524 = ORIENTED_EDGE('',*,*,#2525,.T.);
#2525 = EDGE_CURVE('',#2518,#2526,#2528,.T.);
#2526 = VERTEX_POINT('',#2527);
#2527 = CARTESIAN_POINT('',(-1.,3.972795927977,0.));
#2528 = CIRCLE('',#2529,1.);
#2529 = AXIS2_PLACEMENT_3D('',#2530,#2531,#2532);
#2530 = CARTESIAN_POINT('',(-2.,3.972795927977,0.));
#2531 = DIRECTION('',(-0.,0.,1.));
#2532 = DIRECTION('',(0.,-1.,0.));
#2533 = ORIENTED_EDGE('',*,*,#2534,.F.);
#2534 = EDGE_CURVE('',#2535,#2526,#2537,.T.);
#2535 = VERTEX_POINT('',#2536);
#2536 = CARTESIAN_POINT('',(-1.,12.787163791351,0.));
#2537 = LINE('',#2538,#2539);
#2538 = CARTESIAN_POINT('',(-1.,0.805602551117,0.));
#2539 = VECTOR('',#2540,1.);
#2540 = DIRECTION('',(-1.2E-16,-1.,0.));
#2541 = ORIENTED_EDGE('',*,*,#2542,.T.);
#2542 = EDGE_CURVE('',#2535,#2543,#2545,.T.);
#2543 = VERTEX_POINT('',#2544);
#2544 = CARTESIAN_POINT('',(-2.222043338679,13.762200588477,0.));
#2545 = CIRCLE('',#2546,1.);
#2546 = AXIS2_PLACEMENT_3D('',#2547,#2548,#2549);
#2547 = CARTESIAN_POINT('',(-2.,12.787163791351,0.));
#2548 = DIRECTION('',(-0.,0.,1.));
#2549 = DIRECTION('',(0.,-1.,0.));
#2550 = ORIENTED_EDGE('',*,*,#2551,.F.);
#2551 = EDGE_CURVE('',#2552,#2543,#2554,.T.);
#2552 = VERTEX_POINT('',#2553);
#2553 = CARTESIAN_POINT('',(-7.245478335389,12.618222964664,0.));
#2554 = LINE('',#2555,#2556);
#2555 = CARTESIAN_POINT('',(-2.137609221065,13.781428614977,1.1E-16));
#2556 = VECTOR('',#2557,1.);
#2557 = DIRECTION('',(0.975036797125,0.222043338679,0.));
#2558 = ORIENTED_EDGE('',*,*,#2559,.F.);
#2559 = EDGE_CURVE('',#2560,#2552,#2562,.T.);
#2560 = VERTEX_POINT('',#2561);
#2561 = CARTESIAN_POINT('',(-7.898895291795,11.159896118262,0.));
#2562 = CIRCLE('',#2563,1.);
#2563 = AXIS2_PLACEMENT_3D('',#2564,#2565,#2566);
#2564 = CARTESIAN_POINT('',(-7.02343499671,11.643186167538,0.));
#2565 = DIRECTION('',(0.,0.,-1.));
#2566 = DIRECTION('',(0.,1.,0.));
#2567 = ORIENTED_EDGE('',*,*,#2568,.F.);
#2568 = EDGE_CURVE('',#2569,#2560,#2571,.T.);
#2569 = VERTEX_POINT('',#2570);
#2570 = CARTESIAN_POINT('',(-7.6,10.,0.));
#2571 = CIRCLE('',#2572,2.4);
#2572 = AXIS2_PLACEMENT_3D('',#2573,#2574,#2575);
#2573 = CARTESIAN_POINT('',(-10.,10.,0.));
#2574 = DIRECTION('',(0.,0.,1.));
#2575 = DIRECTION('',(1.,0.,0.));
#2576 = ORIENTED_EDGE('',*,*,#2577,.F.);
#2577 = EDGE_CURVE('',#2578,#2569,#2580,.T.);
#2578 = VERTEX_POINT('',#2579);
#2579 = CARTESIAN_POINT('',(-8.074508726594,8.567350930605,0.));
#2580 = CIRCLE('',#2581,2.4);
#2581 = AXIS2_PLACEMENT_3D('',#2582,#2583,#2584);
#2582 = CARTESIAN_POINT('',(-10.,10.,0.));
#2583 = DIRECTION('',(0.,0.,1.));
#2584 = DIRECTION('',(1.,0.,0.));
#2585 = ORIENTED_EDGE('',*,*,#2586,.F.);
#2586 = EDGE_CURVE('',#2516,#2578,#2587,.T.);
#2587 = CIRCLE('',#2588,1.);
#2588 = AXIS2_PLACEMENT_3D('',#2589,#2590,#2591);
#2589 = CARTESIAN_POINT('',(-7.272220696009,7.970413818357,0.));
#2590 = DIRECTION('',(0.,0.,-1.));
#2591 = DIRECTION('',(0.,1.,0.));
#2592 = PLANE('',#2593);
#2593 = AXIS2_PLACEMENT_3D('',#2594,#2595,#2596);
#2594 = CARTESIAN_POINT('',(-6.234098634657E-02,-0.246264846097,0.));
#2595 = DIRECTION('',(-0.,-0.,-1.));
#2596 = DIRECTION('',(-1.,0.,0.));
#2597 = ADVANCED_FACE('',(#2598),#2623,.T.);
#2598 = FACE_BOUND('',#2599,.T.);
#2599 = EDGE_LOOP('',(#2600,#2610,#2616,#2617));
#2600 = ORIENTED_EDGE('',*,*,#2601,.F.);
#2601 = EDGE_CURVE('',#2602,#2604,#2606,.T.);
#2602 = VERTEX_POINT('',#2603);
#2603 = CARTESIAN_POINT('',(2.604194813358,-3.17595929007,3.));
#2604 = VERTEX_POINT('',#2605);
#2605 = CARTESIAN_POINT('',(7.876415509367,-7.17357718045,3.));
#2606 = LINE('',#2607,#2608);
#2607 = CARTESIAN_POINT('',(6.38410544717,-6.042045375047,3.));
#2608 = VECTOR('',#2609,1.);
#2609 = DIRECTION('',(0.796836637907,-0.604194813358,0.));
#2610 = ORIENTED_EDGE('',*,*,#2611,.F.);
#2611 = EDGE_CURVE('',#22,#2602,#2612,.T.);
#2612 = LINE('',#2613,#2614);
#2613 = CARTESIAN_POINT('',(2.604194813358,-3.17595929007,0.));
#2614 = VECTOR('',#2615,1.);
#2615 = DIRECTION('',(0.,0.,1.));
#2616 = ORIENTED_EDGE('',*,*,#21,.T.);
#2617 = ORIENTED_EDGE('',*,*,#2618,.F.);
#2618 = EDGE_CURVE('',#2604,#24,#2619,.T.);
#2619 = LINE('',#2620,#2621);
#2620 = CARTESIAN_POINT('',(7.876415509367,-7.17357718045,3.));
#2621 = VECTOR('',#2622,1.);
#2622 = DIRECTION('',(-0.,-0.,-1.));
#2623 = PLANE('',#2624);
#2624 = AXIS2_PLACEMENT_3D('',#2625,#2626,#2627);
#2625 = CARTESIAN_POINT('',(13.252810373284,-11.25018427506,-1.));
#2626 = DIRECTION('',(-0.604194813358,-0.796836637907,0.));
#2627 = DIRECTION('',(-0.796836637907,0.604194813358,0.));
#2628 = ADVANCED_FACE('',(#2629),#2648,.F.);
#2629 = FACE_BOUND('',#2630,.F.);
#2630 = EDGE_LOOP('',(#2631,#2640,#2646,#2647));
#2631 = ORIENTED_EDGE('',*,*,#2632,.T.);
#2632 = EDGE_CURVE('',#2604,#2633,#2635,.T.);
#2633 = VERTEX_POINT('',#2634);
#2634 = CARTESIAN_POINT('',(8.074508726594,-8.567350930605,3.));
#2635 = CIRCLE('',#2636,1.);
#2636 = AXIS2_PLACEMENT_3D('',#2637,#2638,#2639);
#2637 = CARTESIAN_POINT('',(7.272220696009,-7.970413818357,3.));
#2638 = DIRECTION('',(0.,0.,-1.));
#2639 = DIRECTION('',(0.,1.,0.));
#2640 = ORIENTED_EDGE('',*,*,#2641,.T.);
#2641 = EDGE_CURVE('',#2633,#75,#2642,.T.);
#2642 = LINE('',#2643,#2644);
#2643 = CARTESIAN_POINT('',(8.074508726594,-8.567350930605,3.));
#2644 = VECTOR('',#2645,1.);
#2645 = DIRECTION('',(-0.,-0.,-1.));
#2646 = ORIENTED_EDGE('',*,*,#83,.F.);
#2647 = ORIENTED_EDGE('',*,*,#2618,.F.);
#2648 = CYLINDRICAL_SURFACE('',#2649,1.);
#2649 = AXIS2_PLACEMENT_3D('',#2650,#2651,#2652);
#2650 = CARTESIAN_POINT('',(7.272220696009,-7.970413818357,3.));
#2651 = DIRECTION('',(-0.,-0.,-1.));
#2652 = DIRECTION('',(0.604194813358,0.796836637907,-0.));
#2653 = ADVANCED_FACE('',(#2654),#2673,.F.);
#2654 = FACE_BOUND('',#2655,.T.);
#2655 = EDGE_LOOP('',(#2656,#2657,#2658,#2667));
#2656 = ORIENTED_EDGE('',*,*,#31,.T.);
#2657 = ORIENTED_EDGE('',*,*,#2611,.T.);
#2658 = ORIENTED_EDGE('',*,*,#2659,.F.);
#2659 = EDGE_CURVE('',#2660,#2602,#2662,.T.);
#2660 = VERTEX_POINT('',#2661);
#2661 = CARTESIAN_POINT('',(1.,-3.972795927977,3.));
#2662 = CIRCLE('',#2663,1.);
#2663 = AXIS2_PLACEMENT_3D('',#2664,#2665,#2666);
#2664 = CARTESIAN_POINT('',(2.,-3.972795927977,3.));
#2665 = DIRECTION('',(-0.,-0.,-1.));
#2666 = DIRECTION('',(0.,-1.,0.));
#2667 = ORIENTED_EDGE('',*,*,#2668,.F.);
#2668 = EDGE_CURVE('',#32,#2660,#2669,.T.);
#2669 = LINE('',#2670,#2671);
#2670 = CARTESIAN_POINT('',(1.,-3.972795927977,0.));
#2671 = VECTOR('',#2672,1.);
#2672 = DIRECTION('',(0.,0.,1.));
#2673 = CYLINDRICAL_SURFACE('',#2674,1.);
#2674 = AXIS2_PLACEMENT_3D('',#2675,#2676,#2677);
#2675 = CARTESIAN_POINT('',(2.,-3.972795927977,0.));
#2676 = DIRECTION('',(0.,0.,1.));
#2677 = DIRECTION('',(-1.,1.2E-16,0.));
#2678 = ADVANCED_FACE('',(#2679),#2698,.T.);
#2679 = FACE_BOUND('',#2680,.F.);
#2680 = EDGE_LOOP('',(#2681,#2682,#2683,#2692));
#2681 = ORIENTED_EDGE('',*,*,#74,.F.);
#2682 = ORIENTED_EDGE('',*,*,#2641,.F.);
#2683 = ORIENTED_EDGE('',*,*,#2684,.T.);
#2684 = EDGE_CURVE('',#2633,#2685,#2687,.T.);
#2685 = VERTEX_POINT('',#2686);
#2686 = CARTESIAN_POINT('',(7.898895291795,-11.15989611826,3.));
#2687 = CIRCLE('',#2688,2.4);
#2688 = AXIS2_PLACEMENT_3D('',#2689,#2690,#2691);
#2689 = CARTESIAN_POINT('',(10.,-10.,3.));
#2690 = DIRECTION('',(0.,0.,1.));
#2691 = DIRECTION('',(1.,0.,0.));
#2692 = ORIENTED_EDGE('',*,*,#2693,.T.);
#2693 = EDGE_CURVE('',#2685,#66,#2694,.T.);
#2694 = LINE('',#2695,#2696);
#2695 = CARTESIAN_POINT('',(7.898895291795,-11.15989611826,3.));
#2696 = VECTOR('',#2697,1.);
#2697 = DIRECTION('',(-0.,-0.,-1.));
#2698 = CYLINDRICAL_SURFACE('',#2699,2.4);
#2699 = AXIS2_PLACEMENT_3D('',#2700,#2701,#2702);
#2700 = CARTESIAN_POINT('',(10.,-10.,0.));
#2701 = DIRECTION('',(-0.,-0.,-1.));
#2702 = DIRECTION('',(1.,0.,0.));
#2703 = ADVANCED_FACE('',(#2704),#2722,.F.);
#2704 = FACE_BOUND('',#2705,.F.);
#2705 = EDGE_LOOP('',(#2706,#2707,#2715,#2721));
#2706 = ORIENTED_EDGE('',*,*,#40,.T.);
#2707 = ORIENTED_EDGE('',*,*,#2708,.T.);
#2708 = EDGE_CURVE('',#41,#2709,#2711,.T.);
#2709 = VERTEX_POINT('',#2710);
#2710 = CARTESIAN_POINT('',(1.,-12.78716379135,3.));
#2711 = LINE('',#2712,#2713);
#2712 = CARTESIAN_POINT('',(1.,-12.78716379135,0.));
#2713 = VECTOR('',#2714,1.);
#2714 = DIRECTION('',(0.,0.,1.));
#2715 = ORIENTED_EDGE('',*,*,#2716,.F.);
#2716 = EDGE_CURVE('',#2660,#2709,#2717,.T.);
#2717 = LINE('',#2718,#2719);
#2718 = CARTESIAN_POINT('',(1.,-7.194440482554,3.));
#2719 = VECTOR('',#2720,1.);
#2720 = DIRECTION('',(-1.2E-16,-1.,0.));
#2721 = ORIENTED_EDGE('',*,*,#2668,.F.);
#2722 = PLANE('',#2723);
#2723 = AXIS2_PLACEMENT_3D('',#2724,#2725,#2726);
#2724 = CARTESIAN_POINT('',(1.,-14.04049427311,-1.));
#2725 = DIRECTION('',(-1.,1.2E-16,0.));
#2726 = DIRECTION('',(1.2E-16,1.,0.));
#2727 = ADVANCED_FACE('',(#2728),#2747,.F.);
#2728 = FACE_BOUND('',#2729,.T.);
#2729 = EDGE_LOOP('',(#2730,#2739,#2740,#2741));
#2730 = ORIENTED_EDGE('',*,*,#2731,.T.);
#2731 = EDGE_CURVE('',#2732,#2685,#2734,.T.);
#2732 = VERTEX_POINT('',#2733);
#2733 = CARTESIAN_POINT('',(7.245478335389,-12.61822296466,3.));
#2734 = CIRCLE('',#2735,1.);
#2735 = AXIS2_PLACEMENT_3D('',#2736,#2737,#2738);
#2736 = CARTESIAN_POINT('',(7.02343499671,-11.64318616753,3.));
#2737 = DIRECTION('',(0.,-0.,1.));
#2738 = DIRECTION('',(0.,1.,0.));
#2739 = ORIENTED_EDGE('',*,*,#2693,.T.);
#2740 = ORIENTED_EDGE('',*,*,#65,.F.);
#2741 = ORIENTED_EDGE('',*,*,#2742,.F.);
#2742 = EDGE_CURVE('',#2732,#58,#2743,.T.);
#2743 = LINE('',#2744,#2745);
#2744 = CARTESIAN_POINT('',(7.245478335389,-12.61822296466,3.));
#2745 = VECTOR('',#2746,1.);
#2746 = DIRECTION('',(-0.,-0.,-1.));
#2747 = CYLINDRICAL_SURFACE('',#2748,1.);
#2748 = AXIS2_PLACEMENT_3D('',#2749,#2750,#2751);
#2749 = CARTESIAN_POINT('',(7.02343499671,-11.64318616753,3.));
#2750 = DIRECTION('',(-0.,-0.,-1.));
#2751 = DIRECTION('',(0.222043338679,-0.975036797125,0.));
#2752 = ADVANCED_FACE('',(#2753),#2772,.F.);
#2753 = FACE_BOUND('',#2754,.F.);
#2754 = EDGE_LOOP('',(#2755,#2756,#2764,#2771));
#2755 = ORIENTED_EDGE('',*,*,#48,.T.);
#2756 = ORIENTED_EDGE('',*,*,#2757,.T.);
#2757 = EDGE_CURVE('',#49,#2758,#2760,.T.);
#2758 = VERTEX_POINT('',#2759);
#2759 = CARTESIAN_POINT('',(2.222043338679,-13.76220058847,3.));
#2760 = LINE('',#2761,#2762);
#2761 = CARTESIAN_POINT('',(2.222043338679,-13.76220058847,0.));
#2762 = VECTOR('',#2763,1.);
#2763 = DIRECTION('',(0.,0.,1.));
#2764 = ORIENTED_EDGE('',*,*,#2765,.F.);
#2765 = EDGE_CURVE('',#2709,#2758,#2766,.T.);
#2766 = CIRCLE('',#2767,1.);
#2767 = AXIS2_PLACEMENT_3D('',#2768,#2769,#2770);
#2768 = CARTESIAN_POINT('',(2.,-12.78716379135,3.));
#2769 = DIRECTION('',(-0.,0.,1.));
#2770 = DIRECTION('',(0.,-1.,0.));
#2771 = ORIENTED_EDGE('',*,*,#2708,.F.);
#2772 = CYLINDRICAL_SURFACE('',#2773,1.);
#2773 = AXIS2_PLACEMENT_3D('',#2774,#2775,#2776);
#2774 = CARTESIAN_POINT('',(2.,-12.78716379135,0.));
#2775 = DIRECTION('',(0.,0.,1.));
#2776 = DIRECTION('',(-1.,1.2E-16,0.));
#2777 = ADVANCED_FACE('',(#2778),#2789,.F.);
#2778 = FACE_BOUND('',#2779,.F.);
#2779 = EDGE_LOOP('',(#2780,#2786,#2787,#2788));
#2780 = ORIENTED_EDGE('',*,*,#2781,.F.);
#2781 = EDGE_CURVE('',#2758,#2732,#2782,.T.);
#2782 = LINE('',#2783,#2784);
#2783 = CARTESIAN_POINT('',(5.014669604637,-13.12624093895,3.));
#2784 = VECTOR('',#2785,1.);
#2785 = DIRECTION('',(0.975036797125,0.222043338679,0.));
#2786 = ORIENTED_EDGE('',*,*,#2757,.F.);
#2787 = ORIENTED_EDGE('',*,*,#57,.T.);
#2788 = ORIENTED_EDGE('',*,*,#2742,.F.);
#2789 = PLANE('',#2790);
#2790 = AXIS2_PLACEMENT_3D('',#2791,#2792,#2793);
#2791 = CARTESIAN_POINT('',(7.126405186642,-12.64533927409,1.5));
#2792 = DIRECTION('',(0.222043338679,-0.975036797125,0.));
#2793 = DIRECTION('',(-0.975036797125,-0.222043338679,0.));
#2794 = ADVANCED_FACE('',(#2795),#2820,.F.);
#2795 = FACE_BOUND('',#2796,.F.);
#2796 = EDGE_LOOP('',(#2797,#2798,#2806,#2814));
#2797 = ORIENTED_EDGE('',*,*,#92,.F.);
#2798 = ORIENTED_EDGE('',*,*,#2799,.T.);
#2799 = EDGE_CURVE('',#93,#2800,#2802,.T.);
#2800 = VERTEX_POINT('',#2801);
#2801 = CARTESIAN_POINT('',(39.572221597542,-27.43831501204,3.));
#2802 = LINE('',#2803,#2804);
#2803 = CARTESIAN_POINT('',(39.572221597542,-27.43831501204,0.));
#2804 = VECTOR('',#2805,1.);
#2805 = DIRECTION('',(0.,0.,1.));
#2806 = ORIENTED_EDGE('',*,*,#2807,.T.);
#2807 = EDGE_CURVE('',#2800,#2808,#2810,.T.);
#2808 = VERTEX_POINT('',#2809);
#2809 = CARTESIAN_POINT('',(19.732384839107,-11.67976777067,3.));
#2810 = LINE('',#2811,#2812);
#2811 = CARTESIAN_POINT('',(41.155490138745,-28.69588645308,3.));
#2812 = VECTOR('',#2813,1.);
#2813 = DIRECTION('',(-0.783045822587,0.621964018033,0.));
#2814 = ORIENTED_EDGE('',*,*,#2815,.F.);
#2815 = EDGE_CURVE('',#95,#2808,#2816,.T.);
#2816 = LINE('',#2817,#2818);
#2817 = CARTESIAN_POINT('',(19.732384839107,-11.67976777067,0.));
#2818 = VECTOR('',#2819,1.);
#2819 = DIRECTION('',(0.,0.,1.));
#2820 = PLANE('',#2821);
#2821 = AXIS2_PLACEMENT_3D('',#2822,#2823,#2824);
#2822 = CARTESIAN_POINT('',(41.155490138745,-28.69588645308,0.));
#2823 = DIRECTION('',(-0.621964018033,-0.783045822587,0.));
#2824 = DIRECTION('',(-0.783045822587,0.621964018033,0.));
#2825 = ADVANCED_FACE('',(#2826),#2845,.F.);
#2826 = FACE_BOUND('',#2827,.F.);
#2827 = EDGE_LOOP('',(#2828,#2829,#2837,#2844));
#2828 = ORIENTED_EDGE('',*,*,#102,.T.);
#2829 = ORIENTED_EDGE('',*,*,#2830,.T.);
#2830 = EDGE_CURVE('',#103,#2831,#2833,.T.);
#2831 = VERTEX_POINT('',#2832);
#2832 = CARTESIAN_POINT('',(42.626958436527,-27.84356460449,3.));
#2833 = LINE('',#2834,#2835);
#2834 = CARTESIAN_POINT('',(42.626958436527,-27.84356460449,0.));
#2835 = VECTOR('',#2836,1.);
#2836 = DIRECTION('',(0.,0.,1.));
#2837 = ORIENTED_EDGE('',*,*,#2838,.F.);
#2838 = EDGE_CURVE('',#2800,#2831,#2839,.T.);
#2839 = CIRCLE('',#2840,3.);
#2840 = AXIS2_PLACEMENT_3D('',#2841,#2842,#2843);
#2841 = CARTESIAN_POINT('',(41.438113651642,-25.08917754428,3.));
#2842 = DIRECTION('',(-0.,0.,1.));
#2843 = DIRECTION('',(0.,-1.,0.));
#2844 = ORIENTED_EDGE('',*,*,#2799,.F.);
#2845 = CYLINDRICAL_SURFACE('',#2846,3.);
#2846 = AXIS2_PLACEMENT_3D('',#2847,#2848,#2849);
#2847 = CARTESIAN_POINT('',(41.438113651642,-25.08917754428,0.));
#2848 = DIRECTION('',(0.,0.,1.));
#2849 = DIRECTION('',(-0.621964018033,-0.783045822587,0.));
#2850 = ADVANCED_FACE('',(#2851),#2870,.F.);
#2851 = FACE_BOUND('',#2852,.T.);
#2852 = EDGE_LOOP('',(#2853,#2854,#2862,#2869));
#2853 = ORIENTED_EDGE('',*,*,#877,.T.);
#2854 = ORIENTED_EDGE('',*,*,#2855,.T.);
#2855 = EDGE_CURVE('',#870,#2856,#2858,.T.);
#2856 = VERTEX_POINT('',#2857);
#2857 = CARTESIAN_POINT('',(18.031222920257,-8.15606156903,3.));
#2858 = LINE('',#2859,#2860);
#2859 = CARTESIAN_POINT('',(18.031222920257,-8.15606156903,0.));
#2860 = VECTOR('',#2861,1.);
#2861 = DIRECTION('',(0.,0.,1.));
#2862 = ORIENTED_EDGE('',*,*,#2863,.F.);
#2863 = EDGE_CURVE('',#2808,#2856,#2864,.T.);
#2864 = CIRCLE('',#2865,4.5);
#2865 = AXIS2_PLACEMENT_3D('',#2866,#2867,#2868);
#2866 = CARTESIAN_POINT('',(22.531222920257,-8.15606156903,3.));
#2867 = DIRECTION('',(-0.,-0.,-1.));
#2868 = DIRECTION('',(0.,-1.,0.));
#2869 = ORIENTED_EDGE('',*,*,#2815,.F.);
#2870 = CYLINDRICAL_SURFACE('',#2871,4.5);
#2871 = AXIS2_PLACEMENT_3D('',#2872,#2873,#2874);
#2872 = CARTESIAN_POINT('',(22.531222920257,-8.15606156903,0.));
#2873 = DIRECTION('',(0.,0.,1.));
#2874 = DIRECTION('',(-0.621964018033,-0.783045822587,0.));
#2875 = ADVANCED_FACE('',(#2876),#2895,.T.);
#2876 = FACE_BOUND('',#2877,.F.);
#2877 = EDGE_LOOP('',(#2878,#2879,#2887,#2894));
#2878 = ORIENTED_EDGE('',*,*,#111,.F.);
#2879 = ORIENTED_EDGE('',*,*,#2880,.T.);
#2880 = EDGE_CURVE('',#112,#2881,#2883,.T.);
#2881 = VERTEX_POINT('',#2882);
#2882 = CARTESIAN_POINT('',(44.528487509593,-27.31538703332,3.));
#2883 = LINE('',#2884,#2885);
#2884 = CARTESIAN_POINT('',(44.528487509593,-27.31538703332,0.));
#2885 = VECTOR('',#2886,1.);
#2886 = DIRECTION('',(0.,0.,1.));
#2887 = ORIENTED_EDGE('',*,*,#2888,.T.);
#2888 = EDGE_CURVE('',#2881,#2831,#2889,.T.);
#2889 = CIRCLE('',#2890,7.25);
#2890 = AXIS2_PLACEMENT_3D('',#2891,#2892,#2893);
#2891 = CARTESIAN_POINT('',(45.5,-34.5,3.));
#2892 = DIRECTION('',(0.,0.,1.));
#2893 = DIRECTION('',(1.,0.,0.));
#2894 = ORIENTED_EDGE('',*,*,#2830,.F.);
#2895 = CYLINDRICAL_SURFACE('',#2896,7.25);
#2896 = AXIS2_PLACEMENT_3D('',#2897,#2898,#2899);
#2897 = CARTESIAN_POINT('',(45.5,-34.5,0.));
#2898 = DIRECTION('',(-0.,-0.,-1.));
#2899 = DIRECTION('',(1.,0.,0.));
#2900 = ADVANCED_FACE('',(#2901),#2919,.T.);
#2901 = FACE_BOUND('',#2902,.T.);
#2902 = EDGE_LOOP('',(#2903,#2904,#2912,#2918));
#2903 = ORIENTED_EDGE('',*,*,#869,.F.);
#2904 = ORIENTED_EDGE('',*,*,#2905,.T.);
#2905 = EDGE_CURVE('',#861,#2906,#2908,.T.);
#2906 = VERTEX_POINT('',#2907);
#2907 = CARTESIAN_POINT('',(18.031222920257,-3.919183588453,3.));
#2908 = LINE('',#2909,#2910);
#2909 = CARTESIAN_POINT('',(18.031222920257,-3.919183588453,0.));
#2910 = VECTOR('',#2911,1.);
#2911 = DIRECTION('',(0.,0.,1.));
#2912 = ORIENTED_EDGE('',*,*,#2913,.T.);
#2913 = EDGE_CURVE('',#2906,#2856,#2914,.T.);
#2914 = LINE('',#2915,#2916);
#2915 = CARTESIAN_POINT('',(18.031222920257,-2.4,3.));
#2916 = VECTOR('',#2917,1.);
#2917 = DIRECTION('',(0.,-1.,0.));
#2918 = ORIENTED_EDGE('',*,*,#2855,.F.);
#2919 = PLANE('',#2920);
#2920 = AXIS2_PLACEMENT_3D('',#2921,#2922,#2923);
#2921 = CARTESIAN_POINT('',(18.031222920257,-2.4,0.));
#2922 = DIRECTION('',(1.,0.,0.));
#2923 = DIRECTION('',(0.,-1.,0.));
#2924 = ADVANCED_FACE('',(#2925),#2944,.T.);
#2925 = FACE_BOUND('',#2926,.F.);
#2926 = EDGE_LOOP('',(#2927,#2928,#2936,#2943));
#2927 = ORIENTED_EDGE('',*,*,#120,.T.);
#2928 = ORIENTED_EDGE('',*,*,#2929,.T.);
#2929 = EDGE_CURVE('',#121,#2930,#2932,.T.);
#2930 = VERTEX_POINT('',#2931);
#2931 = CARTESIAN_POINT('',(46.743077118112,-27.89782041615,3.));
#2932 = LINE('',#2933,#2934);
#2933 = CARTESIAN_POINT('',(46.743077118112,-27.89782041615,0.));
#2934 = VECTOR('',#2935,1.);
#2935 = DIRECTION('',(0.,0.,1.));
#2936 = ORIENTED_EDGE('',*,*,#2937,.F.);
#2937 = EDGE_CURVE('',#2881,#2930,#2938,.T.);
#2938 = CIRCLE('',#2939,3.);
#2939 = AXIS2_PLACEMENT_3D('',#2940,#2941,#2942);
#2940 = CARTESIAN_POINT('',(44.930492678037,-30.28833032987,3.));
#2941 = DIRECTION('',(-0.,-0.,-1.));
#2942 = DIRECTION('',(0.,-1.,0.));
#2943 = ORIENTED_EDGE('',*,*,#2880,.F.);
#2944 = CYLINDRICAL_SURFACE('',#2945,3.);
#2945 = AXIS2_PLACEMENT_3D('',#2946,#2947,#2948);
#2946 = CARTESIAN_POINT('',(44.930492678037,-30.28833032987,0.));
#2947 = DIRECTION('',(0.,0.,1.));
#2948 = DIRECTION('',(-0.134001722815,0.990981098852,0.));
#2949 = ADVANCED_FACE('',(#2950),#2969,.F.);
#2950 = FACE_BOUND('',#2951,.T.);
#2951 = EDGE_LOOP('',(#2952,#2953,#2961,#2968));
#2952 = ORIENTED_EDGE('',*,*,#860,.T.);
#2953 = ORIENTED_EDGE('',*,*,#2954,.T.);
#2954 = EDGE_CURVE('',#852,#2955,#2957,.T.);
#2955 = VERTEX_POINT('',#2956);
#2956 = CARTESIAN_POINT('',(19.122132011166,-2.137736502793,3.));
#2957 = LINE('',#2958,#2959);
#2958 = CARTESIAN_POINT('',(19.122132011166,-2.137736502793,0.));
#2959 = VECTOR('',#2960,1.);
#2960 = DIRECTION('',(0.,0.,1.));
#2961 = ORIENTED_EDGE('',*,*,#2962,.F.);
#2962 = EDGE_CURVE('',#2906,#2955,#2963,.T.);
#2963 = CIRCLE('',#2964,2.);
#2964 = AXIS2_PLACEMENT_3D('',#2965,#2966,#2967);
#2965 = CARTESIAN_POINT('',(20.031222920257,-3.919183588453,3.));
#2966 = DIRECTION('',(-0.,-0.,-1.));
#2967 = DIRECTION('',(0.,-1.,0.));
#2968 = ORIENTED_EDGE('',*,*,#2905,.F.);
#2969 = CYLINDRICAL_SURFACE('',#2970,2.);
#2970 = AXIS2_PLACEMENT_3D('',#2971,#2972,#2973);
#2971 = CARTESIAN_POINT('',(20.031222920257,-3.919183588453,0.));
#2972 = DIRECTION('',(0.,0.,1.));
#2973 = DIRECTION('',(-1.,0.,0.));
#2974 = ADVANCED_FACE('',(#2975),#2993,.T.);
#2975 = FACE_BOUND('',#2976,.T.);
#2976 = EDGE_LOOP('',(#2977,#2978,#2979,#2987));
#2977 = ORIENTED_EDGE('',*,*,#129,.F.);
#2978 = ORIENTED_EDGE('',*,*,#2929,.T.);
#2979 = ORIENTED_EDGE('',*,*,#2980,.T.);
#2980 = EDGE_CURVE('',#2930,#2981,#2983,.T.);
#2981 = VERTEX_POINT('',#2982);
#2982 = CARTESIAN_POINT('',(53.093862943331,-32.71325142648,3.));
#2983 = LINE('',#2984,#2985);
#2984 = CARTESIAN_POINT('',(45.903527264976,-27.26123865938,3.));
#2985 = VECTOR('',#2986,1.);
#2986 = DIRECTION('',(0.796836637907,-0.604194813358,0.));
#2987 = ORIENTED_EDGE('',*,*,#2988,.F.);
#2988 = EDGE_CURVE('',#130,#2981,#2989,.T.);
#2989 = LINE('',#2990,#2991);
#2990 = CARTESIAN_POINT('',(53.093862943331,-32.71325142648,0.));
#2991 = VECTOR('',#2992,1.);
#2992 = DIRECTION('',(0.,0.,1.));
#2993 = PLANE('',#2994);
#2994 = AXIS2_PLACEMENT_3D('',#2995,#2996,#2997);
#2995 = CARTESIAN_POINT('',(45.903527264976,-27.26123865938,0.));
#2996 = DIRECTION('',(0.604194813358,0.796836637907,0.));
#2997 = DIRECTION('',(0.796836637907,-0.604194813358,0.));
#2998 = ADVANCED_FACE('',(#2999),#3018,.T.);
#2999 = FACE_BOUND('',#3000,.F.);
#3000 = EDGE_LOOP('',(#3001,#3002,#3003,#3012));
#3001 = ORIENTED_EDGE('',*,*,#851,.F.);
#3002 = ORIENTED_EDGE('',*,*,#2954,.T.);
#3003 = ORIENTED_EDGE('',*,*,#3004,.T.);
#3004 = EDGE_CURVE('',#2955,#3005,#3007,.T.);
#3005 = VERTEX_POINT('',#3006);
#3006 = CARTESIAN_POINT('',(19.122132011166,2.137736502793,3.));
#3007 = CIRCLE('',#3008,2.4);
#3008 = AXIS2_PLACEMENT_3D('',#3009,#3010,#3011);
#3009 = CARTESIAN_POINT('',(18.031222920257,0.,3.));
#3010 = DIRECTION('',(0.,0.,1.));
#3011 = DIRECTION('',(1.,0.,0.));
#3012 = ORIENTED_EDGE('',*,*,#3013,.F.);
#3013 = EDGE_CURVE('',#843,#3005,#3014,.T.);
#3014 = LINE('',#3015,#3016);
#3015 = CARTESIAN_POINT('',(19.122132011166,2.137736502793,0.));
#3016 = VECTOR('',#3017,1.);
#3017 = DIRECTION('',(0.,0.,1.));
#3018 = CYLINDRICAL_SURFACE('',#3019,2.4);
#3019 = AXIS2_PLACEMENT_3D('',#3020,#3021,#3022);
#3020 = CARTESIAN_POINT('',(18.031222920257,0.,0.));
#3021 = DIRECTION('',(-0.,-0.,-1.));
#3022 = DIRECTION('',(1.,0.,0.));
#3023 = ADVANCED_FACE('',(#3024),#3043,.T.);
#3024 = FACE_BOUND('',#3025,.F.);
#3025 = EDGE_LOOP('',(#3026,#3027,#3035,#3042));
#3026 = ORIENTED_EDGE('',*,*,#137,.T.);
#3027 = ORIENTED_EDGE('',*,*,#3028,.T.);
#3028 = EDGE_CURVE('',#138,#3029,#3031,.T.);
#3029 = VERTEX_POINT('',#3030);
#3030 = CARTESIAN_POINT('',(54.279125309697,-35.21740343236,3.));
#3031 = LINE('',#3032,#3033);
#3032 = CARTESIAN_POINT('',(54.279125309697,-35.21740343236,0.));
#3033 = VECTOR('',#3034,1.);
#3034 = DIRECTION('',(0.,0.,1.));
#3035 = ORIENTED_EDGE('',*,*,#3036,.F.);
#3036 = EDGE_CURVE('',#2981,#3029,#3037,.T.);
#3037 = CIRCLE('',#3038,3.);
#3038 = AXIS2_PLACEMENT_3D('',#3039,#3040,#3041);
#3039 = CARTESIAN_POINT('',(51.281278503256,-35.1037613402,3.));
#3040 = DIRECTION('',(-0.,-0.,-1.));
#3041 = DIRECTION('',(0.,-1.,0.));
#3042 = ORIENTED_EDGE('',*,*,#2988,.F.);
#3043 = CYLINDRICAL_SURFACE('',#3044,3.);
#3044 = AXIS2_PLACEMENT_3D('',#3045,#3046,#3047);
#3045 = CARTESIAN_POINT('',(51.281278503256,-35.1037613402,0.));
#3046 = DIRECTION('',(0.,0.,1.));
#3047 = DIRECTION('',(0.604194813358,0.796836637907,0.));
#3048 = ADVANCED_FACE('',(#3049),#3068,.F.);
#3049 = FACE_BOUND('',#3050,.T.);
#3050 = EDGE_LOOP('',(#3051,#3052,#3060,#3067));
#3051 = ORIENTED_EDGE('',*,*,#842,.T.);
#3052 = ORIENTED_EDGE('',*,*,#3053,.T.);
#3053 = EDGE_CURVE('',#835,#3054,#3056,.T.);
#3054 = VERTEX_POINT('',#3055);
#3055 = CARTESIAN_POINT('',(18.031222920257,3.919183588453,3.));
#3056 = LINE('',#3057,#3058);
#3057 = CARTESIAN_POINT('',(18.031222920257,3.919183588453,0.));
#3058 = VECTOR('',#3059,1.);
#3059 = DIRECTION('',(0.,0.,1.));
#3060 = ORIENTED_EDGE('',*,*,#3061,.F.);
#3061 = EDGE_CURVE('',#3005,#3054,#3062,.T.);
#3062 = CIRCLE('',#3063,2.);
#3063 = AXIS2_PLACEMENT_3D('',#3064,#3065,#3066);
#3064 = CARTESIAN_POINT('',(20.031222920257,3.919183588453,3.));
#3065 = DIRECTION('',(-0.,-0.,-1.));
#3066 = DIRECTION('',(0.,-1.,0.));
#3067 = ORIENTED_EDGE('',*,*,#3013,.F.);
#3068 = CYLINDRICAL_SURFACE('',#3069,2.);
#3069 = AXIS2_PLACEMENT_3D('',#3070,#3071,#3072);
#3070 = CARTESIAN_POINT('',(20.031222920257,3.919183588453,0.));
#3071 = DIRECTION('',(0.,0.,1.));
#3072 = DIRECTION('',(-0.454545454545,-0.89072354283,0.));
#3073 = ADVANCED_FACE('',(#3074),#3092,.T.);
#3074 = FACE_BOUND('',#3075,.T.);
#3075 = EDGE_LOOP('',(#3076,#3077,#3078,#3086));
#3076 = ORIENTED_EDGE('',*,*,#146,.F.);
#3077 = ORIENTED_EDGE('',*,*,#3028,.T.);
#3078 = ORIENTED_EDGE('',*,*,#3079,.T.);
#3079 = EDGE_CURVE('',#3029,#3080,#3082,.T.);
#3080 = VERTEX_POINT('',#3081);
#3081 = CARTESIAN_POINT('',(54.139842736358,-38.89163900605,3.));
#3082 = LINE('',#3083,#3084);
#3083 = CARTESIAN_POINT('',(54.338283638431,-33.65682316233,3.));
#3084 = VECTOR('',#3085,1.);
#3085 = DIRECTION('',(-3.788069738642E-02,-0.999282268814,0.));
#3086 = ORIENTED_EDGE('',*,*,#3087,.F.);
#3087 = EDGE_CURVE('',#147,#3080,#3088,.T.);
#3088 = LINE('',#3089,#3090);
#3089 = CARTESIAN_POINT('',(54.139842736358,-38.89163900605,0.));
#3090 = VECTOR('',#3091,1.);
#3091 = DIRECTION('',(0.,0.,1.));
#3092 = PLANE('',#3093);
#3093 = AXIS2_PLACEMENT_3D('',#3094,#3095,#3096);
#3094 = CARTESIAN_POINT('',(54.338283638431,-33.65682316233,0.));
#3095 = DIRECTION('',(0.999282268814,-3.788069738642E-02,0.));
#3096 = DIRECTION('',(-3.788069738642E-02,-0.999282268814,0.));
#3097 = ADVANCED_FACE('',(#3098),#3116,.T.);
#3098 = FACE_BOUND('',#3099,.T.);
#3099 = EDGE_LOOP('',(#3100,#3101,#3109,#3115));
#3100 = ORIENTED_EDGE('',*,*,#834,.F.);
#3101 = ORIENTED_EDGE('',*,*,#3102,.T.);
#3102 = EDGE_CURVE('',#826,#3103,#3105,.T.);
#3103 = VERTEX_POINT('',#3104);
#3104 = CARTESIAN_POINT('',(18.031222920257,8.156061568164,3.));
#3105 = LINE('',#3106,#3107);
#3106 = CARTESIAN_POINT('',(18.031222920257,8.156061568164,0.));
#3107 = VECTOR('',#3108,1.);
#3108 = DIRECTION('',(0.,0.,1.));
#3109 = ORIENTED_EDGE('',*,*,#3110,.T.);
#3110 = EDGE_CURVE('',#3103,#3054,#3111,.T.);
#3111 = LINE('',#3112,#3113);
#3112 = CARTESIAN_POINT('',(18.031222920257,10.328555015833,3.));
#3113 = VECTOR('',#3114,1.);
#3114 = DIRECTION('',(0.,-1.,0.));
#3115 = ORIENTED_EDGE('',*,*,#3053,.F.);
#3116 = PLANE('',#3117);
#3117 = AXIS2_PLACEMENT_3D('',#3118,#3119,#3120);
#3118 = CARTESIAN_POINT('',(18.031222920257,10.328555015833,0.));
#3119 = DIRECTION('',(1.,0.,0.));
#3120 = DIRECTION('',(0.,-1.,0.));
#3121 = ADVANCED_FACE('',(#3122),#3141,.T.);
#3122 = FACE_BOUND('',#3123,.F.);
#3123 = EDGE_LOOP('',(#3124,#3125,#3133,#3140));
#3124 = ORIENTED_EDGE('',*,*,#154,.T.);
#3125 = ORIENTED_EDGE('',*,*,#3126,.T.);
#3126 = EDGE_CURVE('',#155,#3127,#3129,.T.);
#3127 = VERTEX_POINT('',#3128);
#3128 = CARTESIAN_POINT('',(52.060531288911,-41.6339193208,3.));
#3129 = LINE('',#3130,#3131);
#3130 = CARTESIAN_POINT('',(52.060531288911,-41.6339193208,0.));
#3131 = VECTOR('',#3132,1.);
#3132 = DIRECTION('',(0.,0.,1.));
#3133 = ORIENTED_EDGE('',*,*,#3134,.F.);
#3134 = EDGE_CURVE('',#3080,#3127,#3135,.T.);
#3135 = CIRCLE('',#3136,3.);
#3136 = AXIS2_PLACEMENT_3D('',#3137,#3138,#3139);
#3137 = CARTESIAN_POINT('',(51.141995929917,-38.77799691389,3.));
#3138 = DIRECTION('',(-0.,-0.,-1.));
#3139 = DIRECTION('',(0.,-1.,0.));
#3140 = ORIENTED_EDGE('',*,*,#3087,.F.);
#3141 = CYLINDRICAL_SURFACE('',#3142,3.);
#3142 = AXIS2_PLACEMENT_3D('',#3143,#3144,#3145);
#3143 = CARTESIAN_POINT('',(51.141995929917,-38.77799691389,0.));
#3144 = DIRECTION('',(0.,0.,1.));
#3145 = DIRECTION('',(0.999282268814,-3.788069738642E-02,0.));
#3146 = ADVANCED_FACE('',(#3147),#3166,.F.);
#3147 = FACE_BOUND('',#3148,.T.);
#3148 = EDGE_LOOP('',(#3149,#3150,#3158,#3165));
#3149 = ORIENTED_EDGE('',*,*,#825,.T.);
#3150 = ORIENTED_EDGE('',*,*,#3151,.T.);
#3151 = EDGE_CURVE('',#818,#3152,#3154,.T.);
#3152 = VERTEX_POINT('',#3153);
#3153 = CARTESIAN_POINT('',(19.732384839019,11.679767769739,3.));
#3154 = LINE('',#3155,#3156);
#3155 = CARTESIAN_POINT('',(19.732384839019,11.679767769739,0.));
#3156 = VECTOR('',#3157,1.);
#3157 = DIRECTION('',(0.,0.,1.));
#3158 = ORIENTED_EDGE('',*,*,#3159,.F.);
#3159 = EDGE_CURVE('',#3103,#3152,#3160,.T.);
#3160 = CIRCLE('',#3161,4.5);
#3161 = AXIS2_PLACEMENT_3D('',#3162,#3163,#3164);
#3162 = CARTESIAN_POINT('',(22.531222920257,8.156061568164,3.));
#3163 = DIRECTION('',(-0.,-0.,-1.));
#3164 = DIRECTION('',(0.,-1.,0.));
#3165 = ORIENTED_EDGE('',*,*,#3102,.F.);
#3166 = CYLINDRICAL_SURFACE('',#3167,4.5);
#3167 = AXIS2_PLACEMENT_3D('',#3168,#3169,#3170);
#3168 = CARTESIAN_POINT('',(22.531222920257,8.156061568164,0.));
#3169 = DIRECTION('',(0.,0.,1.));
#3170 = DIRECTION('',(-1.,0.,0.));
#3171 = ADVANCED_FACE('',(#3172),#3190,.F.);
#3172 = FACE_BOUND('',#3173,.F.);
#3173 = EDGE_LOOP('',(#3174,#3175,#3183,#3189));
#3174 = ORIENTED_EDGE('',*,*,#163,.F.);
#3175 = ORIENTED_EDGE('',*,*,#3176,.T.);
#3176 = EDGE_CURVE('',#164,#3177,#3179,.T.);
#3177 = VERTEX_POINT('',#3178);
#3178 = CARTESIAN_POINT('',(48.560241787594,-42.75969909195,3.));
#3179 = LINE('',#3180,#3181);
#3180 = CARTESIAN_POINT('',(48.560241787594,-42.75969909195,0.));
#3181 = VECTOR('',#3182,1.);
#3182 = DIRECTION('',(0.,0.,1.));
#3183 = ORIENTED_EDGE('',*,*,#3184,.T.);
#3184 = EDGE_CURVE('',#3177,#3127,#3185,.T.);
#3185 = LINE('',#3186,#3187);
#3186 = CARTESIAN_POINT('',(47.073542683626,-43.23785833461,3.));
#3187 = VECTOR('',#3188,1.);
#3188 = DIRECTION('',(0.951974135636,0.306178452998,0.));
#3189 = ORIENTED_EDGE('',*,*,#3126,.F.);
#3190 = PLANE('',#3191);
#3191 = AXIS2_PLACEMENT_3D('',#3192,#3193,#3194);
#3192 = CARTESIAN_POINT('',(47.073542683626,-43.23785833461,0.));
#3193 = DIRECTION('',(-0.306178452998,0.951974135636,0.));
#3194 = DIRECTION('',(0.951974135636,0.306178452998,0.));
#3195 = ADVANCED_FACE('',(#3196),#3214,.F.);
#3196 = FACE_BOUND('',#3197,.F.);
#3197 = EDGE_LOOP('',(#3198,#3199,#3200,#3208));
#3198 = ORIENTED_EDGE('',*,*,#817,.F.);
#3199 = ORIENTED_EDGE('',*,*,#3151,.T.);
#3200 = ORIENTED_EDGE('',*,*,#3201,.T.);
#3201 = EDGE_CURVE('',#3152,#3202,#3204,.T.);
#3202 = VERTEX_POINT('',#3203);
#3203 = CARTESIAN_POINT('',(39.572221597536,27.438315011977,3.));
#3204 = LINE('',#3205,#3206);
#3205 = CARTESIAN_POINT('',(18.031222920257,10.328555015833,3.));
#3206 = VECTOR('',#3207,1.);
#3207 = DIRECTION('',(0.783045822572,0.621964018053,0.));
#3208 = ORIENTED_EDGE('',*,*,#3209,.F.);
#3209 = EDGE_CURVE('',#809,#3202,#3210,.T.);
#3210 = LINE('',#3211,#3212);
#3211 = CARTESIAN_POINT('',(39.572221597536,27.438315011977,0.));
#3212 = VECTOR('',#3213,1.);
#3213 = DIRECTION('',(0.,0.,1.));
#3214 = PLANE('',#3215);
#3215 = AXIS2_PLACEMENT_3D('',#3216,#3217,#3218);
#3216 = CARTESIAN_POINT('',(18.031222920257,10.328555015833,0.));
#3217 = DIRECTION('',(-0.621964018053,0.783045822572,0.));
#3218 = DIRECTION('',(0.783045822572,0.621964018053,0.));
#3219 = ADVANCED_FACE('',(#3220),#3239,.T.);
#3220 = FACE_BOUND('',#3221,.F.);
#3221 = EDGE_LOOP('',(#3222,#3223,#3231,#3238));
#3222 = ORIENTED_EDGE('',*,*,#171,.T.);
#3223 = ORIENTED_EDGE('',*,*,#3224,.T.);
#3224 = EDGE_CURVE('',#172,#3225,#3227,.T.);
#3225 = VERTEX_POINT('',#3226);
#3226 = CARTESIAN_POINT('',(45.829121988525,-42.29428659876,3.));
#3227 = LINE('',#3228,#3229);
#3228 = CARTESIAN_POINT('',(45.829121988525,-42.29428659876,0.));
#3229 = VECTOR('',#3230,1.);
#3230 = DIRECTION('',(0.,0.,1.));
#3231 = ORIENTED_EDGE('',*,*,#3232,.F.);
#3232 = EDGE_CURVE('',#3177,#3225,#3233,.T.);
#3233 = CIRCLE('',#3234,3.);
#3234 = AXIS2_PLACEMENT_3D('',#3235,#3236,#3237);
#3235 = CARTESIAN_POINT('',(47.6417064286,-39.90377668504,3.));
#3236 = DIRECTION('',(-0.,-0.,-1.));
#3237 = DIRECTION('',(0.,-1.,0.));
#3238 = ORIENTED_EDGE('',*,*,#3176,.F.);
#3239 = CYLINDRICAL_SURFACE('',#3240,3.);
#3240 = AXIS2_PLACEMENT_3D('',#3241,#3242,#3243);
#3241 = CARTESIAN_POINT('',(47.6417064286,-39.90377668504,0.));
#3242 = DIRECTION('',(0.,0.,1.));
#3243 = DIRECTION('',(0.306178452998,-0.951974135636,0.));
#3244 = ADVANCED_FACE('',(#3245),#3264,.F.);
#3245 = FACE_BOUND('',#3246,.T.);
#3246 = EDGE_LOOP('',(#3247,#3248,#3256,#3263));
#3247 = ORIENTED_EDGE('',*,*,#808,.T.);
#3248 = ORIENTED_EDGE('',*,*,#3249,.T.);
#3249 = EDGE_CURVE('',#800,#3250,#3252,.T.);
#3250 = VERTEX_POINT('',#3251);
#3251 = CARTESIAN_POINT('',(42.626958436564,27.843564604477,3.));
#3252 = LINE('',#3253,#3254);
#3253 = CARTESIAN_POINT('',(42.626958436564,27.843564604477,0.));
#3254 = VECTOR('',#3255,1.);
#3255 = DIRECTION('',(0.,0.,1.));
#3256 = ORIENTED_EDGE('',*,*,#3257,.F.);
#3257 = EDGE_CURVE('',#3202,#3250,#3258,.T.);
#3258 = CIRCLE('',#3259,3.);
#3259 = AXIS2_PLACEMENT_3D('',#3260,#3261,#3262);
#3260 = CARTESIAN_POINT('',(41.438113651694,25.089177544261,3.));
#3261 = DIRECTION('',(-0.,-0.,-1.));
#3262 = DIRECTION('',(0.,-1.,0.));
#3263 = ORIENTED_EDGE('',*,*,#3209,.F.);
#3264 = CYLINDRICAL_SURFACE('',#3265,3.);
#3265 = AXIS2_PLACEMENT_3D('',#3266,#3267,#3268);
#3266 = CARTESIAN_POINT('',(41.438113651694,25.089177544261,0.));
#3267 = DIRECTION('',(0.,0.,1.));
#3268 = DIRECTION('',(-0.621964018053,0.783045822572,0.));
#3269 = ADVANCED_FACE('',(#3270),#3288,.F.);
#3270 = FACE_BOUND('',#3271,.F.);
#3271 = EDGE_LOOP('',(#3272,#3273,#3281,#3287));
#3272 = ORIENTED_EDGE('',*,*,#180,.F.);
#3273 = ORIENTED_EDGE('',*,*,#3274,.T.);
#3274 = EDGE_CURVE('',#181,#3275,#3277,.T.);
#3275 = VERTEX_POINT('',#3276);
#3276 = CARTESIAN_POINT('',(39.478336163306,-37.47885558843,3.));
#3277 = LINE('',#3278,#3279);
#3278 = CARTESIAN_POINT('',(39.478336163306,-37.47885558843,0.));
#3279 = VECTOR('',#3280,1.);
#3280 = DIRECTION('',(0.,0.,1.));
#3281 = ORIENTED_EDGE('',*,*,#3282,.T.);
#3282 = EDGE_CURVE('',#3275,#3225,#3283,.T.);
#3283 = LINE('',#3284,#3285);
#3284 = CARTESIAN_POINT('',(38.63878631017,-36.84227383166,3.));
#3285 = VECTOR('',#3286,1.);
#3286 = DIRECTION('',(0.796836637907,-0.604194813358,0.));
#3287 = ORIENTED_EDGE('',*,*,#3224,.F.);
#3288 = PLANE('',#3289);
#3289 = AXIS2_PLACEMENT_3D('',#3290,#3291,#3292);
#3290 = CARTESIAN_POINT('',(38.63878631017,-36.84227383166,0.));
#3291 = DIRECTION('',(0.604194813358,0.796836637907,0.));
#3292 = DIRECTION('',(0.796836637907,-0.604194813358,0.));
#3293 = ADVANCED_FACE('',(#3294),#3313,.T.);
#3294 = FACE_BOUND('',#3295,.F.);
#3295 = EDGE_LOOP('',(#3296,#3297,#3298,#3307));
#3296 = ORIENTED_EDGE('',*,*,#799,.F.);
#3297 = ORIENTED_EDGE('',*,*,#3249,.T.);
#3298 = ORIENTED_EDGE('',*,*,#3299,.T.);
#3299 = EDGE_CURVE('',#3250,#3300,#3302,.T.);
#3300 = VERTEX_POINT('',#3301);
#3301 = CARTESIAN_POINT('',(44.457155535137,27.32539370961,3.));
#3302 = CIRCLE('',#3303,7.25);
#3303 = AXIS2_PLACEMENT_3D('',#3304,#3305,#3306);
#3304 = CARTESIAN_POINT('',(45.5,34.5,3.));
#3305 = DIRECTION('',(0.,0.,1.));
#3306 = DIRECTION('',(1.,0.,0.));
#3307 = ORIENTED_EDGE('',*,*,#3308,.F.);
#3308 = EDGE_CURVE('',#791,#3300,#3309,.T.);
#3309 = LINE('',#3310,#3311);
#3310 = CARTESIAN_POINT('',(44.457155535137,27.32539370961,0.));
#3311 = VECTOR('',#3312,1.);
#3312 = DIRECTION('',(0.,0.,1.));
#3313 = CYLINDRICAL_SURFACE('',#3314,7.25);
#3314 = AXIS2_PLACEMENT_3D('',#3315,#3316,#3317);
#3315 = CARTESIAN_POINT('',(45.5,34.5,0.));
#3316 = DIRECTION('',(-0.,-0.,-1.));
#3317 = DIRECTION('',(1.,0.,0.));
#3318 = ADVANCED_FACE('',(#3319),#3338,.T.);
#3319 = FACE_BOUND('',#3320,.F.);
#3320 = EDGE_LOOP('',(#3321,#3322,#3330,#3337));
#3321 = ORIENTED_EDGE('',*,*,#188,.T.);
#3322 = ORIENTED_EDGE('',*,*,#3323,.T.);
#3323 = EDGE_CURVE('',#189,#3324,#3326,.T.);
#3324 = VERTEX_POINT('',#3325);
#3325 = CARTESIAN_POINT('',(38.319805735179,-35.50364850392,3.));
#3326 = LINE('',#3327,#3328);
#3327 = CARTESIAN_POINT('',(38.319805735179,-35.50364850392,0.));
#3328 = VECTOR('',#3329,1.);
#3329 = DIRECTION('',(0.,0.,1.));
#3330 = ORIENTED_EDGE('',*,*,#3331,.F.);
#3331 = EDGE_CURVE('',#3275,#3324,#3332,.T.);
#3332 = CIRCLE('',#3333,3.);
#3333 = AXIS2_PLACEMENT_3D('',#3334,#3335,#3336);
#3334 = CARTESIAN_POINT('',(41.290920603381,-35.08834567471,3.));
#3335 = DIRECTION('',(-0.,-0.,-1.));
#3336 = DIRECTION('',(0.,-1.,0.));
#3337 = ORIENTED_EDGE('',*,*,#3274,.F.);
#3338 = CYLINDRICAL_SURFACE('',#3339,3.);
#3339 = AXIS2_PLACEMENT_3D('',#3340,#3341,#3342);
#3340 = CARTESIAN_POINT('',(41.290920603381,-35.08834567471,0.));
#3341 = DIRECTION('',(0.,0.,1.));
#3342 = DIRECTION('',(-0.604194813358,-0.796836637907,0.));
#3343 = ADVANCED_FACE('',(#3344),#3363,.T.);
#3344 = FACE_BOUND('',#3345,.T.);
#3345 = EDGE_LOOP('',(#3346,#3347,#3355,#3362));
#3346 = ORIENTED_EDGE('',*,*,#790,.T.);
#3347 = ORIENTED_EDGE('',*,*,#3348,.T.);
#3348 = EDGE_CURVE('',#783,#3349,#3351,.T.);
#3349 = VERTEX_POINT('',#3350);
#3350 = CARTESIAN_POINT('',(46.701261822741,27.903686398809,3.));
#3351 = LINE('',#3352,#3353);
#3352 = CARTESIAN_POINT('',(46.701261822741,27.903686398809,0.));
#3353 = VECTOR('',#3354,1.);
#3354 = DIRECTION('',(0.,0.,1.));
#3355 = ORIENTED_EDGE('',*,*,#3356,.F.);
#3356 = EDGE_CURVE('',#3300,#3349,#3357,.T.);
#3357 = CIRCLE('',#3358,3.);
#3358 = AXIS2_PLACEMENT_3D('',#3359,#3360,#3361);
#3359 = CARTESIAN_POINT('',(44.888677382666,30.29419631253,3.));
#3360 = DIRECTION('',(-0.,0.,1.));
#3361 = DIRECTION('',(0.,-1.,0.));
#3362 = ORIENTED_EDGE('',*,*,#3308,.F.);
#3363 = CYLINDRICAL_SURFACE('',#3364,3.);
#3364 = AXIS2_PLACEMENT_3D('',#3365,#3366,#3367);
#3365 = CARTESIAN_POINT('',(44.888677382666,30.29419631253,0.));
#3366 = DIRECTION('',(0.,0.,1.));
#3367 = DIRECTION('',(-0.143840615843,-0.98960086764,0.));
#3368 = ADVANCED_FACE('',(#3369),#3388,.T.);
#3369 = FACE_BOUND('',#3370,.F.);
#3370 = EDGE_LOOP('',(#3371,#3372,#3380,#3387));
#3371 = ORIENTED_EDGE('',*,*,#197,.F.);
#3372 = ORIENTED_EDGE('',*,*,#3373,.T.);
#3373 = EDGE_CURVE('',#198,#3374,#3376,.T.);
#3374 = VERTEX_POINT('',#3375);
#3375 = CARTESIAN_POINT('',(38.315272999787,-33.52933119324,3.));
#3376 = LINE('',#3377,#3378);
#3377 = CARTESIAN_POINT('',(38.315272999787,-33.52933119324,0.));
#3378 = VECTOR('',#3379,1.);
#3379 = DIRECTION('',(0.,0.,1.));
#3380 = ORIENTED_EDGE('',*,*,#3381,.T.);
#3381 = EDGE_CURVE('',#3374,#3324,#3382,.T.);
#3382 = CIRCLE('',#3383,7.25);
#3383 = AXIS2_PLACEMENT_3D('',#3384,#3385,#3386);
#3384 = CARTESIAN_POINT('',(45.5,-34.5,3.));
#3385 = DIRECTION('',(0.,0.,1.));
#3386 = DIRECTION('',(1.,0.,0.));
#3387 = ORIENTED_EDGE('',*,*,#3323,.F.);
#3388 = CYLINDRICAL_SURFACE('',#3389,7.25);
#3389 = AXIS2_PLACEMENT_3D('',#3390,#3391,#3392);
#3390 = CARTESIAN_POINT('',(45.5,-34.5,0.));
#3391 = DIRECTION('',(-0.,-0.,-1.));
#3392 = DIRECTION('',(1.,0.,0.));
#3393 = ADVANCED_FACE('',(#3394),#3412,.F.);
#3394 = FACE_BOUND('',#3395,.F.);
#3395 = EDGE_LOOP('',(#3396,#3397,#3398,#3406));
#3396 = ORIENTED_EDGE('',*,*,#782,.F.);
#3397 = ORIENTED_EDGE('',*,*,#3348,.T.);
#3398 = ORIENTED_EDGE('',*,*,#3399,.T.);
#3399 = EDGE_CURVE('',#3349,#3400,#3402,.T.);
#3400 = VERTEX_POINT('',#3401);
#3401 = CARTESIAN_POINT('',(53.092478458998,32.749773738388,3.));
#3402 = LINE('',#3403,#3404);
#3403 = CARTESIAN_POINT('',(45.850322679849,27.258468806945,3.));
#3404 = VECTOR('',#3405,1.);
#3405 = DIRECTION('',(0.796836637907,0.604194813358,0.));
#3406 = ORIENTED_EDGE('',*,*,#3407,.F.);
#3407 = EDGE_CURVE('',#774,#3400,#3408,.T.);
#3408 = LINE('',#3409,#3410);
#3409 = CARTESIAN_POINT('',(53.092478458998,32.749773738388,0.));
#3410 = VECTOR('',#3411,1.);
#3411 = DIRECTION('',(0.,0.,1.));
#3412 = PLANE('',#3413);
#3413 = AXIS2_PLACEMENT_3D('',#3414,#3415,#3416);
#3414 = CARTESIAN_POINT('',(45.850322679849,27.258468806945,0.));
#3415 = DIRECTION('',(-0.604194813358,0.796836637907,0.));
#3416 = DIRECTION('',(0.796836637907,0.604194813358,0.));
#3417 = ADVANCED_FACE('',(#3418),#3437,.F.);
#3418 = FACE_BOUND('',#3419,.F.);
#3419 = EDGE_LOOP('',(#3420,#3421,#3429,#3436));
#3420 = ORIENTED_EDGE('',*,*,#206,.T.);
#3421 = ORIENTED_EDGE('',*,*,#3422,.T.);
#3422 = EDGE_CURVE('',#207,#3423,#3425,.T.);
#3423 = VERTEX_POINT('',#3424);
#3424 = CARTESIAN_POINT('',(37.101854437459,-30.69787953553,3.));
#3425 = LINE('',#3426,#3427);
#3426 = CARTESIAN_POINT('',(37.101854437459,-30.69787953553,0.));
#3427 = VECTOR('',#3428,1.);
#3428 = DIRECTION('',(0.,0.,1.));
#3429 = ORIENTED_EDGE('',*,*,#3430,.F.);
#3430 = EDGE_CURVE('',#3374,#3423,#3431,.T.);
#3431 = CIRCLE('',#3432,3.);
#3432 = AXIS2_PLACEMENT_3D('',#3433,#3434,#3435);
#3433 = CARTESIAN_POINT('',(35.342282516941,-33.12767513527,3.));
#3434 = DIRECTION('',(-0.,0.,1.));
#3435 = DIRECTION('',(0.,-1.,0.));
#3436 = ORIENTED_EDGE('',*,*,#3373,.F.);
#3437 = CYLINDRICAL_SURFACE('',#3438,3.);
#3438 = AXIS2_PLACEMENT_3D('',#3439,#3440,#3441);
#3439 = CARTESIAN_POINT('',(35.342282516941,-33.12767513527,0.));
#3440 = DIRECTION('',(0.,0.,1.));
#3441 = DIRECTION('',(0.990996827616,-0.133885352656,0.));
#3442 = ADVANCED_FACE('',(#3443),#3462,.T.);
#3443 = FACE_BOUND('',#3444,.T.);
#3444 = EDGE_LOOP('',(#3445,#3446,#3454,#3461));
#3445 = ORIENTED_EDGE('',*,*,#773,.T.);
#3446 = ORIENTED_EDGE('',*,*,#3447,.T.);
#3447 = EDGE_CURVE('',#766,#3448,#3450,.T.);
#3448 = VERTEX_POINT('',#3449);
#3449 = CARTESIAN_POINT('',(54.277740825365,35.253925744269,3.));
#3450 = LINE('',#3451,#3452);
#3451 = CARTESIAN_POINT('',(54.277740825365,35.253925744269,0.));
#3452 = VECTOR('',#3453,1.);
#3453 = DIRECTION('',(0.,0.,1.));
#3454 = ORIENTED_EDGE('',*,*,#3455,.F.);
#3455 = EDGE_CURVE('',#3400,#3448,#3456,.T.);
#3456 = CIRCLE('',#3457,3.);
#3457 = AXIS2_PLACEMENT_3D('',#3458,#3459,#3460);
#3458 = CARTESIAN_POINT('',(51.279894018924,35.14028365211,3.));
#3459 = DIRECTION('',(-0.,0.,1.));
#3460 = DIRECTION('',(0.,-1.,0.));
#3461 = ORIENTED_EDGE('',*,*,#3407,.F.);
#3462 = CYLINDRICAL_SURFACE('',#3463,3.);
#3463 = AXIS2_PLACEMENT_3D('',#3464,#3465,#3466);
#3464 = CARTESIAN_POINT('',(51.279894018924,35.14028365211,0.));
#3465 = DIRECTION('',(0.,0.,1.));
#3466 = DIRECTION('',(0.604194813358,-0.796836637907,0.));
#3467 = ADVANCED_FACE('',(#3468),#3486,.T.);
#3468 = FACE_BOUND('',#3469,.T.);
#3469 = EDGE_LOOP('',(#3470,#3471,#3472,#3480));
#3470 = ORIENTED_EDGE('',*,*,#215,.F.);
#3471 = ORIENTED_EDGE('',*,*,#3422,.T.);
#3472 = ORIENTED_EDGE('',*,*,#3473,.T.);
#3473 = EDGE_CURVE('',#3423,#3474,#3476,.T.);
#3474 = VERTEX_POINT('',#3475);
#3475 = CARTESIAN_POINT('',(17.591790161964,-16.56938194901,3.));
#3476 = LINE('',#3477,#3478);
#3477 = CARTESIAN_POINT('',(38.738710885313,-31.88323300471,3.));
#3478 = VECTOR('',#3479,1.);
#3479 = DIRECTION('',(-0.80993186658,0.586523973506,0.));
#3480 = ORIENTED_EDGE('',*,*,#3481,.F.);
#3481 = EDGE_CURVE('',#216,#3474,#3482,.T.);
#3482 = LINE('',#3483,#3484);
#3483 = CARTESIAN_POINT('',(17.591790161964,-16.56938194901,0.));
#3484 = VECTOR('',#3485,1.);
#3485 = DIRECTION('',(0.,0.,1.));
#3486 = PLANE('',#3487);
#3487 = AXIS2_PLACEMENT_3D('',#3488,#3489,#3490);
#3488 = CARTESIAN_POINT('',(38.738710885313,-31.88323300471,0.));
#3489 = DIRECTION('',(-0.586523973506,-0.80993186658,0.));
#3490 = DIRECTION('',(-0.80993186658,0.586523973506,0.));
#3491 = ADVANCED_FACE('',(#3492),#3510,.F.);
#3492 = FACE_BOUND('',#3493,.F.);
#3493 = EDGE_LOOP('',(#3494,#3495,#3496,#3504));
#3494 = ORIENTED_EDGE('',*,*,#765,.F.);
#3495 = ORIENTED_EDGE('',*,*,#3447,.T.);
#3496 = ORIENTED_EDGE('',*,*,#3497,.T.);
#3497 = EDGE_CURVE('',#3448,#3498,#3500,.T.);
#3498 = VERTEX_POINT('',#3499);
#3499 = CARTESIAN_POINT('',(54.139842736358,38.891639006052,3.));
#3500 = LINE('',#3501,#3502);
#3501 = CARTESIAN_POINT('',(54.336899154099,33.693345474234,3.));
#3502 = VECTOR('',#3503,1.);
#3503 = DIRECTION('',(-3.788069738642E-02,0.999282268814,0.));
#3504 = ORIENTED_EDGE('',*,*,#3505,.F.);
#3505 = EDGE_CURVE('',#757,#3498,#3506,.T.);
#3506 = LINE('',#3507,#3508);
#3507 = CARTESIAN_POINT('',(54.139842736358,38.891639006052,0.));
#3508 = VECTOR('',#3509,1.);
#3509 = DIRECTION('',(0.,0.,1.));
#3510 = PLANE('',#3511);
#3511 = AXIS2_PLACEMENT_3D('',#3512,#3513,#3514);
#3512 = CARTESIAN_POINT('',(54.336899154099,33.693345474234,0.));
#3513 = DIRECTION('',(-0.999282268814,-3.788069738642E-02,0.));
#3514 = DIRECTION('',(-3.788069738642E-02,0.999282268814,0.));
#3515 = ADVANCED_FACE('',(#3516),#3535,.F.);
#3516 = FACE_BOUND('',#3517,.T.);
#3517 = EDGE_LOOP('',(#3518,#3519,#3520,#3529));
#3518 = ORIENTED_EDGE('',*,*,#223,.T.);
#3519 = ORIENTED_EDGE('',*,*,#3481,.T.);
#3520 = ORIENTED_EDGE('',*,*,#3521,.F.);
#3521 = EDGE_CURVE('',#3522,#3474,#3524,.T.);
#3522 = VERTEX_POINT('',#3523);
#3523 = CARTESIAN_POINT('',(10.462265228918,-19.91675423816,3.));
#3524 = CIRCLE('',#3525,4.5);
#3525 = AXIS2_PLACEMENT_3D('',#3526,#3527,#3528);
#3526 = CARTESIAN_POINT('',(14.952432281186,-20.21407534862,3.));
#3527 = DIRECTION('',(-0.,-0.,-1.));
#3528 = DIRECTION('',(0.,-1.,0.));
#3529 = ORIENTED_EDGE('',*,*,#3530,.F.);
#3530 = EDGE_CURVE('',#224,#3522,#3531,.T.);
#3531 = LINE('',#3532,#3533);
#3532 = CARTESIAN_POINT('',(10.462265228918,-19.91675423816,0.));
#3533 = VECTOR('',#3534,1.);
#3534 = DIRECTION('',(0.,0.,1.));
#3535 = CYLINDRICAL_SURFACE('',#3536,4.5);
#3536 = AXIS2_PLACEMENT_3D('',#3537,#3538,#3539);
#3537 = CARTESIAN_POINT('',(14.952432281186,-20.21407534862,0.));
#3538 = DIRECTION('',(0.,0.,1.));
#3539 = DIRECTION('',(-0.997814900504,6.607135788096E-02,0.));
#3540 = ADVANCED_FACE('',(#3541),#3560,.T.);
#3541 = FACE_BOUND('',#3542,.T.);
#3542 = EDGE_LOOP('',(#3543,#3544,#3552,#3559));
#3543 = ORIENTED_EDGE('',*,*,#756,.T.);
#3544 = ORIENTED_EDGE('',*,*,#3545,.T.);
#3545 = EDGE_CURVE('',#749,#3546,#3548,.T.);
#3546 = VERTEX_POINT('',#3547);
#3547 = CARTESIAN_POINT('',(52.060531288911,41.6339193208,3.));
#3548 = LINE('',#3549,#3550);
#3549 = CARTESIAN_POINT('',(52.060531288911,41.6339193208,0.));
#3550 = VECTOR('',#3551,1.);
#3551 = DIRECTION('',(0.,0.,1.));
#3552 = ORIENTED_EDGE('',*,*,#3553,.F.);
#3553 = EDGE_CURVE('',#3498,#3546,#3554,.T.);
#3554 = CIRCLE('',#3555,3.);
#3555 = AXIS2_PLACEMENT_3D('',#3556,#3557,#3558);
#3556 = CARTESIAN_POINT('',(51.141995929917,38.777996913893,3.));
#3557 = DIRECTION('',(-0.,0.,1.));
#3558 = DIRECTION('',(0.,-1.,0.));
#3559 = ORIENTED_EDGE('',*,*,#3505,.F.);
#3560 = CYLINDRICAL_SURFACE('',#3561,3.);
#3561 = AXIS2_PLACEMENT_3D('',#3562,#3563,#3564);
#3562 = CARTESIAN_POINT('',(51.141995929917,38.777996913893,0.));
#3563 = DIRECTION('',(0.,0.,1.));
#3564 = DIRECTION('',(0.999282268814,3.788069738642E-02,0.));
#3565 = ADVANCED_FACE('',(#3566),#3584,.F.);
#3566 = FACE_BOUND('',#3567,.F.);
#3567 = EDGE_LOOP('',(#3568,#3569,#3577,#3583));
#3568 = ORIENTED_EDGE('',*,*,#232,.F.);
#3569 = ORIENTED_EDGE('',*,*,#3570,.T.);
#3570 = EDGE_CURVE('',#233,#3571,#3573,.T.);
#3571 = VERTEX_POINT('',#3572);
#3572 = CARTESIAN_POINT('',(9.123682124846,-40.13214271576,3.));
#3573 = LINE('',#3574,#3575);
#3574 = CARTESIAN_POINT('',(9.123682124846,-40.13214271576,0.));
#3575 = VECTOR('',#3576,1.);
#3576 = DIRECTION('',(0.,0.,1.));
#3577 = ORIENTED_EDGE('',*,*,#3578,.T.);
#3578 = EDGE_CURVE('',#3571,#3522,#3579,.T.);
#3579 = LINE('',#3580,#3581);
#3580 = CARTESIAN_POINT('',(9.,-42.,3.));
#3581 = VECTOR('',#3582,1.);
#3582 = DIRECTION('',(6.607135788096E-02,0.997814900504,0.));
#3583 = ORIENTED_EDGE('',*,*,#3530,.F.);
#3584 = PLANE('',#3585);
#3585 = AXIS2_PLACEMENT_3D('',#3586,#3587,#3588);
#3586 = CARTESIAN_POINT('',(9.,-42.,0.));
#3587 = DIRECTION('',(-0.997814900504,6.607135788096E-02,0.));
#3588 = DIRECTION('',(6.607135788096E-02,0.997814900504,0.));
#3589 = ADVANCED_FACE('',(#3590),#3608,.T.);
#3590 = FACE_BOUND('',#3591,.T.);
#3591 = EDGE_LOOP('',(#3592,#3593,#3601,#3607));
#3592 = ORIENTED_EDGE('',*,*,#748,.F.);
#3593 = ORIENTED_EDGE('',*,*,#3594,.T.);
#3594 = EDGE_CURVE('',#740,#3595,#3597,.T.);
#3595 = VERTEX_POINT('',#3596);
#3596 = CARTESIAN_POINT('',(48.595035056112,42.748508715312,3.));
#3597 = LINE('',#3598,#3599);
#3598 = CARTESIAN_POINT('',(48.595035056112,42.748508715312,0.));
#3599 = VECTOR('',#3600,1.);
#3600 = DIRECTION('',(0.,0.,1.));
#3601 = ORIENTED_EDGE('',*,*,#3602,.T.);
#3602 = EDGE_CURVE('',#3595,#3546,#3603,.T.);
#3603 = LINE('',#3604,#3605);
#3604 = CARTESIAN_POINT('',(47.108335952144,43.226667957972,3.));
#3605 = VECTOR('',#3606,1.);
#3606 = DIRECTION('',(0.951974135636,-0.306178452998,0.));
#3607 = ORIENTED_EDGE('',*,*,#3545,.F.);
#3608 = PLANE('',#3609);
#3609 = AXIS2_PLACEMENT_3D('',#3610,#3611,#3612);
#3610 = CARTESIAN_POINT('',(47.108335952144,43.226667957972,0.));
#3611 = DIRECTION('',(0.306178452998,0.951974135636,0.));
#3612 = DIRECTION('',(0.951974135636,-0.306178452998,0.));
#3613 = ADVANCED_FACE('',(#3614),#3633,.T.);
#3614 = FACE_BOUND('',#3615,.F.);
#3615 = EDGE_LOOP('',(#3616,#3617,#3625,#3632));
#3616 = ORIENTED_EDGE('',*,*,#240,.T.);
#3617 = ORIENTED_EDGE('',*,*,#3618,.T.);
#3618 = EDGE_CURVE('',#241,#3619,#3621,.T.);
#3619 = VERTEX_POINT('',#3620);
#3620 = CARTESIAN_POINT('',(7.128052323838,-42.,3.));
#3621 = LINE('',#3622,#3623);
#3622 = CARTESIAN_POINT('',(7.128052323838,-42.,0.));
#3623 = VECTOR('',#3624,1.);
#3624 = DIRECTION('',(0.,0.,1.));
#3625 = ORIENTED_EDGE('',*,*,#3626,.F.);
#3626 = EDGE_CURVE('',#3571,#3619,#3627,.T.);
#3627 = CIRCLE('',#3628,2.);
#3628 = AXIS2_PLACEMENT_3D('',#3629,#3630,#3631);
#3629 = CARTESIAN_POINT('',(7.128052323838,-40.,3.));
#3630 = DIRECTION('',(-0.,-0.,-1.));
#3631 = DIRECTION('',(0.,-1.,0.));
#3632 = ORIENTED_EDGE('',*,*,#3570,.F.);
#3633 = CYLINDRICAL_SURFACE('',#3634,2.);
#3634 = AXIS2_PLACEMENT_3D('',#3635,#3636,#3637);
#3635 = CARTESIAN_POINT('',(7.128052323838,-40.,0.));
#3636 = DIRECTION('',(0.,0.,1.));
#3637 = DIRECTION('',(0.997814900504,-6.607135788096E-02,0.));
#3638 = ADVANCED_FACE('',(#3639),#3658,.T.);
#3639 = FACE_BOUND('',#3640,.T.);
#3640 = EDGE_LOOP('',(#3641,#3642,#3650,#3657));
#3641 = ORIENTED_EDGE('',*,*,#739,.T.);
#3642 = ORIENTED_EDGE('',*,*,#3643,.T.);
#3643 = EDGE_CURVE('',#732,#3644,#3646,.T.);
#3644 = VERTEX_POINT('',#3645);
#3645 = CARTESIAN_POINT('',(45.863915257043,42.283096222126,3.));
#3646 = LINE('',#3647,#3648);
#3647 = CARTESIAN_POINT('',(45.863915257043,42.283096222126,0.));
#3648 = VECTOR('',#3649,1.);
#3649 = DIRECTION('',(0.,0.,1.));
#3650 = ORIENTED_EDGE('',*,*,#3651,.F.);
#3651 = EDGE_CURVE('',#3595,#3644,#3652,.T.);
#3652 = CIRCLE('',#3653,3.);
#3653 = AXIS2_PLACEMENT_3D('',#3654,#3655,#3656);
#3654 = CARTESIAN_POINT('',(47.676499697117,39.892586308405,3.));
#3655 = DIRECTION('',(-0.,0.,1.));
#3656 = DIRECTION('',(0.,-1.,0.));
#3657 = ORIENTED_EDGE('',*,*,#3594,.F.);
#3658 = CYLINDRICAL_SURFACE('',#3659,3.);
#3659 = AXIS2_PLACEMENT_3D('',#3660,#3661,#3662);
#3660 = CARTESIAN_POINT('',(47.676499697117,39.892586308405,0.));
#3661 = DIRECTION('',(0.,0.,1.));
#3662 = DIRECTION('',(0.306178452998,0.951974135636,0.));
#3663 = ADVANCED_FACE('',(#3664),#3682,.F.);
#3664 = FACE_BOUND('',#3665,.F.);
#3665 = EDGE_LOOP('',(#3666,#3667,#3675,#3681));
#3666 = ORIENTED_EDGE('',*,*,#249,.F.);
#3667 = ORIENTED_EDGE('',*,*,#3668,.T.);
#3668 = EDGE_CURVE('',#250,#3669,#3671,.T.);
#3669 = VERTEX_POINT('',#3670);
#3670 = CARTESIAN_POINT('',(-7.128052323838,-42.,3.));
#3671 = LINE('',#3672,#3673);
#3672 = CARTESIAN_POINT('',(-7.128052323838,-42.,0.));
#3673 = VECTOR('',#3674,1.);
#3674 = DIRECTION('',(0.,0.,1.));
#3675 = ORIENTED_EDGE('',*,*,#3676,.T.);
#3676 = EDGE_CURVE('',#3669,#3619,#3677,.T.);
#3677 = LINE('',#3678,#3679);
#3678 = CARTESIAN_POINT('',(-9.,-42.,3.));
#3679 = VECTOR('',#3680,1.);
#3680 = DIRECTION('',(1.,0.,0.));
#3681 = ORIENTED_EDGE('',*,*,#3618,.F.);
#3682 = PLANE('',#3683);
#3683 = AXIS2_PLACEMENT_3D('',#3684,#3685,#3686);
#3684 = CARTESIAN_POINT('',(-9.,-42.,0.));
#3685 = DIRECTION('',(0.,1.,0.));
#3686 = DIRECTION('',(1.,0.,0.));
#3687 = ADVANCED_FACE('',(#3688),#3706,.T.);
#3688 = FACE_BOUND('',#3689,.T.);
#3689 = EDGE_LOOP('',(#3690,#3691,#3699,#3705));
#3690 = ORIENTED_EDGE('',*,*,#731,.F.);
#3691 = ORIENTED_EDGE('',*,*,#3692,.T.);
#3692 = EDGE_CURVE('',#723,#3693,#3695,.T.);
#3693 = VERTEX_POINT('',#3694);
#3694 = CARTESIAN_POINT('',(39.472698620786,37.437008882547,3.));
#3695 = LINE('',#3696,#3697);
#3696 = CARTESIAN_POINT('',(39.472698620786,37.437008882547,0.));
#3697 = VECTOR('',#3698,1.);
#3698 = DIRECTION('',(0.,0.,1.));
#3699 = ORIENTED_EDGE('',*,*,#3700,.T.);
#3700 = EDGE_CURVE('',#3693,#3644,#3701,.T.);
#3701 = LINE('',#3702,#3703);
#3702 = CARTESIAN_POINT('',(38.621759477893,36.791791290683,3.));
#3703 = VECTOR('',#3704,1.);
#3704 = DIRECTION('',(0.796836637907,0.604194813358,0.));
#3705 = ORIENTED_EDGE('',*,*,#3643,.F.);
#3706 = PLANE('',#3707);
#3707 = AXIS2_PLACEMENT_3D('',#3708,#3709,#3710);
#3708 = CARTESIAN_POINT('',(38.621759477893,36.791791290683,0.));
#3709 = DIRECTION('',(-0.604194813358,0.796836637907,0.));
#3710 = DIRECTION('',(0.796836637907,0.604194813358,0.));
#3711 = ADVANCED_FACE('',(#3712),#3731,.T.);
#3712 = FACE_BOUND('',#3713,.F.);
#3713 = EDGE_LOOP('',(#3714,#3715,#3723,#3730));
#3714 = ORIENTED_EDGE('',*,*,#257,.T.);
#3715 = ORIENTED_EDGE('',*,*,#3716,.T.);
#3716 = EDGE_CURVE('',#258,#3717,#3719,.T.);
#3717 = VERTEX_POINT('',#3718);
#3718 = CARTESIAN_POINT('',(-9.123682124846,-40.13214271576,3.));
#3719 = LINE('',#3720,#3721);
#3720 = CARTESIAN_POINT('',(-9.123682124846,-40.13214271576,0.));
#3721 = VECTOR('',#3722,1.);
#3722 = DIRECTION('',(0.,0.,1.));
#3723 = ORIENTED_EDGE('',*,*,#3724,.F.);
#3724 = EDGE_CURVE('',#3669,#3717,#3725,.T.);
#3725 = CIRCLE('',#3726,2.);
#3726 = AXIS2_PLACEMENT_3D('',#3727,#3728,#3729);
#3727 = CARTESIAN_POINT('',(-7.128052323838,-40.,3.));
#3728 = DIRECTION('',(-0.,-0.,-1.));
#3729 = DIRECTION('',(0.,-1.,0.));
#3730 = ORIENTED_EDGE('',*,*,#3668,.F.);
#3731 = CYLINDRICAL_SURFACE('',#3732,2.);
#3732 = AXIS2_PLACEMENT_3D('',#3733,#3734,#3735);
#3733 = CARTESIAN_POINT('',(-7.128052323838,-40.,0.));
#3734 = DIRECTION('',(0.,0.,1.));
#3735 = DIRECTION('',(0.,-1.,0.));
#3736 = ADVANCED_FACE('',(#3737),#3756,.T.);
#3737 = FACE_BOUND('',#3738,.T.);
#3738 = EDGE_LOOP('',(#3739,#3740,#3748,#3755));
#3739 = ORIENTED_EDGE('',*,*,#722,.T.);
#3740 = ORIENTED_EDGE('',*,*,#3741,.T.);
#3741 = EDGE_CURVE('',#714,#3742,#3744,.T.);
#3742 = VERTEX_POINT('',#3743);
#3743 = CARTESIAN_POINT('',(38.310188750879,35.432262946819,3.));
#3744 = LINE('',#3745,#3746);
#3745 = CARTESIAN_POINT('',(38.310188750879,35.432262946819,0.));
#3746 = VECTOR('',#3747,1.);
#3747 = DIRECTION('',(0.,0.,1.));
#3748 = ORIENTED_EDGE('',*,*,#3749,.F.);
#3749 = EDGE_CURVE('',#3693,#3742,#3750,.T.);
#3750 = CIRCLE('',#3751,3.);
#3751 = AXIS2_PLACEMENT_3D('',#3752,#3753,#3754);
#3752 = CARTESIAN_POINT('',(41.28528306086,35.046498968825,3.));
#3753 = DIRECTION('',(-0.,0.,1.));
#3754 = DIRECTION('',(0.,-1.,0.));
#3755 = ORIENTED_EDGE('',*,*,#3692,.F.);
#3756 = CYLINDRICAL_SURFACE('',#3757,3.);
#3757 = AXIS2_PLACEMENT_3D('',#3758,#3759,#3760);
#3758 = CARTESIAN_POINT('',(41.28528306086,35.046498968825,0.));
#3759 = DIRECTION('',(0.,0.,1.));
#3760 = DIRECTION('',(-0.604194813358,0.796836637907,0.));
#3761 = ADVANCED_FACE('',(#3762),#3780,.F.);
#3762 = FACE_BOUND('',#3763,.F.);
#3763 = EDGE_LOOP('',(#3764,#3765,#3773,#3779));
#3764 = ORIENTED_EDGE('',*,*,#266,.F.);
#3765 = ORIENTED_EDGE('',*,*,#3766,.T.);
#3766 = EDGE_CURVE('',#267,#3767,#3769,.T.);
#3767 = VERTEX_POINT('',#3768);
#3768 = CARTESIAN_POINT('',(-10.46226522891,-19.91675423808,3.));
#3769 = LINE('',#3770,#3771);
#3770 = CARTESIAN_POINT('',(-10.46226522891,-19.91675423808,0.));
#3771 = VECTOR('',#3772,1.);
#3772 = DIRECTION('',(0.,0.,1.));
#3773 = ORIENTED_EDGE('',*,*,#3774,.T.);
#3774 = EDGE_CURVE('',#3767,#3717,#3775,.T.);
#3775 = LINE('',#3776,#3777);
#3776 = CARTESIAN_POINT('',(-11.,-11.7958409662,3.));
#3777 = VECTOR('',#3778,1.);
#3778 = DIRECTION('',(6.607135788072E-02,-0.997814900504,0.));
#3779 = ORIENTED_EDGE('',*,*,#3716,.F.);
#3780 = PLANE('',#3781);
#3781 = AXIS2_PLACEMENT_3D('',#3782,#3783,#3784);
#3782 = CARTESIAN_POINT('',(-11.,-11.7958409662,0.));
#3783 = DIRECTION('',(0.997814900504,6.607135788072E-02,0.));
#3784 = DIRECTION('',(6.607135788072E-02,-0.997814900504,0.));
#3785 = ADVANCED_FACE('',(#3786),#3805,.T.);
#3786 = FACE_BOUND('',#3787,.F.);
#3787 = EDGE_LOOP('',(#3788,#3789,#3790,#3799));
#3788 = ORIENTED_EDGE('',*,*,#713,.F.);
#3789 = ORIENTED_EDGE('',*,*,#3741,.T.);
#3790 = ORIENTED_EDGE('',*,*,#3791,.T.);
#3791 = EDGE_CURVE('',#3742,#3792,#3794,.T.);
#3792 = VERTEX_POINT('',#3793);
#3793 = CARTESIAN_POINT('',(38.315272999788,33.529331193237,3.));
#3794 = CIRCLE('',#3795,7.25);
#3795 = AXIS2_PLACEMENT_3D('',#3796,#3797,#3798);
#3796 = CARTESIAN_POINT('',(45.5,34.5,3.));
#3797 = DIRECTION('',(0.,0.,1.));
#3798 = DIRECTION('',(1.,0.,0.));
#3799 = ORIENTED_EDGE('',*,*,#3800,.F.);
#3800 = EDGE_CURVE('',#705,#3792,#3801,.T.);
#3801 = LINE('',#3802,#3803);
#3802 = CARTESIAN_POINT('',(38.315272999788,33.529331193237,0.));
#3803 = VECTOR('',#3804,1.);
#3804 = DIRECTION('',(0.,0.,1.));
#3805 = CYLINDRICAL_SURFACE('',#3806,7.25);
#3806 = AXIS2_PLACEMENT_3D('',#3807,#3808,#3809);
#3807 = CARTESIAN_POINT('',(45.5,34.5,0.));
#3808 = DIRECTION('',(-0.,-0.,-1.));
#3809 = DIRECTION('',(1.,0.,0.));
#3810 = ADVANCED_FACE('',(#3811),#3830,.F.);
#3811 = FACE_BOUND('',#3812,.T.);
#3812 = EDGE_LOOP('',(#3813,#3814,#3815,#3824));
#3813 = ORIENTED_EDGE('',*,*,#274,.T.);
#3814 = ORIENTED_EDGE('',*,*,#3766,.T.);
#3815 = ORIENTED_EDGE('',*,*,#3816,.F.);
#3816 = EDGE_CURVE('',#3817,#3767,#3819,.T.);
#3817 = VERTEX_POINT('',#3818);
#3818 = CARTESIAN_POINT('',(-17.59179016197,-16.56938194893,3.));
#3819 = CIRCLE('',#3820,4.5);
#3820 = AXIS2_PLACEMENT_3D('',#3821,#3822,#3823);
#3821 = CARTESIAN_POINT('',(-14.95243228118,-20.21407534854,3.));
#3822 = DIRECTION('',(-0.,-0.,-1.));
#3823 = DIRECTION('',(0.,-1.,0.));
#3824 = ORIENTED_EDGE('',*,*,#3825,.F.);
#3825 = EDGE_CURVE('',#275,#3817,#3826,.T.);
#3826 = LINE('',#3827,#3828);
#3827 = CARTESIAN_POINT('',(-17.59179016197,-16.56938194893,0.));
#3828 = VECTOR('',#3829,1.);
#3829 = DIRECTION('',(0.,0.,1.));
#3830 = CYLINDRICAL_SURFACE('',#3831,4.5);
#3831 = AXIS2_PLACEMENT_3D('',#3832,#3833,#3834);
#3832 = CARTESIAN_POINT('',(-14.95243228118,-20.21407534854,0.));
#3833 = DIRECTION('',(0.,0.,1.));
#3834 = DIRECTION('',(-0.586523973508,0.809931866579,0.));
#3835 = ADVANCED_FACE('',(#3836),#3855,.F.);
#3836 = FACE_BOUND('',#3837,.T.);
#3837 = EDGE_LOOP('',(#3838,#3839,#3847,#3854));
#3838 = ORIENTED_EDGE('',*,*,#704,.T.);
#3839 = ORIENTED_EDGE('',*,*,#3840,.T.);
#3840 = EDGE_CURVE('',#697,#3841,#3843,.T.);
#3841 = VERTEX_POINT('',#3842);
#3842 = CARTESIAN_POINT('',(37.101854437466,30.697879535529,3.));
#3843 = LINE('',#3844,#3845);
#3844 = CARTESIAN_POINT('',(37.101854437466,30.697879535529,0.));
#3845 = VECTOR('',#3846,1.);
#3846 = DIRECTION('',(0.,0.,1.));
#3847 = ORIENTED_EDGE('',*,*,#3848,.F.);
#3848 = EDGE_CURVE('',#3792,#3841,#3849,.T.);
#3849 = CIRCLE('',#3850,3.);
#3850 = AXIS2_PLACEMENT_3D('',#3851,#3852,#3853);
#3851 = CARTESIAN_POINT('',(35.342282516941,33.127675135266,3.));
#3852 = DIRECTION('',(-0.,-0.,-1.));
#3853 = DIRECTION('',(0.,-1.,0.));
#3854 = ORIENTED_EDGE('',*,*,#3800,.F.);
#3855 = CYLINDRICAL_SURFACE('',#3856,3.);
#3856 = AXIS2_PLACEMENT_3D('',#3857,#3858,#3859);
#3857 = CARTESIAN_POINT('',(35.342282516941,33.127675135266,0.));
#3858 = DIRECTION('',(0.,0.,1.));
#3859 = DIRECTION('',(0.990996827615,0.133885352657,0.));
#3860 = ADVANCED_FACE('',(#3861),#3879,.F.);
#3861 = FACE_BOUND('',#3862,.F.);
#3862 = EDGE_LOOP('',(#3863,#3864,#3872,#3878));
#3863 = ORIENTED_EDGE('',*,*,#283,.F.);
#3864 = ORIENTED_EDGE('',*,*,#3865,.T.);
#3865 = EDGE_CURVE('',#284,#3866,#3868,.T.);
#3866 = VERTEX_POINT('',#3867);
#3867 = CARTESIAN_POINT('',(-37.10185443746,-30.69787953552,3.));
#3868 = LINE('',#3869,#3870);
#3869 = CARTESIAN_POINT('',(-37.10185443746,-30.69787953552,0.));
#3870 = VECTOR('',#3871,1.);
#3871 = DIRECTION('',(0.,0.,1.));
#3872 = ORIENTED_EDGE('',*,*,#3873,.T.);
#3873 = EDGE_CURVE('',#3866,#3817,#3874,.T.);
#3874 = LINE('',#3875,#3876);
#3875 = CARTESIAN_POINT('',(-38.73871088531,-31.88323300471,3.));
#3876 = VECTOR('',#3877,1.);
#3877 = DIRECTION('',(0.809931866579,0.586523973508,0.));
#3878 = ORIENTED_EDGE('',*,*,#3825,.F.);
#3879 = PLANE('',#3880);
#3880 = AXIS2_PLACEMENT_3D('',#3881,#3882,#3883);
#3881 = CARTESIAN_POINT('',(-38.73871088531,-31.88323300471,0.));
#3882 = DIRECTION('',(-0.586523973508,0.809931866579,0.));
#3883 = DIRECTION('',(0.809931866579,0.586523973508,0.));
#3884 = ADVANCED_FACE('',(#3885),#3903,.F.);
#3885 = FACE_BOUND('',#3886,.F.);
#3886 = EDGE_LOOP('',(#3887,#3888,#3889,#3897));
#3887 = ORIENTED_EDGE('',*,*,#696,.F.);
#3888 = ORIENTED_EDGE('',*,*,#3840,.T.);
#3889 = ORIENTED_EDGE('',*,*,#3890,.T.);
#3890 = EDGE_CURVE('',#3841,#3891,#3893,.T.);
#3891 = VERTEX_POINT('',#3892);
#3892 = CARTESIAN_POINT('',(18.139357880787,16.965911098433,3.));
#3893 = LINE('',#3894,#3895);
#3894 = CARTESIAN_POINT('',(38.738710885313,31.883233004715,3.));
#3895 = VECTOR('',#3896,1.);
#3896 = DIRECTION('',(-0.809931866579,-0.586523973508,0.));
#3897 = ORIENTED_EDGE('',*,*,#3898,.F.);
#3898 = EDGE_CURVE('',#688,#3891,#3899,.T.);
#3899 = LINE('',#3900,#3901);
#3900 = CARTESIAN_POINT('',(18.139357880787,16.965911098433,0.));
#3901 = VECTOR('',#3902,1.);
#3902 = DIRECTION('',(0.,0.,1.));
#3903 = PLANE('',#3904);
#3904 = AXIS2_PLACEMENT_3D('',#3905,#3906,#3907);
#3905 = CARTESIAN_POINT('',(38.738710885313,31.883233004715,0.));
#3906 = DIRECTION('',(0.586523973508,-0.809931866579,0.));
#3907 = DIRECTION('',(-0.809931866579,-0.586523973508,0.));
#3908 = ADVANCED_FACE('',(#3909),#3928,.F.);
#3909 = FACE_BOUND('',#3910,.F.);
#3910 = EDGE_LOOP('',(#3911,#3912,#3920,#3927));
#3911 = ORIENTED_EDGE('',*,*,#291,.T.);
#3912 = ORIENTED_EDGE('',*,*,#3913,.T.);
#3913 = EDGE_CURVE('',#292,#3914,#3916,.T.);
#3914 = VERTEX_POINT('',#3915);
#3915 = CARTESIAN_POINT('',(-38.31527299978,-33.52933119323,3.));
#3916 = LINE('',#3917,#3918);
#3917 = CARTESIAN_POINT('',(-38.31527299978,-33.52933119323,0.));
#3918 = VECTOR('',#3919,1.);
#3919 = DIRECTION('',(0.,0.,1.));
#3920 = ORIENTED_EDGE('',*,*,#3921,.F.);
#3921 = EDGE_CURVE('',#3866,#3914,#3922,.T.);
#3922 = CIRCLE('',#3923,3.);
#3923 = AXIS2_PLACEMENT_3D('',#3924,#3925,#3926);
#3924 = CARTESIAN_POINT('',(-35.34228251694,-33.12767513526,3.));
#3925 = DIRECTION('',(-0.,0.,1.));
#3926 = DIRECTION('',(0.,-1.,0.));
#3927 = ORIENTED_EDGE('',*,*,#3865,.F.);
#3928 = CYLINDRICAL_SURFACE('',#3929,3.);
#3929 = AXIS2_PLACEMENT_3D('',#3930,#3931,#3932);
#3930 = CARTESIAN_POINT('',(-35.34228251694,-33.12767513526,0.));
#3931 = DIRECTION('',(0.,0.,1.));
#3932 = DIRECTION('',(-0.586523973508,0.809931866579,0.));
#3933 = ADVANCED_FACE('',(#3934),#3953,.F.);
#3934 = FACE_BOUND('',#3935,.T.);
#3935 = EDGE_LOOP('',(#3936,#3937,#3945,#3952));
#3936 = ORIENTED_EDGE('',*,*,#687,.T.);
#3937 = ORIENTED_EDGE('',*,*,#3938,.T.);
#3938 = EDGE_CURVE('',#680,#3939,#3941,.T.);
#3939 = VERTEX_POINT('',#3940);
#3940 = CARTESIAN_POINT('',(11.,20.610604498038,3.));
#3941 = LINE('',#3942,#3943);
#3942 = CARTESIAN_POINT('',(11.,20.610604498038,0.));
#3943 = VECTOR('',#3944,1.);
#3944 = DIRECTION('',(0.,0.,1.));
#3945 = ORIENTED_EDGE('',*,*,#3946,.F.);
#3946 = EDGE_CURVE('',#3891,#3939,#3947,.T.);
#3947 = CIRCLE('',#3948,4.5);
#3948 = AXIS2_PLACEMENT_3D('',#3949,#3950,#3951);
#3949 = CARTESIAN_POINT('',(15.5,20.610604498038,3.));
#3950 = DIRECTION('',(-0.,-0.,-1.));
#3951 = DIRECTION('',(0.,-1.,0.));
#3952 = ORIENTED_EDGE('',*,*,#3898,.F.);
#3953 = CYLINDRICAL_SURFACE('',#3954,4.5);
#3954 = AXIS2_PLACEMENT_3D('',#3955,#3956,#3957);
#3955 = CARTESIAN_POINT('',(15.5,20.610604498038,0.));
#3956 = DIRECTION('',(0.,0.,1.));
#3957 = DIRECTION('',(0.586523973508,-0.809931866579,0.));
#3958 = ADVANCED_FACE('',(#3959),#3978,.T.);
#3959 = FACE_BOUND('',#3960,.F.);
#3960 = EDGE_LOOP('',(#3961,#3962,#3970,#3977));
#3961 = ORIENTED_EDGE('',*,*,#300,.F.);
#3962 = ORIENTED_EDGE('',*,*,#3963,.T.);
#3963 = EDGE_CURVE('',#301,#3964,#3966,.T.);
#3964 = VERTEX_POINT('',#3965);
#3965 = CARTESIAN_POINT('',(-38.31018875087,-35.43226294682,3.));
#3966 = LINE('',#3967,#3968);
#3967 = CARTESIAN_POINT('',(-38.31018875087,-35.43226294682,0.));
#3968 = VECTOR('',#3969,1.);
#3969 = DIRECTION('',(0.,0.,1.));
#3970 = ORIENTED_EDGE('',*,*,#3971,.T.);
#3971 = EDGE_CURVE('',#3964,#3914,#3972,.T.);
#3972 = CIRCLE('',#3973,7.25);
#3973 = AXIS2_PLACEMENT_3D('',#3974,#3975,#3976);
#3974 = CARTESIAN_POINT('',(-45.5,-34.5,3.));
#3975 = DIRECTION('',(0.,0.,1.));
#3976 = DIRECTION('',(1.,0.,0.));
#3977 = ORIENTED_EDGE('',*,*,#3913,.F.);
#3978 = CYLINDRICAL_SURFACE('',#3979,7.25);
#3979 = AXIS2_PLACEMENT_3D('',#3980,#3981,#3982);
#3980 = CARTESIAN_POINT('',(-45.5,-34.5,0.));
#3981 = DIRECTION('',(-0.,-0.,-1.));
#3982 = DIRECTION('',(1.,0.,0.));
#3983 = ADVANCED_FACE('',(#3984),#4002,.F.);
#3984 = FACE_BOUND('',#3985,.F.);
#3985 = EDGE_LOOP('',(#3986,#3987,#3988,#3996));
#3986 = ORIENTED_EDGE('',*,*,#679,.F.);
#3987 = ORIENTED_EDGE('',*,*,#3938,.T.);
#3988 = ORIENTED_EDGE('',*,*,#3989,.T.);
#3989 = EDGE_CURVE('',#3939,#3990,#3992,.T.);
#3990 = VERTEX_POINT('',#3991);
#3991 = CARTESIAN_POINT('',(11.,30.647650044578,3.));
#3992 = LINE('',#3993,#3994);
#3993 = CARTESIAN_POINT('',(11.,11.795840966208,3.));
#3994 = VECTOR('',#3995,1.);
#3995 = DIRECTION('',(-9.E-17,1.,0.));
#3996 = ORIENTED_EDGE('',*,*,#3997,.F.);
#3997 = EDGE_CURVE('',#671,#3990,#3998,.T.);
#3998 = LINE('',#3999,#4000);
#3999 = CARTESIAN_POINT('',(11.,30.647650044578,0.));
#4000 = VECTOR('',#4001,1.);
#4001 = DIRECTION('',(0.,0.,1.));
#4002 = PLANE('',#4003);
#4003 = AXIS2_PLACEMENT_3D('',#4004,#4005,#4006);
#4004 = CARTESIAN_POINT('',(11.,11.795840966208,0.));
#4005 = DIRECTION('',(-1.,-9.E-17,0.));
#4006 = DIRECTION('',(-9.E-17,1.,0.));
#4007 = ADVANCED_FACE('',(#4008),#4027,.T.);
#4008 = FACE_BOUND('',#4009,.F.);
#4009 = EDGE_LOOP('',(#4010,#4011,#4019,#4026));
#4010 = ORIENTED_EDGE('',*,*,#309,.T.);
#4011 = ORIENTED_EDGE('',*,*,#4012,.T.);
#4012 = EDGE_CURVE('',#310,#4013,#4015,.T.);
#4013 = VERTEX_POINT('',#4014);
#4014 = CARTESIAN_POINT('',(-39.47269862078,-37.43700888254,3.));
#4015 = LINE('',#4016,#4017);
#4016 = CARTESIAN_POINT('',(-39.47269862078,-37.43700888254,0.));
#4017 = VECTOR('',#4018,1.);
#4018 = DIRECTION('',(0.,0.,1.));
#4019 = ORIENTED_EDGE('',*,*,#4020,.F.);
#4020 = EDGE_CURVE('',#3964,#4013,#4021,.T.);
#4021 = CIRCLE('',#4022,3.);
#4022 = AXIS2_PLACEMENT_3D('',#4023,#4024,#4025);
#4023 = CARTESIAN_POINT('',(-41.28528306086,-35.04649896882,3.));
#4024 = DIRECTION('',(-0.,-0.,-1.));
#4025 = DIRECTION('',(0.,-1.,0.));
#4026 = ORIENTED_EDGE('',*,*,#3963,.F.);
#4027 = CYLINDRICAL_SURFACE('',#4028,3.);
#4028 = AXIS2_PLACEMENT_3D('',#4029,#4030,#4031);
#4029 = CARTESIAN_POINT('',(-41.28528306086,-35.04649896882,0.));
#4030 = DIRECTION('',(0.,0.,1.));
#4031 = DIRECTION('',(0.991698103327,-0.128587992665,0.));
#4032 = ADVANCED_FACE('',(#4033),#4052,.T.);
#4033 = FACE_BOUND('',#4034,.T.);
#4034 = EDGE_LOOP('',(#4035,#4036,#4044,#4051));
#4035 = ORIENTED_EDGE('',*,*,#670,.T.);
#4036 = ORIENTED_EDGE('',*,*,#4037,.T.);
#4037 = EDGE_CURVE('',#663,#4038,#4040,.T.);
#4038 = VERTEX_POINT('',#4039);
#4039 = CARTESIAN_POINT('',(10.879586846978,31.331136170748,3.));
#4040 = LINE('',#4041,#4042);
#4041 = CARTESIAN_POINT('',(10.879586846978,31.331136170748,0.));
#4042 = VECTOR('',#4043,1.);
#4043 = DIRECTION('',(0.,0.,1.));
#4044 = ORIENTED_EDGE('',*,*,#4045,.F.);
#4045 = EDGE_CURVE('',#3990,#4038,#4046,.T.);
#4046 = CIRCLE('',#4047,2.);
#4047 = AXIS2_PLACEMENT_3D('',#4048,#4049,#4050);
#4048 = CARTESIAN_POINT('',(9.,30.647650044578,3.));
#4049 = DIRECTION('',(-0.,0.,1.));
#4050 = DIRECTION('',(0.,-1.,0.));
#4051 = ORIENTED_EDGE('',*,*,#3997,.F.);
#4052 = CYLINDRICAL_SURFACE('',#4053,2.);
#4053 = AXIS2_PLACEMENT_3D('',#4054,#4055,#4056);
#4054 = CARTESIAN_POINT('',(9.,30.647650044578,0.));
#4055 = DIRECTION('',(0.,0.,1.));
#4056 = DIRECTION('',(1.,9.E-17,0.));
#4057 = ADVANCED_FACE('',(#4058),#4076,.T.);
#4058 = FACE_BOUND('',#4059,.T.);
#4059 = EDGE_LOOP('',(#4060,#4061,#4062,#4070));
#4060 = ORIENTED_EDGE('',*,*,#318,.F.);
#4061 = ORIENTED_EDGE('',*,*,#4012,.T.);
#4062 = ORIENTED_EDGE('',*,*,#4063,.T.);
#4063 = EDGE_CURVE('',#4013,#4064,#4066,.T.);
#4064 = VERTEX_POINT('',#4065);
#4065 = CARTESIAN_POINT('',(-45.92502955803,-42.32943563716,3.));
#4066 = LINE('',#4067,#4068);
#4067 = CARTESIAN_POINT('',(-38.62175947789,-36.79179129068,3.));
#4068 = VECTOR('',#4069,1.);
#4069 = DIRECTION('',(-0.796836637907,-0.604194813358,0.));
#4070 = ORIENTED_EDGE('',*,*,#4071,.F.);
#4071 = EDGE_CURVE('',#319,#4064,#4072,.T.);
#4072 = LINE('',#4073,#4074);
#4073 = CARTESIAN_POINT('',(-45.92502955803,-42.32943563716,0.));
#4074 = VECTOR('',#4075,1.);
#4075 = DIRECTION('',(0.,0.,1.));
#4076 = PLANE('',#4077);
#4077 = AXIS2_PLACEMENT_3D('',#4078,#4079,#4080);
#4078 = CARTESIAN_POINT('',(-38.62175947789,-36.79179129068,0.));
#4079 = DIRECTION('',(0.604194813358,-0.796836637907,0.));
#4080 = DIRECTION('',(-0.796836637907,-0.604194813358,0.));
#4081 = ADVANCED_FACE('',(#4082),#4100,.T.);
#4082 = FACE_BOUND('',#4083,.T.);
#4083 = EDGE_LOOP('',(#4084,#4085,#4093,#4099));
#4084 = ORIENTED_EDGE('',*,*,#662,.F.);
#4085 = ORIENTED_EDGE('',*,*,#4086,.T.);
#4086 = EDGE_CURVE('',#654,#4087,#4089,.T.);
#4087 = VERTEX_POINT('',#4088);
#4088 = CARTESIAN_POINT('',(7.478732317754,40.68348612617,3.));
#4089 = LINE('',#4090,#4091);
#4090 = CARTESIAN_POINT('',(7.478732317754,40.68348612617,0.));
#4091 = VECTOR('',#4092,1.);
#4092 = DIRECTION('',(0.,0.,1.));
#4093 = ORIENTED_EDGE('',*,*,#4094,.T.);
#4094 = EDGE_CURVE('',#4087,#4038,#4095,.T.);
#4095 = LINE('',#4096,#4097);
#4096 = CARTESIAN_POINT('',(7.,42.,3.));
#4097 = VECTOR('',#4098,1.);
#4098 = DIRECTION('',(0.341743063085,-0.939793423489,0.));
#4099 = ORIENTED_EDGE('',*,*,#4037,.F.);
#4100 = PLANE('',#4101);
#4101 = AXIS2_PLACEMENT_3D('',#4102,#4103,#4104);
#4102 = CARTESIAN_POINT('',(7.,42.,0.));
#4103 = DIRECTION('',(0.939793423489,0.341743063085,0.));
#4104 = DIRECTION('',(0.341743063085,-0.939793423489,0.));
#4105 = ADVANCED_FACE('',(#4106),#4125,.T.);
#4106 = FACE_BOUND('',#4107,.F.);
#4107 = EDGE_LOOP('',(#4108,#4109,#4117,#4124));
#4108 = ORIENTED_EDGE('',*,*,#326,.T.);
#4109 = ORIENTED_EDGE('',*,*,#4110,.T.);
#4110 = EDGE_CURVE('',#327,#4111,#4113,.T.);
#4111 = VERTEX_POINT('',#4112);
#4112 = CARTESIAN_POINT('',(-48.40374401414,-42.86403611481,3.));
#4113 = LINE('',#4114,#4115);
#4114 = CARTESIAN_POINT('',(-48.40374401414,-42.86403611481,0.));
#4115 = VECTOR('',#4116,1.);
#4116 = DIRECTION('',(0.,0.,1.));
#4117 = ORIENTED_EDGE('',*,*,#4118,.F.);
#4118 = EDGE_CURVE('',#4064,#4111,#4119,.T.);
#4119 = CIRCLE('',#4120,3.);
#4120 = AXIS2_PLACEMENT_3D('',#4121,#4122,#4123);
#4121 = CARTESIAN_POINT('',(-47.7376139981,-39.93892572344,3.));
#4122 = DIRECTION('',(-0.,-0.,-1.));
#4123 = DIRECTION('',(0.,-1.,0.));
#4124 = ORIENTED_EDGE('',*,*,#4071,.F.);
#4125 = CYLINDRICAL_SURFACE('',#4126,3.);
#4126 = AXIS2_PLACEMENT_3D('',#4127,#4128,#4129);
#4127 = CARTESIAN_POINT('',(-47.7376139981,-39.93892572344,0.));
#4128 = DIRECTION('',(0.,0.,1.));
#4129 = DIRECTION('',(0.604194813358,-0.796836637907,0.));
#4130 = ADVANCED_FACE('',(#4131),#4150,.T.);
#4131 = FACE_BOUND('',#4132,.T.);
#4132 = EDGE_LOOP('',(#4133,#4134,#4142,#4149));
#4133 = ORIENTED_EDGE('',*,*,#653,.T.);
#4134 = ORIENTED_EDGE('',*,*,#4135,.T.);
#4135 = EDGE_CURVE('',#646,#4136,#4138,.T.);
#4136 = VERTEX_POINT('',#4137);
#4137 = CARTESIAN_POINT('',(5.599145470775,42.,3.));
#4138 = LINE('',#4139,#4140);
#4139 = CARTESIAN_POINT('',(5.599145470775,42.,0.));
#4140 = VECTOR('',#4141,1.);
#4141 = DIRECTION('',(0.,0.,1.));
#4142 = ORIENTED_EDGE('',*,*,#4143,.F.);
#4143 = EDGE_CURVE('',#4087,#4136,#4144,.T.);
#4144 = CIRCLE('',#4145,2.);
#4145 = AXIS2_PLACEMENT_3D('',#4146,#4147,#4148);
#4146 = CARTESIAN_POINT('',(5.599145470775,40.,3.));
#4147 = DIRECTION('',(-0.,0.,1.));
#4148 = DIRECTION('',(0.,-1.,0.));
#4149 = ORIENTED_EDGE('',*,*,#4086,.F.);
#4150 = CYLINDRICAL_SURFACE('',#4151,2.);
#4151 = AXIS2_PLACEMENT_3D('',#4152,#4153,#4154);
#4152 = CARTESIAN_POINT('',(5.599145470775,40.,0.));
#4153 = DIRECTION('',(0.,0.,1.));
#4154 = DIRECTION('',(0.939793423489,0.341743063085,0.));
#4155 = ADVANCED_FACE('',(#4156),#4174,.T.);
#4156 = FACE_BOUND('',#4157,.T.);
#4157 = EDGE_LOOP('',(#4158,#4159,#4160,#4168));
#4158 = ORIENTED_EDGE('',*,*,#335,.F.);
#4159 = ORIENTED_EDGE('',*,*,#4110,.T.);
#4160 = ORIENTED_EDGE('',*,*,#4161,.T.);
#4161 = EDGE_CURVE('',#4111,#4162,#4164,.T.);
#4162 = VERTEX_POINT('',#4163);
#4163 = CARTESIAN_POINT('',(-52.19926887811,-41.99968820987,3.));
#4164 = LINE('',#4165,#4166);
#4165 = CARTESIAN_POINT('',(-47.03974263769,-43.17465764262,3.));
#4166 = VECTOR('',#4167,1.);
#4167 = DIRECTION('',(-0.975036797125,0.222043338679,0.));
#4168 = ORIENTED_EDGE('',*,*,#4169,.F.);
#4169 = EDGE_CURVE('',#336,#4162,#4170,.T.);
#4170 = LINE('',#4171,#4172);
#4171 = CARTESIAN_POINT('',(-52.19926887811,-41.99968820987,0.));
#4172 = VECTOR('',#4173,1.);
#4173 = DIRECTION('',(0.,0.,1.));
#4174 = PLANE('',#4175);
#4175 = AXIS2_PLACEMENT_3D('',#4176,#4177,#4178);
#4176 = CARTESIAN_POINT('',(-47.03974263769,-43.17465764262,0.));
#4177 = DIRECTION('',(-0.222043338679,-0.975036797125,0.));
#4178 = DIRECTION('',(-0.975036797125,0.222043338679,0.));
#4179 = ADVANCED_FACE('',(#4180),#4198,.T.);
#4180 = FACE_BOUND('',#4181,.T.);
#4181 = EDGE_LOOP('',(#4182,#4183,#4191,#4197));
#4182 = ORIENTED_EDGE('',*,*,#645,.F.);
#4183 = ORIENTED_EDGE('',*,*,#4184,.T.);
#4184 = EDGE_CURVE('',#637,#4185,#4187,.T.);
#4185 = VERTEX_POINT('',#4186);
#4186 = CARTESIAN_POINT('',(-5.599145470778,42.,3.));
#4187 = LINE('',#4188,#4189);
#4188 = CARTESIAN_POINT('',(-5.599145470778,42.,0.));
#4189 = VECTOR('',#4190,1.);
#4190 = DIRECTION('',(0.,0.,1.));
#4191 = ORIENTED_EDGE('',*,*,#4192,.T.);
#4192 = EDGE_CURVE('',#4185,#4136,#4193,.T.);
#4193 = LINE('',#4194,#4195);
#4194 = CARTESIAN_POINT('',(-7.,42.,3.));
#4195 = VECTOR('',#4196,1.);
#4196 = DIRECTION('',(1.,0.,0.));
#4197 = ORIENTED_EDGE('',*,*,#4135,.F.);
#4198 = PLANE('',#4199);
#4199 = AXIS2_PLACEMENT_3D('',#4200,#4201,#4202);
#4200 = CARTESIAN_POINT('',(-7.,42.,0.));
#4201 = DIRECTION('',(0.,1.,0.));
#4202 = DIRECTION('',(1.,0.,0.));
#4203 = ADVANCED_FACE('',(#4204),#4223,.T.);
#4204 = FACE_BOUND('',#4205,.F.);
#4205 = EDGE_LOOP('',(#4206,#4207,#4215,#4222));
#4206 = ORIENTED_EDGE('',*,*,#343,.T.);
#4207 = ORIENTED_EDGE('',*,*,#4208,.T.);
#4208 = EDGE_CURVE('',#344,#4209,#4211,.T.);
#4209 = VERTEX_POINT('',#4210);
#4210 = CARTESIAN_POINT('',(-54.52948251729,-38.92650790313,3.));
#4211 = LINE('',#4212,#4213);
#4212 = CARTESIAN_POINT('',(-54.52948251729,-38.92650790313,0.));
#4213 = VECTOR('',#4214,1.);
#4214 = DIRECTION('',(0.,0.,1.));
#4215 = ORIENTED_EDGE('',*,*,#4216,.F.);
#4216 = EDGE_CURVE('',#4162,#4209,#4217,.T.);
#4217 = CIRCLE('',#4218,3.);
#4218 = AXIS2_PLACEMENT_3D('',#4219,#4220,#4221);
#4219 = CARTESIAN_POINT('',(-51.53313886208,-39.0745778185,3.));
#4220 = DIRECTION('',(-0.,-0.,-1.));
#4221 = DIRECTION('',(0.,-1.,0.));
#4222 = ORIENTED_EDGE('',*,*,#4169,.F.);
#4223 = CYLINDRICAL_SURFACE('',#4224,3.);
#4224 = AXIS2_PLACEMENT_3D('',#4225,#4226,#4227);
#4225 = CARTESIAN_POINT('',(-51.53313886208,-39.0745778185,0.));
#4226 = DIRECTION('',(0.,0.,1.));
#4227 = DIRECTION('',(-0.222043338679,-0.975036797125,0.));
#4228 = ADVANCED_FACE('',(#4229),#4248,.T.);
#4229 = FACE_BOUND('',#4230,.T.);
#4230 = EDGE_LOOP('',(#4231,#4232,#4240,#4247));
#4231 = ORIENTED_EDGE('',*,*,#636,.T.);
#4232 = ORIENTED_EDGE('',*,*,#4233,.T.);
#4233 = EDGE_CURVE('',#629,#4234,#4236,.T.);
#4234 = VERTEX_POINT('',#4235);
#4235 = CARTESIAN_POINT('',(-7.478732317755,40.683486126173,3.));
#4236 = LINE('',#4237,#4238);
#4237 = CARTESIAN_POINT('',(-7.478732317755,40.683486126173,0.));
#4238 = VECTOR('',#4239,1.);
#4239 = DIRECTION('',(0.,0.,1.));
#4240 = ORIENTED_EDGE('',*,*,#4241,.F.);
#4241 = EDGE_CURVE('',#4185,#4234,#4242,.T.);
#4242 = CIRCLE('',#4243,2.);
#4243 = AXIS2_PLACEMENT_3D('',#4244,#4245,#4246);
#4244 = CARTESIAN_POINT('',(-5.599145470778,40.,3.));
#4245 = DIRECTION('',(-0.,0.,1.));
#4246 = DIRECTION('',(0.,-1.,0.));
#4247 = ORIENTED_EDGE('',*,*,#4184,.F.);
#4248 = CYLINDRICAL_SURFACE('',#4249,2.);
#4249 = AXIS2_PLACEMENT_3D('',#4250,#4251,#4252);
#4250 = CARTESIAN_POINT('',(-5.599145470778,40.,0.));
#4251 = DIRECTION('',(0.,0.,1.));
#4252 = DIRECTION('',(0.,1.,0.));
#4253 = ADVANCED_FACE('',(#4254),#4272,.F.);
#4254 = FACE_BOUND('',#4255,.F.);
#4255 = EDGE_LOOP('',(#4256,#4257,#4265,#4271));
#4256 = ORIENTED_EDGE('',*,*,#352,.F.);
#4257 = ORIENTED_EDGE('',*,*,#4258,.T.);
#4258 = EDGE_CURVE('',#353,#4259,#4261,.T.);
#4259 = VERTEX_POINT('',#4260);
#4260 = CARTESIAN_POINT('',(-54.33735197513,-35.03855315177,3.));
#4261 = LINE('',#4262,#4263);
#4262 = CARTESIAN_POINT('',(-54.33735197513,-35.03855315177,0.));
#4263 = VECTOR('',#4264,1.);
#4264 = DIRECTION('',(0.,0.,1.));
#4265 = ORIENTED_EDGE('',*,*,#4266,.T.);
#4266 = EDGE_CURVE('',#4259,#4209,#4267,.T.);
#4267 = LINE('',#4268,#4269);
#4268 = CARTESIAN_POINT('',(-54.26830583965,-33.64133515888,3.));
#4269 = VECTOR('',#4270,1.);
#4270 = DIRECTION('',(-4.935663845666E-02,-0.998781218406,0.));
#4271 = ORIENTED_EDGE('',*,*,#4208,.F.);
#4272 = PLANE('',#4273);
#4273 = AXIS2_PLACEMENT_3D('',#4274,#4275,#4276);
#4274 = CARTESIAN_POINT('',(-54.26830583965,-33.64133515888,0.));
#4275 = DIRECTION('',(0.998781218406,-4.935663845666E-02,0.));
#4276 = DIRECTION('',(-4.935663845666E-02,-0.998781218406,0.));
#4277 = ADVANCED_FACE('',(#4278),#4296,.F.);
#4278 = FACE_BOUND('',#4279,.F.);
#4279 = EDGE_LOOP('',(#4280,#4281,#4282,#4290));
#4280 = ORIENTED_EDGE('',*,*,#628,.F.);
#4281 = ORIENTED_EDGE('',*,*,#4233,.T.);
#4282 = ORIENTED_EDGE('',*,*,#4283,.T.);
#4283 = EDGE_CURVE('',#4234,#4284,#4286,.T.);
#4284 = VERTEX_POINT('',#4285);
#4285 = CARTESIAN_POINT('',(-10.87958684697,31.331136170814,3.));
#4286 = LINE('',#4287,#4288);
#4287 = CARTESIAN_POINT('',(-7.,42.,3.));
#4288 = VECTOR('',#4289,1.);
#4289 = DIRECTION('',(-0.341743063087,-0.939793423488,0.));
#4290 = ORIENTED_EDGE('',*,*,#4291,.F.);
#4291 = EDGE_CURVE('',#620,#4284,#4292,.T.);
#4292 = LINE('',#4293,#4294);
#4293 = CARTESIAN_POINT('',(-10.87958684697,31.331136170814,0.));
#4294 = VECTOR('',#4295,1.);
#4295 = DIRECTION('',(0.,0.,1.));
#4296 = PLANE('',#4297);
#4297 = AXIS2_PLACEMENT_3D('',#4298,#4299,#4300);
#4298 = CARTESIAN_POINT('',(-7.,42.,0.));
#4299 = DIRECTION('',(0.939793423488,-0.341743063087,0.));
#4300 = DIRECTION('',(-0.341743063087,-0.939793423488,0.));
#4301 = ADVANCED_FACE('',(#4302),#4321,.T.);
#4302 = FACE_BOUND('',#4303,.F.);
#4303 = EDGE_LOOP('',(#4304,#4305,#4313,#4320));
#4304 = ORIENTED_EDGE('',*,*,#360,.T.);
#4305 = ORIENTED_EDGE('',*,*,#4306,.T.);
#4306 = EDGE_CURVE('',#361,#4307,#4309,.T.);
#4307 = VERTEX_POINT('',#4308);
#4308 = CARTESIAN_POINT('',(-53.15359275998,-32.79611315342,3.));
#4309 = LINE('',#4310,#4311);
#4310 = CARTESIAN_POINT('',(-53.15359275998,-32.79611315342,0.));
#4311 = VECTOR('',#4312,1.);
#4312 = DIRECTION('',(0.,0.,1.));
#4313 = ORIENTED_EDGE('',*,*,#4314,.F.);
#4314 = EDGE_CURVE('',#4259,#4307,#4315,.T.);
#4315 = CIRCLE('',#4316,3.);
#4316 = AXIS2_PLACEMENT_3D('',#4317,#4318,#4319);
#4317 = CARTESIAN_POINT('',(-51.34100831991,-35.18662306714,3.));
#4318 = DIRECTION('',(-0.,-0.,-1.));
#4319 = DIRECTION('',(0.,-1.,0.));
#4320 = ORIENTED_EDGE('',*,*,#4258,.F.);
#4321 = CYLINDRICAL_SURFACE('',#4322,3.);
#4322 = AXIS2_PLACEMENT_3D('',#4323,#4324,#4325);
#4323 = CARTESIAN_POINT('',(-51.34100831991,-35.18662306714,0.));
#4324 = DIRECTION('',(0.,0.,1.));
#4325 = DIRECTION('',(-0.998781218406,4.935663845666E-02,0.));
#4326 = ADVANCED_FACE('',(#4327),#4346,.T.);
#4327 = FACE_BOUND('',#4328,.T.);
#4328 = EDGE_LOOP('',(#4329,#4330,#4338,#4345));
#4329 = ORIENTED_EDGE('',*,*,#619,.T.);
#4330 = ORIENTED_EDGE('',*,*,#4331,.T.);
#4331 = EDGE_CURVE('',#612,#4332,#4334,.T.);
#4332 = VERTEX_POINT('',#4333);
#4333 = CARTESIAN_POINT('',(-11.,30.64765004464,3.));
#4334 = LINE('',#4335,#4336);
#4335 = CARTESIAN_POINT('',(-11.,30.64765004464,0.));
#4336 = VECTOR('',#4337,1.);
#4337 = DIRECTION('',(0.,0.,1.));
#4338 = ORIENTED_EDGE('',*,*,#4339,.F.);
#4339 = EDGE_CURVE('',#4284,#4332,#4340,.T.);
#4340 = CIRCLE('',#4341,2.);
#4341 = AXIS2_PLACEMENT_3D('',#4342,#4343,#4344);
#4342 = CARTESIAN_POINT('',(-9.,30.64765004464,3.));
#4343 = DIRECTION('',(-0.,0.,1.));
#4344 = DIRECTION('',(0.,-1.,0.));
#4345 = ORIENTED_EDGE('',*,*,#4291,.F.);
#4346 = CYLINDRICAL_SURFACE('',#4347,2.);
#4347 = AXIS2_PLACEMENT_3D('',#4348,#4349,#4350);
#4348 = CARTESIAN_POINT('',(-9.,30.64765004464,0.));
#4349 = DIRECTION('',(0.,0.,1.));
#4350 = DIRECTION('',(-0.939793423488,0.341743063087,0.));
#4351 = ADVANCED_FACE('',(#4352),#4370,.F.);
#4352 = FACE_BOUND('',#4353,.F.);
#4353 = EDGE_LOOP('',(#4354,#4355,#4363,#4369));
#4354 = ORIENTED_EDGE('',*,*,#369,.F.);
#4355 = ORIENTED_EDGE('',*,*,#4356,.T.);
#4356 = EDGE_CURVE('',#370,#4357,#4359,.T.);
#4357 = VERTEX_POINT('',#4358);
#4358 = CARTESIAN_POINT('',(-46.70126182274,-27.9036863988,3.));
#4359 = LINE('',#4360,#4361);
#4360 = CARTESIAN_POINT('',(-46.70126182274,-27.9036863988,0.));
#4361 = VECTOR('',#4362,1.);
#4362 = DIRECTION('',(0.,0.,1.));
#4363 = ORIENTED_EDGE('',*,*,#4364,.T.);
#4364 = EDGE_CURVE('',#4357,#4307,#4365,.T.);
#4365 = LINE('',#4366,#4367);
#4366 = CARTESIAN_POINT('',(-45.85032267984,-27.25846880694,3.));
#4367 = VECTOR('',#4368,1.);
#4368 = DIRECTION('',(-0.796836637907,-0.604194813358,0.));
#4369 = ORIENTED_EDGE('',*,*,#4306,.F.);
#4370 = PLANE('',#4371);
#4371 = AXIS2_PLACEMENT_3D('',#4372,#4373,#4374);
#4372 = CARTESIAN_POINT('',(-45.85032267984,-27.25846880694,0.));
#4373 = DIRECTION('',(0.604194813358,-0.796836637907,0.));
#4374 = DIRECTION('',(-0.796836637907,-0.604194813358,0.));
#4375 = ADVANCED_FACE('',(#4376),#4394,.F.);
#4376 = FACE_BOUND('',#4377,.F.);
#4377 = EDGE_LOOP('',(#4378,#4379,#4380,#4388));
#4378 = ORIENTED_EDGE('',*,*,#611,.F.);
#4379 = ORIENTED_EDGE('',*,*,#4331,.T.);
#4380 = ORIENTED_EDGE('',*,*,#4381,.T.);
#4381 = EDGE_CURVE('',#4332,#4382,#4384,.T.);
#4382 = VERTEX_POINT('',#4383);
#4383 = CARTESIAN_POINT('',(-11.,20.610604498038,3.));
#4384 = LINE('',#4385,#4386);
#4385 = CARTESIAN_POINT('',(-11.,31.,3.));
#4386 = VECTOR('',#4387,1.);
#4387 = DIRECTION('',(0.,-1.,0.));
#4388 = ORIENTED_EDGE('',*,*,#4389,.F.);
#4389 = EDGE_CURVE('',#603,#4382,#4390,.T.);
#4390 = LINE('',#4391,#4392);
#4391 = CARTESIAN_POINT('',(-11.,20.610604498038,0.));
#4392 = VECTOR('',#4393,1.);
#4393 = DIRECTION('',(0.,0.,1.));
#4394 = PLANE('',#4395);
#4395 = AXIS2_PLACEMENT_3D('',#4396,#4397,#4398);
#4396 = CARTESIAN_POINT('',(-11.,31.,0.));
#4397 = DIRECTION('',(1.,0.,0.));
#4398 = DIRECTION('',(0.,-1.,0.));
#4399 = ADVANCED_FACE('',(#4400),#4419,.T.);
#4400 = FACE_BOUND('',#4401,.F.);
#4401 = EDGE_LOOP('',(#4402,#4403,#4411,#4418));
#4402 = ORIENTED_EDGE('',*,*,#377,.T.);
#4403 = ORIENTED_EDGE('',*,*,#4404,.T.);
#4404 = EDGE_CURVE('',#378,#4405,#4407,.T.);
#4405 = VERTEX_POINT('',#4406);
#4406 = CARTESIAN_POINT('',(-44.45715553513,-27.32539370961,3.));
#4407 = LINE('',#4408,#4409);
#4408 = CARTESIAN_POINT('',(-44.45715553513,-27.32539370961,0.));
#4409 = VECTOR('',#4410,1.);
#4410 = DIRECTION('',(0.,0.,1.));
#4411 = ORIENTED_EDGE('',*,*,#4412,.F.);
#4412 = EDGE_CURVE('',#4357,#4405,#4413,.T.);
#4413 = CIRCLE('',#4414,3.);
#4414 = AXIS2_PLACEMENT_3D('',#4415,#4416,#4417);
#4415 = CARTESIAN_POINT('',(-44.88867738266,-30.29419631253,3.));
#4416 = DIRECTION('',(-0.,-0.,-1.));
#4417 = DIRECTION('',(0.,-1.,0.));
#4418 = ORIENTED_EDGE('',*,*,#4356,.F.);
#4419 = CYLINDRICAL_SURFACE('',#4420,3.);
#4420 = AXIS2_PLACEMENT_3D('',#4421,#4422,#4423);
#4421 = CARTESIAN_POINT('',(-44.88867738266,-30.29419631253,0.));
#4422 = DIRECTION('',(0.,0.,1.));
#4423 = DIRECTION('',(-0.604194813358,0.796836637907,0.));
#4424 = ADVANCED_FACE('',(#4425),#4444,.F.);
#4425 = FACE_BOUND('',#4426,.T.);
#4426 = EDGE_LOOP('',(#4427,#4428,#4436,#4443));
#4427 = ORIENTED_EDGE('',*,*,#602,.T.);
#4428 = ORIENTED_EDGE('',*,*,#4429,.T.);
#4429 = EDGE_CURVE('',#595,#4430,#4432,.T.);
#4430 = VERTEX_POINT('',#4431);
#4431 = CARTESIAN_POINT('',(-18.13935788078,16.965911098433,3.));
#4432 = LINE('',#4433,#4434);
#4433 = CARTESIAN_POINT('',(-18.13935788078,16.965911098433,0.));
#4434 = VECTOR('',#4435,1.);
#4435 = DIRECTION('',(0.,0.,1.));
#4436 = ORIENTED_EDGE('',*,*,#4437,.F.);
#4437 = EDGE_CURVE('',#4382,#4430,#4438,.T.);
#4438 = CIRCLE('',#4439,4.5);
#4439 = AXIS2_PLACEMENT_3D('',#4440,#4441,#4442);
#4440 = CARTESIAN_POINT('',(-15.5,20.610604498038,3.));
#4441 = DIRECTION('',(-0.,-0.,-1.));
#4442 = DIRECTION('',(0.,-1.,0.));
#4443 = ORIENTED_EDGE('',*,*,#4389,.F.);
#4444 = CYLINDRICAL_SURFACE('',#4445,4.5);
#4445 = AXIS2_PLACEMENT_3D('',#4446,#4447,#4448);
#4446 = CARTESIAN_POINT('',(-15.5,20.610604498038,0.));
#4447 = DIRECTION('',(0.,0.,1.));
#4448 = DIRECTION('',(1.,0.,0.));
#4449 = ADVANCED_FACE('',(#4450),#4469,.T.);
#4450 = FACE_BOUND('',#4451,.F.);
#4451 = EDGE_LOOP('',(#4452,#4453,#4461,#4468));
#4452 = ORIENTED_EDGE('',*,*,#386,.F.);
#4453 = ORIENTED_EDGE('',*,*,#4454,.T.);
#4454 = EDGE_CURVE('',#387,#4455,#4457,.T.);
#4455 = VERTEX_POINT('',#4456);
#4456 = CARTESIAN_POINT('',(-42.62695843656,-27.84356460447,3.));
#4457 = LINE('',#4458,#4459);
#4458 = CARTESIAN_POINT('',(-42.62695843656,-27.84356460447,0.));
#4459 = VECTOR('',#4460,1.);
#4460 = DIRECTION('',(0.,0.,1.));
#4461 = ORIENTED_EDGE('',*,*,#4462,.T.);
#4462 = EDGE_CURVE('',#4455,#4405,#4463,.T.);
#4463 = CIRCLE('',#4464,7.25);
#4464 = AXIS2_PLACEMENT_3D('',#4465,#4466,#4467);
#4465 = CARTESIAN_POINT('',(-45.5,-34.5,3.));
#4466 = DIRECTION('',(0.,0.,1.));
#4467 = DIRECTION('',(1.,0.,0.));
#4468 = ORIENTED_EDGE('',*,*,#4404,.F.);
#4469 = CYLINDRICAL_SURFACE('',#4470,7.25);
#4470 = AXIS2_PLACEMENT_3D('',#4471,#4472,#4473);
#4471 = CARTESIAN_POINT('',(-45.5,-34.5,0.));
#4472 = DIRECTION('',(-0.,-0.,-1.));
#4473 = DIRECTION('',(1.,0.,0.));
#4474 = ADVANCED_FACE('',(#4475),#4493,.T.);
#4475 = FACE_BOUND('',#4476,.T.);
#4476 = EDGE_LOOP('',(#4477,#4478,#4486,#4492));
#4477 = ORIENTED_EDGE('',*,*,#594,.F.);
#4478 = ORIENTED_EDGE('',*,*,#4479,.T.);
#4479 = EDGE_CURVE('',#586,#4480,#4482,.T.);
#4480 = VERTEX_POINT('',#4481);
#4481 = CARTESIAN_POINT('',(-37.10185443746,30.697879535529,3.));
#4482 = LINE('',#4483,#4484);
#4483 = CARTESIAN_POINT('',(-37.10185443746,30.697879535529,0.));
#4484 = VECTOR('',#4485,1.);
#4485 = DIRECTION('',(0.,0.,1.));
#4486 = ORIENTED_EDGE('',*,*,#4487,.T.);
#4487 = EDGE_CURVE('',#4480,#4430,#4488,.T.);
#4488 = LINE('',#4489,#4490);
#4489 = CARTESIAN_POINT('',(-38.73871088531,31.883233004715,3.));
#4490 = VECTOR('',#4491,1.);
#4491 = DIRECTION('',(0.809931866579,-0.586523973508,0.));
#4492 = ORIENTED_EDGE('',*,*,#4429,.F.);
#4493 = PLANE('',#4494);
#4494 = AXIS2_PLACEMENT_3D('',#4495,#4496,#4497);
#4495 = CARTESIAN_POINT('',(-38.73871088531,31.883233004715,0.));
#4496 = DIRECTION('',(0.586523973508,0.809931866579,0.));
#4497 = DIRECTION('',(0.809931866579,-0.586523973508,0.));
#4498 = ADVANCED_FACE('',(#4499),#4518,.F.);
#4499 = FACE_BOUND('',#4500,.F.);
#4500 = EDGE_LOOP('',(#4501,#4502,#4510,#4517));
#4501 = ORIENTED_EDGE('',*,*,#395,.T.);
#4502 = ORIENTED_EDGE('',*,*,#4503,.T.);
#4503 = EDGE_CURVE('',#396,#4504,#4506,.T.);
#4504 = VERTEX_POINT('',#4505);
#4505 = CARTESIAN_POINT('',(-39.57222159753,-27.43831501197,3.));
#4506 = LINE('',#4507,#4508);
#4507 = CARTESIAN_POINT('',(-39.57222159753,-27.43831501197,0.));
#4508 = VECTOR('',#4509,1.);
#4509 = DIRECTION('',(0.,0.,1.));
#4510 = ORIENTED_EDGE('',*,*,#4511,.F.);
#4511 = EDGE_CURVE('',#4455,#4504,#4512,.T.);
#4512 = CIRCLE('',#4513,3.);
#4513 = AXIS2_PLACEMENT_3D('',#4514,#4515,#4516);
#4514 = CARTESIAN_POINT('',(-41.43811365169,-25.08917754426,3.));
#4515 = DIRECTION('',(-0.,0.,1.));
#4516 = DIRECTION('',(0.,-1.,0.));
#4517 = ORIENTED_EDGE('',*,*,#4454,.F.);
#4518 = CYLINDRICAL_SURFACE('',#4519,3.);
#4519 = AXIS2_PLACEMENT_3D('',#4520,#4521,#4522);
#4520 = CARTESIAN_POINT('',(-41.43811365169,-25.08917754426,0.));
#4521 = DIRECTION('',(0.,0.,1.));
#4522 = DIRECTION('',(-0.396281594957,-0.918129020072,0.));
#4523 = ADVANCED_FACE('',(#4524),#4543,.F.);
#4524 = FACE_BOUND('',#4525,.T.);
#4525 = EDGE_LOOP('',(#4526,#4527,#4535,#4542));
#4526 = ORIENTED_EDGE('',*,*,#585,.T.);
#4527 = ORIENTED_EDGE('',*,*,#4528,.T.);
#4528 = EDGE_CURVE('',#577,#4529,#4531,.T.);
#4529 = VERTEX_POINT('',#4530);
#4530 = CARTESIAN_POINT('',(-38.31527299978,33.529331193237,3.));
#4531 = LINE('',#4532,#4533);
#4532 = CARTESIAN_POINT('',(-38.31527299978,33.529331193237,0.));
#4533 = VECTOR('',#4534,1.);
#4534 = DIRECTION('',(0.,0.,1.));
#4535 = ORIENTED_EDGE('',*,*,#4536,.F.);
#4536 = EDGE_CURVE('',#4480,#4529,#4537,.T.);
#4537 = CIRCLE('',#4538,3.);
#4538 = AXIS2_PLACEMENT_3D('',#4539,#4540,#4541);
#4539 = CARTESIAN_POINT('',(-35.34228251694,33.127675135266,3.));
#4540 = DIRECTION('',(-0.,-0.,-1.));
#4541 = DIRECTION('',(0.,-1.,0.));
#4542 = ORIENTED_EDGE('',*,*,#4479,.F.);
#4543 = CYLINDRICAL_SURFACE('',#4544,3.);
#4544 = AXIS2_PLACEMENT_3D('',#4545,#4546,#4547);
#4545 = CARTESIAN_POINT('',(-35.34228251694,33.127675135266,0.));
#4546 = DIRECTION('',(0.,0.,1.));
#4547 = DIRECTION('',(-0.586523973508,-0.809931866579,0.));
#4548 = ADVANCED_FACE('',(#4549),#4567,.F.);
#4549 = FACE_BOUND('',#4550,.F.);
#4550 = EDGE_LOOP('',(#4551,#4552,#4560,#4566));
#4551 = ORIENTED_EDGE('',*,*,#404,.F.);
#4552 = ORIENTED_EDGE('',*,*,#4553,.T.);
#4553 = EDGE_CURVE('',#405,#4554,#4556,.T.);
#4554 = VERTEX_POINT('',#4555);
#4555 = CARTESIAN_POINT('',(-19.73238483901,-11.67976776973,3.));
#4556 = LINE('',#4557,#4558);
#4557 = CARTESIAN_POINT('',(-19.73238483901,-11.67976776973,0.));
#4558 = VECTOR('',#4559,1.);
#4559 = DIRECTION('',(0.,0.,1.));
#4560 = ORIENTED_EDGE('',*,*,#4561,.T.);
#4561 = EDGE_CURVE('',#4554,#4504,#4562,.T.);
#4562 = LINE('',#4563,#4564);
#4563 = CARTESIAN_POINT('',(-18.03122292025,-10.32855501583,3.));
#4564 = VECTOR('',#4565,1.);
#4565 = DIRECTION('',(-0.783045822572,-0.621964018053,0.));
#4566 = ORIENTED_EDGE('',*,*,#4503,.F.);
#4567 = PLANE('',#4568);
#4568 = AXIS2_PLACEMENT_3D('',#4569,#4570,#4571);
#4569 = CARTESIAN_POINT('',(-18.03122292025,-10.32855501583,0.));
#4570 = DIRECTION('',(0.621964018053,-0.783045822572,0.));
#4571 = DIRECTION('',(-0.783045822572,-0.621964018053,0.));
#4572 = ADVANCED_FACE('',(#4573),#4592,.T.);
#4573 = FACE_BOUND('',#4574,.F.);
#4574 = EDGE_LOOP('',(#4575,#4576,#4577,#4586));
#4575 = ORIENTED_EDGE('',*,*,#576,.F.);
#4576 = ORIENTED_EDGE('',*,*,#4528,.T.);
#4577 = ORIENTED_EDGE('',*,*,#4578,.T.);
#4578 = EDGE_CURVE('',#4529,#4579,#4581,.T.);
#4579 = VERTEX_POINT('',#4580);
#4580 = CARTESIAN_POINT('',(-38.31980573517,35.503648503925,3.));
#4581 = CIRCLE('',#4582,7.25);
#4582 = AXIS2_PLACEMENT_3D('',#4583,#4584,#4585);
#4583 = CARTESIAN_POINT('',(-45.5,34.5,3.));
#4584 = DIRECTION('',(0.,0.,1.));
#4585 = DIRECTION('',(1.,0.,0.));
#4586 = ORIENTED_EDGE('',*,*,#4587,.F.);
#4587 = EDGE_CURVE('',#568,#4579,#4588,.T.);
#4588 = LINE('',#4589,#4590);
#4589 = CARTESIAN_POINT('',(-38.31980573517,35.503648503925,0.));
#4590 = VECTOR('',#4591,1.);
#4591 = DIRECTION('',(0.,0.,1.));
#4592 = CYLINDRICAL_SURFACE('',#4593,7.25);
#4593 = AXIS2_PLACEMENT_3D('',#4594,#4595,#4596);
#4594 = CARTESIAN_POINT('',(-45.5,34.5,0.));
#4595 = DIRECTION('',(-0.,-0.,-1.));
#4596 = DIRECTION('',(1.,0.,0.));
#4597 = ADVANCED_FACE('',(#4598),#4617,.F.);
#4598 = FACE_BOUND('',#4599,.T.);
#4599 = EDGE_LOOP('',(#4600,#4601,#4602,#4611));
#4600 = ORIENTED_EDGE('',*,*,#412,.T.);
#4601 = ORIENTED_EDGE('',*,*,#4553,.T.);
#4602 = ORIENTED_EDGE('',*,*,#4603,.F.);
#4603 = EDGE_CURVE('',#4604,#4554,#4606,.T.);
#4604 = VERTEX_POINT('',#4605);
#4605 = CARTESIAN_POINT('',(-18.03122292025,-8.156061568164,3.));
#4606 = CIRCLE('',#4607,4.5);
#4607 = AXIS2_PLACEMENT_3D('',#4608,#4609,#4610);
#4608 = CARTESIAN_POINT('',(-22.53122292025,-8.156061568164,3.));
#4609 = DIRECTION('',(-0.,-0.,-1.));
#4610 = DIRECTION('',(0.,-1.,0.));
#4611 = ORIENTED_EDGE('',*,*,#4612,.F.);
#4612 = EDGE_CURVE('',#413,#4604,#4613,.T.);
#4613 = LINE('',#4614,#4615);
#4614 = CARTESIAN_POINT('',(-18.03122292025,-8.156061568164,0.));
#4615 = VECTOR('',#4616,1.);
#4616 = DIRECTION('',(0.,0.,1.));
#4617 = CYLINDRICAL_SURFACE('',#4618,4.5);
#4618 = AXIS2_PLACEMENT_3D('',#4619,#4620,#4621);
#4619 = CARTESIAN_POINT('',(-22.53122292025,-8.156061568164,0.));
#4620 = DIRECTION('',(0.,0.,1.));
#4621 = DIRECTION('',(1.,0.,0.));
#4622 = ADVANCED_FACE('',(#4623),#4642,.T.);
#4623 = FACE_BOUND('',#4624,.T.);
#4624 = EDGE_LOOP('',(#4625,#4626,#4634,#4641));
#4625 = ORIENTED_EDGE('',*,*,#567,.T.);
#4626 = ORIENTED_EDGE('',*,*,#4627,.T.);
#4627 = EDGE_CURVE('',#560,#4628,#4630,.T.);
#4628 = VERTEX_POINT('',#4629);
#4629 = CARTESIAN_POINT('',(-39.4783361633,37.478855588436,3.));
#4630 = LINE('',#4631,#4632);
#4631 = CARTESIAN_POINT('',(-39.4783361633,37.478855588436,0.));
#4632 = VECTOR('',#4633,1.);
#4633 = DIRECTION('',(0.,0.,1.));
#4634 = ORIENTED_EDGE('',*,*,#4635,.F.);
#4635 = EDGE_CURVE('',#4579,#4628,#4636,.T.);
#4636 = CIRCLE('',#4637,3.);
#4637 = AXIS2_PLACEMENT_3D('',#4638,#4639,#4640);
#4638 = CARTESIAN_POINT('',(-41.29092060338,35.088345674714,3.));
#4639 = DIRECTION('',(-0.,0.,1.));
#4640 = DIRECTION('',(0.,-1.,0.));
#4641 = ORIENTED_EDGE('',*,*,#4587,.F.);
#4642 = CYLINDRICAL_SURFACE('',#4643,3.);
#4643 = AXIS2_PLACEMENT_3D('',#4644,#4645,#4646);
#4644 = CARTESIAN_POINT('',(-41.29092060338,35.088345674714,0.));
#4645 = DIRECTION('',(0.,0.,1.));
#4646 = DIRECTION('',(0.990371622734,0.138434276403,0.));
#4647 = ADVANCED_FACE('',(#4648),#4666,.T.);
#4648 = FACE_BOUND('',#4649,.T.);
#4649 = EDGE_LOOP('',(#4650,#4651,#4652,#4660));
#4650 = ORIENTED_EDGE('',*,*,#421,.F.);
#4651 = ORIENTED_EDGE('',*,*,#4612,.T.);
#4652 = ORIENTED_EDGE('',*,*,#4653,.T.);
#4653 = EDGE_CURVE('',#4604,#4654,#4656,.T.);
#4654 = VERTEX_POINT('',#4655);
#4655 = CARTESIAN_POINT('',(-18.03122292025,-3.919183588453,3.));
#4656 = LINE('',#4657,#4658);
#4657 = CARTESIAN_POINT('',(-18.03122292025,-10.32855501583,3.));
#4658 = VECTOR('',#4659,1.);
#4659 = DIRECTION('',(0.,1.,0.));
#4660 = ORIENTED_EDGE('',*,*,#4661,.F.);
#4661 = EDGE_CURVE('',#422,#4654,#4662,.T.);
#4662 = LINE('',#4663,#4664);
#4663 = CARTESIAN_POINT('',(-18.03122292025,-3.919183588453,0.));
#4664 = VECTOR('',#4665,1.);
#4665 = DIRECTION('',(0.,0.,1.));
#4666 = PLANE('',#4667);
#4667 = AXIS2_PLACEMENT_3D('',#4668,#4669,#4670);
#4668 = CARTESIAN_POINT('',(-18.03122292025,-10.32855501583,0.));
#4669 = DIRECTION('',(-1.,0.,0.));
#4670 = DIRECTION('',(0.,1.,0.));
#4671 = ADVANCED_FACE('',(#4672),#4690,.F.);
#4672 = FACE_BOUND('',#4673,.F.);
#4673 = EDGE_LOOP('',(#4674,#4675,#4676,#4684));
#4674 = ORIENTED_EDGE('',*,*,#559,.F.);
#4675 = ORIENTED_EDGE('',*,*,#4627,.T.);
#4676 = ORIENTED_EDGE('',*,*,#4677,.T.);
#4677 = EDGE_CURVE('',#4628,#4678,#4680,.T.);
#4678 = VERTEX_POINT('',#4679);
#4679 = CARTESIAN_POINT('',(-45.82912198852,42.294286598767,3.));
#4680 = LINE('',#4681,#4682);
#4681 = CARTESIAN_POINT('',(-38.63878631017,36.842273831662,3.));
#4682 = VECTOR('',#4683,1.);
#4683 = DIRECTION('',(-0.796836637907,0.604194813358,0.));
#4684 = ORIENTED_EDGE('',*,*,#4685,.F.);
#4685 = EDGE_CURVE('',#551,#4678,#4686,.T.);
#4686 = LINE('',#4687,#4688);
#4687 = CARTESIAN_POINT('',(-45.82912198852,42.294286598767,0.));
#4688 = VECTOR('',#4689,1.);
#4689 = DIRECTION('',(0.,0.,1.));
#4690 = PLANE('',#4691);
#4691 = AXIS2_PLACEMENT_3D('',#4692,#4693,#4694);
#4692 = CARTESIAN_POINT('',(-38.63878631017,36.842273831662,0.));
#4693 = DIRECTION('',(-0.604194813358,-0.796836637907,0.));
#4694 = DIRECTION('',(-0.796836637907,0.604194813358,0.));
#4695 = ADVANCED_FACE('',(#4696),#4715,.F.);
#4696 = FACE_BOUND('',#4697,.F.);
#4697 = EDGE_LOOP('',(#4698,#4699,#4707,#4714));
#4698 = ORIENTED_EDGE('',*,*,#429,.T.);
#4699 = ORIENTED_EDGE('',*,*,#4700,.T.);
#4700 = EDGE_CURVE('',#430,#4701,#4703,.T.);
#4701 = VERTEX_POINT('',#4702);
#4702 = CARTESIAN_POINT('',(-19.12213201116,-2.137736502793,3.));
#4703 = LINE('',#4704,#4705);
#4704 = CARTESIAN_POINT('',(-19.12213201116,-2.137736502793,0.));
#4705 = VECTOR('',#4706,1.);
#4706 = DIRECTION('',(0.,0.,1.));
#4707 = ORIENTED_EDGE('',*,*,#4708,.F.);
#4708 = EDGE_CURVE('',#4654,#4701,#4709,.T.);
#4709 = CIRCLE('',#4710,2.);
#4710 = AXIS2_PLACEMENT_3D('',#4711,#4712,#4713);
#4711 = CARTESIAN_POINT('',(-20.03122292025,-3.919183588453,3.));
#4712 = DIRECTION('',(-0.,0.,1.));
#4713 = DIRECTION('',(0.,-1.,0.));
#4714 = ORIENTED_EDGE('',*,*,#4661,.F.);
#4715 = CYLINDRICAL_SURFACE('',#4716,2.);
#4716 = AXIS2_PLACEMENT_3D('',#4717,#4718,#4719);
#4717 = CARTESIAN_POINT('',(-20.03122292025,-3.919183588453,0.));
#4718 = DIRECTION('',(0.,0.,1.));
#4719 = DIRECTION('',(1.,0.,0.));
#4720 = ADVANCED_FACE('',(#4721),#4740,.T.);
#4721 = FACE_BOUND('',#4722,.T.);
#4722 = EDGE_LOOP('',(#4723,#4724,#4732,#4739));
#4723 = ORIENTED_EDGE('',*,*,#550,.T.);
#4724 = ORIENTED_EDGE('',*,*,#4725,.T.);
#4725 = EDGE_CURVE('',#543,#4726,#4728,.T.);
#4726 = VERTEX_POINT('',#4727);
#4727 = CARTESIAN_POINT('',(-48.56024178759,42.759699091953,3.));
#4728 = LINE('',#4729,#4730);
#4729 = CARTESIAN_POINT('',(-48.56024178759,42.759699091953,0.));
#4730 = VECTOR('',#4731,1.);
#4731 = DIRECTION('',(0.,0.,1.));
#4732 = ORIENTED_EDGE('',*,*,#4733,.F.);
#4733 = EDGE_CURVE('',#4678,#4726,#4734,.T.);
#4734 = CIRCLE('',#4735,3.);
#4735 = AXIS2_PLACEMENT_3D('',#4736,#4737,#4738);
#4736 = CARTESIAN_POINT('',(-47.6417064286,39.903776685045,3.));
#4737 = DIRECTION('',(-0.,0.,1.));
#4738 = DIRECTION('',(0.,-1.,0.));
#4739 = ORIENTED_EDGE('',*,*,#4685,.F.);
#4740 = CYLINDRICAL_SURFACE('',#4741,3.);
#4741 = AXIS2_PLACEMENT_3D('',#4742,#4743,#4744);
#4742 = CARTESIAN_POINT('',(-47.6417064286,39.903776685045,0.));
#4743 = DIRECTION('',(0.,0.,1.));
#4744 = DIRECTION('',(0.604194813358,0.796836637907,0.));
#4745 = ADVANCED_FACE('',(#4746),#4765,.T.);
#4746 = FACE_BOUND('',#4747,.F.);
#4747 = EDGE_LOOP('',(#4748,#4749,#4757,#4764));
#4748 = ORIENTED_EDGE('',*,*,#438,.F.);
#4749 = ORIENTED_EDGE('',*,*,#4750,.T.);
#4750 = EDGE_CURVE('',#439,#4751,#4753,.T.);
#4751 = VERTEX_POINT('',#4752);
#4752 = CARTESIAN_POINT('',(-19.12213201116,2.137736502793,3.));
#4753 = LINE('',#4754,#4755);
#4754 = CARTESIAN_POINT('',(-19.12213201116,2.137736502793,0.));
#4755 = VECTOR('',#4756,1.);
#4756 = DIRECTION('',(0.,0.,1.));
#4757 = ORIENTED_EDGE('',*,*,#4758,.T.);
#4758 = EDGE_CURVE('',#4751,#4701,#4759,.T.);
#4759 = CIRCLE('',#4760,2.4);
#4760 = AXIS2_PLACEMENT_3D('',#4761,#4762,#4763);
#4761 = CARTESIAN_POINT('',(-18.03122292025,0.,3.));
#4762 = DIRECTION('',(0.,0.,1.));
#4763 = DIRECTION('',(1.,0.,0.));
#4764 = ORIENTED_EDGE('',*,*,#4700,.F.);
#4765 = CYLINDRICAL_SURFACE('',#4766,2.4);
#4766 = AXIS2_PLACEMENT_3D('',#4767,#4768,#4769);
#4767 = CARTESIAN_POINT('',(-18.03122292025,0.,0.));
#4768 = DIRECTION('',(-0.,-0.,-1.));
#4769 = DIRECTION('',(1.,0.,0.));
#4770 = ADVANCED_FACE('',(#4771),#4789,.F.);
#4771 = FACE_BOUND('',#4772,.F.);
#4772 = EDGE_LOOP('',(#4773,#4774,#4775,#4783));
#4773 = ORIENTED_EDGE('',*,*,#542,.F.);
#4774 = ORIENTED_EDGE('',*,*,#4725,.T.);
#4775 = ORIENTED_EDGE('',*,*,#4776,.T.);
#4776 = EDGE_CURVE('',#4726,#4777,#4779,.T.);
#4777 = VERTEX_POINT('',#4778);
#4778 = CARTESIAN_POINT('',(-52.06053128891,41.6339193208,3.));
#4779 = LINE('',#4780,#4781);
#4780 = CARTESIAN_POINT('',(-47.07354268362,43.237858334612,3.));
#4781 = VECTOR('',#4782,1.);
#4782 = DIRECTION('',(-0.951974135636,-0.306178452998,0.));
#4783 = ORIENTED_EDGE('',*,*,#4784,.F.);
#4784 = EDGE_CURVE('',#534,#4777,#4785,.T.);
#4785 = LINE('',#4786,#4787);
#4786 = CARTESIAN_POINT('',(-52.06053128891,41.6339193208,0.));
#4787 = VECTOR('',#4788,1.);
#4788 = DIRECTION('',(0.,0.,1.));
#4789 = PLANE('',#4790);
#4790 = AXIS2_PLACEMENT_3D('',#4791,#4792,#4793);
#4791 = CARTESIAN_POINT('',(-47.07354268362,43.237858334612,0.));
#4792 = DIRECTION('',(0.306178452998,-0.951974135636,0.));
#4793 = DIRECTION('',(-0.951974135636,-0.306178452998,0.));
#4794 = ADVANCED_FACE('',(#4795),#4814,.F.);
#4795 = FACE_BOUND('',#4796,.F.);
#4796 = EDGE_LOOP('',(#4797,#4798,#4806,#4813));
#4797 = ORIENTED_EDGE('',*,*,#447,.T.);
#4798 = ORIENTED_EDGE('',*,*,#4799,.T.);
#4799 = EDGE_CURVE('',#448,#4800,#4802,.T.);
#4800 = VERTEX_POINT('',#4801);
#4801 = CARTESIAN_POINT('',(-18.03122292025,3.919183588453,3.));
#4802 = LINE('',#4803,#4804);
#4803 = CARTESIAN_POINT('',(-18.03122292025,3.919183588453,0.));
#4804 = VECTOR('',#4805,1.);
#4805 = DIRECTION('',(0.,0.,1.));
#4806 = ORIENTED_EDGE('',*,*,#4807,.F.);
#4807 = EDGE_CURVE('',#4751,#4800,#4808,.T.);
#4808 = CIRCLE('',#4809,2.);
#4809 = AXIS2_PLACEMENT_3D('',#4810,#4811,#4812);
#4810 = CARTESIAN_POINT('',(-20.03122292025,3.919183588453,3.));
#4811 = DIRECTION('',(-0.,0.,1.));
#4812 = DIRECTION('',(0.,-1.,0.));
#4813 = ORIENTED_EDGE('',*,*,#4750,.F.);
#4814 = CYLINDRICAL_SURFACE('',#4815,2.);
#4815 = AXIS2_PLACEMENT_3D('',#4816,#4817,#4818);
#4816 = CARTESIAN_POINT('',(-20.03122292025,3.919183588453,0.));
#4817 = DIRECTION('',(0.,0.,1.));
#4818 = DIRECTION('',(0.454545454545,-0.89072354283,0.));
#4819 = ADVANCED_FACE('',(#4820),#4839,.T.);
#4820 = FACE_BOUND('',#4821,.T.);
#4821 = EDGE_LOOP('',(#4822,#4823,#4831,#4838));
#4822 = ORIENTED_EDGE('',*,*,#533,.T.);
#4823 = ORIENTED_EDGE('',*,*,#4824,.T.);
#4824 = EDGE_CURVE('',#526,#4825,#4827,.T.);
#4825 = VERTEX_POINT('',#4826);
#4826 = CARTESIAN_POINT('',(-54.13984273635,38.891639006052,3.));
#4827 = LINE('',#4828,#4829);
#4828 = CARTESIAN_POINT('',(-54.13984273635,38.891639006052,0.));
#4829 = VECTOR('',#4830,1.);
#4830 = DIRECTION('',(0.,0.,1.));
#4831 = ORIENTED_EDGE('',*,*,#4832,.F.);
#4832 = EDGE_CURVE('',#4777,#4825,#4833,.T.);
#4833 = CIRCLE('',#4834,3.);
#4834 = AXIS2_PLACEMENT_3D('',#4835,#4836,#4837);
#4835 = CARTESIAN_POINT('',(-51.14199592991,38.777996913893,3.));
#4836 = DIRECTION('',(-0.,0.,1.));
#4837 = DIRECTION('',(0.,-1.,0.));
#4838 = ORIENTED_EDGE('',*,*,#4784,.F.);
#4839 = CYLINDRICAL_SURFACE('',#4840,3.);
#4840 = AXIS2_PLACEMENT_3D('',#4841,#4842,#4843);
#4841 = CARTESIAN_POINT('',(-51.14199592991,38.777996913893,0.));
#4842 = DIRECTION('',(0.,0.,1.));
#4843 = DIRECTION('',(-0.306178452998,0.951974135636,0.));
#4844 = ADVANCED_FACE('',(#4845),#4863,.T.);
#4845 = FACE_BOUND('',#4846,.T.);
#4846 = EDGE_LOOP('',(#4847,#4848,#4849,#4857));
#4847 = ORIENTED_EDGE('',*,*,#456,.F.);
#4848 = ORIENTED_EDGE('',*,*,#4799,.T.);
#4849 = ORIENTED_EDGE('',*,*,#4850,.T.);
#4850 = EDGE_CURVE('',#4800,#4851,#4853,.T.);
#4851 = VERTEX_POINT('',#4852);
#4852 = CARTESIAN_POINT('',(-18.03122292025,8.156061568164,3.));
#4853 = LINE('',#4854,#4855);
#4854 = CARTESIAN_POINT('',(-18.03122292025,2.4,3.));
#4855 = VECTOR('',#4856,1.);
#4856 = DIRECTION('',(0.,1.,0.));
#4857 = ORIENTED_EDGE('',*,*,#4858,.F.);
#4858 = EDGE_CURVE('',#457,#4851,#4859,.T.);
#4859 = LINE('',#4860,#4861);
#4860 = CARTESIAN_POINT('',(-18.03122292025,8.156061568164,0.));
#4861 = VECTOR('',#4862,1.);
#4862 = DIRECTION('',(0.,0.,1.));
#4863 = PLANE('',#4864);
#4864 = AXIS2_PLACEMENT_3D('',#4865,#4866,#4867);
#4865 = CARTESIAN_POINT('',(-18.03122292025,2.4,0.));
#4866 = DIRECTION('',(-1.,0.,0.));
#4867 = DIRECTION('',(0.,1.,0.));
#4868 = ADVANCED_FACE('',(#4869),#4887,.T.);
#4869 = FACE_BOUND('',#4870,.T.);
#4870 = EDGE_LOOP('',(#4871,#4872,#4880,#4886));
#4871 = ORIENTED_EDGE('',*,*,#525,.F.);
#4872 = ORIENTED_EDGE('',*,*,#4873,.T.);
#4873 = EDGE_CURVE('',#517,#4874,#4876,.T.);
#4874 = VERTEX_POINT('',#4875);
#4875 = CARTESIAN_POINT('',(-54.27912530969,35.217403432367,3.));
#4876 = LINE('',#4877,#4878);
#4877 = CARTESIAN_POINT('',(-54.27912530969,35.217403432367,0.));
#4878 = VECTOR('',#4879,1.);
#4879 = DIRECTION('',(0.,0.,1.));
#4880 = ORIENTED_EDGE('',*,*,#4881,.T.);
#4881 = EDGE_CURVE('',#4874,#4825,#4882,.T.);
#4882 = LINE('',#4883,#4884);
#4883 = CARTESIAN_POINT('',(-54.33828363843,33.656823162332,3.));
#4884 = VECTOR('',#4885,1.);
#4885 = DIRECTION('',(3.788069738642E-02,0.999282268814,0.));
#4886 = ORIENTED_EDGE('',*,*,#4824,.F.);
#4887 = PLANE('',#4888);
#4888 = AXIS2_PLACEMENT_3D('',#4889,#4890,#4891);
#4889 = CARTESIAN_POINT('',(-54.33828363843,33.656823162332,0.));
#4890 = DIRECTION('',(-0.999282268814,3.788069738642E-02,0.));
#4891 = DIRECTION('',(3.788069738642E-02,0.999282268814,0.));
#4892 = ADVANCED_FACE('',(#4893),#4912,.F.);
#4893 = FACE_BOUND('',#4894,.T.);
#4894 = EDGE_LOOP('',(#4895,#4896,#4897,#4906));
#4895 = ORIENTED_EDGE('',*,*,#464,.T.);
#4896 = ORIENTED_EDGE('',*,*,#4858,.T.);
#4897 = ORIENTED_EDGE('',*,*,#4898,.F.);
#4898 = EDGE_CURVE('',#4899,#4851,#4901,.T.);
#4899 = VERTEX_POINT('',#4900);
#4900 = CARTESIAN_POINT('',(-19.73238483901,11.679767769739,3.));
#4901 = CIRCLE('',#4902,4.5);
#4902 = AXIS2_PLACEMENT_3D('',#4903,#4904,#4905);
#4903 = CARTESIAN_POINT('',(-22.53122292025,8.156061568164,3.));
#4904 = DIRECTION('',(-0.,-0.,-1.));
#4905 = DIRECTION('',(0.,-1.,0.));
#4906 = ORIENTED_EDGE('',*,*,#4907,.F.);
#4907 = EDGE_CURVE('',#465,#4899,#4908,.T.);
#4908 = LINE('',#4909,#4910);
#4909 = CARTESIAN_POINT('',(-19.73238483901,11.679767769739,0.));
#4910 = VECTOR('',#4911,1.);
#4911 = DIRECTION('',(0.,0.,1.));
#4912 = CYLINDRICAL_SURFACE('',#4913,4.5);
#4913 = AXIS2_PLACEMENT_3D('',#4914,#4915,#4916);
#4914 = CARTESIAN_POINT('',(-22.53122292025,8.156061568164,0.));
#4915 = DIRECTION('',(0.,0.,1.));
#4916 = DIRECTION('',(0.621964018053,0.783045822572,0.));
#4917 = ADVANCED_FACE('',(#4918),#4937,.T.);
#4918 = FACE_BOUND('',#4919,.T.);
#4919 = EDGE_LOOP('',(#4920,#4921,#4929,#4936));
#4920 = ORIENTED_EDGE('',*,*,#516,.T.);
#4921 = ORIENTED_EDGE('',*,*,#4922,.T.);
#4922 = EDGE_CURVE('',#509,#4923,#4925,.T.);
#4923 = VERTEX_POINT('',#4924);
#4924 = CARTESIAN_POINT('',(-53.09386294333,32.713251426487,3.));
#4925 = LINE('',#4926,#4927);
#4926 = CARTESIAN_POINT('',(-53.09386294333,32.713251426487,0.));
#4927 = VECTOR('',#4928,1.);
#4928 = DIRECTION('',(0.,0.,1.));
#4929 = ORIENTED_EDGE('',*,*,#4930,.F.);
#4930 = EDGE_CURVE('',#4874,#4923,#4931,.T.);
#4931 = CIRCLE('',#4932,3.);
#4932 = AXIS2_PLACEMENT_3D('',#4933,#4934,#4935);
#4933 = CARTESIAN_POINT('',(-51.28127850325,35.103761340208,3.));
#4934 = DIRECTION('',(-0.,0.,1.));
#4935 = DIRECTION('',(0.,-1.,0.));
#4936 = ORIENTED_EDGE('',*,*,#4873,.F.);
#4937 = CYLINDRICAL_SURFACE('',#4938,3.);
#4938 = AXIS2_PLACEMENT_3D('',#4939,#4940,#4941);
#4939 = CARTESIAN_POINT('',(-51.28127850325,35.103761340208,0.));
#4940 = DIRECTION('',(0.,0.,1.));
#4941 = DIRECTION('',(-0.999282268814,3.788069738642E-02,0.));
#4942 = ADVANCED_FACE('',(#4943),#4961,.F.);
#4943 = FACE_BOUND('',#4944,.F.);
#4944 = EDGE_LOOP('',(#4945,#4946,#4954,#4960));
#4945 = ORIENTED_EDGE('',*,*,#473,.F.);
#4946 = ORIENTED_EDGE('',*,*,#4947,.T.);
#4947 = EDGE_CURVE('',#474,#4948,#4950,.T.);
#4948 = VERTEX_POINT('',#4949);
#4949 = CARTESIAN_POINT('',(-39.57222159753,27.438315011977,3.));
#4950 = LINE('',#4951,#4952);
#4951 = CARTESIAN_POINT('',(-39.57222159753,27.438315011977,0.));
#4952 = VECTOR('',#4953,1.);
#4953 = DIRECTION('',(0.,0.,1.));
#4954 = ORIENTED_EDGE('',*,*,#4955,.T.);
#4955 = EDGE_CURVE('',#4948,#4899,#4956,.T.);
#4956 = LINE('',#4957,#4958);
#4957 = CARTESIAN_POINT('',(-41.15549013874,28.695886453087,3.));
#4958 = VECTOR('',#4959,1.);
#4959 = DIRECTION('',(0.783045822572,-0.621964018053,0.));
#4960 = ORIENTED_EDGE('',*,*,#4907,.F.);
#4961 = PLANE('',#4962);
#4962 = AXIS2_PLACEMENT_3D('',#4963,#4964,#4965);
#4963 = CARTESIAN_POINT('',(-41.15549013874,28.695886453087,0.));
#4964 = DIRECTION('',(0.621964018053,0.783045822572,0.));
#4965 = DIRECTION('',(0.783045822572,-0.621964018053,0.));
#4966 = ADVANCED_FACE('',(#4967),#4985,.T.);
#4967 = FACE_BOUND('',#4968,.T.);
#4968 = EDGE_LOOP('',(#4969,#4970,#4978,#4984));
#4969 = ORIENTED_EDGE('',*,*,#508,.F.);
#4970 = ORIENTED_EDGE('',*,*,#4971,.T.);
#4971 = EDGE_CURVE('',#500,#4972,#4974,.T.);
#4972 = VERTEX_POINT('',#4973);
#4973 = CARTESIAN_POINT('',(-46.74307711811,27.897820416156,3.));
#4974 = LINE('',#4975,#4976);
#4975 = CARTESIAN_POINT('',(-46.74307711811,27.897820416156,0.));
#4976 = VECTOR('',#4977,1.);
#4977 = DIRECTION('',(0.,0.,1.));
#4978 = ORIENTED_EDGE('',*,*,#4979,.T.);
#4979 = EDGE_CURVE('',#4972,#4923,#4980,.T.);
#4980 = LINE('',#4981,#4982);
#4981 = CARTESIAN_POINT('',(-45.90352726497,27.261238659382,3.));
#4982 = VECTOR('',#4983,1.);
#4983 = DIRECTION('',(-0.796836637907,0.604194813358,0.));
#4984 = ORIENTED_EDGE('',*,*,#4922,.F.);
#4985 = PLANE('',#4986);
#4986 = AXIS2_PLACEMENT_3D('',#4987,#4988,#4989);
#4987 = CARTESIAN_POINT('',(-45.90352726497,27.261238659382,0.));
#4988 = DIRECTION('',(-0.604194813358,-0.796836637907,0.));
#4989 = DIRECTION('',(-0.796836637907,0.604194813358,0.));
#4990 = ADVANCED_FACE('',(#4991),#5010,.F.);
#4991 = FACE_BOUND('',#4992,.T.);
#4992 = EDGE_LOOP('',(#4993,#4994,#4995,#5004));
#4993 = ORIENTED_EDGE('',*,*,#481,.T.);
#4994 = ORIENTED_EDGE('',*,*,#4947,.T.);
#4995 = ORIENTED_EDGE('',*,*,#4996,.F.);
#4996 = EDGE_CURVE('',#4997,#4948,#4999,.T.);
#4997 = VERTEX_POINT('',#4998);
#4998 = CARTESIAN_POINT('',(-42.62695843656,27.843564604477,3.));
#4999 = CIRCLE('',#5000,3.);
#5000 = AXIS2_PLACEMENT_3D('',#5001,#5002,#5003);
#5001 = CARTESIAN_POINT('',(-41.43811365169,25.089177544261,3.));
#5002 = DIRECTION('',(-0.,-0.,-1.));
#5003 = DIRECTION('',(0.,-1.,0.));
#5004 = ORIENTED_EDGE('',*,*,#5005,.F.);
#5005 = EDGE_CURVE('',#482,#4997,#5006,.T.);
#5006 = LINE('',#5007,#5008);
#5007 = CARTESIAN_POINT('',(-42.62695843656,27.843564604477,0.));
#5008 = VECTOR('',#5009,1.);
#5009 = DIRECTION('',(0.,0.,1.));
#5010 = CYLINDRICAL_SURFACE('',#5011,3.);
#5011 = AXIS2_PLACEMENT_3D('',#5012,#5013,#5014);
#5012 = CARTESIAN_POINT('',(-41.43811365169,25.089177544261,0.));
#5013 = DIRECTION('',(0.,0.,1.));
#5014 = DIRECTION('',(-0.396281594957,0.918129020072,0.));
#5015 = ADVANCED_FACE('',(#5016),#5035,.T.);
#5016 = FACE_BOUND('',#5017,.T.);
#5017 = EDGE_LOOP('',(#5018,#5019,#5027,#5034));
#5018 = ORIENTED_EDGE('',*,*,#499,.T.);
#5019 = ORIENTED_EDGE('',*,*,#5020,.T.);
#5020 = EDGE_CURVE('',#491,#5021,#5023,.T.);
#5021 = VERTEX_POINT('',#5022);
#5022 = CARTESIAN_POINT('',(-44.52848750959,27.31538703332,3.));
#5023 = LINE('',#5024,#5025);
#5024 = CARTESIAN_POINT('',(-44.52848750959,27.31538703332,0.));
#5025 = VECTOR('',#5026,1.);
#5026 = DIRECTION('',(0.,0.,1.));
#5027 = ORIENTED_EDGE('',*,*,#5028,.F.);
#5028 = EDGE_CURVE('',#4972,#5021,#5029,.T.);
#5029 = CIRCLE('',#5030,3.);
#5030 = AXIS2_PLACEMENT_3D('',#5031,#5032,#5033);
#5031 = CARTESIAN_POINT('',(-44.93049267803,30.288330329877,3.));
#5032 = DIRECTION('',(-0.,0.,1.));
#5033 = DIRECTION('',(0.,-1.,0.));
#5034 = ORIENTED_EDGE('',*,*,#4971,.F.);
#5035 = CYLINDRICAL_SURFACE('',#5036,3.);
#5036 = AXIS2_PLACEMENT_3D('',#5037,#5038,#5039);
#5037 = CARTESIAN_POINT('',(-44.93049267803,30.288330329877,0.));
#5038 = DIRECTION('',(0.,0.,1.));
#5039 = DIRECTION('',(-0.604194813358,-0.796836637907,0.));
#5040 = ADVANCED_FACE('',(#5041),#5053,.T.);
#5041 = FACE_BOUND('',#5042,.F.);
#5042 = EDGE_LOOP('',(#5043,#5044,#5045,#5052));
#5043 = ORIENTED_EDGE('',*,*,#490,.F.);
#5044 = ORIENTED_EDGE('',*,*,#5020,.T.);
#5045 = ORIENTED_EDGE('',*,*,#5046,.T.);
#5046 = EDGE_CURVE('',#5021,#4997,#5047,.T.);
#5047 = CIRCLE('',#5048,7.25);
#5048 = AXIS2_PLACEMENT_3D('',#5049,#5050,#5051);
#5049 = CARTESIAN_POINT('',(-45.5,34.5,3.));
#5050 = DIRECTION('',(0.,0.,1.));
#5051 = DIRECTION('',(1.,0.,0.));
#5052 = ORIENTED_EDGE('',*,*,#5005,.F.);
#5053 = CYLINDRICAL_SURFACE('',#5054,7.25);
#5054 = AXIS2_PLACEMENT_3D('',#5055,#5056,#5057);
#5055 = CARTESIAN_POINT('',(-45.5,34.5,0.));
#5056 = DIRECTION('',(-0.,-0.,-1.));
#5057 = DIRECTION('',(1.,0.,0.));
#5058 = ADVANCED_FACE('',(#5059),#5084,.T.);
#5059 = FACE_BOUND('',#5060,.T.);
#5060 = EDGE_LOOP('',(#5061,#5062,#5070,#5078));
#5061 = ORIENTED_EDGE('',*,*,#886,.F.);
#5062 = ORIENTED_EDGE('',*,*,#5063,.T.);
#5063 = EDGE_CURVE('',#887,#5064,#5066,.T.);
#5064 = VERTEX_POINT('',#5065);
#5065 = CARTESIAN_POINT('',(48.323995946582,-37.60262860588,3.));
#5066 = LINE('',#5067,#5068);
#5067 = CARTESIAN_POINT('',(48.323995946582,-37.60262860588,0.));
#5068 = VECTOR('',#5069,1.);
#5069 = DIRECTION('',(0.,0.,1.));
#5070 = ORIENTED_EDGE('',*,*,#5071,.T.);
#5071 = EDGE_CURVE('',#5064,#5072,#5074,.T.);
#5072 = VERTEX_POINT('',#5073);
#5073 = CARTESIAN_POINT('',(48.74628070629,-39.45696561067,3.));
#5074 = LINE('',#5075,#5076);
#5075 = CARTESIAN_POINT('',(48.059375,-36.440625,3.));
#5076 = VECTOR('',#5077,1.);
#5077 = DIRECTION('',(0.222043338679,-0.975036797125,0.));
#5078 = ORIENTED_EDGE('',*,*,#5079,.F.);
#5079 = EDGE_CURVE('',#889,#5072,#5080,.T.);
#5080 = LINE('',#5081,#5082);
#5081 = CARTESIAN_POINT('',(48.74628070629,-39.45696561067,0.));
#5082 = VECTOR('',#5083,1.);
#5083 = DIRECTION('',(0.,0.,1.));
#5084 = PLANE('',#5085);
#5085 = AXIS2_PLACEMENT_3D('',#5086,#5087,#5088);
#5086 = CARTESIAN_POINT('',(48.059375,-36.440625,0.));
#5087 = DIRECTION('',(0.975036797125,0.222043338679,0.));
#5088 = DIRECTION('',(0.222043338679,-0.975036797125,0.));
#5089 = ADVANCED_FACE('',(#5090),#5109,.F.);
#5090 = FACE_BOUND('',#5091,.T.);
#5091 = EDGE_LOOP('',(#5092,#5093,#5101,#5108));
#5092 = ORIENTED_EDGE('',*,*,#947,.T.);
#5093 = ORIENTED_EDGE('',*,*,#5094,.T.);
#5094 = EDGE_CURVE('',#940,#5095,#5097,.T.);
#5095 = VERTEX_POINT('',#5096);
#5096 = CARTESIAN_POINT('',(49.249676105251,-36.3818040488,3.));
#5097 = LINE('',#5098,#5099);
#5098 = CARTESIAN_POINT('',(49.249676105251,-36.3818040488,0.));
#5099 = VECTOR('',#5100,1.);
#5100 = DIRECTION('',(0.,0.,1.));
#5101 = ORIENTED_EDGE('',*,*,#5102,.F.);
#5102 = EDGE_CURVE('',#5064,#5095,#5103,.T.);
#5103 = CIRCLE('',#5104,1.);
#5104 = AXIS2_PLACEMENT_3D('',#5105,#5106,#5107);
#5105 = CARTESIAN_POINT('',(49.299032743707,-37.3805852672,3.));
#5106 = DIRECTION('',(-0.,-0.,-1.));
#5107 = DIRECTION('',(0.,-1.,0.));
#5108 = ORIENTED_EDGE('',*,*,#5063,.F.);
#5109 = CYLINDRICAL_SURFACE('',#5110,1.);
#5110 = AXIS2_PLACEMENT_3D('',#5111,#5112,#5113);
#5111 = CARTESIAN_POINT('',(49.299032743707,-37.3805852672,0.));
#5112 = DIRECTION('',(0.,0.,1.));
#5113 = DIRECTION('',(-0.975036797125,-0.222043338679,0.));
#5114 = ADVANCED_FACE('',(#5115),#5134,.F.);
#5115 = FACE_BOUND('',#5116,.F.);
#5116 = EDGE_LOOP('',(#5117,#5118,#5126,#5133));
#5117 = ORIENTED_EDGE('',*,*,#896,.T.);
#5118 = ORIENTED_EDGE('',*,*,#5119,.T.);
#5119 = EDGE_CURVE('',#897,#5120,#5122,.T.);
#5120 = VERTEX_POINT('',#5121);
#5121 = CARTESIAN_POINT('',(50.027495956413,-40.18689640763,3.));
#5122 = LINE('',#5123,#5124);
#5123 = CARTESIAN_POINT('',(50.027495956413,-40.18689640763,0.));
#5124 = VECTOR('',#5125,1.);
#5125 = DIRECTION('',(0.,0.,1.));
#5126 = ORIENTED_EDGE('',*,*,#5127,.F.);
#5127 = EDGE_CURVE('',#5072,#5120,#5128,.T.);
#5128 = CIRCLE('',#5129,1.);
#5129 = AXIS2_PLACEMENT_3D('',#5130,#5131,#5132);
#5130 = CARTESIAN_POINT('',(49.721317503415,-39.234922272,3.));
#5131 = DIRECTION('',(-0.,0.,1.));
#5132 = DIRECTION('',(0.,-1.,0.));
#5133 = ORIENTED_EDGE('',*,*,#5079,.F.);
#5134 = CYLINDRICAL_SURFACE('',#5135,1.);
#5135 = AXIS2_PLACEMENT_3D('',#5136,#5137,#5138);
#5136 = CARTESIAN_POINT('',(49.721317503415,-39.234922272,0.));
#5137 = DIRECTION('',(0.,0.,1.));
#5138 = DIRECTION('',(-0.975036797125,-0.222043338679,0.));
#5139 = ADVANCED_FACE('',(#5140),#5158,.T.);
#5140 = FACE_BOUND('',#5141,.T.);
#5141 = EDGE_LOOP('',(#5142,#5143,#5151,#5157));
#5142 = ORIENTED_EDGE('',*,*,#939,.F.);
#5143 = ORIENTED_EDGE('',*,*,#5144,.T.);
#5144 = EDGE_CURVE('',#931,#5145,#5147,.T.);
#5145 = VERTEX_POINT('',#5146);
#5146 = CARTESIAN_POINT('',(51.149170543248,-36.28793698512,3.));
#5147 = LINE('',#5148,#5149);
#5148 = CARTESIAN_POINT('',(51.149170543248,-36.28793698512,0.));
#5149 = VECTOR('',#5150,1.);
#5150 = DIRECTION('',(0.,0.,1.));
#5151 = ORIENTED_EDGE('',*,*,#5152,.T.);
#5152 = EDGE_CURVE('',#5145,#5095,#5153,.T.);
#5153 = LINE('',#5154,#5155);
#5154 = CARTESIAN_POINT('',(52.239148977603,-36.23407366599,3.));
#5155 = VECTOR('',#5156,1.);
#5156 = DIRECTION('',(-0.998781218406,-4.935663845666E-02,0.));
#5157 = ORIENTED_EDGE('',*,*,#5094,.F.);
#5158 = PLANE('',#5159);
#5159 = AXIS2_PLACEMENT_3D('',#5160,#5161,#5162);
#5160 = CARTESIAN_POINT('',(52.239148977603,-36.23407366599,0.));
#5161 = DIRECTION('',(4.935663845666E-02,-0.998781218406,0.));
#5162 = DIRECTION('',(-0.998781218406,-4.935663845666E-02,0.));
#5163 = ADVANCED_FACE('',(#5164),#5182,.T.);
#5164 = FACE_BOUND('',#5165,.T.);
#5165 = EDGE_LOOP('',(#5166,#5167,#5168,#5176));
#5166 = ORIENTED_EDGE('',*,*,#905,.F.);
#5167 = ORIENTED_EDGE('',*,*,#5119,.T.);
#5168 = ORIENTED_EDGE('',*,*,#5169,.T.);
#5169 = EDGE_CURVE('',#5120,#5170,#5172,.T.);
#5170 = VERTEX_POINT('',#5171);
#5171 = CARTESIAN_POINT('',(51.448174382915,-39.72997104952,3.));
#5172 = LINE('',#5173,#5174);
#5173 = CARTESIAN_POINT('',(48.988598489396,-40.52103155623,3.));
#5174 = VECTOR('',#5175,1.);
#5175 = DIRECTION('',(0.951974135636,0.306178452998,0.));
#5176 = ORIENTED_EDGE('',*,*,#5177,.F.);
#5177 = EDGE_CURVE('',#906,#5170,#5178,.T.);
#5178 = LINE('',#5179,#5180);
#5179 = CARTESIAN_POINT('',(51.448174382915,-39.72997104952,0.));
#5180 = VECTOR('',#5181,1.);
#5181 = DIRECTION('',(0.,0.,1.));
#5182 = PLANE('',#5183);
#5183 = AXIS2_PLACEMENT_3D('',#5184,#5185,#5186);
#5184 = CARTESIAN_POINT('',(48.988598489396,-40.52103155623,0.));
#5185 = DIRECTION('',(-0.306178452998,0.951974135636,0.));
#5186 = DIRECTION('',(0.951974135636,0.306178452998,0.));
#5187 = ADVANCED_FACE('',(#5188),#5207,.F.);
#5188 = FACE_BOUND('',#5189,.T.);
#5189 = EDGE_LOOP('',(#5190,#5191,#5199,#5206));
#5190 = ORIENTED_EDGE('',*,*,#930,.T.);
#5191 = ORIENTED_EDGE('',*,*,#5192,.T.);
#5192 = EDGE_CURVE('',#923,#5193,#5195,.T.);
#5193 = VERTEX_POINT('',#5194);
#5194 = CARTESIAN_POINT('',(52.197809450519,-37.32459890091,3.));
#5195 = LINE('',#5196,#5197);
#5196 = CARTESIAN_POINT('',(52.197809450519,-37.32459890091,0.));
#5197 = VECTOR('',#5198,1.);
#5198 = DIRECTION('',(0.,0.,1.));
#5199 = ORIENTED_EDGE('',*,*,#5200,.F.);
#5200 = EDGE_CURVE('',#5145,#5193,#5201,.T.);
#5201 = CIRCLE('',#5202,1.);
#5202 = AXIS2_PLACEMENT_3D('',#5203,#5204,#5205);
#5203 = CARTESIAN_POINT('',(51.198527181705,-37.28671820353,3.));
#5204 = DIRECTION('',(-0.,-0.,-1.));
#5205 = DIRECTION('',(0.,-1.,0.));
#5206 = ORIENTED_EDGE('',*,*,#5144,.F.);
#5207 = CYLINDRICAL_SURFACE('',#5208,1.);
#5208 = AXIS2_PLACEMENT_3D('',#5209,#5210,#5211);
#5209 = CARTESIAN_POINT('',(51.198527181705,-37.28671820353,0.));
#5210 = DIRECTION('',(0.,0.,1.));
#5211 = DIRECTION('',(-4.935663845666E-02,0.998781218406,0.));
#5212 = ADVANCED_FACE('',(#5213),#5232,.F.);
#5213 = FACE_BOUND('',#5214,.F.);
#5214 = EDGE_LOOP('',(#5215,#5216,#5224,#5231));
#5215 = ORIENTED_EDGE('',*,*,#913,.T.);
#5216 = ORIENTED_EDGE('',*,*,#5217,.T.);
#5217 = EDGE_CURVE('',#914,#5218,#5220,.T.);
#5218 = VERTEX_POINT('',#5219);
#5219 = CARTESIAN_POINT('',(52.14127819873,-38.81587761127,3.));
#5220 = LINE('',#5221,#5222);
#5221 = CARTESIAN_POINT('',(52.14127819873,-38.81587761127,0.));
#5222 = VECTOR('',#5223,1.);
#5223 = DIRECTION('',(0.,0.,1.));
#5224 = ORIENTED_EDGE('',*,*,#5225,.F.);
#5225 = EDGE_CURVE('',#5170,#5218,#5226,.T.);
#5226 = CIRCLE('',#5227,1.);
#5227 = AXIS2_PLACEMENT_3D('',#5228,#5229,#5230);
#5228 = CARTESIAN_POINT('',(51.141995929917,-38.77799691389,3.));
#5229 = DIRECTION('',(-0.,0.,1.));
#5230 = DIRECTION('',(0.,-1.,0.));
#5231 = ORIENTED_EDGE('',*,*,#5177,.F.);
#5232 = CYLINDRICAL_SURFACE('',#5233,1.);
#5233 = AXIS2_PLACEMENT_3D('',#5234,#5235,#5236);
#5234 = CARTESIAN_POINT('',(51.141995929917,-38.77799691389,0.));
#5235 = DIRECTION('',(0.,0.,1.));
#5236 = DIRECTION('',(0.306178452998,-0.951974135636,0.));
#5237 = ADVANCED_FACE('',(#5238),#5249,.T.);
#5238 = FACE_BOUND('',#5239,.T.);
#5239 = EDGE_LOOP('',(#5240,#5241,#5242,#5248));
#5240 = ORIENTED_EDGE('',*,*,#922,.F.);
#5241 = ORIENTED_EDGE('',*,*,#5217,.T.);
#5242 = ORIENTED_EDGE('',*,*,#5243,.T.);
#5243 = EDGE_CURVE('',#5218,#5193,#5244,.T.);
#5244 = LINE('',#5245,#5246);
#5245 = CARTESIAN_POINT('',(52.114753848868,-39.5155825887,3.));
#5246 = VECTOR('',#5247,1.);
#5247 = DIRECTION('',(3.788069738642E-02,0.999282268814,0.));
#5248 = ORIENTED_EDGE('',*,*,#5192,.F.);
#5249 = PLANE('',#5250);
#5250 = AXIS2_PLACEMENT_3D('',#5251,#5252,#5253);
#5251 = CARTESIAN_POINT('',(52.114753848868,-39.5155825887,0.));
#5252 = DIRECTION('',(-0.999282268814,3.788069738642E-02,0.));
#5253 = DIRECTION('',(3.788069738642E-02,0.999282268814,0.));
#5254 = ADVANCED_FACE('',(#5255),#5274,.F.);
#5255 = FACE_BOUND('',#5256,.T.);
#5256 = EDGE_LOOP('',(#5257,#5265,#5272,#5273));
#5257 = ORIENTED_EDGE('',*,*,#5258,.T.);
#5258 = EDGE_CURVE('',#957,#5259,#5261,.T.);
#5259 = VERTEX_POINT('',#5260);
#5260 = CARTESIAN_POINT('',(47.16875,-39.,3.));
#5261 = LINE('',#5262,#5263);
#5262 = CARTESIAN_POINT('',(47.16875,-39.,0.));
#5263 = VECTOR('',#5264,1.);
#5264 = DIRECTION('',(0.,0.,1.));
#5265 = ORIENTED_EDGE('',*,*,#5266,.T.);
#5266 = EDGE_CURVE('',#5259,#5259,#5267,.T.);
#5267 = CIRCLE('',#5268,1.05);
#5268 = AXIS2_PLACEMENT_3D('',#5269,#5270,#5271);
#5269 = CARTESIAN_POINT('',(46.11875,-39.,3.));
#5270 = DIRECTION('',(0.,0.,1.));
#5271 = DIRECTION('',(1.,0.,0.));
#5272 = ORIENTED_EDGE('',*,*,#5258,.F.);
#5273 = ORIENTED_EDGE('',*,*,#956,.F.);
#5274 = CYLINDRICAL_SURFACE('',#5275,1.05);
#5275 = AXIS2_PLACEMENT_3D('',#5276,#5277,#5278);
#5276 = CARTESIAN_POINT('',(46.11875,-39.,0.));
#5277 = DIRECTION('',(-0.,-0.,-1.));
#5278 = DIRECTION('',(1.,0.,0.));
#5279 = ADVANCED_FACE('',(#5280),#5299,.F.);
#5280 = FACE_BOUND('',#5281,.T.);
#5281 = EDGE_LOOP('',(#5282,#5290,#5297,#5298));
#5282 = ORIENTED_EDGE('',*,*,#5283,.T.);
#5283 = EDGE_CURVE('',#968,#5284,#5286,.T.);
#5284 = VERTEX_POINT('',#5285);
#5285 = CARTESIAN_POINT('',(51.05,-33.88125,3.));
#5286 = LINE('',#5287,#5288);
#5287 = CARTESIAN_POINT('',(51.05,-33.88125,0.));
#5288 = VECTOR('',#5289,1.);
#5289 = DIRECTION('',(0.,0.,1.));
#5290 = ORIENTED_EDGE('',*,*,#5291,.T.);
#5291 = EDGE_CURVE('',#5284,#5284,#5292,.T.);
#5292 = CIRCLE('',#5293,1.05);
#5293 = AXIS2_PLACEMENT_3D('',#5294,#5295,#5296);
#5294 = CARTESIAN_POINT('',(50.,-33.88125,3.));
#5295 = DIRECTION('',(0.,0.,1.));
#5296 = DIRECTION('',(1.,0.,0.));
#5297 = ORIENTED_EDGE('',*,*,#5283,.F.);
#5298 = ORIENTED_EDGE('',*,*,#967,.F.);
#5299 = CYLINDRICAL_SURFACE('',#5300,1.05);
#5300 = AXIS2_PLACEMENT_3D('',#5301,#5302,#5303);
#5301 = CARTESIAN_POINT('',(50.,-33.88125,0.));
#5302 = DIRECTION('',(-0.,-0.,-1.));
#5303 = DIRECTION('',(1.,0.,0.));
#5304 = ADVANCED_FACE('',(#5305),#5324,.F.);
#5305 = FACE_BOUND('',#5306,.T.);
#5306 = EDGE_LOOP('',(#5307,#5315,#5322,#5323));
#5307 = ORIENTED_EDGE('',*,*,#5308,.T.);
#5308 = EDGE_CURVE('',#979,#5309,#5311,.T.);
#5309 = VERTEX_POINT('',#5310);
#5310 = CARTESIAN_POINT('',(47.875,-34.5,3.));
#5311 = LINE('',#5312,#5313);
#5312 = CARTESIAN_POINT('',(47.875,-34.5,0.));
#5313 = VECTOR('',#5314,1.);
#5314 = DIRECTION('',(0.,0.,1.));
#5315 = ORIENTED_EDGE('',*,*,#5316,.T.);
#5316 = EDGE_CURVE('',#5309,#5309,#5317,.T.);
#5317 = CIRCLE('',#5318,2.375);
#5318 = AXIS2_PLACEMENT_3D('',#5319,#5320,#5321);
#5319 = CARTESIAN_POINT('',(45.5,-34.5,3.));
#5320 = DIRECTION('',(0.,0.,1.));
#5321 = DIRECTION('',(1.,0.,0.));
#5322 = ORIENTED_EDGE('',*,*,#5308,.F.);
#5323 = ORIENTED_EDGE('',*,*,#978,.F.);
#5324 = CYLINDRICAL_SURFACE('',#5325,2.375);
#5325 = AXIS2_PLACEMENT_3D('',#5326,#5327,#5328);
#5326 = CARTESIAN_POINT('',(45.5,-34.5,0.));
#5327 = DIRECTION('',(-0.,-0.,-1.));
#5328 = DIRECTION('',(1.,0.,0.));
#5329 = ADVANCED_FACE('',(#5330),#5349,.F.);
#5330 = FACE_BOUND('',#5331,.T.);
#5331 = EDGE_LOOP('',(#5332,#5340,#5347,#5348));
#5332 = ORIENTED_EDGE('',*,*,#5333,.T.);
#5333 = EDGE_CURVE('',#990,#5334,#5336,.T.);
#5334 = VERTEX_POINT('',#5335);
#5335 = CARTESIAN_POINT('',(42.05,-35.11875,3.));
#5336 = LINE('',#5337,#5338);
#5337 = CARTESIAN_POINT('',(42.05,-35.11875,0.));
#5338 = VECTOR('',#5339,1.);
#5339 = DIRECTION('',(0.,0.,1.));
#5340 = ORIENTED_EDGE('',*,*,#5341,.T.);
#5341 = EDGE_CURVE('',#5334,#5334,#5342,.T.);
#5342 = CIRCLE('',#5343,1.05);
#5343 = AXIS2_PLACEMENT_3D('',#5344,#5345,#5346);
#5344 = CARTESIAN_POINT('',(41.,-35.11875,3.));
#5345 = DIRECTION('',(0.,0.,1.));
#5346 = DIRECTION('',(1.,0.,0.));
#5347 = ORIENTED_EDGE('',*,*,#5333,.F.);
#5348 = ORIENTED_EDGE('',*,*,#989,.F.);
#5349 = CYLINDRICAL_SURFACE('',#5350,1.05);
#5350 = AXIS2_PLACEMENT_3D('',#5351,#5352,#5353);
#5351 = CARTESIAN_POINT('',(41.,-35.11875,0.));
#5352 = DIRECTION('',(-0.,-0.,-1.));
#5353 = DIRECTION('',(1.,0.,0.));
#5354 = ADVANCED_FACE('',(#5355),#5374,.F.);
#5355 = FACE_BOUND('',#5356,.T.);
#5356 = EDGE_LOOP('',(#5357,#5365,#5372,#5373));
#5357 = ORIENTED_EDGE('',*,*,#5358,.T.);
#5358 = EDGE_CURVE('',#1001,#5359,#5361,.T.);
#5359 = VERTEX_POINT('',#5360);
#5360 = CARTESIAN_POINT('',(45.93125,-30.,3.));
#5361 = LINE('',#5362,#5363);
#5362 = CARTESIAN_POINT('',(45.93125,-30.,0.));
#5363 = VECTOR('',#5364,1.);
#5364 = DIRECTION('',(0.,0.,1.));
#5365 = ORIENTED_EDGE('',*,*,#5366,.T.);
#5366 = EDGE_CURVE('',#5359,#5359,#5367,.T.);
#5367 = CIRCLE('',#5368,1.05);
#5368 = AXIS2_PLACEMENT_3D('',#5369,#5370,#5371);
#5369 = CARTESIAN_POINT('',(44.88125,-30.,3.));
#5370 = DIRECTION('',(0.,0.,1.));
#5371 = DIRECTION('',(1.,0.,0.));
#5372 = ORIENTED_EDGE('',*,*,#5358,.F.);
#5373 = ORIENTED_EDGE('',*,*,#1000,.F.);
#5374 = CYLINDRICAL_SURFACE('',#5375,1.05);
#5375 = AXIS2_PLACEMENT_3D('',#5376,#5377,#5378);
#5376 = CARTESIAN_POINT('',(44.88125,-30.,0.));
#5377 = DIRECTION('',(-0.,-0.,-1.));
#5378 = DIRECTION('',(1.,0.,0.));
#5379 = ADVANCED_FACE('',(#5380),#5399,.F.);
#5380 = FACE_BOUND('',#5381,.T.);
#5381 = EDGE_LOOP('',(#5382,#5390,#5397,#5398));
#5382 = ORIENTED_EDGE('',*,*,#5383,.T.);
#5383 = EDGE_CURVE('',#1012,#5384,#5386,.T.);
#5384 = VERTEX_POINT('',#5385);
#5385 = CARTESIAN_POINT('',(7.25,-39.,3.));
#5386 = LINE('',#5387,#5388);
#5387 = CARTESIAN_POINT('',(7.25,-39.,0.));
#5388 = VECTOR('',#5389,1.);
#5389 = DIRECTION('',(0.,0.,1.));
#5390 = ORIENTED_EDGE('',*,*,#5391,.T.);
#5391 = EDGE_CURVE('',#5384,#5384,#5392,.T.);
#5392 = CIRCLE('',#5393,1.05);
#5393 = AXIS2_PLACEMENT_3D('',#5394,#5395,#5396);
#5394 = CARTESIAN_POINT('',(6.2,-39.,3.));
#5395 = DIRECTION('',(0.,0.,1.));
#5396 = DIRECTION('',(1.,0.,0.));
#5397 = ORIENTED_EDGE('',*,*,#5383,.F.);
#5398 = ORIENTED_EDGE('',*,*,#1011,.F.);
#5399 = CYLINDRICAL_SURFACE('',#5400,1.05);
#5400 = AXIS2_PLACEMENT_3D('',#5401,#5402,#5403);
#5401 = CARTESIAN_POINT('',(6.2,-39.,0.));
#5402 = DIRECTION('',(-0.,-0.,-1.));
#5403 = DIRECTION('',(1.,0.,0.));
#5404 = ADVANCED_FACE('',(#5405),#5431,.T.);
#5405 = FACE_BOUND('',#5406,.F.);
#5406 = EDGE_LOOP('',(#5407,#5408,#5416,#5425));
#5407 = ORIENTED_EDGE('',*,*,#1022,.T.);
#5408 = ORIENTED_EDGE('',*,*,#5409,.T.);
#5409 = EDGE_CURVE('',#1025,#5410,#5412,.T.);
#5410 = VERTEX_POINT('',#5411);
#5411 = CARTESIAN_POINT('',(3.959661942866,-38.13925300479,3.));
#5412 = LINE('',#5413,#5414);
#5413 = CARTESIAN_POINT('',(3.959661942866,-38.13925300479,0.));
#5414 = VECTOR('',#5415,1.);
#5415 = DIRECTION('',(0.,0.,1.));
#5416 = ORIENTED_EDGE('',*,*,#5417,.F.);
#5417 = EDGE_CURVE('',#5418,#5410,#5420,.T.);
#5418 = VERTEX_POINT('',#5419);
#5419 = CARTESIAN_POINT('',(3.8,-39.,3.));
#5420 = CIRCLE('',#5421,2.4);
#5421 = AXIS2_PLACEMENT_3D('',#5422,#5423,#5424);
#5422 = CARTESIAN_POINT('',(6.2,-39.,3.));
#5423 = DIRECTION('',(0.,0.,-1.));
#5424 = DIRECTION('',(-1.,1.2E-16,0.));
#5425 = ORIENTED_EDGE('',*,*,#5426,.F.);
#5426 = EDGE_CURVE('',#1023,#5418,#5427,.T.);
#5427 = LINE('',#5428,#5429);
#5428 = CARTESIAN_POINT('',(3.8,-39.,0.));
#5429 = VECTOR('',#5430,1.);
#5430 = DIRECTION('',(0.,0.,1.));
#5431 = CYLINDRICAL_SURFACE('',#5432,2.4);
#5432 = AXIS2_PLACEMENT_3D('',#5433,#5434,#5435);
#5433 = CARTESIAN_POINT('',(6.2,-39.,-1.));
#5434 = DIRECTION('',(-0.,-0.,-1.));
#5435 = DIRECTION('',(-1.,1.2E-16,0.));
#5436 = ADVANCED_FACE('',(#5437),#5456,.F.);
#5437 = FACE_BOUND('',#5438,.T.);
#5438 = EDGE_LOOP('',(#5439,#5440,#5448,#5455));
#5439 = ORIENTED_EDGE('',*,*,#1102,.T.);
#5440 = ORIENTED_EDGE('',*,*,#5441,.T.);
#5441 = EDGE_CURVE('',#1095,#5442,#5444,.T.);
#5442 = VERTEX_POINT('',#5443);
#5443 = CARTESIAN_POINT('',(2.8,-40.,3.));
#5444 = LINE('',#5445,#5446);
#5445 = CARTESIAN_POINT('',(2.8,-40.,0.));
#5446 = VECTOR('',#5447,1.);
#5447 = DIRECTION('',(0.,0.,1.));
#5448 = ORIENTED_EDGE('',*,*,#5449,.F.);
#5449 = EDGE_CURVE('',#5418,#5442,#5450,.T.);
#5450 = CIRCLE('',#5451,1.);
#5451 = AXIS2_PLACEMENT_3D('',#5452,#5453,#5454);
#5452 = CARTESIAN_POINT('',(2.8,-39.,3.));
#5453 = DIRECTION('',(-0.,-0.,-1.));
#5454 = DIRECTION('',(0.,-1.,0.));
#5455 = ORIENTED_EDGE('',*,*,#5426,.F.);
#5456 = CYLINDRICAL_SURFACE('',#5457,1.);
#5457 = AXIS2_PLACEMENT_3D('',#5458,#5459,#5460);
#5458 = CARTESIAN_POINT('',(2.8,-39.,0.));
#5459 = DIRECTION('',(0.,0.,1.));
#5460 = DIRECTION('',(1.,0.,0.));
#5461 = ADVANCED_FACE('',(#5462),#5481,.F.);
#5462 = FACE_BOUND('',#5463,.F.);
#5463 = EDGE_LOOP('',(#5464,#5465,#5473,#5480));
#5464 = ORIENTED_EDGE('',*,*,#1033,.T.);
#5465 = ORIENTED_EDGE('',*,*,#5466,.T.);
#5466 = EDGE_CURVE('',#1034,#5467,#5469,.T.);
#5467 = VERTEX_POINT('',#5468);
#5468 = CARTESIAN_POINT('',(3.884803311614,-37.26798836779,3.));
#5469 = LINE('',#5470,#5471);
#5470 = CARTESIAN_POINT('',(3.884803311614,-37.26798836779,0.));
#5471 = VECTOR('',#5472,1.);
#5472 = DIRECTION('',(0.,0.,1.));
#5473 = ORIENTED_EDGE('',*,*,#5474,.F.);
#5474 = EDGE_CURVE('',#5410,#5467,#5475,.T.);
#5475 = CIRCLE('',#5476,1.);
#5476 = AXIS2_PLACEMENT_3D('',#5477,#5478,#5479);
#5477 = CARTESIAN_POINT('',(3.026187752394,-37.78060842345,3.));
#5478 = DIRECTION('',(-0.,0.,1.));
#5479 = DIRECTION('',(0.,-1.,0.));
#5480 = ORIENTED_EDGE('',*,*,#5409,.F.);
#5481 = CYLINDRICAL_SURFACE('',#5482,1.);
#5482 = AXIS2_PLACEMENT_3D('',#5483,#5484,#5485);
#5483 = CARTESIAN_POINT('',(3.026187752394,-37.78060842345,0.));
#5484 = DIRECTION('',(0.,0.,1.));
#5485 = DIRECTION('',(0.933474190472,-0.358644581336,0.));
#5486 = ADVANCED_FACE('',(#5487),#5505,.F.);
#5487 = FACE_BOUND('',#5488,.F.);
#5488 = EDGE_LOOP('',(#5489,#5490,#5491,#5499));
#5489 = ORIENTED_EDGE('',*,*,#1094,.T.);
#5490 = ORIENTED_EDGE('',*,*,#5441,.T.);
#5491 = ORIENTED_EDGE('',*,*,#5492,.F.);
#5492 = EDGE_CURVE('',#5493,#5442,#5495,.T.);
#5493 = VERTEX_POINT('',#5494);
#5494 = CARTESIAN_POINT('',(-2.8,-40.,3.));
#5495 = LINE('',#5496,#5497);
#5496 = CARTESIAN_POINT('',(1.950899736039,-40.,3.));
#5497 = VECTOR('',#5498,1.);
#5498 = DIRECTION('',(1.,-1.2E-16,0.));
#5499 = ORIENTED_EDGE('',*,*,#5500,.F.);
#5500 = EDGE_CURVE('',#1086,#5493,#5501,.T.);
#5501 = LINE('',#5502,#5503);
#5502 = CARTESIAN_POINT('',(-2.8,-40.,0.));
#5503 = VECTOR('',#5504,1.);
#5504 = DIRECTION('',(0.,0.,1.));
#5505 = PLANE('',#5506);
#5506 = AXIS2_PLACEMENT_3D('',#5507,#5508,#5509);
#5507 = CARTESIAN_POINT('',(4.018257577073,-40.,-1.));
#5508 = DIRECTION('',(-1.2E-16,-1.,0.));
#5509 = DIRECTION('',(-1.,1.2E-16,0.));
#5510 = ADVANCED_FACE('',(#5511),#5529,.T.);
#5511 = FACE_BOUND('',#5512,.T.);
#5512 = EDGE_LOOP('',(#5513,#5514,#5515,#5523));
#5513 = ORIENTED_EDGE('',*,*,#1042,.T.);
#5514 = ORIENTED_EDGE('',*,*,#5466,.T.);
#5515 = ORIENTED_EDGE('',*,*,#5516,.F.);
#5516 = EDGE_CURVE('',#5517,#5467,#5519,.T.);
#5517 = VERTEX_POINT('',#5518);
#5518 = CARTESIAN_POINT('',(0.85861555922,-32.1992598609,3.));
#5519 = LINE('',#5520,#5521);
#5520 = CARTESIAN_POINT('',(-4.627251635734,-23.01067881068,3.));
#5521 = VECTOR('',#5522,1.);
#5522 = DIRECTION('',(0.51262005566,-0.85861555922,0.));
#5523 = ORIENTED_EDGE('',*,*,#5524,.F.);
#5524 = EDGE_CURVE('',#1043,#5517,#5525,.T.);
#5525 = LINE('',#5526,#5527);
#5526 = CARTESIAN_POINT('',(0.85861555922,-32.1992598609,0.));
#5527 = VECTOR('',#5528,1.);
#5528 = DIRECTION('',(0.,0.,1.));
#5529 = PLANE('',#5530);
#5530 = AXIS2_PLACEMENT_3D('',#5531,#5532,#5533);
#5531 = CARTESIAN_POINT('',(4.162066935738,-37.73239247967,-1.));
#5532 = DIRECTION('',(-0.85861555922,-0.51262005566,0.));
#5533 = DIRECTION('',(-0.51262005566,0.85861555922,0.));
#5534 = ADVANCED_FACE('',(#5535),#5554,.F.);
#5535 = FACE_BOUND('',#5536,.F.);
#5536 = EDGE_LOOP('',(#5537,#5538,#5539,#5548));
#5537 = ORIENTED_EDGE('',*,*,#1085,.T.);
#5538 = ORIENTED_EDGE('',*,*,#5500,.T.);
#5539 = ORIENTED_EDGE('',*,*,#5540,.F.);
#5540 = EDGE_CURVE('',#5541,#5493,#5543,.T.);
#5541 = VERTEX_POINT('',#5542);
#5542 = CARTESIAN_POINT('',(-3.8,-39.,3.));
#5543 = CIRCLE('',#5544,1.);
#5544 = AXIS2_PLACEMENT_3D('',#5545,#5546,#5547);
#5545 = CARTESIAN_POINT('',(-2.8,-39.,3.));
#5546 = DIRECTION('',(-0.,0.,1.));
#5547 = DIRECTION('',(0.,-1.,0.));
#5548 = ORIENTED_EDGE('',*,*,#5549,.F.);
#5549 = EDGE_CURVE('',#1077,#5541,#5550,.T.);
#5550 = LINE('',#5551,#5552);
#5551 = CARTESIAN_POINT('',(-3.8,-39.,0.));
#5552 = VECTOR('',#5553,1.);
#5553 = DIRECTION('',(0.,0.,1.));
#5554 = CYLINDRICAL_SURFACE('',#5555,1.);
#5555 = AXIS2_PLACEMENT_3D('',#5556,#5557,#5558);
#5556 = CARTESIAN_POINT('',(-2.8,-39.,0.));
#5557 = DIRECTION('',(0.,0.,1.));
#5558 = DIRECTION('',(-1.,0.,0.));
#5559 = ADVANCED_FACE('',(#5560),#5579,.F.);
#5560 = FACE_BOUND('',#5561,.F.);
#5561 = EDGE_LOOP('',(#5562,#5563,#5571,#5578));
#5562 = ORIENTED_EDGE('',*,*,#1050,.T.);
#5563 = ORIENTED_EDGE('',*,*,#5564,.T.);
#5564 = EDGE_CURVE('',#1051,#5565,#5567,.T.);
#5565 = VERTEX_POINT('',#5566);
#5566 = CARTESIAN_POINT('',(-0.85861555922,-32.1992598609,3.));
#5567 = LINE('',#5568,#5569);
#5568 = CARTESIAN_POINT('',(-0.85861555922,-32.1992598609,0.));
#5569 = VECTOR('',#5570,1.);
#5570 = DIRECTION('',(0.,0.,1.));
#5571 = ORIENTED_EDGE('',*,*,#5572,.F.);
#5572 = EDGE_CURVE('',#5517,#5565,#5573,.T.);
#5573 = CIRCLE('',#5574,1.);
#5574 = AXIS2_PLACEMENT_3D('',#5575,#5576,#5577);
#5575 = CARTESIAN_POINT('',(-3.78E-15,-32.71187991656,3.));
#5576 = DIRECTION('',(-0.,0.,1.));
#5577 = DIRECTION('',(0.,-1.,0.));
#5578 = ORIENTED_EDGE('',*,*,#5524,.F.);
#5579 = CYLINDRICAL_SURFACE('',#5580,1.);
#5580 = AXIS2_PLACEMENT_3D('',#5581,#5582,#5583);
#5581 = CARTESIAN_POINT('',(-3.78E-15,-32.71187991656,0.));
#5582 = DIRECTION('',(0.,0.,1.));
#5583 = DIRECTION('',(0.85861555922,0.51262005566,0.));
#5584 = ADVANCED_FACE('',(#5585),#5604,.T.);
#5585 = FACE_BOUND('',#5586,.F.);
#5586 = EDGE_LOOP('',(#5587,#5588,#5589,#5598));
#5587 = ORIENTED_EDGE('',*,*,#1076,.T.);
#5588 = ORIENTED_EDGE('',*,*,#5549,.T.);
#5589 = ORIENTED_EDGE('',*,*,#5590,.F.);
#5590 = EDGE_CURVE('',#5591,#5541,#5593,.T.);
#5591 = VERTEX_POINT('',#5592);
#5592 = CARTESIAN_POINT('',(-3.959661942866,-38.13925300479,3.));
#5593 = CIRCLE('',#5594,2.4);
#5594 = AXIS2_PLACEMENT_3D('',#5595,#5596,#5597);
#5595 = CARTESIAN_POINT('',(-6.2,-39.,3.));
#5596 = DIRECTION('',(0.,0.,-1.));
#5597 = DIRECTION('',(-1.,1.2E-16,0.));
#5598 = ORIENTED_EDGE('',*,*,#5599,.F.);
#5599 = EDGE_CURVE('',#1068,#5591,#5600,.T.);
#5600 = LINE('',#5601,#5602);
#5601 = CARTESIAN_POINT('',(-3.959661942866,-38.13925300479,0.));
#5602 = VECTOR('',#5603,1.);
#5603 = DIRECTION('',(0.,0.,1.));
#5604 = CYLINDRICAL_SURFACE('',#5605,2.4);
#5605 = AXIS2_PLACEMENT_3D('',#5606,#5607,#5608);
#5606 = CARTESIAN_POINT('',(-6.2,-39.,-1.));
#5607 = DIRECTION('',(-0.,-0.,-1.));
#5608 = DIRECTION('',(-1.,1.2E-16,0.));
#5609 = ADVANCED_FACE('',(#5610),#5628,.T.);
#5610 = FACE_BOUND('',#5611,.T.);
#5611 = EDGE_LOOP('',(#5612,#5613,#5614,#5622));
#5612 = ORIENTED_EDGE('',*,*,#1059,.T.);
#5613 = ORIENTED_EDGE('',*,*,#5564,.T.);
#5614 = ORIENTED_EDGE('',*,*,#5615,.F.);
#5615 = EDGE_CURVE('',#5616,#5565,#5618,.T.);
#5616 = VERTEX_POINT('',#5617);
#5617 = CARTESIAN_POINT('',(-3.884803311614,-37.26798836779,3.));
#5618 = LINE('',#5619,#5620);
#5619 = CARTESIAN_POINT('',(6.677682321793,-19.57629954534,3.));
#5620 = VECTOR('',#5621,1.);
#5621 = DIRECTION('',(0.51262005566,0.85861555922,0.));
#5622 = ORIENTED_EDGE('',*,*,#5623,.F.);
#5623 = EDGE_CURVE('',#1060,#5616,#5624,.T.);
#5624 = LINE('',#5625,#5626);
#5625 = CARTESIAN_POINT('',(-3.884803311614,-37.26798836779,0.));
#5626 = VECTOR('',#5627,1.);
#5627 = DIRECTION('',(0.,0.,1.));
#5628 = PLANE('',#5629);
#5629 = AXIS2_PLACEMENT_3D('',#5630,#5631,#5632);
#5630 = CARTESIAN_POINT('',(-3.77E-15,-30.76111738014,-1.));
#5631 = DIRECTION('',(0.85861555922,-0.51262005566,0.));
#5632 = DIRECTION('',(-0.51262005566,-0.85861555922,0.));
#5633 = ADVANCED_FACE('',(#5634),#5646,.F.);
#5634 = FACE_BOUND('',#5635,.F.);
#5635 = EDGE_LOOP('',(#5636,#5637,#5638,#5645));
#5636 = ORIENTED_EDGE('',*,*,#1067,.T.);
#5637 = ORIENTED_EDGE('',*,*,#5599,.T.);
#5638 = ORIENTED_EDGE('',*,*,#5639,.F.);
#5639 = EDGE_CURVE('',#5616,#5591,#5640,.T.);
#5640 = CIRCLE('',#5641,1.);
#5641 = AXIS2_PLACEMENT_3D('',#5642,#5643,#5644);
#5642 = CARTESIAN_POINT('',(-3.026187752394,-37.78060842345,3.));
#5643 = DIRECTION('',(-0.,0.,1.));
#5644 = DIRECTION('',(0.,-1.,0.));
#5645 = ORIENTED_EDGE('',*,*,#5623,.F.);
#5646 = CYLINDRICAL_SURFACE('',#5647,1.);
#5647 = AXIS2_PLACEMENT_3D('',#5648,#5649,#5650);
#5648 = CARTESIAN_POINT('',(-3.026187752394,-37.78060842345,0.));
#5649 = DIRECTION('',(0.,0.,1.));
#5650 = DIRECTION('',(-0.85861555922,0.51262005566,0.));
#5651 = ADVANCED_FACE('',(#5652),#5677,.F.);
#5652 = FACE_BOUND('',#5653,.F.);
#5653 = EDGE_LOOP('',(#5654,#5655,#5663,#5671));
#5654 = ORIENTED_EDGE('',*,*,#1111,.T.);
#5655 = ORIENTED_EDGE('',*,*,#5656,.T.);
#5656 = EDGE_CURVE('',#1114,#5657,#5659,.T.);
#5657 = VERTEX_POINT('',#5658);
#5658 = CARTESIAN_POINT('',(1.832875579236,-28.51418392569,3.));
#5659 = LINE('',#5660,#5661);
#5660 = CARTESIAN_POINT('',(1.832875579236,-28.51418392569,0.));
#5661 = VECTOR('',#5662,1.);
#5662 = DIRECTION('',(0.,0.,1.));
#5663 = ORIENTED_EDGE('',*,*,#5664,.F.);
#5664 = EDGE_CURVE('',#5665,#5657,#5667,.T.);
#5665 = VERTEX_POINT('',#5666);
#5666 = CARTESIAN_POINT('',(6.544849879919,-20.62183869936,3.));
#5667 = LINE('',#5668,#5669);
#5668 = CARTESIAN_POINT('',(7.622225343195,-18.81728320904,3.));
#5669 = VECTOR('',#5670,1.);
#5670 = DIRECTION('',(-0.51262005566,-0.85861555922,0.));
#5671 = ORIENTED_EDGE('',*,*,#5672,.F.);
#5672 = EDGE_CURVE('',#1112,#5665,#5673,.T.);
#5673 = LINE('',#5674,#5675);
#5674 = CARTESIAN_POINT('',(6.544849879919,-20.62183869936,0.));
#5675 = VECTOR('',#5676,1.);
#5676 = DIRECTION('',(0.,0.,1.));
#5677 = PLANE('',#5678);
#5678 = AXIS2_PLACEMENT_3D('',#5679,#5680,#5681);
#5679 = CARTESIAN_POINT('',(1.526825544802,-29.02680398135,-1.));
#5680 = DIRECTION('',(-0.85861555922,0.51262005566,0.));
#5681 = DIRECTION('',(0.51262005566,0.85861555922,0.));
#5682 = ADVANCED_FACE('',(#5683),#5702,.F.);
#5683 = FACE_BOUND('',#5684,.T.);
#5684 = EDGE_LOOP('',(#5685,#5686,#5694,#5701));
#5685 = ORIENTED_EDGE('',*,*,#1155,.T.);
#5686 = ORIENTED_EDGE('',*,*,#5687,.T.);
#5687 = EDGE_CURVE('',#1148,#5688,#5690,.T.);
#5688 = VERTEX_POINT('',#5689);
#5689 = CARTESIAN_POINT('',(8.401189004798,-21.20189529207,3.));
#5690 = LINE('',#5691,#5692);
#5691 = CARTESIAN_POINT('',(8.401189004798,-21.20189529207,0.));
#5692 = VECTOR('',#5693,1.);
#5693 = DIRECTION('',(0.,0.,1.));
#5694 = ORIENTED_EDGE('',*,*,#5695,.F.);
#5695 = EDGE_CURVE('',#5665,#5688,#5696,.T.);
#5696 = CIRCLE('',#5697,1.);
#5697 = AXIS2_PLACEMENT_3D('',#5698,#5699,#5700);
#5698 = CARTESIAN_POINT('',(7.403465439139,-21.13445875502,3.));
#5699 = DIRECTION('',(-0.,-0.,-1.));
#5700 = DIRECTION('',(0.,-1.,0.));
#5701 = ORIENTED_EDGE('',*,*,#5672,.F.);
#5702 = CYLINDRICAL_SURFACE('',#5703,1.);
#5703 = AXIS2_PLACEMENT_3D('',#5704,#5705,#5706);
#5704 = CARTESIAN_POINT('',(7.403465439139,-21.13445875502,0.));
#5705 = DIRECTION('',(0.,0.,1.));
#5706 = DIRECTION('',(-0.85861555922,0.51262005566,0.));
#5707 = ADVANCED_FACE('',(#5708),#5727,.F.);
#5708 = FACE_BOUND('',#5709,.F.);
#5709 = EDGE_LOOP('',(#5710,#5711,#5719,#5726));
#5710 = ORIENTED_EDGE('',*,*,#1121,.T.);
#5711 = ORIENTED_EDGE('',*,*,#5712,.T.);
#5712 = EDGE_CURVE('',#1122,#5713,#5715,.T.);
#5713 = VERTEX_POINT('',#5714);
#5714 = CARTESIAN_POINT('',(1.832875579236,-29.53942403701,3.));
#5715 = LINE('',#5716,#5717);
#5716 = CARTESIAN_POINT('',(1.832875579236,-29.53942403701,0.));
#5717 = VECTOR('',#5718,1.);
#5718 = DIRECTION('',(0.,0.,1.));
#5719 = ORIENTED_EDGE('',*,*,#5720,.F.);
#5720 = EDGE_CURVE('',#5657,#5713,#5721,.T.);
#5721 = CIRCLE('',#5722,1.);
#5722 = AXIS2_PLACEMENT_3D('',#5723,#5724,#5725);
#5723 = CARTESIAN_POINT('',(2.691491138456,-29.02680398135,3.));
#5724 = DIRECTION('',(-0.,0.,1.));
#5725 = DIRECTION('',(0.,-1.,0.));
#5726 = ORIENTED_EDGE('',*,*,#5656,.F.);
#5727 = CYLINDRICAL_SURFACE('',#5728,1.);
#5728 = AXIS2_PLACEMENT_3D('',#5729,#5730,#5731);
#5729 = CARTESIAN_POINT('',(2.691491138456,-29.02680398135,0.));
#5730 = DIRECTION('',(0.,0.,1.));
#5731 = DIRECTION('',(-0.85861555922,0.51262005566,0.));
#5732 = ADVANCED_FACE('',(#5733),#5751,.T.);
#5733 = FACE_BOUND('',#5734,.T.);
#5734 = EDGE_LOOP('',(#5735,#5736,#5744,#5750));
#5735 = ORIENTED_EDGE('',*,*,#1147,.T.);
#5736 = ORIENTED_EDGE('',*,*,#5737,.T.);
#5737 = EDGE_CURVE('',#1139,#5738,#5740,.T.);
#5738 = VERTEX_POINT('',#5739);
#5739 = CARTESIAN_POINT('',(7.4427959558,-35.38132045199,3.));
#5740 = LINE('',#5741,#5742);
#5741 = CARTESIAN_POINT('',(7.4427959558,-35.38132045199,0.));
#5742 = VECTOR('',#5743,1.);
#5743 = DIRECTION('',(0.,0.,1.));
#5744 = ORIENTED_EDGE('',*,*,#5745,.F.);
#5745 = EDGE_CURVE('',#5688,#5738,#5746,.T.);
#5746 = LINE('',#5747,#5748);
#5747 = CARTESIAN_POINT('',(8.496260581501,-19.79531131475,3.));
#5748 = VECTOR('',#5749,1.);
#5749 = DIRECTION('',(-6.743653705027E-02,-0.997723565659,0.));
#5750 = ORIENTED_EDGE('',*,*,#5687,.F.);
#5751 = PLANE('',#5752);
#5752 = AXIS2_PLACEMENT_3D('',#5753,#5754,#5755);
#5753 = CARTESIAN_POINT('',(7.226980665109,-38.57430767776,-1.));
#5754 = DIRECTION('',(-0.997723565659,6.743653705027E-02,0.));
#5755 = DIRECTION('',(6.743653705027E-02,0.997723565659,0.));
#5756 = ADVANCED_FACE('',(#5757),#5775,.F.);
#5757 = FACE_BOUND('',#5758,.F.);
#5758 = EDGE_LOOP('',(#5759,#5767,#5768,#5769));
#5759 = ORIENTED_EDGE('',*,*,#5760,.F.);
#5760 = EDGE_CURVE('',#5713,#5761,#5763,.T.);
#5761 = VERTEX_POINT('',#5762);
#5762 = CARTESIAN_POINT('',(5.586456830921,-35.8265039706,3.));
#5763 = LINE('',#5764,#5765);
#5764 = CARTESIAN_POINT('',(-3.575356435983,-20.4808784244,3.));
#5765 = VECTOR('',#5766,1.);
#5766 = DIRECTION('',(0.51262005566,-0.85861555922,0.));
#5767 = ORIENTED_EDGE('',*,*,#5712,.F.);
#5768 = ORIENTED_EDGE('',*,*,#1130,.T.);
#5769 = ORIENTED_EDGE('',*,*,#5770,.T.);
#5770 = EDGE_CURVE('',#1131,#5761,#5771,.T.);
#5771 = LINE('',#5772,#5773);
#5772 = CARTESIAN_POINT('',(5.586456830921,-35.8265039706,0.));
#5773 = VECTOR('',#5774,1.);
#5774 = DIRECTION('',(0.,0.,1.));
#5775 = PLANE('',#5776);
#5776 = AXIS2_PLACEMENT_3D('',#5777,#5778,#5779);
#5777 = CARTESIAN_POINT('',(4.376903104956,-33.80055582956,1.5));
#5778 = DIRECTION('',(-0.85861555922,-0.51262005566,-0.));
#5779 = DIRECTION('',(0.51262005566,-0.85861555922,0.));
#5780 = ADVANCED_FACE('',(#5781),#5793,.F.);
#5781 = FACE_BOUND('',#5782,.F.);
#5782 = EDGE_LOOP('',(#5783,#5784,#5785,#5792));
#5783 = ORIENTED_EDGE('',*,*,#1138,.T.);
#5784 = ORIENTED_EDGE('',*,*,#5737,.T.);
#5785 = ORIENTED_EDGE('',*,*,#5786,.F.);
#5786 = EDGE_CURVE('',#5761,#5738,#5787,.T.);
#5787 = CIRCLE('',#5788,1.);
#5788 = AXIS2_PLACEMENT_3D('',#5789,#5790,#5791);
#5789 = CARTESIAN_POINT('',(6.445072390141,-35.31388391494,3.));
#5790 = DIRECTION('',(-0.,0.,1.));
#5791 = DIRECTION('',(0.,-1.,0.));
#5792 = ORIENTED_EDGE('',*,*,#5770,.F.);
#5793 = CYLINDRICAL_SURFACE('',#5794,1.);
#5794 = AXIS2_PLACEMENT_3D('',#5795,#5796,#5797);
#5795 = CARTESIAN_POINT('',(6.445072390141,-35.31388391494,0.));
#5796 = DIRECTION('',(0.,0.,1.));
#5797 = DIRECTION('',(-0.85861555922,-0.51262005566,0.));
#5798 = ADVANCED_FACE('',(#5799),#5824,.F.);
#5799 = FACE_BOUND('',#5800,.F.);
#5800 = EDGE_LOOP('',(#5801,#5802,#5810,#5818));
#5801 = ORIENTED_EDGE('',*,*,#1164,.T.);
#5802 = ORIENTED_EDGE('',*,*,#5803,.T.);
#5803 = EDGE_CURVE('',#1167,#5804,#5806,.T.);
#5804 = VERTEX_POINT('',#5805);
#5805 = CARTESIAN_POINT('',(-0.85861555922,-26.24450060909,3.));
#5806 = LINE('',#5807,#5808);
#5807 = CARTESIAN_POINT('',(-0.85861555922,-26.24450060909,0.));
#5808 = VECTOR('',#5809,1.);
#5809 = DIRECTION('',(0.,0.,1.));
#5810 = ORIENTED_EDGE('',*,*,#5811,.F.);
#5811 = EDGE_CURVE('',#5812,#5804,#5814,.T.);
#5812 = VERTEX_POINT('',#5813);
#5813 = CARTESIAN_POINT('',(-5.541126301717,-18.4015055188,3.));
#5814 = LINE('',#5815,#5816);
#5815 = CARTESIAN_POINT('',(-6.030799793384,-17.58132442319,3.));
#5816 = VECTOR('',#5817,1.);
#5817 = DIRECTION('',(0.51262005566,-0.85861555922,0.));
#5818 = ORIENTED_EDGE('',*,*,#5819,.F.);
#5819 = EDGE_CURVE('',#1165,#5812,#5820,.T.);
#5820 = LINE('',#5821,#5822);
#5821 = CARTESIAN_POINT('',(-5.541126301717,-18.4015055188,0.));
#5822 = VECTOR('',#5823,1.);
#5823 = DIRECTION('',(0.,0.,1.));
#5824 = PLANE('',#5825);
#5825 = AXIS2_PLACEMENT_3D('',#5826,#5827,#5828);
#5826 = CARTESIAN_POINT('',(-3.39E-15,-27.68264308985,-1.));
#5827 = DIRECTION('',(-0.85861555922,-0.51262005566,0.));
#5828 = DIRECTION('',(-0.51262005566,0.85861555922,0.));
#5829 = ADVANCED_FACE('',(#5830),#5849,.F.);
#5830 = FACE_BOUND('',#5831,.T.);
#5831 = EDGE_LOOP('',(#5832,#5833,#5841,#5848));
#5832 = ORIENTED_EDGE('',*,*,#1243,.T.);
#5833 = ORIENTED_EDGE('',*,*,#5834,.T.);
#5834 = EDGE_CURVE('',#1236,#5835,#5837,.T.);
#5835 = VERTEX_POINT('',#5836);
#5836 = CARTESIAN_POINT('',(-4.460467403818,-16.91384866602,3.));
#5837 = LINE('',#5838,#5839);
#5838 = CARTESIAN_POINT('',(-4.460467403818,-16.91384866602,0.));
#5839 = VECTOR('',#5840,1.);
#5840 = DIRECTION('',(0.,0.,1.));
#5841 = ORIENTED_EDGE('',*,*,#5842,.F.);
#5842 = EDGE_CURVE('',#5812,#5835,#5843,.T.);
#5843 = CIRCLE('',#5844,1.);
#5844 = AXIS2_PLACEMENT_3D('',#5845,#5846,#5847);
#5845 = CARTESIAN_POINT('',(-4.682510742497,-17.88888546314,3.));
#5846 = DIRECTION('',(-0.,-0.,-1.));
#5847 = DIRECTION('',(0.,-1.,0.));
#5848 = ORIENTED_EDGE('',*,*,#5819,.F.);
#5849 = CYLINDRICAL_SURFACE('',#5850,1.);
#5850 = AXIS2_PLACEMENT_3D('',#5851,#5852,#5853);
#5851 = CARTESIAN_POINT('',(-4.682510742497,-17.88888546314,0.));
#5852 = DIRECTION('',(0.,0.,1.));
#5853 = DIRECTION('',(-0.85861555922,-0.51262005566,0.));
#5854 = ADVANCED_FACE('',(#5855),#5874,.F.);
#5855 = FACE_BOUND('',#5856,.F.);
#5856 = EDGE_LOOP('',(#5857,#5858,#5866,#5873));
#5857 = ORIENTED_EDGE('',*,*,#1174,.T.);
#5858 = ORIENTED_EDGE('',*,*,#5859,.T.);
#5859 = EDGE_CURVE('',#1175,#5860,#5862,.T.);
#5860 = VERTEX_POINT('',#5861);
#5861 = CARTESIAN_POINT('',(0.85861555922,-26.24450060909,3.));
#5862 = LINE('',#5863,#5864);
#5863 = CARTESIAN_POINT('',(0.85861555922,-26.24450060909,0.));
#5864 = VECTOR('',#5865,1.);
#5865 = DIRECTION('',(0.,0.,1.));
#5866 = ORIENTED_EDGE('',*,*,#5867,.F.);
#5867 = EDGE_CURVE('',#5804,#5860,#5868,.T.);
#5868 = CIRCLE('',#5869,1.);
#5869 = AXIS2_PLACEMENT_3D('',#5870,#5871,#5872);
#5870 = CARTESIAN_POINT('',(-2.76E-15,-25.73188055343,3.));
#5871 = DIRECTION('',(-0.,0.,1.));
#5872 = DIRECTION('',(0.,-1.,0.));
#5873 = ORIENTED_EDGE('',*,*,#5803,.F.);
#5874 = CYLINDRICAL_SURFACE('',#5875,1.);
#5875 = AXIS2_PLACEMENT_3D('',#5876,#5877,#5878);
#5876 = CARTESIAN_POINT('',(-2.76E-15,-25.73188055343,0.));
#5877 = DIRECTION('',(0.,0.,1.));
#5878 = DIRECTION('',(-0.85861555922,-0.51262005566,0.));
#5879 = ADVANCED_FACE('',(#5880),#5898,.T.);
#5880 = FACE_BOUND('',#5881,.T.);
#5881 = EDGE_LOOP('',(#5882,#5883,#5891,#5897));
#5882 = ORIENTED_EDGE('',*,*,#1235,.T.);
#5883 = ORIENTED_EDGE('',*,*,#5884,.T.);
#5884 = EDGE_CURVE('',#1227,#5885,#5887,.T.);
#5885 = VERTEX_POINT('',#5886);
#5886 = CARTESIAN_POINT('',(-3.174623742183,-17.206671481,3.));
#5887 = LINE('',#5888,#5889);
#5888 = CARTESIAN_POINT('',(-3.174623742183,-17.206671481,0.));
#5889 = VECTOR('',#5890,1.);
#5890 = DIRECTION('',(0.,0.,1.));
#5891 = ORIENTED_EDGE('',*,*,#5892,.F.);
#5892 = EDGE_CURVE('',#5835,#5885,#5893,.T.);
#5893 = LINE('',#5894,#5895);
#5894 = CARTESIAN_POINT('',(-3.116582394436,-17.21988913051,3.));
#5895 = VECTOR('',#5896,1.);
#5896 = DIRECTION('',(0.975036797125,-0.222043338679,0.));
#5897 = ORIENTED_EDGE('',*,*,#5834,.F.);
#5898 = PLANE('',#5899);
#5899 = AXIS2_PLACEMENT_3D('',#5900,#5901,#5902);
#5900 = CARTESIAN_POINT('',(-2.316103361956,-17.4021807501,-1.));
#5901 = DIRECTION('',(-0.222043338679,-0.975036797125,0.));
#5902 = DIRECTION('',(-0.975036797125,0.222043338679,0.));
#5903 = ADVANCED_FACE('',(#5904),#5922,.T.);
#5904 = FACE_BOUND('',#5905,.T.);
#5905 = EDGE_LOOP('',(#5906,#5907,#5908,#5916));
#5906 = ORIENTED_EDGE('',*,*,#1183,.T.);
#5907 = ORIENTED_EDGE('',*,*,#5859,.T.);
#5908 = ORIENTED_EDGE('',*,*,#5909,.F.);
#5909 = EDGE_CURVE('',#5910,#5860,#5912,.T.);
#5910 = VERTEX_POINT('',#5911);
#5911 = CARTESIAN_POINT('',(5.541126301717,-18.4015055188,3.));
#5912 = LINE('',#5913,#5914);
#5913 = CARTESIAN_POINT('',(6.000197011574,-17.63258270762,3.));
#5914 = VECTOR('',#5915,1.);
#5915 = DIRECTION('',(-0.51262005566,-0.85861555922,0.));
#5916 = ORIENTED_EDGE('',*,*,#5917,.F.);
#5917 = EDGE_CURVE('',#1184,#5910,#5918,.T.);
#5918 = LINE('',#5919,#5920);
#5919 = CARTESIAN_POINT('',(5.541126301717,-18.4015055188,0.));
#5920 = VECTOR('',#5921,1.);
#5921 = DIRECTION('',(0.,0.,1.));
#5922 = PLANE('',#5923);
#5923 = AXIS2_PLACEMENT_3D('',#5924,#5925,#5926);
#5924 = CARTESIAN_POINT('',(-3.39E-15,-27.68264308985,-1.));
#5925 = DIRECTION('',(-0.85861555922,0.51262005566,0.));
#5926 = DIRECTION('',(0.51262005566,0.85861555922,0.));
#5927 = ADVANCED_FACE('',(#5928),#5947,.F.);
#5928 = FACE_BOUND('',#5929,.F.);
#5929 = EDGE_LOOP('',(#5930,#5931,#5932,#5941));
#5930 = ORIENTED_EDGE('',*,*,#1226,.T.);
#5931 = ORIENTED_EDGE('',*,*,#5884,.T.);
#5932 = ORIENTED_EDGE('',*,*,#5933,.F.);
#5933 = EDGE_CURVE('',#5934,#5885,#5936,.T.);
#5934 = VERTEX_POINT('',#5935);
#5935 = CARTESIAN_POINT('',(-2.397647351197,-18.1374411375,3.));
#5936 = CIRCLE('',#5937,1.);
#5937 = AXIS2_PLACEMENT_3D('',#5938,#5939,#5940);
#5938 = CARTESIAN_POINT('',(-3.396667080862,-18.18170827813,3.));
#5939 = DIRECTION('',(-0.,0.,1.));
#5940 = DIRECTION('',(0.,-1.,0.));
#5941 = ORIENTED_EDGE('',*,*,#5942,.F.);
#5942 = EDGE_CURVE('',#1218,#5934,#5943,.T.);
#5943 = LINE('',#5944,#5945);
#5944 = CARTESIAN_POINT('',(-2.397647351197,-18.1374411375,0.));
#5945 = VECTOR('',#5946,1.);
#5946 = DIRECTION('',(0.,0.,1.));
#5947 = CYLINDRICAL_SURFACE('',#5948,1.);
#5948 = AXIS2_PLACEMENT_3D('',#5949,#5950,#5951);
#5949 = CARTESIAN_POINT('',(-3.396667080862,-18.18170827813,0.));
#5950 = DIRECTION('',(0.,0.,1.));
#5951 = DIRECTION('',(0.999019729665,4.426714062769E-02,0.));
#5952 = ADVANCED_FACE('',(#5953),#5972,.F.);
#5953 = FACE_BOUND('',#5954,.F.);
#5954 = EDGE_LOOP('',(#5955,#5956,#5964,#5971));
#5955 = ORIENTED_EDGE('',*,*,#1191,.T.);
#5956 = ORIENTED_EDGE('',*,*,#5957,.T.);
#5957 = EDGE_CURVE('',#1192,#5958,#5960,.T.);
#5958 = VERTEX_POINT('',#5959);
#5959 = CARTESIAN_POINT('',(4.460467403818,-16.91384866602,3.));
#5960 = LINE('',#5961,#5962);
#5961 = CARTESIAN_POINT('',(4.460467403818,-16.91384866602,0.));
#5962 = VECTOR('',#5963,1.);
#5963 = DIRECTION('',(0.,0.,1.));
#5964 = ORIENTED_EDGE('',*,*,#5965,.F.);
#5965 = EDGE_CURVE('',#5910,#5958,#5966,.T.);
#5966 = CIRCLE('',#5967,1.);
#5967 = AXIS2_PLACEMENT_3D('',#5968,#5969,#5970);
#5968 = CARTESIAN_POINT('',(4.682510742497,-17.88888546314,3.));
#5969 = DIRECTION('',(-0.,0.,1.));
#5970 = DIRECTION('',(0.,-1.,0.));
#5971 = ORIENTED_EDGE('',*,*,#5917,.F.);
#5972 = CYLINDRICAL_SURFACE('',#5973,1.);
#5973 = AXIS2_PLACEMENT_3D('',#5974,#5975,#5976);
#5974 = CARTESIAN_POINT('',(4.682510742497,-17.88888546314,0.));
#5975 = DIRECTION('',(0.,0.,1.));
#5976 = DIRECTION('',(0.85861555922,-0.51262005566,0.));
#5977 = ADVANCED_FACE('',(#5978),#5997,.T.);
#5978 = FACE_BOUND('',#5979,.F.);
#5979 = EDGE_LOOP('',(#5980,#5981,#5982,#5991));
#5980 = ORIENTED_EDGE('',*,*,#1217,.T.);
#5981 = ORIENTED_EDGE('',*,*,#5942,.T.);
#5982 = ORIENTED_EDGE('',*,*,#5983,.F.);
#5983 = EDGE_CURVE('',#5984,#5934,#5986,.T.);
#5984 = VERTEX_POINT('',#5985);
#5985 = CARTESIAN_POINT('',(2.397647351197,-18.1374411375,3.));
#5986 = CIRCLE('',#5987,2.4);
#5987 = AXIS2_PLACEMENT_3D('',#5988,#5989,#5990);
#5988 = CARTESIAN_POINT('',(-2.21E-15,-18.0312,3.));
#5989 = DIRECTION('',(0.,0.,-1.));
#5990 = DIRECTION('',(-1.,1.2E-16,0.));
#5991 = ORIENTED_EDGE('',*,*,#5992,.F.);
#5992 = EDGE_CURVE('',#1209,#5984,#5993,.T.);
#5993 = LINE('',#5994,#5995);
#5994 = CARTESIAN_POINT('',(2.397647351197,-18.1374411375,0.));
#5995 = VECTOR('',#5996,1.);
#5996 = DIRECTION('',(0.,0.,1.));
#5997 = CYLINDRICAL_SURFACE('',#5998,2.4);
#5998 = AXIS2_PLACEMENT_3D('',#5999,#6000,#6001);
#5999 = CARTESIAN_POINT('',(-2.21E-15,-18.0312,-1.));
#6000 = DIRECTION('',(-0.,-0.,-1.));
#6001 = DIRECTION('',(-1.,1.2E-16,0.));
#6002 = ADVANCED_FACE('',(#6003),#6021,.T.);
#6003 = FACE_BOUND('',#6004,.T.);
#6004 = EDGE_LOOP('',(#6005,#6006,#6007,#6015));
#6005 = ORIENTED_EDGE('',*,*,#1200,.T.);
#6006 = ORIENTED_EDGE('',*,*,#5957,.T.);
#6007 = ORIENTED_EDGE('',*,*,#6008,.F.);
#6008 = EDGE_CURVE('',#6009,#5958,#6011,.T.);
#6009 = VERTEX_POINT('',#6010);
#6010 = CARTESIAN_POINT('',(3.174623742183,-17.206671481,3.));
#6011 = LINE('',#6012,#6013);
#6012 = CARTESIAN_POINT('',(5.217369053289,-16.7414808438,3.));
#6013 = VECTOR('',#6014,1.);
#6014 = DIRECTION('',(0.975036797125,0.222043338679,0.));
#6015 = ORIENTED_EDGE('',*,*,#6016,.F.);
#6016 = EDGE_CURVE('',#1201,#6009,#6017,.T.);
#6017 = LINE('',#6018,#6019);
#6018 = CARTESIAN_POINT('',(3.174623742183,-17.206671481,0.));
#6019 = VECTOR('',#6020,1.);
#6020 = DIRECTION('',(0.,0.,1.));
#6021 = PLANE('',#6022);
#6022 = AXIS2_PLACEMENT_3D('',#6023,#6024,#6025);
#6023 = CARTESIAN_POINT('',(6.739109364863,-16.39493771807,-1.));
#6024 = DIRECTION('',(0.222043338679,-0.975036797125,0.));
#6025 = DIRECTION('',(-0.975036797125,-0.222043338679,0.));
#6026 = ADVANCED_FACE('',(#6027),#6039,.F.);
#6027 = FACE_BOUND('',#6028,.F.);
#6028 = EDGE_LOOP('',(#6029,#6030,#6031,#6038));
#6029 = ORIENTED_EDGE('',*,*,#1208,.T.);
#6030 = ORIENTED_EDGE('',*,*,#5992,.T.);
#6031 = ORIENTED_EDGE('',*,*,#6032,.F.);
#6032 = EDGE_CURVE('',#6009,#5984,#6033,.T.);
#6033 = CIRCLE('',#6034,1.);
#6034 = AXIS2_PLACEMENT_3D('',#6035,#6036,#6037);
#6035 = CARTESIAN_POINT('',(3.396667080862,-18.18170827813,3.));
#6036 = DIRECTION('',(-0.,0.,1.));
#6037 = DIRECTION('',(0.,-1.,0.));
#6038 = ORIENTED_EDGE('',*,*,#6016,.F.);
#6039 = CYLINDRICAL_SURFACE('',#6040,1.);
#6040 = AXIS2_PLACEMENT_3D('',#6041,#6042,#6043);
#6041 = CARTESIAN_POINT('',(3.396667080862,-18.18170827813,0.));
#6042 = DIRECTION('',(0.,0.,1.));
#6043 = DIRECTION('',(-0.222043338679,0.975036797125,0.));
#6044 = ADVANCED_FACE('',(#6045),#6064,.F.);
#6045 = FACE_BOUND('',#6046,.T.);
#6046 = EDGE_LOOP('',(#6047,#6055,#6062,#6063));
#6047 = ORIENTED_EDGE('',*,*,#6048,.T.);
#6048 = EDGE_CURVE('',#1253,#6049,#6051,.T.);
#6049 = VERTEX_POINT('',#6050);
#6050 = CARTESIAN_POINT('',(1.05,-18.03122292025,3.));
#6051 = LINE('',#6052,#6053);
#6052 = CARTESIAN_POINT('',(1.05,-18.03122292025,0.));
#6053 = VECTOR('',#6054,1.);
#6054 = DIRECTION('',(0.,0.,1.));
#6055 = ORIENTED_EDGE('',*,*,#6056,.T.);
#6056 = EDGE_CURVE('',#6049,#6049,#6057,.T.);
#6057 = CIRCLE('',#6058,1.05);
#6058 = AXIS2_PLACEMENT_3D('',#6059,#6060,#6061);
#6059 = CARTESIAN_POINT('',(0.,-18.03122292025,3.));
#6060 = DIRECTION('',(0.,0.,1.));
#6061 = DIRECTION('',(1.,0.,0.));
#6062 = ORIENTED_EDGE('',*,*,#6048,.F.);
#6063 = ORIENTED_EDGE('',*,*,#1252,.F.);
#6064 = CYLINDRICAL_SURFACE('',#6065,1.05);
#6065 = AXIS2_PLACEMENT_3D('',#6066,#6067,#6068);
#6066 = CARTESIAN_POINT('',(0.,-18.03122292025,0.));
#6067 = DIRECTION('',(-0.,-0.,-1.));
#6068 = DIRECTION('',(1.,0.,0.));
#6069 = ADVANCED_FACE('',(#6070),#6089,.F.);
#6070 = FACE_BOUND('',#6071,.T.);
#6071 = EDGE_LOOP('',(#6072,#6080,#6087,#6088));
#6072 = ORIENTED_EDGE('',*,*,#6073,.T.);
#6073 = EDGE_CURVE('',#1264,#6074,#6076,.T.);
#6074 = VERTEX_POINT('',#6075);
#6075 = CARTESIAN_POINT('',(11.05,-10.,3.));
#6076 = LINE('',#6077,#6078);
#6077 = CARTESIAN_POINT('',(11.05,-10.,0.));
#6078 = VECTOR('',#6079,1.);
#6079 = DIRECTION('',(0.,0.,1.));
#6080 = ORIENTED_EDGE('',*,*,#6081,.T.);
#6081 = EDGE_CURVE('',#6074,#6074,#6082,.T.);
#6082 = CIRCLE('',#6083,1.05);
#6083 = AXIS2_PLACEMENT_3D('',#6084,#6085,#6086);
#6084 = CARTESIAN_POINT('',(10.,-10.,3.));
#6085 = DIRECTION('',(0.,0.,1.));
#6086 = DIRECTION('',(1.,0.,0.));
#6087 = ORIENTED_EDGE('',*,*,#6073,.F.);
#6088 = ORIENTED_EDGE('',*,*,#1263,.F.);
#6089 = CYLINDRICAL_SURFACE('',#6090,1.05);
#6090 = AXIS2_PLACEMENT_3D('',#6091,#6092,#6093);
#6091 = CARTESIAN_POINT('',(10.,-10.,0.));
#6092 = DIRECTION('',(-0.,-0.,-1.));
#6093 = DIRECTION('',(1.,0.,0.));
#6094 = ADVANCED_FACE('',(#6095),#6120,.F.);
#6095 = FACE_BOUND('',#6096,.F.);
#6096 = EDGE_LOOP('',(#6097,#6098,#6106,#6114));
#6097 = ORIENTED_EDGE('',*,*,#1274,.T.);
#6098 = ORIENTED_EDGE('',*,*,#6099,.T.);
#6099 = EDGE_CURVE('',#1277,#6100,#6102,.T.);
#6100 = VERTEX_POINT('',#6101);
#6101 = CARTESIAN_POINT('',(12.857005186642,-8.440143503411,3.));
#6102 = LINE('',#6103,#6104);
#6103 = CARTESIAN_POINT('',(12.857005186642,-8.440143503411,0.));
#6104 = VECTOR('',#6105,1.);
#6105 = DIRECTION('',(0.,0.,1.));
#6106 = ORIENTED_EDGE('',*,*,#6107,.F.);
#6107 = EDGE_CURVE('',#6108,#6100,#6110,.T.);
#6108 = VERTEX_POINT('',#6109);
#6109 = CARTESIAN_POINT('',(5.414383088659,-2.796836637907,3.));
#6110 = LINE('',#6111,#6112);
#6111 = CARTESIAN_POINT('',(7.592495073886,-4.448372099233,3.));
#6112 = VECTOR('',#6113,1.);
#6113 = DIRECTION('',(0.796836637907,-0.604194813358,0.));
#6114 = ORIENTED_EDGE('',*,*,#6115,.F.);
#6115 = EDGE_CURVE('',#1275,#6108,#6116,.T.);
#6116 = LINE('',#6117,#6118);
#6117 = CARTESIAN_POINT('',(5.414383088659,-2.796836637907,0.));
#6118 = VECTOR('',#6119,1.);
#6119 = DIRECTION('',(0.,0.,1.));
#6120 = PLANE('',#6121);
#6121 = AXIS2_PLACEMENT_3D('',#6122,#6123,#6124);
#6122 = CARTESIAN_POINT('',(14.4612,-9.656510999254,-1.));
#6123 = DIRECTION('',(-0.604194813358,-0.796836637907,0.));
#6124 = DIRECTION('',(-0.796836637907,0.604194813358,0.));
#6125 = ADVANCED_FACE('',(#6126),#6145,.F.);
#6126 = FACE_BOUND('',#6127,.T.);
#6127 = EDGE_LOOP('',(#6128,#6129,#6137,#6144));
#6128 = ORIENTED_EDGE('',*,*,#1318,.T.);
#6129 = ORIENTED_EDGE('',*,*,#6130,.T.);
#6130 = EDGE_CURVE('',#1311,#6131,#6133,.T.);
#6131 = VERTEX_POINT('',#6132);
#6132 = CARTESIAN_POINT('',(6.018577902017,-1.,3.));
#6133 = LINE('',#6134,#6135);
#6134 = CARTESIAN_POINT('',(6.018577902017,-1.,0.));
#6135 = VECTOR('',#6136,1.);
#6136 = DIRECTION('',(0.,0.,1.));
#6137 = ORIENTED_EDGE('',*,*,#6138,.F.);
#6138 = EDGE_CURVE('',#6108,#6131,#6139,.T.);
#6139 = CIRCLE('',#6140,1.);
#6140 = AXIS2_PLACEMENT_3D('',#6141,#6142,#6143);
#6141 = CARTESIAN_POINT('',(6.018577902017,-2.,3.));
#6142 = DIRECTION('',(-0.,-0.,-1.));
#6143 = DIRECTION('',(0.,-1.,0.));
#6144 = ORIENTED_EDGE('',*,*,#6115,.F.);
#6145 = CYLINDRICAL_SURFACE('',#6146,1.);
#6146 = AXIS2_PLACEMENT_3D('',#6147,#6148,#6149);
#6147 = CARTESIAN_POINT('',(6.018577902017,-2.,0.));
#6148 = DIRECTION('',(0.,0.,1.));
#6149 = DIRECTION('',(-0.604194813358,-0.796836637907,0.));
#6150 = ADVANCED_FACE('',(#6151),#6170,.F.);
#6151 = FACE_BOUND('',#6152,.F.);
#6152 = EDGE_LOOP('',(#6153,#6154,#6162,#6169));
#6153 = ORIENTED_EDGE('',*,*,#1284,.T.);
#6154 = ORIENTED_EDGE('',*,*,#6155,.T.);
#6155 = EDGE_CURVE('',#1285,#6156,#6158,.T.);
#6156 = VERTEX_POINT('',#6157);
#6157 = CARTESIAN_POINT('',(14.4612,-7.643306865504,3.));
#6158 = LINE('',#6159,#6160);
#6159 = CARTESIAN_POINT('',(14.4612,-7.643306865504,0.));
#6160 = VECTOR('',#6161,1.);
#6161 = DIRECTION('',(0.,0.,1.));
#6162 = ORIENTED_EDGE('',*,*,#6163,.F.);
#6163 = EDGE_CURVE('',#6100,#6156,#6164,.T.);
#6164 = CIRCLE('',#6165,1.);
#6165 = AXIS2_PLACEMENT_3D('',#6166,#6167,#6168);
#6166 = CARTESIAN_POINT('',(13.4612,-7.643306865504,3.));
#6167 = DIRECTION('',(-0.,0.,1.));
#6168 = DIRECTION('',(0.,-1.,0.));
#6169 = ORIENTED_EDGE('',*,*,#6099,.F.);
#6170 = CYLINDRICAL_SURFACE('',#6171,1.);
#6171 = AXIS2_PLACEMENT_3D('',#6172,#6173,#6174);
#6172 = CARTESIAN_POINT('',(13.4612,-7.643306865504,0.));
#6173 = DIRECTION('',(0.,0.,1.));
#6174 = DIRECTION('',(-0.604194813358,-0.796836637907,0.));
#6175 = ADVANCED_FACE('',(#6176),#6194,.T.);
#6176 = FACE_BOUND('',#6177,.T.);
#6177 = EDGE_LOOP('',(#6178,#6179,#6187,#6193));
#6178 = ORIENTED_EDGE('',*,*,#1310,.T.);
#6179 = ORIENTED_EDGE('',*,*,#6180,.T.);
#6180 = EDGE_CURVE('',#1302,#6181,#6183,.T.);
#6181 = VERTEX_POINT('',#6182);
#6182 = CARTESIAN_POINT('',(13.4612,-1.,3.));
#6183 = LINE('',#6184,#6185);
#6184 = CARTESIAN_POINT('',(13.4612,-1.,0.));
#6185 = VECTOR('',#6186,1.);
#6186 = DIRECTION('',(0.,0.,1.));
#6187 = ORIENTED_EDGE('',*,*,#6188,.F.);
#6188 = EDGE_CURVE('',#6131,#6181,#6189,.T.);
#6189 = LINE('',#6190,#6191);
#6190 = CARTESIAN_POINT('',(7.172370947502,-1.,3.));
#6191 = VECTOR('',#6192,1.);
#6192 = DIRECTION('',(1.,-1.2E-16,0.));
#6193 = ORIENTED_EDGE('',*,*,#6130,.F.);
#6194 = PLANE('',#6195);
#6195 = AXIS2_PLACEMENT_3D('',#6196,#6197,#6198);
#6196 = CARTESIAN_POINT('',(14.4612,-1.,-1.));
#6197 = DIRECTION('',(-1.2E-16,-1.,0.));
#6198 = DIRECTION('',(-1.,1.2E-16,0.));
#6199 = ADVANCED_FACE('',(#6200),#6218,.F.);
#6200 = FACE_BOUND('',#6201,.F.);
#6201 = EDGE_LOOP('',(#6202,#6203,#6211,#6217));
#6202 = ORIENTED_EDGE('',*,*,#1293,.T.);
#6203 = ORIENTED_EDGE('',*,*,#6204,.T.);
#6204 = EDGE_CURVE('',#1294,#6205,#6207,.T.);
#6205 = VERTEX_POINT('',#6206);
#6206 = CARTESIAN_POINT('',(14.4612,-2.,3.));
#6207 = LINE('',#6208,#6209);
#6208 = CARTESIAN_POINT('',(14.4612,-2.,0.));
#6209 = VECTOR('',#6210,1.);
#6210 = DIRECTION('',(0.,0.,1.));
#6211 = ORIENTED_EDGE('',*,*,#6212,.F.);
#6212 = EDGE_CURVE('',#6156,#6205,#6213,.T.);
#6213 = LINE('',#6214,#6215);
#6214 = CARTESIAN_POINT('',(14.4612,-0.674193345996,3.));
#6215 = VECTOR('',#6216,1.);
#6216 = DIRECTION('',(1.2E-16,1.,0.));
#6217 = ORIENTED_EDGE('',*,*,#6155,.F.);
#6218 = PLANE('',#6219);
#6219 = AXIS2_PLACEMENT_3D('',#6220,#6221,#6222);
#6220 = CARTESIAN_POINT('',(14.4612,-1.,-1.));
#6221 = DIRECTION('',(1.,-1.2E-16,0.));
#6222 = DIRECTION('',(-1.2E-16,-1.,0.));
#6223 = ADVANCED_FACE('',(#6224),#6236,.F.);
#6224 = FACE_BOUND('',#6225,.F.);
#6225 = EDGE_LOOP('',(#6226,#6227,#6228,#6235));
#6226 = ORIENTED_EDGE('',*,*,#1301,.T.);
#6227 = ORIENTED_EDGE('',*,*,#6180,.T.);
#6228 = ORIENTED_EDGE('',*,*,#6229,.F.);
#6229 = EDGE_CURVE('',#6205,#6181,#6230,.T.);
#6230 = CIRCLE('',#6231,1.);
#6231 = AXIS2_PLACEMENT_3D('',#6232,#6233,#6234);
#6232 = CARTESIAN_POINT('',(13.4612,-2.,3.));
#6233 = DIRECTION('',(-0.,0.,1.));
#6234 = DIRECTION('',(0.,-1.,0.));
#6235 = ORIENTED_EDGE('',*,*,#6204,.F.);
#6236 = CYLINDRICAL_SURFACE('',#6237,1.);
#6237 = AXIS2_PLACEMENT_3D('',#6238,#6239,#6240);
#6238 = CARTESIAN_POINT('',(13.4612,-2.,0.));
#6239 = DIRECTION('',(0.,0.,1.));
#6240 = DIRECTION('',(1.,-1.2E-16,0.));
#6241 = ADVANCED_FACE('',(#6242),#6261,.F.);
#6242 = FACE_BOUND('',#6243,.T.);
#6243 = EDGE_LOOP('',(#6244,#6252,#6259,#6260));
#6244 = ORIENTED_EDGE('',*,*,#6245,.T.);
#6245 = EDGE_CURVE('',#1328,#6246,#6248,.T.);
#6246 = VERTEX_POINT('',#6247);
#6247 = CARTESIAN_POINT('',(-5.15,-39.,3.));
#6248 = LINE('',#6249,#6250);
#6249 = CARTESIAN_POINT('',(-5.15,-39.,0.));
#6250 = VECTOR('',#6251,1.);
#6251 = DIRECTION('',(0.,0.,1.));
#6252 = ORIENTED_EDGE('',*,*,#6253,.T.);
#6253 = EDGE_CURVE('',#6246,#6246,#6254,.T.);
#6254 = CIRCLE('',#6255,1.05);
#6255 = AXIS2_PLACEMENT_3D('',#6256,#6257,#6258);
#6256 = CARTESIAN_POINT('',(-6.2,-39.,3.));
#6257 = DIRECTION('',(0.,0.,1.));
#6258 = DIRECTION('',(1.,0.,0.));
#6259 = ORIENTED_EDGE('',*,*,#6245,.F.);
#6260 = ORIENTED_EDGE('',*,*,#1327,.F.);
#6261 = CYLINDRICAL_SURFACE('',#6262,1.05);
#6262 = AXIS2_PLACEMENT_3D('',#6263,#6264,#6265);
#6263 = CARTESIAN_POINT('',(-6.2,-39.,0.));
#6264 = DIRECTION('',(-0.,-0.,-1.));
#6265 = DIRECTION('',(1.,0.,0.));
#6266 = ADVANCED_FACE('',(#6267),#6292,.F.);
#6267 = FACE_BOUND('',#6268,.F.);
#6268 = EDGE_LOOP('',(#6269,#6270,#6278,#6286));
#6269 = ORIENTED_EDGE('',*,*,#1338,.T.);
#6270 = ORIENTED_EDGE('',*,*,#6271,.T.);
#6271 = EDGE_CURVE('',#1341,#6272,#6274,.T.);
#6272 = VERTEX_POINT('',#6273);
#6273 = CARTESIAN_POINT('',(-7.262725559355,-35.07971062921,3.));
#6274 = LINE('',#6275,#6276);
#6275 = CARTESIAN_POINT('',(-7.262725559355,-35.07971062921,0.));
#6276 = VECTOR('',#6277,1.);
#6277 = DIRECTION('',(0.,0.,1.));
#6278 = ORIENTED_EDGE('',*,*,#6279,.F.);
#6279 = EDGE_CURVE('',#6280,#6272,#6282,.T.);
#6280 = VERTEX_POINT('',#6281);
#6281 = CARTESIAN_POINT('',(-8.175141658684,-21.58051443962,3.));
#6282 = LINE('',#6283,#6284);
#6283 = CARTESIAN_POINT('',(-8.306982641668,-19.62992709638,3.));
#6284 = VECTOR('',#6285,1.);
#6285 = DIRECTION('',(6.743653705027E-02,-0.997723565659,0.));
#6286 = ORIENTED_EDGE('',*,*,#6287,.F.);
#6287 = EDGE_CURVE('',#1339,#6280,#6288,.T.);
#6288 = LINE('',#6289,#6290);
#6289 = CARTESIAN_POINT('',(-8.175141658684,-21.58051443962,0.));
#6290 = VECTOR('',#6291,1.);
#6291 = DIRECTION('',(0.,0.,1.));
#6292 = PLANE('',#6293);
#6293 = AXIS2_PLACEMENT_3D('',#6294,#6295,#6296);
#6294 = CARTESIAN_POINT('',(-7.046910268664,-38.27269785498,-1.));
#6295 = DIRECTION('',(-0.997723565659,-6.743653705027E-02,0.));
#6296 = DIRECTION('',(-6.743653705027E-02,0.997723565659,0.));
#6297 = ADVANCED_FACE('',(#6298),#6317,.F.);
#6298 = FACE_BOUND('',#6299,.T.);
#6299 = EDGE_LOOP('',(#6300,#6301,#6309,#6316));
#6300 = ORIENTED_EDGE('',*,*,#1382,.T.);
#6301 = ORIENTED_EDGE('',*,*,#6302,.T.);
#6302 = EDGE_CURVE('',#1375,#6303,#6305,.T.);
#6303 = VERTEX_POINT('',#6304);
#6304 = CARTESIAN_POINT('',(-6.318802533806,-21.00045784691,3.));
#6305 = LINE('',#6306,#6307);
#6306 = CARTESIAN_POINT('',(-6.318802533806,-21.00045784691,0.));
#6307 = VECTOR('',#6308,1.);
#6308 = DIRECTION('',(0.,0.,1.));
#6309 = ORIENTED_EDGE('',*,*,#6310,.F.);
#6310 = EDGE_CURVE('',#6280,#6303,#6311,.T.);
#6311 = CIRCLE('',#6312,1.);
#6312 = AXIS2_PLACEMENT_3D('',#6313,#6314,#6315);
#6313 = CARTESIAN_POINT('',(-7.177418093026,-21.51307790257,3.));
#6314 = DIRECTION('',(-0.,-0.,-1.));
#6315 = DIRECTION('',(0.,-1.,0.));
#6316 = ORIENTED_EDGE('',*,*,#6287,.F.);
#6317 = CYLINDRICAL_SURFACE('',#6318,1.);
#6318 = AXIS2_PLACEMENT_3D('',#6319,#6320,#6321);
#6319 = CARTESIAN_POINT('',(-7.177418093026,-21.51307790257,0.));
#6320 = DIRECTION('',(0.,0.,1.));
#6321 = DIRECTION('',(-0.997723565659,-6.743653705027E-02,0.));
#6322 = ADVANCED_FACE('',(#6323),#6342,.F.);
#6323 = FACE_BOUND('',#6324,.F.);
#6324 = EDGE_LOOP('',(#6325,#6326,#6334,#6341));
#6325 = ORIENTED_EDGE('',*,*,#1348,.T.);
#6326 = ORIENTED_EDGE('',*,*,#6327,.T.);
#6327 = EDGE_CURVE('',#1349,#6328,#6330,.T.);
#6328 = VERTEX_POINT('',#6329);
#6329 = CARTESIAN_POINT('',(-5.406386434476,-35.52489414782,3.));
#6330 = LINE('',#6331,#6332);
#6331 = CARTESIAN_POINT('',(-5.406386434476,-35.52489414782,0.));
#6332 = VECTOR('',#6333,1.);
#6333 = DIRECTION('',(0.,0.,1.));
#6334 = ORIENTED_EDGE('',*,*,#6335,.F.);
#6335 = EDGE_CURVE('',#6272,#6328,#6336,.T.);
#6336 = CIRCLE('',#6337,1.);
#6337 = AXIS2_PLACEMENT_3D('',#6338,#6339,#6340);
#6338 = CARTESIAN_POINT('',(-6.265001993696,-35.01227409216,3.));
#6339 = DIRECTION('',(-0.,0.,1.));
#6340 = DIRECTION('',(0.,-1.,0.));
#6341 = ORIENTED_EDGE('',*,*,#6271,.F.);
#6342 = CYLINDRICAL_SURFACE('',#6343,1.);
#6343 = AXIS2_PLACEMENT_3D('',#6344,#6345,#6346);
#6344 = CARTESIAN_POINT('',(-6.265001993696,-35.01227409216,0.));
#6345 = DIRECTION('',(0.,0.,1.));
#6346 = DIRECTION('',(-0.997723565659,-6.743653705027E-02,0.));
#6347 = ADVANCED_FACE('',(#6348),#6366,.T.);
#6348 = FACE_BOUND('',#6349,.T.);
#6349 = EDGE_LOOP('',(#6350,#6351,#6359,#6365));
#6350 = ORIENTED_EDGE('',*,*,#1374,.T.);
#6351 = ORIENTED_EDGE('',*,*,#6352,.T.);
#6352 = EDGE_CURVE('',#1366,#6353,#6355,.T.);
#6353 = VERTEX_POINT('',#6354);
#6354 = CARTESIAN_POINT('',(-1.832875579236,-28.51418392569,3.));
#6355 = LINE('',#6356,#6357);
#6356 = CARTESIAN_POINT('',(-1.832875579236,-28.51418392569,0.));
#6357 = VECTOR('',#6358,1.);
#6358 = DIRECTION('',(0.,0.,1.));
#6359 = ORIENTED_EDGE('',*,*,#6360,.F.);
#6360 = EDGE_CURVE('',#6303,#6353,#6361,.T.);
#6361 = LINE('',#6362,#6363);
#6362 = CARTESIAN_POINT('',(-7.652828125005,-18.76602492461,3.));
#6363 = VECTOR('',#6364,1.);
#6364 = DIRECTION('',(0.51262005566,-0.85861555922,0.));
#6365 = ORIENTED_EDGE('',*,*,#6302,.F.);
#6366 = PLANE('',#6367);
#6367 = AXIS2_PLACEMENT_3D('',#6368,#6369,#6370);
#6368 = CARTESIAN_POINT('',(-1.526825544802,-29.02680398135,-1.));
#6369 = DIRECTION('',(-0.85861555922,-0.51262005566,0.));
#6370 = DIRECTION('',(-0.51262005566,0.85861555922,0.));
#6371 = ADVANCED_FACE('',(#6372),#6390,.F.);
#6372 = FACE_BOUND('',#6373,.F.);
#6373 = EDGE_LOOP('',(#6374,#6375,#6383,#6389));
#6374 = ORIENTED_EDGE('',*,*,#1357,.T.);
#6375 = ORIENTED_EDGE('',*,*,#6376,.T.);
#6376 = EDGE_CURVE('',#1358,#6377,#6379,.T.);
#6377 = VERTEX_POINT('',#6378);
#6378 = CARTESIAN_POINT('',(-1.832875579236,-29.53942403701,3.));
#6379 = LINE('',#6380,#6381);
#6380 = CARTESIAN_POINT('',(-1.832875579236,-29.53942403701,0.));
#6381 = VECTOR('',#6382,1.);
#6382 = DIRECTION('',(0.,0.,1.));
#6383 = ORIENTED_EDGE('',*,*,#6384,.F.);
#6384 = EDGE_CURVE('',#6328,#6377,#6385,.T.);
#6385 = LINE('',#6386,#6387);
#6386 = CARTESIAN_POINT('',(3.589771253284,-20.45673425313,3.));
#6387 = VECTOR('',#6388,1.);
#6388 = DIRECTION('',(0.51262005566,0.85861555922,0.));
#6389 = ORIENTED_EDGE('',*,*,#6327,.F.);
#6390 = PLANE('',#6391);
#6391 = AXIS2_PLACEMENT_3D('',#6392,#6393,#6394);
#6392 = CARTESIAN_POINT('',(-4.286867906733,-33.64975091817,1.5));
#6393 = DIRECTION('',(0.85861555922,-0.51262005566,0.));
#6394 = DIRECTION('',(0.51262005566,0.85861555922,0.));
#6395 = ADVANCED_FACE('',(#6396),#6408,.F.);
#6396 = FACE_BOUND('',#6397,.F.);
#6397 = EDGE_LOOP('',(#6398,#6399,#6400,#6407));
#6398 = ORIENTED_EDGE('',*,*,#1365,.T.);
#6399 = ORIENTED_EDGE('',*,*,#6352,.T.);
#6400 = ORIENTED_EDGE('',*,*,#6401,.F.);
#6401 = EDGE_CURVE('',#6377,#6353,#6402,.T.);
#6402 = CIRCLE('',#6403,1.);
#6403 = AXIS2_PLACEMENT_3D('',#6404,#6405,#6406);
#6404 = CARTESIAN_POINT('',(-2.691491138456,-29.02680398135,3.));
#6405 = DIRECTION('',(-0.,0.,1.));
#6406 = DIRECTION('',(0.,-1.,0.));
#6407 = ORIENTED_EDGE('',*,*,#6376,.F.);
#6408 = CYLINDRICAL_SURFACE('',#6409,1.);
#6409 = AXIS2_PLACEMENT_3D('',#6410,#6411,#6412);
#6410 = CARTESIAN_POINT('',(-2.691491138456,-29.02680398135,0.));
#6411 = DIRECTION('',(0.,0.,1.));
#6412 = DIRECTION('',(0.85861555922,-0.51262005566,0.));
#6413 = ADVANCED_FACE('',(#6414),#6433,.F.);
#6414 = FACE_BOUND('',#6415,.T.);
#6415 = EDGE_LOOP('',(#6416,#6424,#6431,#6432));
#6416 = ORIENTED_EDGE('',*,*,#6417,.T.);
#6417 = EDGE_CURVE('',#1392,#6418,#6420,.T.);
#6418 = VERTEX_POINT('',#6419);
#6419 = CARTESIAN_POINT('',(-45.06298253215,-38.9580547793,3.));
#6420 = LINE('',#6421,#6422);
#6421 = CARTESIAN_POINT('',(-45.06298253215,-38.9580547793,0.));
#6422 = VECTOR('',#6423,1.);
#6423 = DIRECTION('',(0.,0.,1.));
#6424 = ORIENTED_EDGE('',*,*,#6425,.T.);
#6425 = EDGE_CURVE('',#6418,#6418,#6426,.T.);
#6426 = CIRCLE('',#6427,1.05);
#6427 = AXIS2_PLACEMENT_3D('',#6428,#6429,#6430);
#6428 = CARTESIAN_POINT('',(-46.11298253215,-38.9580547793,3.));
#6429 = DIRECTION('',(0.,0.,1.));
#6430 = DIRECTION('',(1.,0.,0.));
#6431 = ORIENTED_EDGE('',*,*,#6417,.F.);
#6432 = ORIENTED_EDGE('',*,*,#1391,.F.);
#6433 = CYLINDRICAL_SURFACE('',#6434,1.05);
#6434 = AXIS2_PLACEMENT_3D('',#6435,#6436,#6437);
#6435 = CARTESIAN_POINT('',(-46.11298253215,-38.9580547793,0.));
#6436 = DIRECTION('',(-0.,-0.,-1.));
#6437 = DIRECTION('',(1.,0.,0.));
#6438 = ADVANCED_FACE('',(#6439),#6464,.F.);
#6439 = FACE_BOUND('',#6440,.F.);
#6440 = EDGE_LOOP('',(#6441,#6442,#6450,#6458));
#6441 = ORIENTED_EDGE('',*,*,#1402,.F.);
#6442 = ORIENTED_EDGE('',*,*,#6443,.T.);
#6443 = EDGE_CURVE('',#1403,#6444,#6446,.T.);
#6444 = VERTEX_POINT('',#6445);
#6445 = CARTESIAN_POINT('',(-52.53192008048,-39.02522118004,3.));
#6446 = LINE('',#6447,#6448);
#6447 = CARTESIAN_POINT('',(-52.53192008048,-39.02522118004,0.));
#6448 = VECTOR('',#6449,1.);
#6449 = DIRECTION('',(0.,0.,1.));
#6450 = ORIENTED_EDGE('',*,*,#6451,.T.);
#6451 = EDGE_CURVE('',#6444,#6452,#6454,.T.);
#6452 = VERTEX_POINT('',#6453);
#6453 = CARTESIAN_POINT('',(-52.44201989096,-37.20600043013,3.));
#6454 = LINE('',#6455,#6456);
#6455 = CARTESIAN_POINT('',(-52.57333521761,-39.86329813203,3.));
#6456 = VECTOR('',#6457,1.);
#6457 = DIRECTION('',(4.935663845666E-02,0.998781218406,0.));
#6458 = ORIENTED_EDGE('',*,*,#6459,.F.);
#6459 = EDGE_CURVE('',#1405,#6452,#6460,.T.);
#6460 = LINE('',#6461,#6462);
#6461 = CARTESIAN_POINT('',(-52.44201989096,-37.20600043013,0.));
#6462 = VECTOR('',#6463,1.);
#6463 = DIRECTION('',(0.,0.,1.));
#6464 = PLANE('',#6465);
#6465 = AXIS2_PLACEMENT_3D('',#6466,#6467,#6468);
#6466 = CARTESIAN_POINT('',(-52.57333521761,-39.86329813203,0.));
#6467 = DIRECTION('',(-0.998781218406,4.935663845666E-02,0.));
#6468 = DIRECTION('',(4.935663845666E-02,0.998781218406,0.));
#6469 = ADVANCED_FACE('',(#6470),#6489,.F.);
#6470 = FACE_BOUND('',#6471,.F.);
#6471 = EDGE_LOOP('',(#6472,#6473,#6481,#6488));
#6472 = ORIENTED_EDGE('',*,*,#1412,.T.);
#6473 = ORIENTED_EDGE('',*,*,#6474,.T.);
#6474 = EDGE_CURVE('',#1413,#6475,#6477,.T.);
#6475 = VERTEX_POINT('',#6476);
#6476 = CARTESIAN_POINT('',(-51.75518220075,-40.04961461562,3.));
#6477 = LINE('',#6478,#6479);
#6478 = CARTESIAN_POINT('',(-51.75518220075,-40.04961461562,0.));
#6479 = VECTOR('',#6480,1.);
#6480 = DIRECTION('',(0.,0.,1.));
#6481 = ORIENTED_EDGE('',*,*,#6482,.F.);
#6482 = EDGE_CURVE('',#6444,#6475,#6483,.T.);
#6483 = CIRCLE('',#6484,1.);
#6484 = AXIS2_PLACEMENT_3D('',#6485,#6486,#6487);
#6485 = CARTESIAN_POINT('',(-51.53313886208,-39.0745778185,3.));
#6486 = DIRECTION('',(-0.,0.,1.));
#6487 = DIRECTION('',(0.,-1.,0.));
#6488 = ORIENTED_EDGE('',*,*,#6443,.F.);
#6489 = CYLINDRICAL_SURFACE('',#6490,1.);
#6490 = AXIS2_PLACEMENT_3D('',#6491,#6492,#6493);
#6491 = CARTESIAN_POINT('',(-51.53313886208,-39.0745778185,0.));
#6492 = DIRECTION('',(0.,0.,1.));
#6493 = DIRECTION('',(-0.998781218406,4.935663845666E-02,0.));
#6494 = ADVANCED_FACE('',(#6495),#6514,.F.);
#6495 = FACE_BOUND('',#6496,.T.);
#6496 = EDGE_LOOP('',(#6497,#6498,#6506,#6513));
#6497 = ORIENTED_EDGE('',*,*,#1463,.T.);
#6498 = ORIENTED_EDGE('',*,*,#6499,.T.);
#6499 = EDGE_CURVE('',#1456,#6500,#6502,.T.);
#6500 = VERTEX_POINT('',#6501);
#6501 = CARTESIAN_POINT('',(-51.39388189241,-36.25657585718,3.));
#6502 = LINE('',#6503,#6504);
#6503 = CARTESIAN_POINT('',(-51.39388189241,-36.25657585718,0.));
#6504 = VECTOR('',#6505,1.);
#6505 = DIRECTION('',(0.,0.,1.));
#6506 = ORIENTED_EDGE('',*,*,#6507,.F.);
#6507 = EDGE_CURVE('',#6452,#6500,#6508,.T.);
#6508 = CIRCLE('',#6509,1.);
#6509 = AXIS2_PLACEMENT_3D('',#6510,#6511,#6512);
#6510 = CARTESIAN_POINT('',(-51.44323867255,-37.25535706858,3.));
#6511 = DIRECTION('',(-0.,-0.,-1.));
#6512 = DIRECTION('',(0.,-1.,0.));
#6513 = ORIENTED_EDGE('',*,*,#6459,.F.);
#6514 = CYLINDRICAL_SURFACE('',#6515,1.);
#6515 = AXIS2_PLACEMENT_3D('',#6516,#6517,#6518);
#6516 = CARTESIAN_POINT('',(-51.44323867255,-37.25535706858,0.));
#6517 = DIRECTION('',(0.,0.,1.));
#6518 = DIRECTION('',(-0.998781218406,4.935663845666E-02,0.));
#6519 = ADVANCED_FACE('',(#6520),#6538,.F.);
#6520 = FACE_BOUND('',#6521,.F.);
#6521 = EDGE_LOOP('',(#6522,#6523,#6531,#6537));
#6522 = ORIENTED_EDGE('',*,*,#1421,.F.);
#6523 = ORIENTED_EDGE('',*,*,#6524,.T.);
#6524 = EDGE_CURVE('',#1422,#6525,#6527,.T.);
#6525 = VERTEX_POINT('',#6526);
#6526 = CARTESIAN_POINT('',(-49.97921097097,-40.45405328134,3.));
#6527 = LINE('',#6528,#6529);
#6528 = CARTESIAN_POINT('',(-49.97921097097,-40.45405328134,0.));
#6529 = VECTOR('',#6530,1.);
#6530 = DIRECTION('',(0.,0.,1.));
#6531 = ORIENTED_EDGE('',*,*,#6532,.T.);
#6532 = EDGE_CURVE('',#6525,#6475,#6533,.T.);
#6533 = LINE('',#6534,#6535);
#6534 = CARTESIAN_POINT('',(-49.00417417384,-40.67609662002,3.));
#6535 = VECTOR('',#6536,1.);
#6536 = DIRECTION('',(-0.975036797125,0.222043338679,0.));
#6537 = ORIENTED_EDGE('',*,*,#6474,.F.);
#6538 = PLANE('',#6539);
#6539 = AXIS2_PLACEMENT_3D('',#6540,#6541,#6542);
#6540 = CARTESIAN_POINT('',(-49.00417417384,-40.67609662002,0.));
#6541 = DIRECTION('',(-0.222043338679,-0.975036797125,0.));
#6542 = DIRECTION('',(-0.975036797125,0.222043338679,0.));
#6543 = ADVANCED_FACE('',(#6544),#6562,.F.);
#6544 = FACE_BOUND('',#6545,.F.);
#6545 = EDGE_LOOP('',(#6546,#6547,#6548,#6556));
#6546 = ORIENTED_EDGE('',*,*,#1455,.F.);
#6547 = ORIENTED_EDGE('',*,*,#6499,.T.);
#6548 = ORIENTED_EDGE('',*,*,#6549,.T.);
#6549 = EDGE_CURVE('',#6500,#6550,#6552,.T.);
#6550 = VERTEX_POINT('',#6551);
#6551 = CARTESIAN_POINT('',(-49.22581958117,-36.36371501199,3.));
#6552 = LINE('',#6553,#6554);
#6553 = CARTESIAN_POINT('',(-52.3926632455,-36.20721907003,3.));
#6554 = VECTOR('',#6555,1.);
#6555 = DIRECTION('',(0.998781211404,-4.935678014257E-02,0.));
#6556 = ORIENTED_EDGE('',*,*,#6557,.F.);
#6557 = EDGE_CURVE('',#1447,#6550,#6558,.T.);
#6558 = LINE('',#6559,#6560);
#6559 = CARTESIAN_POINT('',(-49.22581958117,-36.36371501199,0.));
#6560 = VECTOR('',#6561,1.);
#6561 = DIRECTION('',(0.,0.,1.));
#6562 = PLANE('',#6563);
#6563 = AXIS2_PLACEMENT_3D('',#6564,#6565,#6566);
#6564 = CARTESIAN_POINT('',(-52.3926632455,-36.20721907003,0.));
#6565 = DIRECTION('',(4.935678014257E-02,0.998781211404,0.));
#6566 = DIRECTION('',(0.998781211404,-4.935678014257E-02,0.));
#6567 = ADVANCED_FACE('',(#6568),#6587,.F.);
#6568 = FACE_BOUND('',#6569,.F.);
#6569 = EDGE_LOOP('',(#6570,#6571,#6579,#6586));
#6570 = ORIENTED_EDGE('',*,*,#1429,.T.);
#6571 = ORIENTED_EDGE('',*,*,#6572,.T.);
#6572 = EDGE_CURVE('',#1430,#6573,#6575,.T.);
#6573 = VERTEX_POINT('',#6574);
#6574 = CARTESIAN_POINT('',(-48.78213083516,-39.7010598229,3.));
#6575 = LINE('',#6576,#6577);
#6576 = CARTESIAN_POINT('',(-48.78213083516,-39.7010598229,0.));
#6577 = VECTOR('',#6578,1.);
#6578 = DIRECTION('',(0.,0.,1.));
#6579 = ORIENTED_EDGE('',*,*,#6580,.F.);
#6580 = EDGE_CURVE('',#6525,#6573,#6581,.T.);
#6581 = CIRCLE('',#6582,1.);
#6582 = AXIS2_PLACEMENT_3D('',#6583,#6584,#6585);
#6583 = CARTESIAN_POINT('',(-49.75716763229,-39.47901648422,3.));
#6584 = DIRECTION('',(-0.,0.,1.));
#6585 = DIRECTION('',(0.,-1.,0.));
#6586 = ORIENTED_EDGE('',*,*,#6524,.F.);
#6587 = CYLINDRICAL_SURFACE('',#6588,1.);
#6588 = AXIS2_PLACEMENT_3D('',#6589,#6590,#6591);
#6589 = CARTESIAN_POINT('',(-49.75716763229,-39.47901648422,0.));
#6590 = DIRECTION('',(0.,0.,1.));
#6591 = DIRECTION('',(-0.222043338679,-0.975036797125,0.));
#6592 = ADVANCED_FACE('',(#6593),#6612,.F.);
#6593 = FACE_BOUND('',#6594,.T.);
#6594 = EDGE_LOOP('',(#6595,#6596,#6604,#6611));
#6595 = ORIENTED_EDGE('',*,*,#1446,.T.);
#6596 = ORIENTED_EDGE('',*,*,#6597,.T.);
#6597 = EDGE_CURVE('',#1439,#6598,#6600,.T.);
#6598 = VERTEX_POINT('',#6599);
#6599 = CARTESIAN_POINT('',(-48.30013956419,-37.58453956207,3.));
#6600 = LINE('',#6601,#6602);
#6601 = CARTESIAN_POINT('',(-48.30013956419,-37.58453956207,0.));
#6602 = VECTOR('',#6603,1.);
#6603 = DIRECTION('',(0.,0.,1.));
#6604 = ORIENTED_EDGE('',*,*,#6605,.F.);
#6605 = EDGE_CURVE('',#6550,#6598,#6606,.T.);
#6606 = CIRCLE('',#6607,1.);
#6607 = AXIS2_PLACEMENT_3D('',#6608,#6609,#6610);
#6608 = CARTESIAN_POINT('',(-49.27517636131,-37.36249622339,3.));
#6609 = DIRECTION('',(-0.,-0.,-1.));
#6610 = DIRECTION('',(0.,-1.,0.));
#6611 = ORIENTED_EDGE('',*,*,#6557,.F.);
#6612 = CYLINDRICAL_SURFACE('',#6613,1.);
#6613 = AXIS2_PLACEMENT_3D('',#6614,#6615,#6616);
#6614 = CARTESIAN_POINT('',(-49.27517636131,-37.36249622339,0.));
#6615 = DIRECTION('',(0.,0.,1.));
#6616 = DIRECTION('',(4.935678014257E-02,0.998781211404,0.));
#6617 = ADVANCED_FACE('',(#6618),#6629,.F.);
#6618 = FACE_BOUND('',#6619,.F.);
#6619 = EDGE_LOOP('',(#6620,#6621,#6622,#6628));
#6620 = ORIENTED_EDGE('',*,*,#1438,.F.);
#6621 = ORIENTED_EDGE('',*,*,#6597,.T.);
#6622 = ORIENTED_EDGE('',*,*,#6623,.T.);
#6623 = EDGE_CURVE('',#6598,#6573,#6624,.T.);
#6624 = LINE('',#6625,#6626);
#6625 = CARTESIAN_POINT('',(-48.03551865572,-36.42253612357,3.));
#6626 = VECTOR('',#6627,1.);
#6627 = DIRECTION('',(-0.222043338679,-0.975036797125,0.));
#6628 = ORIENTED_EDGE('',*,*,#6572,.F.);
#6629 = PLANE('',#6630);
#6630 = AXIS2_PLACEMENT_3D('',#6631,#6632,#6633);
#6631 = CARTESIAN_POINT('',(-48.03551865572,-36.42253612357,0.));
#6632 = DIRECTION('',(0.975036797125,-0.222043338679,0.));
#6633 = DIRECTION('',(-0.222043338679,-0.975036797125,0.));
#6634 = ADVANCED_FACE('',(#6635),#6654,.F.);
#6635 = FACE_BOUND('',#6636,.T.);
#6636 = EDGE_LOOP('',(#6637,#6645,#6652,#6653));
#6637 = ORIENTED_EDGE('',*,*,#6638,.T.);
#6638 = EDGE_CURVE('',#1473,#6639,#6641,.T.);
#6639 = VERTEX_POINT('',#6640);
#6640 = CARTESIAN_POINT('',(-39.99194522069,-35.11298253215,3.));
#6641 = LINE('',#6642,#6643);
#6642 = CARTESIAN_POINT('',(-39.99194522069,-35.11298253215,0.));
#6643 = VECTOR('',#6644,1.);
#6644 = DIRECTION('',(0.,0.,1.));
#6645 = ORIENTED_EDGE('',*,*,#6646,.T.);
#6646 = EDGE_CURVE('',#6639,#6639,#6647,.T.);
#6647 = CIRCLE('',#6648,1.05);
#6648 = AXIS2_PLACEMENT_3D('',#6649,#6650,#6651);
#6649 = CARTESIAN_POINT('',(-41.04194522069,-35.11298253215,3.));
#6650 = DIRECTION('',(0.,0.,1.));
#6651 = DIRECTION('',(1.,0.,0.));
#6652 = ORIENTED_EDGE('',*,*,#6638,.F.);
#6653 = ORIENTED_EDGE('',*,*,#1472,.F.);
#6654 = CYLINDRICAL_SURFACE('',#6655,1.05);
#6655 = AXIS2_PLACEMENT_3D('',#6656,#6657,#6658);
#6656 = CARTESIAN_POINT('',(-41.04194522069,-35.11298253215,0.));
#6657 = DIRECTION('',(-0.,-0.,-1.));
#6658 = DIRECTION('',(1.,0.,0.));
#6659 = ADVANCED_FACE('',(#6660),#6679,.F.);
#6660 = FACE_BOUND('',#6661,.T.);
#6661 = EDGE_LOOP('',(#6662,#6670,#6677,#6678));
#6662 = ORIENTED_EDGE('',*,*,#6663,.T.);
#6663 = EDGE_CURVE('',#1484,#6664,#6666,.T.);
#6664 = VERTEX_POINT('',#6665);
#6665 = CARTESIAN_POINT('',(-43.125,-34.5,3.));
#6666 = LINE('',#6667,#6668);
#6667 = CARTESIAN_POINT('',(-43.125,-34.5,0.));
#6668 = VECTOR('',#6669,1.);
#6669 = DIRECTION('',(0.,0.,1.));
#6670 = ORIENTED_EDGE('',*,*,#6671,.T.);
#6671 = EDGE_CURVE('',#6664,#6664,#6672,.T.);
#6672 = CIRCLE('',#6673,2.375);
#6673 = AXIS2_PLACEMENT_3D('',#6674,#6675,#6676);
#6674 = CARTESIAN_POINT('',(-45.5,-34.5,3.));
#6675 = DIRECTION('',(0.,0.,1.));
#6676 = DIRECTION('',(1.,0.,0.));
#6677 = ORIENTED_EDGE('',*,*,#6663,.F.);
#6678 = ORIENTED_EDGE('',*,*,#1483,.F.);
#6679 = CYLINDRICAL_SURFACE('',#6680,2.375);
#6680 = AXIS2_PLACEMENT_3D('',#6681,#6682,#6683);
#6681 = CARTESIAN_POINT('',(-45.5,-34.5,0.));
#6682 = DIRECTION('',(-0.,-0.,-1.));
#6683 = DIRECTION('',(1.,0.,0.));
#6684 = ADVANCED_FACE('',(#6685),#6704,.F.);
#6685 = FACE_BOUND('',#6686,.T.);
#6686 = EDGE_LOOP('',(#6687,#6695,#6702,#6703));
#6687 = ORIENTED_EDGE('',*,*,#6688,.T.);
#6688 = EDGE_CURVE('',#1495,#6689,#6691,.T.);
#6689 = VERTEX_POINT('',#6690);
#6690 = CARTESIAN_POINT('',(-48.9080547793,-33.88701746784,3.));
#6691 = LINE('',#6692,#6693);
#6692 = CARTESIAN_POINT('',(-48.9080547793,-33.88701746784,0.));
#6693 = VECTOR('',#6694,1.);
#6694 = DIRECTION('',(0.,0.,1.));
#6695 = ORIENTED_EDGE('',*,*,#6696,.T.);
#6696 = EDGE_CURVE('',#6689,#6689,#6697,.T.);
#6697 = CIRCLE('',#6698,1.05);
#6698 = AXIS2_PLACEMENT_3D('',#6699,#6700,#6701);
#6699 = CARTESIAN_POINT('',(-49.9580547793,-33.88701746784,3.));
#6700 = DIRECTION('',(0.,0.,1.));
#6701 = DIRECTION('',(1.,0.,0.));
#6702 = ORIENTED_EDGE('',*,*,#6688,.F.);
#6703 = ORIENTED_EDGE('',*,*,#1494,.F.);
#6704 = CYLINDRICAL_SURFACE('',#6705,1.05);
#6705 = AXIS2_PLACEMENT_3D('',#6706,#6707,#6708);
#6706 = CARTESIAN_POINT('',(-49.9580547793,-33.88701746784,0.));
#6707 = DIRECTION('',(-0.,-0.,-1.));
#6708 = DIRECTION('',(1.,0.,0.));
#6709 = ADVANCED_FACE('',(#6710),#6729,.F.);
#6710 = FACE_BOUND('',#6711,.T.);
#6711 = EDGE_LOOP('',(#6712,#6720,#6727,#6728));
#6712 = ORIENTED_EDGE('',*,*,#6713,.T.);
#6713 = EDGE_CURVE('',#1506,#6714,#6716,.T.);
#6714 = VERTEX_POINT('',#6715);
#6715 = CARTESIAN_POINT('',(-43.83701746784,-30.04194522069,3.));
#6716 = LINE('',#6717,#6718);
#6717 = CARTESIAN_POINT('',(-43.83701746784,-30.04194522069,0.));
#6718 = VECTOR('',#6719,1.);
#6719 = DIRECTION('',(0.,0.,1.));
#6720 = ORIENTED_EDGE('',*,*,#6721,.T.);
#6721 = EDGE_CURVE('',#6714,#6714,#6722,.T.);
#6722 = CIRCLE('',#6723,1.05);
#6723 = AXIS2_PLACEMENT_3D('',#6724,#6725,#6726);
#6724 = CARTESIAN_POINT('',(-44.88701746784,-30.04194522069,3.));
#6725 = DIRECTION('',(0.,0.,1.));
#6726 = DIRECTION('',(1.,0.,0.));
#6727 = ORIENTED_EDGE('',*,*,#6713,.F.);
#6728 = ORIENTED_EDGE('',*,*,#1505,.F.);
#6729 = CYLINDRICAL_SURFACE('',#6730,1.05);
#6730 = AXIS2_PLACEMENT_3D('',#6731,#6732,#6733);
#6731 = CARTESIAN_POINT('',(-44.88701746784,-30.04194522069,0.));
#6732 = DIRECTION('',(-0.,-0.,-1.));
#6733 = DIRECTION('',(1.,0.,0.));
#6734 = ADVANCED_FACE('',(#6735),#6754,.F.);
#6735 = FACE_BOUND('',#6736,.T.);
#6736 = EDGE_LOOP('',(#6737,#6745,#6752,#6753));
#6737 = ORIENTED_EDGE('',*,*,#6738,.T.);
#6738 = EDGE_CURVE('',#1517,#6739,#6741,.T.);
#6739 = VERTEX_POINT('',#6740);
#6740 = CARTESIAN_POINT('',(-8.95,-10.,3.));
#6741 = LINE('',#6742,#6743);
#6742 = CARTESIAN_POINT('',(-8.95,-10.,0.));
#6743 = VECTOR('',#6744,1.);
#6744 = DIRECTION('',(0.,0.,1.));
#6745 = ORIENTED_EDGE('',*,*,#6746,.T.);
#6746 = EDGE_CURVE('',#6739,#6739,#6747,.T.);
#6747 = CIRCLE('',#6748,1.05);
#6748 = AXIS2_PLACEMENT_3D('',#6749,#6750,#6751);
#6749 = CARTESIAN_POINT('',(-10.,-10.,3.));
#6750 = DIRECTION('',(0.,0.,1.));
#6751 = DIRECTION('',(1.,0.,0.));
#6752 = ORIENTED_EDGE('',*,*,#6738,.F.);
#6753 = ORIENTED_EDGE('',*,*,#1516,.F.);
#6754 = CYLINDRICAL_SURFACE('',#6755,1.05);
#6755 = AXIS2_PLACEMENT_3D('',#6756,#6757,#6758);
#6756 = CARTESIAN_POINT('',(-10.,-10.,0.));
#6757 = DIRECTION('',(-0.,-0.,-1.));
#6758 = DIRECTION('',(1.,0.,0.));
#6759 = ADVANCED_FACE('',(#6760),#6785,.F.);
#6760 = FACE_BOUND('',#6761,.F.);
#6761 = EDGE_LOOP('',(#6762,#6763,#6771,#6779));
#6762 = ORIENTED_EDGE('',*,*,#1527,.T.);
#6763 = ORIENTED_EDGE('',*,*,#6764,.T.);
#6764 = EDGE_CURVE('',#1530,#6765,#6767,.T.);
#6765 = VERTEX_POINT('',#6766);
#6766 = CARTESIAN_POINT('',(-13.4612,-1.,3.));
#6767 = LINE('',#6768,#6769);
#6768 = CARTESIAN_POINT('',(-13.4612,-1.,0.));
#6769 = VECTOR('',#6770,1.);
#6770 = DIRECTION('',(0.,0.,1.));
#6771 = ORIENTED_EDGE('',*,*,#6772,.F.);
#6772 = EDGE_CURVE('',#6773,#6765,#6775,.T.);
#6773 = VERTEX_POINT('',#6774);
#6774 = CARTESIAN_POINT('',(-6.018577902017,-1.,3.));
#6775 = LINE('',#6776,#6777);
#6776 = CARTESIAN_POINT('',(-7.288829052498,-1.,3.));
#6777 = VECTOR('',#6778,1.);
#6778 = DIRECTION('',(-1.,1.2E-16,0.));
#6779 = ORIENTED_EDGE('',*,*,#6780,.F.);
#6780 = EDGE_CURVE('',#1528,#6773,#6781,.T.);
#6781 = LINE('',#6782,#6783);
#6782 = CARTESIAN_POINT('',(-6.018577902017,-1.,0.));
#6783 = VECTOR('',#6784,1.);
#6784 = DIRECTION('',(0.,0.,1.));
#6785 = PLANE('',#6786);
#6786 = AXIS2_PLACEMENT_3D('',#6787,#6788,#6789);
#6787 = CARTESIAN_POINT('',(-14.4612,-1.,-1.));
#6788 = DIRECTION('',(1.2E-16,1.,0.));
#6789 = DIRECTION('',(1.,-1.2E-16,0.));
#6790 = ADVANCED_FACE('',(#6791),#6810,.F.);
#6791 = FACE_BOUND('',#6792,.T.);
#6792 = EDGE_LOOP('',(#6793,#6794,#6802,#6809));
#6793 = ORIENTED_EDGE('',*,*,#1571,.T.);
#6794 = ORIENTED_EDGE('',*,*,#6795,.T.);
#6795 = EDGE_CURVE('',#1564,#6796,#6798,.T.);
#6796 = VERTEX_POINT('',#6797);
#6797 = CARTESIAN_POINT('',(-5.414383088659,-2.796836637907,3.));
#6798 = LINE('',#6799,#6800);
#6799 = CARTESIAN_POINT('',(-5.414383088659,-2.796836637907,0.));
#6800 = VECTOR('',#6801,1.);
#6801 = DIRECTION('',(0.,0.,1.));
#6802 = ORIENTED_EDGE('',*,*,#6803,.F.);
#6803 = EDGE_CURVE('',#6773,#6796,#6804,.T.);
#6804 = CIRCLE('',#6805,1.);
#6805 = AXIS2_PLACEMENT_3D('',#6806,#6807,#6808);
#6806 = CARTESIAN_POINT('',(-6.018577902017,-2.,3.));
#6807 = DIRECTION('',(-0.,-0.,-1.));
#6808 = DIRECTION('',(0.,-1.,0.));
#6809 = ORIENTED_EDGE('',*,*,#6780,.F.);
#6810 = CYLINDRICAL_SURFACE('',#6811,1.);
#6811 = AXIS2_PLACEMENT_3D('',#6812,#6813,#6814);
#6812 = CARTESIAN_POINT('',(-6.018577902017,-2.,0.));
#6813 = DIRECTION('',(0.,0.,1.));
#6814 = DIRECTION('',(1.2E-16,1.,0.));
#6815 = ADVANCED_FACE('',(#6816),#6835,.F.);
#6816 = FACE_BOUND('',#6817,.F.);
#6817 = EDGE_LOOP('',(#6818,#6819,#6827,#6834));
#6818 = ORIENTED_EDGE('',*,*,#1537,.T.);
#6819 = ORIENTED_EDGE('',*,*,#6820,.T.);
#6820 = EDGE_CURVE('',#1538,#6821,#6823,.T.);
#6821 = VERTEX_POINT('',#6822);
#6822 = CARTESIAN_POINT('',(-14.4612,-2.,3.));
#6823 = LINE('',#6824,#6825);
#6824 = CARTESIAN_POINT('',(-14.4612,-2.,0.));
#6825 = VECTOR('',#6826,1.);
#6826 = DIRECTION('',(0.,0.,1.));
#6827 = ORIENTED_EDGE('',*,*,#6828,.F.);
#6828 = EDGE_CURVE('',#6765,#6821,#6829,.T.);
#6829 = CIRCLE('',#6830,1.);
#6830 = AXIS2_PLACEMENT_3D('',#6831,#6832,#6833);
#6831 = CARTESIAN_POINT('',(-13.4612,-2.,3.));
#6832 = DIRECTION('',(-0.,0.,1.));
#6833 = DIRECTION('',(0.,-1.,0.));
#6834 = ORIENTED_EDGE('',*,*,#6764,.F.);
#6835 = CYLINDRICAL_SURFACE('',#6836,1.);
#6836 = AXIS2_PLACEMENT_3D('',#6837,#6838,#6839);
#6837 = CARTESIAN_POINT('',(-13.4612,-2.,0.));
#6838 = DIRECTION('',(0.,0.,1.));
#6839 = DIRECTION('',(1.2E-16,1.,0.));
#6840 = ADVANCED_FACE('',(#6841),#6859,.T.);
#6841 = FACE_BOUND('',#6842,.T.);
#6842 = EDGE_LOOP('',(#6843,#6844,#6852,#6858));
#6843 = ORIENTED_EDGE('',*,*,#1563,.T.);
#6844 = ORIENTED_EDGE('',*,*,#6845,.T.);
#6845 = EDGE_CURVE('',#1555,#6846,#6848,.T.);
#6846 = VERTEX_POINT('',#6847);
#6847 = CARTESIAN_POINT('',(-12.85700518664,-8.440143503411,3.));
#6848 = LINE('',#6849,#6850);
#6849 = CARTESIAN_POINT('',(-12.85700518664,-8.440143503411,0.));
#6850 = VECTOR('',#6851,1.);
#6851 = DIRECTION('',(0.,0.,1.));
#6852 = ORIENTED_EDGE('',*,*,#6853,.F.);
#6853 = EDGE_CURVE('',#6796,#6846,#6854,.T.);
#6854 = LINE('',#6855,#6856);
#6855 = CARTESIAN_POINT('',(-7.666439987815,-4.504440220784,3.));
#6856 = VECTOR('',#6857,1.);
#6857 = DIRECTION('',(-0.796836637907,-0.604194813358,0.));
#6858 = ORIENTED_EDGE('',*,*,#6795,.F.);
#6859 = PLANE('',#6860);
#6860 = AXIS2_PLACEMENT_3D('',#6861,#6862,#6863);
#6861 = CARTESIAN_POINT('',(-14.4612,-9.656510999254,-1.));
#6862 = DIRECTION('',(-0.604194813358,0.796836637907,0.));
#6863 = DIRECTION('',(0.796836637907,0.604194813358,0.));
#6864 = ADVANCED_FACE('',(#6865),#6883,.F.);
#6865 = FACE_BOUND('',#6866,.F.);
#6866 = EDGE_LOOP('',(#6867,#6868,#6876,#6882));
#6867 = ORIENTED_EDGE('',*,*,#1546,.T.);
#6868 = ORIENTED_EDGE('',*,*,#6869,.T.);
#6869 = EDGE_CURVE('',#1547,#6870,#6872,.T.);
#6870 = VERTEX_POINT('',#6871);
#6871 = CARTESIAN_POINT('',(-14.4612,-7.643306865504,3.));
#6872 = LINE('',#6873,#6874);
#6873 = CARTESIAN_POINT('',(-14.4612,-7.643306865504,0.));
#6874 = VECTOR('',#6875,1.);
#6875 = DIRECTION('',(0.,0.,1.));
#6876 = ORIENTED_EDGE('',*,*,#6877,.F.);
#6877 = EDGE_CURVE('',#6821,#6870,#6878,.T.);
#6878 = LINE('',#6879,#6880);
#6879 = CARTESIAN_POINT('',(-14.4612,-5.002448845623,3.));
#6880 = VECTOR('',#6881,1.);
#6881 = DIRECTION('',(-1.2E-16,-1.,0.));
#6882 = ORIENTED_EDGE('',*,*,#6820,.F.);
#6883 = PLANE('',#6884);
#6884 = AXIS2_PLACEMENT_3D('',#6885,#6886,#6887);
#6885 = CARTESIAN_POINT('',(-14.4612,-9.656510999254,-1.));
#6886 = DIRECTION('',(-1.,1.2E-16,0.));
#6887 = DIRECTION('',(1.2E-16,1.,0.));
#6888 = ADVANCED_FACE('',(#6889),#6901,.F.);
#6889 = FACE_BOUND('',#6890,.F.);
#6890 = EDGE_LOOP('',(#6891,#6892,#6893,#6900));
#6891 = ORIENTED_EDGE('',*,*,#1554,.T.);
#6892 = ORIENTED_EDGE('',*,*,#6845,.T.);
#6893 = ORIENTED_EDGE('',*,*,#6894,.F.);
#6894 = EDGE_CURVE('',#6870,#6846,#6895,.T.);
#6895 = CIRCLE('',#6896,1.);
#6896 = AXIS2_PLACEMENT_3D('',#6897,#6898,#6899);
#6897 = CARTESIAN_POINT('',(-13.4612,-7.643306865504,3.));
#6898 = DIRECTION('',(-0.,0.,1.));
#6899 = DIRECTION('',(0.,-1.,0.));
#6900 = ORIENTED_EDGE('',*,*,#6869,.F.);
#6901 = CYLINDRICAL_SURFACE('',#6902,1.);
#6902 = AXIS2_PLACEMENT_3D('',#6903,#6904,#6905);
#6903 = CARTESIAN_POINT('',(-13.4612,-7.643306865504,0.));
#6904 = DIRECTION('',(0.,0.,1.));
#6905 = DIRECTION('',(-1.,1.2E-16,0.));
#6906 = ADVANCED_FACE('',(#6907),#6926,.F.);
#6907 = FACE_BOUND('',#6908,.T.);
#6908 = EDGE_LOOP('',(#6909,#6917,#6924,#6925));
#6909 = ORIENTED_EDGE('',*,*,#6910,.T.);
#6910 = EDGE_CURVE('',#1581,#6911,#6913,.T.);
#6911 = VERTEX_POINT('',#6912);
#6912 = CARTESIAN_POINT('',(19.081222920257,0.,3.));
#6913 = LINE('',#6914,#6915);
#6914 = CARTESIAN_POINT('',(19.081222920257,0.,0.));
#6915 = VECTOR('',#6916,1.);
#6916 = DIRECTION('',(0.,0.,1.));
#6917 = ORIENTED_EDGE('',*,*,#6918,.T.);
#6918 = EDGE_CURVE('',#6911,#6911,#6919,.T.);
#6919 = CIRCLE('',#6920,1.05);
#6920 = AXIS2_PLACEMENT_3D('',#6921,#6922,#6923);
#6921 = CARTESIAN_POINT('',(18.031222920257,0.,3.));
#6922 = DIRECTION('',(0.,0.,1.));
#6923 = DIRECTION('',(1.,0.,0.));
#6924 = ORIENTED_EDGE('',*,*,#6910,.F.);
#6925 = ORIENTED_EDGE('',*,*,#1580,.F.);
#6926 = CYLINDRICAL_SURFACE('',#6927,1.05);
#6927 = AXIS2_PLACEMENT_3D('',#6928,#6929,#6930);
#6928 = CARTESIAN_POINT('',(18.031222920257,0.,0.));
#6929 = DIRECTION('',(-0.,-0.,-1.));
#6930 = DIRECTION('',(1.,0.,0.));
#6931 = ADVANCED_FACE('',(#6932),#6957,.F.);
#6932 = FACE_BOUND('',#6933,.F.);
#6933 = EDGE_LOOP('',(#6934,#6935,#6943,#6951));
#6934 = ORIENTED_EDGE('',*,*,#1591,.T.);
#6935 = ORIENTED_EDGE('',*,*,#6936,.T.);
#6936 = EDGE_CURVE('',#1594,#6937,#6939,.T.);
#6937 = VERTEX_POINT('',#6938);
#6938 = CARTESIAN_POINT('',(5.414383088659,2.796836637907,3.));
#6939 = LINE('',#6940,#6941);
#6940 = CARTESIAN_POINT('',(5.414383088659,2.796836637907,0.));
#6941 = VECTOR('',#6942,1.);
#6942 = DIRECTION('',(0.,0.,1.));
#6943 = ORIENTED_EDGE('',*,*,#6944,.F.);
#6944 = EDGE_CURVE('',#6945,#6937,#6947,.T.);
#6945 = VERTEX_POINT('',#6946);
#6946 = CARTESIAN_POINT('',(12.857005186642,8.440143503411,3.));
#6947 = LINE('',#6948,#6949);
#6948 = CARTESIAN_POINT('',(1.716487202693,-7.062440462575E-03,3.));
#6949 = VECTOR('',#6950,1.);
#6950 = DIRECTION('',(-0.796836637907,-0.604194813358,0.));
#6951 = ORIENTED_EDGE('',*,*,#6952,.F.);
#6952 = EDGE_CURVE('',#1592,#6945,#6953,.T.);
#6953 = LINE('',#6954,#6955);
#6954 = CARTESIAN_POINT('',(12.857005186642,8.440143503411,0.));
#6955 = VECTOR('',#6956,1.);
#6956 = DIRECTION('',(0.,0.,1.));
#6957 = PLANE('',#6958);
#6958 = AXIS2_PLACEMENT_3D('',#6959,#6960,#6961);
#6959 = CARTESIAN_POINT('',(3.044642015477,1.,-1.));
#6960 = DIRECTION('',(-0.604194813358,0.796836637907,0.));
#6961 = DIRECTION('',(0.796836637907,0.604194813358,0.));
#6962 = ADVANCED_FACE('',(#6963),#6982,.F.);
#6963 = FACE_BOUND('',#6964,.T.);
#6964 = EDGE_LOOP('',(#6965,#6966,#6974,#6981));
#6965 = ORIENTED_EDGE('',*,*,#1635,.T.);
#6966 = ORIENTED_EDGE('',*,*,#6967,.T.);
#6967 = EDGE_CURVE('',#1628,#6968,#6970,.T.);
#6968 = VERTEX_POINT('',#6969);
#6969 = CARTESIAN_POINT('',(14.4612,7.643306865504,3.));
#6970 = LINE('',#6971,#6972);
#6971 = CARTESIAN_POINT('',(14.4612,7.643306865504,0.));
#6972 = VECTOR('',#6973,1.);
#6973 = DIRECTION('',(0.,0.,1.));
#6974 = ORIENTED_EDGE('',*,*,#6975,.F.);
#6975 = EDGE_CURVE('',#6945,#6968,#6976,.T.);
#6976 = CIRCLE('',#6977,1.);
#6977 = AXIS2_PLACEMENT_3D('',#6978,#6979,#6980);
#6978 = CARTESIAN_POINT('',(13.4612,7.643306865504,3.));
#6979 = DIRECTION('',(-0.,-0.,-1.));
#6980 = DIRECTION('',(0.,-1.,0.));
#6981 = ORIENTED_EDGE('',*,*,#6952,.F.);
#6982 = CYLINDRICAL_SURFACE('',#6983,1.);
#6983 = AXIS2_PLACEMENT_3D('',#6984,#6985,#6986);
#6984 = CARTESIAN_POINT('',(13.4612,7.643306865504,0.));
#6985 = DIRECTION('',(0.,0.,1.));
#6986 = DIRECTION('',(-0.604194813358,0.796836637907,0.));
#6987 = ADVANCED_FACE('',(#6988),#7007,.F.);
#6988 = FACE_BOUND('',#6989,.F.);
#6989 = EDGE_LOOP('',(#6990,#6991,#6999,#7006));
#6990 = ORIENTED_EDGE('',*,*,#1601,.T.);
#6991 = ORIENTED_EDGE('',*,*,#6992,.T.);
#6992 = EDGE_CURVE('',#1602,#6993,#6995,.T.);
#6993 = VERTEX_POINT('',#6994);
#6994 = CARTESIAN_POINT('',(6.018577902017,1.,3.));
#6995 = LINE('',#6996,#6997);
#6996 = CARTESIAN_POINT('',(6.018577902017,1.,0.));
#6997 = VECTOR('',#6998,1.);
#6998 = DIRECTION('',(0.,0.,1.));
#6999 = ORIENTED_EDGE('',*,*,#7000,.F.);
#7000 = EDGE_CURVE('',#6937,#6993,#7001,.T.);
#7001 = CIRCLE('',#7002,1.);
#7002 = AXIS2_PLACEMENT_3D('',#7003,#7004,#7005);
#7003 = CARTESIAN_POINT('',(6.018577902017,2.,3.));
#7004 = DIRECTION('',(-0.,0.,1.));
#7005 = DIRECTION('',(0.,-1.,0.));
#7006 = ORIENTED_EDGE('',*,*,#6936,.F.);
#7007 = CYLINDRICAL_SURFACE('',#7008,1.);
#7008 = AXIS2_PLACEMENT_3D('',#7009,#7010,#7011);
#7009 = CARTESIAN_POINT('',(6.018577902017,2.,0.));
#7010 = DIRECTION('',(0.,0.,1.));
#7011 = DIRECTION('',(-0.604194813358,0.796836637907,0.));
#7012 = ADVANCED_FACE('',(#7013),#7031,.T.);
#7013 = FACE_BOUND('',#7014,.T.);
#7014 = EDGE_LOOP('',(#7015,#7016,#7024,#7030));
#7015 = ORIENTED_EDGE('',*,*,#1627,.T.);
#7016 = ORIENTED_EDGE('',*,*,#7017,.T.);
#7017 = EDGE_CURVE('',#1619,#7018,#7020,.T.);
#7018 = VERTEX_POINT('',#7019);
#7019 = CARTESIAN_POINT('',(14.4612,2.,3.));
#7020 = LINE('',#7021,#7022);
#7021 = CARTESIAN_POINT('',(14.4612,2.,0.));
#7022 = VECTOR('',#7023,1.);
#7023 = DIRECTION('',(0.,0.,1.));
#7024 = ORIENTED_EDGE('',*,*,#7025,.F.);
#7025 = EDGE_CURVE('',#6968,#7018,#7026,.T.);
#7026 = LINE('',#7027,#7028);
#7027 = CARTESIAN_POINT('',(14.4612,0.325806654004,3.));
#7028 = VECTOR('',#7029,1.);
#7029 = DIRECTION('',(-1.2E-16,-1.,0.));
#7030 = ORIENTED_EDGE('',*,*,#6967,.F.);
#7031 = PLANE('',#7032);
#7032 = AXIS2_PLACEMENT_3D('',#7033,#7034,#7035);
#7033 = CARTESIAN_POINT('',(14.4612,1.,-1.));
#7034 = DIRECTION('',(-1.,1.2E-16,0.));
#7035 = DIRECTION('',(1.2E-16,1.,0.));
#7036 = ADVANCED_FACE('',(#7037),#7055,.F.);
#7037 = FACE_BOUND('',#7038,.F.);
#7038 = EDGE_LOOP('',(#7039,#7040,#7048,#7054));
#7039 = ORIENTED_EDGE('',*,*,#1610,.T.);
#7040 = ORIENTED_EDGE('',*,*,#7041,.T.);
#7041 = EDGE_CURVE('',#1611,#7042,#7044,.T.);
#7042 = VERTEX_POINT('',#7043);
#7043 = CARTESIAN_POINT('',(13.4612,1.,3.));
#7044 = LINE('',#7045,#7046);
#7045 = CARTESIAN_POINT('',(13.4612,1.,0.));
#7046 = VECTOR('',#7047,1.);
#7047 = DIRECTION('',(0.,0.,1.));
#7048 = ORIENTED_EDGE('',*,*,#7049,.F.);
#7049 = EDGE_CURVE('',#6993,#7042,#7050,.T.);
#7050 = LINE('',#7051,#7052);
#7051 = CARTESIAN_POINT('',(7.172370947502,1.,3.));
#7052 = VECTOR('',#7053,1.);
#7053 = DIRECTION('',(1.,-1.2E-16,0.));
#7054 = ORIENTED_EDGE('',*,*,#6992,.F.);
#7055 = PLANE('',#7056);
#7056 = AXIS2_PLACEMENT_3D('',#7057,#7058,#7059);
#7057 = CARTESIAN_POINT('',(14.4612,1.,-1.));
#7058 = DIRECTION('',(-1.2E-16,-1.,0.));
#7059 = DIRECTION('',(-1.,1.2E-16,0.));
#7060 = ADVANCED_FACE('',(#7061),#7073,.F.);
#7061 = FACE_BOUND('',#7062,.F.);
#7062 = EDGE_LOOP('',(#7063,#7064,#7065,#7072));
#7063 = ORIENTED_EDGE('',*,*,#1618,.T.);
#7064 = ORIENTED_EDGE('',*,*,#7017,.T.);
#7065 = ORIENTED_EDGE('',*,*,#7066,.F.);
#7066 = EDGE_CURVE('',#7042,#7018,#7067,.T.);
#7067 = CIRCLE('',#7068,1.);
#7068 = AXIS2_PLACEMENT_3D('',#7069,#7070,#7071);
#7069 = CARTESIAN_POINT('',(13.4612,2.,3.));
#7070 = DIRECTION('',(-0.,0.,1.));
#7071 = DIRECTION('',(0.,-1.,0.));
#7072 = ORIENTED_EDGE('',*,*,#7041,.F.);
#7073 = CYLINDRICAL_SURFACE('',#7074,1.);
#7074 = AXIS2_PLACEMENT_3D('',#7075,#7076,#7077);
#7075 = CARTESIAN_POINT('',(13.4612,2.,0.));
#7076 = DIRECTION('',(0.,0.,1.));
#7077 = DIRECTION('',(-1.2E-16,-1.,0.));
#7078 = ADVANCED_FACE('',(#7079),#7098,.F.);
#7079 = FACE_BOUND('',#7080,.T.);
#7080 = EDGE_LOOP('',(#7081,#7089,#7096,#7097));
#7081 = ORIENTED_EDGE('',*,*,#7082,.T.);
#7082 = EDGE_CURVE('',#1645,#7083,#7085,.T.);
#7083 = VERTEX_POINT('',#7084);
#7084 = CARTESIAN_POINT('',(11.05,10.,3.));
#7085 = LINE('',#7086,#7087);
#7086 = CARTESIAN_POINT('',(11.05,10.,0.));
#7087 = VECTOR('',#7088,1.);
#7088 = DIRECTION('',(0.,0.,1.));
#7089 = ORIENTED_EDGE('',*,*,#7090,.T.);
#7090 = EDGE_CURVE('',#7083,#7083,#7091,.T.);
#7091 = CIRCLE('',#7092,1.05);
#7092 = AXIS2_PLACEMENT_3D('',#7093,#7094,#7095);
#7093 = CARTESIAN_POINT('',(10.,10.,3.));
#7094 = DIRECTION('',(0.,0.,1.));
#7095 = DIRECTION('',(1.,0.,0.));
#7096 = ORIENTED_EDGE('',*,*,#7082,.F.);
#7097 = ORIENTED_EDGE('',*,*,#1644,.F.);
#7098 = CYLINDRICAL_SURFACE('',#7099,1.05);
#7099 = AXIS2_PLACEMENT_3D('',#7100,#7101,#7102);
#7100 = CARTESIAN_POINT('',(10.,10.,0.));
#7101 = DIRECTION('',(-0.,-0.,-1.));
#7102 = DIRECTION('',(1.,0.,0.));
#7103 = ADVANCED_FACE('',(#7104),#7123,.F.);
#7104 = FACE_BOUND('',#7105,.T.);
#7105 = EDGE_LOOP('',(#7106,#7114,#7121,#7122));
#7106 = ORIENTED_EDGE('',*,*,#7107,.T.);
#7107 = EDGE_CURVE('',#1656,#7108,#7110,.T.);
#7108 = VERTEX_POINT('',#7109);
#7109 = CARTESIAN_POINT('',(1.05,18.031222920257,3.));
#7110 = LINE('',#7111,#7112);
#7111 = CARTESIAN_POINT('',(1.05,18.031222920257,0.));
#7112 = VECTOR('',#7113,1.);
#7113 = DIRECTION('',(0.,0.,1.));
#7114 = ORIENTED_EDGE('',*,*,#7115,.T.);
#7115 = EDGE_CURVE('',#7108,#7108,#7116,.T.);
#7116 = CIRCLE('',#7117,1.05);
#7117 = AXIS2_PLACEMENT_3D('',#7118,#7119,#7120);
#7118 = CARTESIAN_POINT('',(0.,18.031222920257,3.));
#7119 = DIRECTION('',(0.,0.,1.));
#7120 = DIRECTION('',(1.,0.,0.));
#7121 = ORIENTED_EDGE('',*,*,#7107,.F.);
#7122 = ORIENTED_EDGE('',*,*,#1655,.F.);
#7123 = CYLINDRICAL_SURFACE('',#7124,1.05);
#7124 = AXIS2_PLACEMENT_3D('',#7125,#7126,#7127);
#7125 = CARTESIAN_POINT('',(0.,18.031222920257,0.));
#7126 = DIRECTION('',(-0.,-0.,-1.));
#7127 = DIRECTION('',(1.,0.,0.));
#7128 = ADVANCED_FACE('',(#7129),#7148,.F.);
#7129 = FACE_BOUND('',#7130,.T.);
#7130 = EDGE_LOOP('',(#7131,#7139,#7146,#7147));
#7131 = ORIENTED_EDGE('',*,*,#7132,.T.);
#7132 = EDGE_CURVE('',#1667,#7133,#7135,.T.);
#7133 = VERTEX_POINT('',#7134);
#7134 = CARTESIAN_POINT('',(45.937017467846,30.041945220696,3.));
#7135 = LINE('',#7136,#7137);
#7136 = CARTESIAN_POINT('',(45.937017467846,30.041945220696,0.));
#7137 = VECTOR('',#7138,1.);
#7138 = DIRECTION('',(0.,0.,1.));
#7139 = ORIENTED_EDGE('',*,*,#7140,.T.);
#7140 = EDGE_CURVE('',#7133,#7133,#7141,.T.);
#7141 = CIRCLE('',#7142,1.05);
#7142 = AXIS2_PLACEMENT_3D('',#7143,#7144,#7145);
#7143 = CARTESIAN_POINT('',(44.887017467846,30.041945220696,3.));
#7144 = DIRECTION('',(0.,0.,1.));
#7145 = DIRECTION('',(1.,0.,0.));
#7146 = ORIENTED_EDGE('',*,*,#7132,.F.);
#7147 = ORIENTED_EDGE('',*,*,#1666,.F.);
#7148 = CYLINDRICAL_SURFACE('',#7149,1.05);
#7149 = AXIS2_PLACEMENT_3D('',#7150,#7151,#7152);
#7150 = CARTESIAN_POINT('',(44.887017467846,30.041945220696,0.));
#7151 = DIRECTION('',(-0.,-0.,-1.));
#7152 = DIRECTION('',(1.,0.,0.));
#7153 = ADVANCED_FACE('',(#7154),#7173,.F.);
#7154 = FACE_BOUND('',#7155,.T.);
#7155 = EDGE_LOOP('',(#7156,#7164,#7171,#7172));
#7156 = ORIENTED_EDGE('',*,*,#7157,.T.);
#7157 = EDGE_CURVE('',#1678,#7158,#7160,.T.);
#7158 = VERTEX_POINT('',#7159);
#7159 = CARTESIAN_POINT('',(51.008054779304,33.887017467846,3.));
#7160 = LINE('',#7161,#7162);
#7161 = CARTESIAN_POINT('',(51.008054779304,33.887017467846,0.));
#7162 = VECTOR('',#7163,1.);
#7163 = DIRECTION('',(0.,0.,1.));
#7164 = ORIENTED_EDGE('',*,*,#7165,.T.);
#7165 = EDGE_CURVE('',#7158,#7158,#7166,.T.);
#7166 = CIRCLE('',#7167,1.05);
#7167 = AXIS2_PLACEMENT_3D('',#7168,#7169,#7170);
#7168 = CARTESIAN_POINT('',(49.958054779304,33.887017467846,3.));
#7169 = DIRECTION('',(0.,0.,1.));
#7170 = DIRECTION('',(1.,0.,0.));
#7171 = ORIENTED_EDGE('',*,*,#7157,.F.);
#7172 = ORIENTED_EDGE('',*,*,#1677,.F.);
#7173 = CYLINDRICAL_SURFACE('',#7174,1.05);
#7174 = AXIS2_PLACEMENT_3D('',#7175,#7176,#7177);
#7175 = CARTESIAN_POINT('',(49.958054779304,33.887017467846,0.));
#7176 = DIRECTION('',(-0.,-0.,-1.));
#7177 = DIRECTION('',(1.,0.,0.));
#7178 = ADVANCED_FACE('',(#7179),#7198,.F.);
#7179 = FACE_BOUND('',#7180,.T.);
#7180 = EDGE_LOOP('',(#7181,#7189,#7196,#7197));
#7181 = ORIENTED_EDGE('',*,*,#7182,.T.);
#7182 = EDGE_CURVE('',#1689,#7183,#7185,.T.);
#7183 = VERTEX_POINT('',#7184);
#7184 = CARTESIAN_POINT('',(47.875,34.5,3.));
#7185 = LINE('',#7186,#7187);
#7186 = CARTESIAN_POINT('',(47.875,34.5,0.));
#7187 = VECTOR('',#7188,1.);
#7188 = DIRECTION('',(0.,0.,1.));
#7189 = ORIENTED_EDGE('',*,*,#7190,.T.);
#7190 = EDGE_CURVE('',#7183,#7183,#7191,.T.);
#7191 = CIRCLE('',#7192,2.375);
#7192 = AXIS2_PLACEMENT_3D('',#7193,#7194,#7195);
#7193 = CARTESIAN_POINT('',(45.5,34.5,3.));
#7194 = DIRECTION('',(0.,0.,1.));
#7195 = DIRECTION('',(1.,0.,0.));
#7196 = ORIENTED_EDGE('',*,*,#7182,.F.);
#7197 = ORIENTED_EDGE('',*,*,#1688,.F.);
#7198 = CYLINDRICAL_SURFACE('',#7199,2.375);
#7199 = AXIS2_PLACEMENT_3D('',#7200,#7201,#7202);
#7200 = CARTESIAN_POINT('',(45.5,34.5,0.));
#7201 = DIRECTION('',(-0.,-0.,-1.));
#7202 = DIRECTION('',(1.,0.,0.));
#7203 = ADVANCED_FACE('',(#7204),#7223,.F.);
#7204 = FACE_BOUND('',#7205,.T.);
#7205 = EDGE_LOOP('',(#7206,#7214,#7221,#7222));
#7206 = ORIENTED_EDGE('',*,*,#7207,.T.);
#7207 = EDGE_CURVE('',#1700,#7208,#7210,.T.);
#7208 = VERTEX_POINT('',#7209);
#7209 = CARTESIAN_POINT('',(42.091945220696,35.112982532154,3.));
#7210 = LINE('',#7211,#7212);
#7211 = CARTESIAN_POINT('',(42.091945220696,35.112982532154,0.));
#7212 = VECTOR('',#7213,1.);
#7213 = DIRECTION('',(0.,0.,1.));
#7214 = ORIENTED_EDGE('',*,*,#7215,.T.);
#7215 = EDGE_CURVE('',#7208,#7208,#7216,.T.);
#7216 = CIRCLE('',#7217,1.05);
#7217 = AXIS2_PLACEMENT_3D('',#7218,#7219,#7220);
#7218 = CARTESIAN_POINT('',(41.041945220696,35.112982532154,3.));
#7219 = DIRECTION('',(0.,0.,1.));
#7220 = DIRECTION('',(1.,0.,0.));
#7221 = ORIENTED_EDGE('',*,*,#7207,.F.);
#7222 = ORIENTED_EDGE('',*,*,#1699,.F.);
#7223 = CYLINDRICAL_SURFACE('',#7224,1.05);
#7224 = AXIS2_PLACEMENT_3D('',#7225,#7226,#7227);
#7225 = CARTESIAN_POINT('',(41.041945220696,35.112982532154,0.));
#7226 = DIRECTION('',(-0.,-0.,-1.));
#7227 = DIRECTION('',(1.,0.,0.));
#7228 = ADVANCED_FACE('',(#7229),#7254,.F.);
#7229 = FACE_BOUND('',#7230,.F.);
#7230 = EDGE_LOOP('',(#7231,#7232,#7240,#7248));
#7231 = ORIENTED_EDGE('',*,*,#1710,.F.);
#7232 = ORIENTED_EDGE('',*,*,#7233,.T.);
#7233 = EDGE_CURVE('',#1711,#7234,#7236,.T.);
#7234 = VERTEX_POINT('',#7235);
#7235 = CARTESIAN_POINT('',(51.149902315329,36.268633041028,3.));
#7236 = LINE('',#7237,#7238);
#7237 = CARTESIAN_POINT('',(51.149902315329,36.268633041028,0.));
#7238 = VECTOR('',#7239,1.);
#7239 = DIRECTION('',(0.,0.,1.));
#7240 = ORIENTED_EDGE('',*,*,#7241,.T.);
#7241 = EDGE_CURVE('',#7234,#7242,#7244,.T.);
#7242 = VERTEX_POINT('',#7243);
#7243 = CARTESIAN_POINT('',(49.22581976098,36.363715172376,3.));
#7244 = LINE('',#7245,#7246);
#7245 = CARTESIAN_POINT('',(52.239880749683,36.214769721896,3.));
#7246 = VECTOR('',#7247,1.);
#7247 = DIRECTION('',(-0.998781218406,4.935663845666E-02,0.));
#7248 = ORIENTED_EDGE('',*,*,#7249,.F.);
#7249 = EDGE_CURVE('',#1713,#7242,#7250,.T.);
#7250 = LINE('',#7251,#7252);
#7251 = CARTESIAN_POINT('',(49.22581976098,36.363715172376,0.));
#7252 = VECTOR('',#7253,1.);
#7253 = DIRECTION('',(0.,0.,1.));
#7254 = PLANE('',#7255);
#7255 = AXIS2_PLACEMENT_3D('',#7256,#7257,#7258);
#7256 = CARTESIAN_POINT('',(52.239880749683,36.214769721896,0.));
#7257 = DIRECTION('',(-4.935663845666E-02,-0.998781218406,0.));
#7258 = DIRECTION('',(-0.998781218406,4.935663845666E-02,0.));
#7259 = ADVANCED_FACE('',(#7260),#7279,.F.);
#7260 = FACE_BOUND('',#7261,.F.);
#7261 = EDGE_LOOP('',(#7262,#7263,#7271,#7278));
#7262 = ORIENTED_EDGE('',*,*,#1720,.T.);
#7263 = ORIENTED_EDGE('',*,*,#7264,.T.);
#7264 = EDGE_CURVE('',#1721,#7265,#7267,.T.);
#7265 = VERTEX_POINT('',#7266);
#7266 = CARTESIAN_POINT('',(52.198541222599,37.305294956821,3.));
#7267 = LINE('',#7268,#7269);
#7268 = CARTESIAN_POINT('',(52.198541222599,37.305294956821,0.));
#7269 = VECTOR('',#7270,1.);
#7270 = DIRECTION('',(0.,0.,1.));
#7271 = ORIENTED_EDGE('',*,*,#7272,.F.);
#7272 = EDGE_CURVE('',#7234,#7265,#7273,.T.);
#7273 = CIRCLE('',#7274,1.);
#7274 = AXIS2_PLACEMENT_3D('',#7275,#7276,#7277);
#7275 = CARTESIAN_POINT('',(51.199258953785,37.267414259434,3.));
#7276 = DIRECTION('',(-0.,0.,1.));
#7277 = DIRECTION('',(0.,-1.,0.));
#7278 = ORIENTED_EDGE('',*,*,#7233,.F.);
#7279 = CYLINDRICAL_SURFACE('',#7280,1.);
#7280 = AXIS2_PLACEMENT_3D('',#7281,#7282,#7283);
#7281 = CARTESIAN_POINT('',(51.199258953785,37.267414259434,0.));
#7282 = DIRECTION('',(0.,0.,1.));
#7283 = DIRECTION('',(-4.935663845666E-02,-0.998781218406,0.));
#7284 = ADVANCED_FACE('',(#7285),#7304,.F.);
#7285 = FACE_BOUND('',#7286,.T.);
#7286 = EDGE_LOOP('',(#7287,#7288,#7296,#7303));
#7287 = ORIENTED_EDGE('',*,*,#1771,.T.);
#7288 = ORIENTED_EDGE('',*,*,#7289,.T.);
#7289 = EDGE_CURVE('',#1764,#7290,#7292,.T.);
#7290 = VERTEX_POINT('',#7291);
#7291 = CARTESIAN_POINT('',(48.300139602311,37.58453972946,3.));
#7292 = LINE('',#7293,#7294);
#7293 = CARTESIAN_POINT('',(48.300139602311,37.58453972946,0.));
#7294 = VECTOR('',#7295,1.);
#7295 = DIRECTION('',(0.,0.,1.));
#7296 = ORIENTED_EDGE('',*,*,#7297,.F.);
#7297 = EDGE_CURVE('',#7242,#7290,#7298,.T.);
#7298 = CIRCLE('',#7299,1.);
#7299 = AXIS2_PLACEMENT_3D('',#7300,#7301,#7302);
#7300 = CARTESIAN_POINT('',(49.275176399436,37.362496390782,3.));
#7301 = DIRECTION('',(-0.,-0.,-1.));
#7302 = DIRECTION('',(0.,-1.,0.));
#7303 = ORIENTED_EDGE('',*,*,#7249,.F.);
#7304 = CYLINDRICAL_SURFACE('',#7305,1.);
#7305 = AXIS2_PLACEMENT_3D('',#7306,#7307,#7308);
#7306 = CARTESIAN_POINT('',(49.275176399436,37.362496390782,0.));
#7307 = DIRECTION('',(0.,0.,1.));
#7308 = DIRECTION('',(-4.935663845666E-02,-0.998781218406,0.));
#7309 = ADVANCED_FACE('',(#7310),#7328,.F.);
#7310 = FACE_BOUND('',#7311,.F.);
#7311 = EDGE_LOOP('',(#7312,#7313,#7321,#7327));
#7312 = ORIENTED_EDGE('',*,*,#1729,.F.);
#7313 = ORIENTED_EDGE('',*,*,#7314,.T.);
#7314 = EDGE_CURVE('',#1730,#7315,#7317,.T.);
#7315 = VERTEX_POINT('',#7316);
#7316 = CARTESIAN_POINT('',(52.14127819873,38.815877611279,3.));
#7317 = LINE('',#7318,#7319);
#7318 = CARTESIAN_POINT('',(52.14127819873,38.815877611279,0.));
#7319 = VECTOR('',#7320,1.);
#7320 = DIRECTION('',(0.,0.,1.));
#7321 = ORIENTED_EDGE('',*,*,#7322,.T.);
#7322 = EDGE_CURVE('',#7315,#7265,#7323,.T.);
#7323 = LINE('',#7324,#7325);
#7324 = CARTESIAN_POINT('',(52.114753848868,39.515582588702,3.));
#7325 = VECTOR('',#7326,1.);
#7326 = DIRECTION('',(3.788069738642E-02,-0.999282268814,0.));
#7327 = ORIENTED_EDGE('',*,*,#7264,.F.);
#7328 = PLANE('',#7329);
#7329 = AXIS2_PLACEMENT_3D('',#7330,#7331,#7332);
#7330 = CARTESIAN_POINT('',(52.114753848868,39.515582588702,0.));
#7331 = DIRECTION('',(0.999282268814,3.788069738642E-02,0.));
#7332 = DIRECTION('',(3.788069738642E-02,-0.999282268814,0.));
#7333 = ADVANCED_FACE('',(#7334),#7352,.F.);
#7334 = FACE_BOUND('',#7335,.F.);
#7335 = EDGE_LOOP('',(#7336,#7337,#7338,#7346));
#7336 = ORIENTED_EDGE('',*,*,#1763,.F.);
#7337 = ORIENTED_EDGE('',*,*,#7289,.T.);
#7338 = ORIENTED_EDGE('',*,*,#7339,.T.);
#7339 = EDGE_CURVE('',#7290,#7340,#7342,.T.);
#7340 = VERTEX_POINT('',#7341);
#7341 = CARTESIAN_POINT('',(48.727890651678,39.462880307581,3.));
#7342 = LINE('',#7343,#7344);
#7343 = CARTESIAN_POINT('',(48.035518655729,36.422536123575,3.));
#7344 = VECTOR('',#7345,1.);
#7345 = DIRECTION('',(0.222043338679,0.975036797125,0.));
#7346 = ORIENTED_EDGE('',*,*,#7347,.F.);
#7347 = EDGE_CURVE('',#1755,#7340,#7348,.T.);
#7348 = LINE('',#7349,#7350);
#7349 = CARTESIAN_POINT('',(48.727890651678,39.462880307581,0.));
#7350 = VECTOR('',#7351,1.);
#7351 = DIRECTION('',(0.,0.,1.));
#7352 = PLANE('',#7353);
#7353 = AXIS2_PLACEMENT_3D('',#7354,#7355,#7356);
#7354 = CARTESIAN_POINT('',(48.035518655729,36.422536123575,0.));
#7355 = DIRECTION('',(-0.975036797125,0.222043338679,0.));
#7356 = DIRECTION('',(0.222043338679,0.975036797125,0.));
#7357 = ADVANCED_FACE('',(#7358),#7377,.F.);
#7358 = FACE_BOUND('',#7359,.F.);
#7359 = EDGE_LOOP('',(#7360,#7361,#7369,#7376));
#7360 = ORIENTED_EDGE('',*,*,#1737,.T.);
#7361 = ORIENTED_EDGE('',*,*,#7362,.T.);
#7362 = EDGE_CURVE('',#1738,#7363,#7365,.T.);
#7363 = VERTEX_POINT('',#7364);
#7364 = CARTESIAN_POINT('',(51.448174382915,39.729971049529,3.));
#7365 = LINE('',#7366,#7367);
#7366 = CARTESIAN_POINT('',(51.448174382915,39.729971049529,0.));
#7367 = VECTOR('',#7368,1.);
#7368 = DIRECTION('',(0.,0.,1.));
#7369 = ORIENTED_EDGE('',*,*,#7370,.F.);
#7370 = EDGE_CURVE('',#7315,#7363,#7371,.T.);
#7371 = CIRCLE('',#7372,1.);
#7372 = AXIS2_PLACEMENT_3D('',#7373,#7374,#7375);
#7373 = CARTESIAN_POINT('',(51.141995929917,38.777996913893,3.));
#7374 = DIRECTION('',(-0.,0.,1.));
#7375 = DIRECTION('',(0.,-1.,0.));
#7376 = ORIENTED_EDGE('',*,*,#7314,.F.);
#7377 = CYLINDRICAL_SURFACE('',#7378,1.);
#7378 = AXIS2_PLACEMENT_3D('',#7379,#7380,#7381);
#7379 = CARTESIAN_POINT('',(51.141995929917,38.777996913893,0.));
#7380 = DIRECTION('',(0.,0.,1.));
#7381 = DIRECTION('',(0.999282268814,3.788069738642E-02,0.));
#7382 = ADVANCED_FACE('',(#7383),#7402,.F.);
#7383 = FACE_BOUND('',#7384,.T.);
#7384 = EDGE_LOOP('',(#7385,#7386,#7394,#7401));
#7385 = ORIENTED_EDGE('',*,*,#1754,.T.);
#7386 = ORIENTED_EDGE('',*,*,#7387,.T.);
#7387 = EDGE_CURVE('',#1747,#7388,#7390,.T.);
#7388 = VERTEX_POINT('',#7389);
#7389 = CARTESIAN_POINT('',(50.009105901802,40.192811104538,3.));
#7390 = LINE('',#7391,#7392);
#7391 = CARTESIAN_POINT('',(50.009105901802,40.192811104538,0.));
#7392 = VECTOR('',#7393,1.);
#7393 = DIRECTION('',(0.,0.,1.));
#7394 = ORIENTED_EDGE('',*,*,#7395,.F.);
#7395 = EDGE_CURVE('',#7340,#7388,#7396,.T.);
#7396 = CIRCLE('',#7397,1.);
#7397 = AXIS2_PLACEMENT_3D('',#7398,#7399,#7400);
#7398 = CARTESIAN_POINT('',(49.702927448804,39.240836968903,3.));
#7399 = DIRECTION('',(-0.,-0.,-1.));
#7400 = DIRECTION('',(0.,-1.,0.));
#7401 = ORIENTED_EDGE('',*,*,#7347,.F.);
#7402 = CYLINDRICAL_SURFACE('',#7403,1.);
#7403 = AXIS2_PLACEMENT_3D('',#7404,#7405,#7406);
#7404 = CARTESIAN_POINT('',(49.702927448804,39.240836968903,0.));
#7405 = DIRECTION('',(0.,0.,1.));
#7406 = DIRECTION('',(-0.975036797125,0.222043338679,0.));
#7407 = ADVANCED_FACE('',(#7408),#7419,.F.);
#7408 = FACE_BOUND('',#7409,.F.);
#7409 = EDGE_LOOP('',(#7410,#7411,#7412,#7418));
#7410 = ORIENTED_EDGE('',*,*,#1746,.F.);
#7411 = ORIENTED_EDGE('',*,*,#7387,.T.);
#7412 = ORIENTED_EDGE('',*,*,#7413,.T.);
#7413 = EDGE_CURVE('',#7388,#7363,#7414,.T.);
#7414 = LINE('',#7415,#7416);
#7415 = CARTESIAN_POINT('',(48.970208434784,40.52694625314,3.));
#7416 = VECTOR('',#7417,1.);
#7417 = DIRECTION('',(0.951974135636,-0.306178452998,0.));
#7418 = ORIENTED_EDGE('',*,*,#7362,.F.);
#7419 = PLANE('',#7420);
#7420 = AXIS2_PLACEMENT_3D('',#7421,#7422,#7423);
#7421 = CARTESIAN_POINT('',(48.970208434784,40.52694625314,0.));
#7422 = DIRECTION('',(0.306178452998,0.951974135636,0.));
#7423 = DIRECTION('',(0.951974135636,-0.306178452998,0.));
#7424 = ADVANCED_FACE('',(#7425),#7444,.F.);
#7425 = FACE_BOUND('',#7426,.T.);
#7426 = EDGE_LOOP('',(#7427,#7435,#7442,#7443));
#7427 = ORIENTED_EDGE('',*,*,#7428,.T.);
#7428 = EDGE_CURVE('',#1781,#7429,#7431,.T.);
#7429 = VERTEX_POINT('',#7430);
#7430 = CARTESIAN_POINT('',(47.162982532154,38.958054779304,3.));
#7431 = LINE('',#7432,#7433);
#7432 = CARTESIAN_POINT('',(47.162982532154,38.958054779304,0.));
#7433 = VECTOR('',#7434,1.);
#7434 = DIRECTION('',(0.,0.,1.));
#7435 = ORIENTED_EDGE('',*,*,#7436,.T.);
#7436 = EDGE_CURVE('',#7429,#7429,#7437,.T.);
#7437 = CIRCLE('',#7438,1.05);
#7438 = AXIS2_PLACEMENT_3D('',#7439,#7440,#7441);
#7439 = CARTESIAN_POINT('',(46.112982532154,38.958054779304,3.));
#7440 = DIRECTION('',(0.,0.,1.));
#7441 = DIRECTION('',(1.,0.,0.));
#7442 = ORIENTED_EDGE('',*,*,#7428,.F.);
#7443 = ORIENTED_EDGE('',*,*,#1780,.F.);
#7444 = CYLINDRICAL_SURFACE('',#7445,1.05);
#7445 = AXIS2_PLACEMENT_3D('',#7446,#7447,#7448);
#7446 = CARTESIAN_POINT('',(46.112982532154,38.958054779304,0.));
#7447 = DIRECTION('',(-0.,-0.,-1.));
#7448 = DIRECTION('',(1.,0.,0.));
#7449 = ADVANCED_FACE('',(#7450),#7476,.T.);
#7450 = FACE_BOUND('',#7451,.F.);
#7451 = EDGE_LOOP('',(#7452,#7453,#7461,#7470));
#7452 = ORIENTED_EDGE('',*,*,#1791,.T.);
#7453 = ORIENTED_EDGE('',*,*,#7454,.T.);
#7454 = EDGE_CURVE('',#1794,#7455,#7457,.T.);
#7455 = VERTEX_POINT('',#7456);
#7456 = CARTESIAN_POINT('',(2.397647351197,18.137441137506,3.));
#7457 = LINE('',#7458,#7459);
#7458 = CARTESIAN_POINT('',(2.397647351197,18.137441137506,0.));
#7459 = VECTOR('',#7460,1.);
#7460 = DIRECTION('',(0.,0.,1.));
#7461 = ORIENTED_EDGE('',*,*,#7462,.F.);
#7462 = EDGE_CURVE('',#7463,#7455,#7465,.T.);
#7463 = VERTEX_POINT('',#7464);
#7464 = CARTESIAN_POINT('',(-2.397647351197,18.137441137506,3.));
#7465 = CIRCLE('',#7466,2.4);
#7466 = AXIS2_PLACEMENT_3D('',#7467,#7468,#7469);
#7467 = CARTESIAN_POINT('',(2.21E-15,18.0312,3.));
#7468 = DIRECTION('',(0.,0.,-1.));
#7469 = DIRECTION('',(-1.,1.2E-16,0.));
#7470 = ORIENTED_EDGE('',*,*,#7471,.F.);
#7471 = EDGE_CURVE('',#1792,#7463,#7472,.T.);
#7472 = LINE('',#7473,#7474);
#7473 = CARTESIAN_POINT('',(-2.397647351197,18.137441137506,0.));
#7474 = VECTOR('',#7475,1.);
#7475 = DIRECTION('',(0.,0.,1.));
#7476 = CYLINDRICAL_SURFACE('',#7477,2.4);
#7477 = AXIS2_PLACEMENT_3D('',#7478,#7479,#7480);
#7478 = CARTESIAN_POINT('',(2.21E-15,18.0312,-1.));
#7479 = DIRECTION('',(-0.,-0.,-1.));
#7480 = DIRECTION('',(-1.,1.2E-16,0.));
#7481 = ADVANCED_FACE('',(#7482),#7501,.F.);
#7482 = FACE_BOUND('',#7483,.T.);
#7483 = EDGE_LOOP('',(#7484,#7485,#7493,#7500));
#7484 = ORIENTED_EDGE('',*,*,#1870,.T.);
#7485 = ORIENTED_EDGE('',*,*,#7486,.T.);
#7486 = EDGE_CURVE('',#1863,#7487,#7489,.T.);
#7487 = VERTEX_POINT('',#7488);
#7488 = CARTESIAN_POINT('',(-3.174623742183,17.206671481009,3.));
#7489 = LINE('',#7490,#7491);
#7490 = CARTESIAN_POINT('',(-3.174623742183,17.206671481009,0.));
#7491 = VECTOR('',#7492,1.);
#7492 = DIRECTION('',(0.,0.,1.));
#7493 = ORIENTED_EDGE('',*,*,#7494,.F.);
#7494 = EDGE_CURVE('',#7463,#7487,#7495,.T.);
#7495 = CIRCLE('',#7496,1.);
#7496 = AXIS2_PLACEMENT_3D('',#7497,#7498,#7499);
#7497 = CARTESIAN_POINT('',(-3.396667080862,18.181708278134,3.));
#7498 = DIRECTION('',(-0.,-0.,-1.));
#7499 = DIRECTION('',(0.,-1.,0.));
#7500 = ORIENTED_EDGE('',*,*,#7471,.F.);
#7501 = CYLINDRICAL_SURFACE('',#7502,1.);
#7502 = AXIS2_PLACEMENT_3D('',#7503,#7504,#7505);
#7503 = CARTESIAN_POINT('',(-3.396667080862,18.181708278134,0.));
#7504 = DIRECTION('',(0.,0.,1.));
#7505 = DIRECTION('',(0.999019729665,-4.426714062769E-02,0.));
#7506 = ADVANCED_FACE('',(#7507),#7526,.F.);
#7507 = FACE_BOUND('',#7508,.F.);
#7508 = EDGE_LOOP('',(#7509,#7510,#7518,#7525));
#7509 = ORIENTED_EDGE('',*,*,#1802,.T.);
#7510 = ORIENTED_EDGE('',*,*,#7511,.T.);
#7511 = EDGE_CURVE('',#1803,#7512,#7514,.T.);
#7512 = VERTEX_POINT('',#7513);
#7513 = CARTESIAN_POINT('',(3.174623742183,17.206671481009,3.));
#7514 = LINE('',#7515,#7516);
#7515 = CARTESIAN_POINT('',(3.174623742183,17.206671481009,0.));
#7516 = VECTOR('',#7517,1.);
#7517 = DIRECTION('',(0.,0.,1.));
#7518 = ORIENTED_EDGE('',*,*,#7519,.F.);
#7519 = EDGE_CURVE('',#7455,#7512,#7520,.T.);
#7520 = CIRCLE('',#7521,1.);
#7521 = AXIS2_PLACEMENT_3D('',#7522,#7523,#7524);
#7522 = CARTESIAN_POINT('',(3.396667080862,18.181708278134,3.));
#7523 = DIRECTION('',(-0.,0.,1.));
#7524 = DIRECTION('',(0.,-1.,0.));
#7525 = ORIENTED_EDGE('',*,*,#7454,.F.);
#7526 = CYLINDRICAL_SURFACE('',#7527,1.);
#7527 = AXIS2_PLACEMENT_3D('',#7528,#7529,#7530);
#7528 = CARTESIAN_POINT('',(3.396667080862,18.181708278134,0.));
#7529 = DIRECTION('',(0.,0.,1.));
#7530 = DIRECTION('',(-0.999019729665,-4.426714062769E-02,0.));
#7531 = ADVANCED_FACE('',(#7532),#7550,.F.);
#7532 = FACE_BOUND('',#7533,.F.);
#7533 = EDGE_LOOP('',(#7534,#7535,#7536,#7544));
#7534 = ORIENTED_EDGE('',*,*,#1862,.T.);
#7535 = ORIENTED_EDGE('',*,*,#7486,.T.);
#7536 = ORIENTED_EDGE('',*,*,#7537,.F.);
#7537 = EDGE_CURVE('',#7538,#7487,#7540,.T.);
#7538 = VERTEX_POINT('',#7539);
#7539 = CARTESIAN_POINT('',(-6.296981419278,16.495622702936,3.));
#7540 = LINE('',#7541,#7542);
#7541 = CARTESIAN_POINT('',(-3.192008261584,17.202712536341,3.));
#7542 = VECTOR('',#7543,1.);
#7543 = DIRECTION('',(0.975036797125,0.222043338679,0.));
#7544 = ORIENTED_EDGE('',*,*,#7545,.F.);
#7545 = EDGE_CURVE('',#1854,#7538,#7546,.T.);
#7546 = LINE('',#7547,#7548);
#7547 = CARTESIAN_POINT('',(-6.296981419278,16.495622702936,0.));
#7548 = VECTOR('',#7549,1.);
#7549 = DIRECTION('',(0.,0.,1.));
#7550 = PLANE('',#7551);
#7551 = AXIS2_PLACEMENT_3D('',#7552,#7553,#7554);
#7552 = CARTESIAN_POINT('',(-2.316103361956,17.402180750107,-1.));
#7553 = DIRECTION('',(0.222043338679,-0.975036797125,0.));
#7554 = DIRECTION('',(-0.975036797125,-0.222043338679,0.));
#7555 = ADVANCED_FACE('',(#7556),#7574,.T.);
#7556 = FACE_BOUND('',#7557,.T.);
#7557 = EDGE_LOOP('',(#7558,#7559,#7560,#7568));
#7558 = ORIENTED_EDGE('',*,*,#1811,.T.);
#7559 = ORIENTED_EDGE('',*,*,#7511,.T.);
#7560 = ORIENTED_EDGE('',*,*,#7561,.F.);
#7561 = EDGE_CURVE('',#7562,#7512,#7564,.T.);
#7562 = VERTEX_POINT('',#7563);
#7563 = CARTESIAN_POINT('',(6.296981419278,16.495622702936,3.));
#7564 = LINE('',#7565,#7566);
#7565 = CARTESIAN_POINT('',(3.081291918984,17.227925765657,3.));
#7566 = VECTOR('',#7567,1.);
#7567 = DIRECTION('',(-0.975036797125,0.222043338679,0.));
#7568 = ORIENTED_EDGE('',*,*,#7569,.F.);
#7569 = EDGE_CURVE('',#1812,#7562,#7570,.T.);
#7570 = LINE('',#7571,#7572);
#7571 = CARTESIAN_POINT('',(6.296981419278,16.495622702936,0.));
#7572 = VECTOR('',#7573,1.);
#7573 = DIRECTION('',(0.,0.,1.));
#7574 = PLANE('',#7575);
#7575 = AXIS2_PLACEMENT_3D('',#7576,#7577,#7578);
#7576 = CARTESIAN_POINT('',(2.316103361956,17.402180750107,-1.));
#7577 = DIRECTION('',(0.222043338679,0.975036797125,0.));
#7578 = DIRECTION('',(0.975036797125,-0.222043338679,0.));
#7579 = ADVANCED_FACE('',(#7580),#7599,.F.);
#7580 = FACE_BOUND('',#7581,.F.);
#7581 = EDGE_LOOP('',(#7582,#7583,#7584,#7593));
#7582 = ORIENTED_EDGE('',*,*,#1853,.T.);
#7583 = ORIENTED_EDGE('',*,*,#7545,.T.);
#7584 = ORIENTED_EDGE('',*,*,#7585,.F.);
#7585 = EDGE_CURVE('',#7586,#7538,#7588,.T.);
#7586 = VERTEX_POINT('',#7587);
#7587 = CARTESIAN_POINT('',(-7.312378098246,18.079420929073,3.));
#7588 = CIRCLE('',#7589,1.);
#7589 = AXIS2_PLACEMENT_3D('',#7590,#7591,#7592);
#7590 = CARTESIAN_POINT('',(-6.519024757957,17.470659500062,3.));
#7591 = DIRECTION('',(-0.,0.,1.));
#7592 = DIRECTION('',(0.,-1.,0.));
#7593 = ORIENTED_EDGE('',*,*,#7594,.F.);
#7594 = EDGE_CURVE('',#1846,#7586,#7595,.T.);
#7595 = LINE('',#7596,#7597);
#7596 = CARTESIAN_POINT('',(-7.312378098246,18.079420929073,0.));
#7597 = VECTOR('',#7598,1.);
#7598 = DIRECTION('',(0.,0.,1.));
#7599 = CYLINDRICAL_SURFACE('',#7600,1.);
#7600 = AXIS2_PLACEMENT_3D('',#7601,#7602,#7603);
#7601 = CARTESIAN_POINT('',(-6.519024757957,17.470659500062,0.));
#7602 = DIRECTION('',(0.,0.,1.));
#7603 = DIRECTION('',(-0.793353340289,0.608761429011,0.));
#7604 = ADVANCED_FACE('',(#7605),#7624,.F.);
#7605 = FACE_BOUND('',#7606,.F.);
#7606 = EDGE_LOOP('',(#7607,#7608,#7616,#7623));
#7607 = ORIENTED_EDGE('',*,*,#1819,.T.);
#7608 = ORIENTED_EDGE('',*,*,#7609,.T.);
#7609 = EDGE_CURVE('',#1820,#7610,#7612,.T.);
#7610 = VERTEX_POINT('',#7611);
#7611 = CARTESIAN_POINT('',(7.312378098246,18.079420929073,3.));
#7612 = LINE('',#7613,#7614);
#7613 = CARTESIAN_POINT('',(7.312378098246,18.079420929073,0.));
#7614 = VECTOR('',#7615,1.);
#7615 = DIRECTION('',(0.,0.,1.));
#7616 = ORIENTED_EDGE('',*,*,#7617,.F.);
#7617 = EDGE_CURVE('',#7562,#7610,#7618,.T.);
#7618 = CIRCLE('',#7619,1.);
#7619 = AXIS2_PLACEMENT_3D('',#7620,#7621,#7622);
#7620 = CARTESIAN_POINT('',(6.519024757957,17.470659500062,3.));
#7621 = DIRECTION('',(-0.,0.,1.));
#7622 = DIRECTION('',(0.,-1.,0.));
#7623 = ORIENTED_EDGE('',*,*,#7569,.F.);
#7624 = CYLINDRICAL_SURFACE('',#7625,1.);
#7625 = AXIS2_PLACEMENT_3D('',#7626,#7627,#7628);
#7626 = CARTESIAN_POINT('',(6.519024757957,17.470659500062,0.));
#7627 = DIRECTION('',(0.,0.,1.));
#7628 = DIRECTION('',(-0.222043338679,-0.975036797125,0.));
#7629 = ADVANCED_FACE('',(#7630),#7648,.F.);
#7630 = FACE_BOUND('',#7631,.F.);
#7631 = EDGE_LOOP('',(#7632,#7633,#7634,#7642));
#7632 = ORIENTED_EDGE('',*,*,#1845,.T.);
#7633 = ORIENTED_EDGE('',*,*,#7594,.T.);
#7634 = ORIENTED_EDGE('',*,*,#7635,.F.);
#7635 = EDGE_CURVE('',#7636,#7586,#7638,.T.);
#7636 = VERTEX_POINT('',#7637);
#7637 = CARTESIAN_POINT('',(-0.793353340289,26.575179399762,3.));
#7638 = LINE('',#7639,#7640);
#7639 = CARTESIAN_POINT('',(-11.27279316189,12.918107531177,3.));
#7640 = VECTOR('',#7641,1.);
#7641 = DIRECTION('',(-0.608761429011,-0.793353340289,0.));
#7642 = ORIENTED_EDGE('',*,*,#7643,.F.);
#7643 = EDGE_CURVE('',#1837,#7636,#7644,.T.);
#7644 = LINE('',#7645,#7646);
#7645 = CARTESIAN_POINT('',(-0.793353340289,26.575179399762,0.));
#7646 = VECTOR('',#7647,1.);
#7647 = DIRECTION('',(0.,0.,1.));
#7648 = PLANE('',#7649);
#7649 = AXIS2_PLACEMENT_3D('',#7650,#7651,#7652);
#7650 = CARTESIAN_POINT('',(-9.,15.88006924696,-1.));
#7651 = DIRECTION('',(-0.793353340289,0.608761429011,0.));
#7652 = DIRECTION('',(0.608761429011,0.793353340289,0.));
#7653 = ADVANCED_FACE('',(#7654),#7672,.T.);
#7654 = FACE_BOUND('',#7655,.T.);
#7655 = EDGE_LOOP('',(#7656,#7657,#7658,#7666));
#7656 = ORIENTED_EDGE('',*,*,#1828,.T.);
#7657 = ORIENTED_EDGE('',*,*,#7609,.T.);
#7658 = ORIENTED_EDGE('',*,*,#7659,.F.);
#7659 = EDGE_CURVE('',#7660,#7610,#7662,.T.);
#7660 = VERTEX_POINT('',#7661);
#7661 = CARTESIAN_POINT('',(0.793353340289,26.575179399762,3.));
#7662 = LINE('',#7663,#7664);
#7663 = CARTESIAN_POINT('',(11.229634897163,12.974352476825,3.));
#7664 = VECTOR('',#7665,1.);
#7665 = DIRECTION('',(0.608761429011,-0.793353340289,0.));
#7666 = ORIENTED_EDGE('',*,*,#7667,.F.);
#7667 = EDGE_CURVE('',#1829,#7660,#7668,.T.);
#7668 = LINE('',#7669,#7670);
#7669 = CARTESIAN_POINT('',(0.793353340289,26.575179399762,0.));
#7670 = VECTOR('',#7671,1.);
#7671 = DIRECTION('',(0.,0.,1.));
#7672 = PLANE('',#7673);
#7673 = AXIS2_PLACEMENT_3D('',#7674,#7675,#7676);
#7674 = CARTESIAN_POINT('',(9.,15.88006924696,-1.));
#7675 = DIRECTION('',(-0.793353340289,-0.608761429011,0.));
#7676 = DIRECTION('',(-0.608761429011,0.793353340289,0.));
#7677 = ADVANCED_FACE('',(#7678),#7690,.F.);
#7678 = FACE_BOUND('',#7679,.F.);
#7679 = EDGE_LOOP('',(#7680,#7681,#7682,#7689));
#7680 = ORIENTED_EDGE('',*,*,#1836,.T.);
#7681 = ORIENTED_EDGE('',*,*,#7643,.T.);
#7682 = ORIENTED_EDGE('',*,*,#7683,.F.);
#7683 = EDGE_CURVE('',#7660,#7636,#7684,.T.);
#7684 = CIRCLE('',#7685,1.);
#7685 = AXIS2_PLACEMENT_3D('',#7686,#7687,#7688);
#7686 = CARTESIAN_POINT('',(2.81E-15,25.96641797075,3.));
#7687 = DIRECTION('',(-0.,0.,1.));
#7688 = DIRECTION('',(0.,-1.,0.));
#7689 = ORIENTED_EDGE('',*,*,#7667,.F.);
#7690 = CYLINDRICAL_SURFACE('',#7691,1.);
#7691 = AXIS2_PLACEMENT_3D('',#7692,#7693,#7694);
#7692 = CARTESIAN_POINT('',(2.81E-15,25.96641797075,0.));
#7693 = DIRECTION('',(0.,0.,1.));
#7694 = DIRECTION('',(0.793353340289,0.608761429011,0.));
#7695 = ADVANCED_FACE('',(#7696),#7715,.F.);
#7696 = FACE_BOUND('',#7697,.T.);
#7697 = EDGE_LOOP('',(#7698,#7706,#7713,#7714));
#7698 = ORIENTED_EDGE('',*,*,#7699,.T.);
#7699 = EDGE_CURVE('',#1880,#7700,#7702,.T.);
#7700 = VERTEX_POINT('',#7701);
#7701 = CARTESIAN_POINT('',(8.9,29.,3.));
#7702 = LINE('',#7703,#7704);
#7703 = CARTESIAN_POINT('',(8.9,29.,0.));
#7704 = VECTOR('',#7705,1.);
#7705 = DIRECTION('',(0.,0.,1.));
#7706 = ORIENTED_EDGE('',*,*,#7707,.T.);
#7707 = EDGE_CURVE('',#7700,#7700,#7708,.T.);
#7708 = CIRCLE('',#7709,1.05);
#7709 = AXIS2_PLACEMENT_3D('',#7710,#7711,#7712);
#7710 = CARTESIAN_POINT('',(7.85,29.,3.));
#7711 = DIRECTION('',(0.,0.,1.));
#7712 = DIRECTION('',(1.,0.,0.));
#7713 = ORIENTED_EDGE('',*,*,#7699,.F.);
#7714 = ORIENTED_EDGE('',*,*,#1879,.F.);
#7715 = CYLINDRICAL_SURFACE('',#7716,1.05);
#7716 = AXIS2_PLACEMENT_3D('',#7717,#7718,#7719);
#7717 = CARTESIAN_POINT('',(7.85,29.,0.));
#7718 = DIRECTION('',(-0.,-0.,-1.));
#7719 = DIRECTION('',(1.,0.,0.));
#7720 = ADVANCED_FACE('',(#7721),#7746,.F.);
#7721 = FACE_BOUND('',#7722,.F.);
#7722 = EDGE_LOOP('',(#7723,#7724,#7732,#7740));
#7723 = ORIENTED_EDGE('',*,*,#1890,.T.);
#7724 = ORIENTED_EDGE('',*,*,#7725,.T.);
#7725 = EDGE_CURVE('',#1893,#7726,#7728,.T.);
#7726 = VERTEX_POINT('',#7727);
#7727 = CARTESIAN_POINT('',(1.893535829171,29.644275786902,3.));
#7728 = LINE('',#7729,#7730);
#7729 = CARTESIAN_POINT('',(1.893535829171,29.644275786902,0.));
#7730 = VECTOR('',#7731,1.);
#7731 = DIRECTION('',(0.,0.,1.));
#7732 = ORIENTED_EDGE('',*,*,#7733,.F.);
#7733 = EDGE_CURVE('',#7734,#7726,#7736,.T.);
#7734 = VERTEX_POINT('',#7735);
#7735 = CARTESIAN_POINT('',(5.852608917125,34.80384028807,3.));
#7736 = LINE('',#7737,#7738);
#7737 = CARTESIAN_POINT('',(-5.955137835433,19.415685124015,3.));
#7738 = VECTOR('',#7739,1.);
#7739 = DIRECTION('',(-0.608761429008,-0.793353340292,0.));
#7740 = ORIENTED_EDGE('',*,*,#7741,.F.);
#7741 = EDGE_CURVE('',#1891,#7734,#7742,.T.);
#7742 = LINE('',#7743,#7744);
#7743 = CARTESIAN_POINT('',(5.852608917125,34.80384028807,0.));
#7744 = VECTOR('',#7745,1.);
#7745 = DIRECTION('',(0.,0.,1.));
#7746 = PLANE('',#7747);
#7747 = AXIS2_PLACEMENT_3D('',#7748,#7749,#7750);
#7748 = CARTESIAN_POINT('',(1.426416755451,29.035514357891,-1.));
#7749 = DIRECTION('',(-0.793353340292,0.608761429008,0.));
#7750 = DIRECTION('',(0.608761429008,0.793353340292,0.));
#7751 = ADVANCED_FACE('',(#7752),#7771,.F.);
#7752 = FACE_BOUND('',#7753,.T.);
#7753 = EDGE_LOOP('',(#7754,#7755,#7763,#7770));
#7754 = ORIENTED_EDGE('',*,*,#1969,.T.);
#7755 = ORIENTED_EDGE('',*,*,#7756,.T.);
#7756 = EDGE_CURVE('',#1962,#7757,#7759,.T.);
#7757 = VERTEX_POINT('',#7758);
#7758 = CARTESIAN_POINT('',(7.585755680906,34.536821922149,3.));
#7759 = LINE('',#7760,#7761);
#7760 = CARTESIAN_POINT('',(7.585755680906,34.536821922149,0.));
#7761 = VECTOR('',#7762,1.);
#7762 = DIRECTION('',(0.,0.,1.));
#7763 = ORIENTED_EDGE('',*,*,#7764,.F.);
#7764 = EDGE_CURVE('',#7734,#7757,#7765,.T.);
#7765 = CIRCLE('',#7766,1.);
#7766 = AXIS2_PLACEMENT_3D('',#7767,#7768,#7769);
#7767 = CARTESIAN_POINT('',(6.645962257417,34.195078859062,3.));
#7768 = DIRECTION('',(-0.,-0.,-1.));
#7769 = DIRECTION('',(0.,-1.,0.));
#7770 = ORIENTED_EDGE('',*,*,#7741,.F.);
#7771 = CYLINDRICAL_SURFACE('',#7772,1.);
#7772 = AXIS2_PLACEMENT_3D('',#7773,#7774,#7775);
#7773 = CARTESIAN_POINT('',(6.645962257417,34.195078859062,0.));
#7774 = DIRECTION('',(0.,0.,1.));
#7775 = DIRECTION('',(-0.793353340292,0.608761429008,0.));
#7776 = ADVANCED_FACE('',(#7777),#7796,.F.);
#7777 = FACE_BOUND('',#7778,.F.);
#7778 = EDGE_LOOP('',(#7779,#7780,#7788,#7795));
#7779 = ORIENTED_EDGE('',*,*,#1900,.T.);
#7780 = ORIENTED_EDGE('',*,*,#7781,.T.);
#7781 = EDGE_CURVE('',#1901,#7782,#7784,.T.);
#7782 = VERTEX_POINT('',#7783);
#7783 = CARTESIAN_POINT('',(1.893535829173,28.426752928883,3.));
#7784 = LINE('',#7785,#7786);
#7785 = CARTESIAN_POINT('',(1.893535829173,28.426752928883,0.));
#7786 = VECTOR('',#7787,1.);
#7787 = DIRECTION('',(0.,0.,1.));
#7788 = ORIENTED_EDGE('',*,*,#7789,.F.);
#7789 = EDGE_CURVE('',#7726,#7782,#7790,.T.);
#7790 = CIRCLE('',#7791,1.);
#7791 = AXIS2_PLACEMENT_3D('',#7792,#7793,#7794);
#7792 = CARTESIAN_POINT('',(2.686889169463,29.035514357894,3.));
#7793 = DIRECTION('',(-0.,0.,1.));
#7794 = DIRECTION('',(0.,-1.,0.));
#7795 = ORIENTED_EDGE('',*,*,#7725,.F.);
#7796 = CYLINDRICAL_SURFACE('',#7797,1.);
#7797 = AXIS2_PLACEMENT_3D('',#7798,#7799,#7800);
#7798 = CARTESIAN_POINT('',(2.686889169463,29.035514357894,0.));
#7799 = DIRECTION('',(0.,0.,1.));
#7800 = DIRECTION('',(-0.793353340292,0.608761429008,0.));
#7801 = ADVANCED_FACE('',(#7802),#7820,.F.);
#7802 = FACE_BOUND('',#7803,.F.);
#7803 = EDGE_LOOP('',(#7804,#7805,#7806,#7814));
#7804 = ORIENTED_EDGE('',*,*,#1961,.T.);
#7805 = ORIENTED_EDGE('',*,*,#7756,.T.);
#7806 = ORIENTED_EDGE('',*,*,#7807,.F.);
#7807 = EDGE_CURVE('',#7808,#7757,#7810,.T.);
#7808 = VERTEX_POINT('',#7809);
#7809 = CARTESIAN_POINT('',(8.253961931577,32.699254732802,3.));
#7810 = LINE('',#7811,#7812);
#7811 = CARTESIAN_POINT('',(12.426429086782,21.224970055989,3.));
#7812 = VECTOR('',#7813,1.);
#7813 = DIRECTION('',(-0.341743063087,0.939793423488,0.));
#7814 = ORIENTED_EDGE('',*,*,#7815,.F.);
#7815 = EDGE_CURVE('',#1953,#7808,#7816,.T.);
#7816 = LINE('',#7817,#7818);
#7817 = CARTESIAN_POINT('',(8.253961931577,32.699254732802,0.));
#7818 = VECTOR('',#7819,1.);
#7819 = DIRECTION('',(0.,0.,1.));
#7820 = PLANE('',#7821);
#7821 = AXIS2_PLACEMENT_3D('',#7822,#7823,#7824);
#7822 = CARTESIAN_POINT('',(6.962622503988,36.250438158672,-1.));
#7823 = DIRECTION('',(0.939793423488,0.341743063087,0.));
#7824 = DIRECTION('',(0.341743063087,-0.939793423488,0.));
#7825 = ADVANCED_FACE('',(#7826),#7844,.T.);
#7826 = FACE_BOUND('',#7827,.T.);
#7827 = EDGE_LOOP('',(#7828,#7829,#7830,#7838));
#7828 = ORIENTED_EDGE('',*,*,#1909,.T.);
#7829 = ORIENTED_EDGE('',*,*,#7781,.T.);
#7830 = ORIENTED_EDGE('',*,*,#7831,.F.);
#7831 = EDGE_CURVE('',#7832,#7782,#7834,.T.);
#7832 = VERTEX_POINT('',#7833);
#7833 = CARTESIAN_POINT('',(7.206646659711,21.502572085857,3.));
#7834 = LINE('',#7835,#7836);
#7835 = CARTESIAN_POINT('',(8.236196615175,20.160836461298,3.));
#7836 = VECTOR('',#7837,1.);
#7837 = DIRECTION('',(-0.608761429011,0.793353340289,0.));
#7838 = ORIENTED_EDGE('',*,*,#7839,.F.);
#7839 = EDGE_CURVE('',#1910,#7832,#7840,.T.);
#7840 = LINE('',#7841,#7842);
#7841 = CARTESIAN_POINT('',(7.206646659711,21.502572085857,0.));
#7842 = VECTOR('',#7843,1.);
#7843 = DIRECTION('',(0.,0.,1.));
#7844 = PLANE('',#7845);
#7845 = AXIS2_PLACEMENT_3D('',#7846,#7847,#7848);
#7846 = CARTESIAN_POINT('',(1.426416755451,29.035514357891,-1.));
#7847 = DIRECTION('',(0.793353340289,0.608761429011,0.));
#7848 = DIRECTION('',(0.608761429011,-0.793353340289,0.));
#7849 = ADVANCED_FACE('',(#7850),#7869,.F.);
#7850 = FACE_BOUND('',#7851,.F.);
#7851 = EDGE_LOOP('',(#7852,#7853,#7854,#7863));
#7852 = ORIENTED_EDGE('',*,*,#1952,.T.);
#7853 = ORIENTED_EDGE('',*,*,#7815,.T.);
#7854 = ORIENTED_EDGE('',*,*,#7855,.F.);
#7855 = EDGE_CURVE('',#7856,#7808,#7858,.T.);
#7856 = VERTEX_POINT('',#7857);
#7857 = CARTESIAN_POINT('',(7.47176600571,31.370008237446,3.));
#7858 = CIRCLE('',#7859,1.);
#7859 = AXIS2_PLACEMENT_3D('',#7860,#7861,#7862);
#7860 = CARTESIAN_POINT('',(7.314168508089,32.357511669716,3.));
#7861 = DIRECTION('',(-0.,0.,1.));
#7862 = DIRECTION('',(0.,-1.,0.));
#7863 = ORIENTED_EDGE('',*,*,#7864,.F.);
#7864 = EDGE_CURVE('',#1944,#7856,#7865,.T.);
#7865 = LINE('',#7866,#7867);
#7866 = CARTESIAN_POINT('',(7.47176600571,31.370008237446,0.));
#7867 = VECTOR('',#7868,1.);
#7868 = DIRECTION('',(0.,0.,1.));
#7869 = CYLINDRICAL_SURFACE('',#7870,1.);
#7870 = AXIS2_PLACEMENT_3D('',#7871,#7872,#7873);
#7871 = CARTESIAN_POINT('',(7.314168508089,32.357511669716,0.));
#7872 = DIRECTION('',(0.,0.,1.));
#7873 = DIRECTION('',(0.157597497621,-0.987503432269,0.));
#7874 = ADVANCED_FACE('',(#7875),#7894,.F.);
#7875 = FACE_BOUND('',#7876,.F.);
#7876 = EDGE_LOOP('',(#7877,#7878,#7886,#7893));
#7877 = ORIENTED_EDGE('',*,*,#1917,.T.);
#7878 = ORIENTED_EDGE('',*,*,#7879,.T.);
#7879 = EDGE_CURVE('',#1918,#7880,#7882,.T.);
#7880 = VERTEX_POINT('',#7881);
#7881 = CARTESIAN_POINT('',(9.,22.111333514868,3.));
#7882 = LINE('',#7883,#7884);
#7883 = CARTESIAN_POINT('',(9.,22.111333514868,0.));
#7884 = VECTOR('',#7885,1.);
#7885 = DIRECTION('',(0.,0.,1.));
#7886 = ORIENTED_EDGE('',*,*,#7887,.F.);
#7887 = EDGE_CURVE('',#7832,#7880,#7888,.T.);
#7888 = CIRCLE('',#7889,1.);
#7889 = AXIS2_PLACEMENT_3D('',#7890,#7891,#7892);
#7890 = CARTESIAN_POINT('',(8.,22.111333514868,3.));
#7891 = DIRECTION('',(-0.,0.,1.));
#7892 = DIRECTION('',(0.,-1.,0.));
#7893 = ORIENTED_EDGE('',*,*,#7839,.F.);
#7894 = CYLINDRICAL_SURFACE('',#7895,1.);
#7895 = AXIS2_PLACEMENT_3D('',#7896,#7897,#7898);
#7896 = CARTESIAN_POINT('',(8.,22.111333514868,0.));
#7897 = DIRECTION('',(0.,0.,1.));
#7898 = DIRECTION('',(-0.793353340289,-0.608761429011,0.));
#7899 = ADVANCED_FACE('',(#7900),#7919,.T.);
#7900 = FACE_BOUND('',#7901,.F.);
#7901 = EDGE_LOOP('',(#7902,#7903,#7904,#7913));
#7902 = ORIENTED_EDGE('',*,*,#1943,.T.);
#7903 = ORIENTED_EDGE('',*,*,#7864,.T.);
#7904 = ORIENTED_EDGE('',*,*,#7905,.F.);
#7905 = EDGE_CURVE('',#7906,#7856,#7908,.T.);
#7906 = VERTEX_POINT('',#7907);
#7907 = CARTESIAN_POINT('',(7.955882352941,26.602336777749,3.));
#7908 = CIRCLE('',#7909,2.4);
#7909 = AXIS2_PLACEMENT_3D('',#7910,#7911,#7912);
#7910 = CARTESIAN_POINT('',(7.85,29.,3.));
#7911 = DIRECTION('',(0.,0.,-1.));
#7912 = DIRECTION('',(-1.,1.2E-16,0.));
#7913 = ORIENTED_EDGE('',*,*,#7914,.F.);
#7914 = EDGE_CURVE('',#1935,#7906,#7915,.T.);
#7915 = LINE('',#7916,#7917);
#7916 = CARTESIAN_POINT('',(7.955882352941,26.602336777749,0.));
#7917 = VECTOR('',#7918,1.);
#7918 = DIRECTION('',(0.,0.,1.));
#7919 = CYLINDRICAL_SURFACE('',#7920,2.4);
#7920 = AXIS2_PLACEMENT_3D('',#7921,#7922,#7923);
#7921 = CARTESIAN_POINT('',(7.85,29.,-1.));
#7922 = DIRECTION('',(-0.,-0.,-1.));
#7923 = DIRECTION('',(-1.,1.2E-16,0.));
#7924 = ADVANCED_FACE('',(#7925),#7943,.T.);
#7925 = FACE_BOUND('',#7926,.T.);
#7926 = EDGE_LOOP('',(#7927,#7928,#7929,#7937));
#7927 = ORIENTED_EDGE('',*,*,#1926,.T.);
#7928 = ORIENTED_EDGE('',*,*,#7879,.T.);
#7929 = ORIENTED_EDGE('',*,*,#7930,.F.);
#7930 = EDGE_CURVE('',#7931,#7880,#7933,.T.);
#7931 = VERTEX_POINT('',#7932);
#7932 = CARTESIAN_POINT('',(9.,25.603310435144,3.));
#7933 = LINE('',#7934,#7935);
#7934 = CARTESIAN_POINT('',(9.,9.408520909173,3.));
#7935 = VECTOR('',#7936,1.);
#7936 = DIRECTION('',(-1.2E-16,-1.,0.));
#7937 = ORIENTED_EDGE('',*,*,#7938,.F.);
#7938 = EDGE_CURVE('',#1927,#7931,#7939,.T.);
#7939 = LINE('',#7940,#7941);
#7940 = CARTESIAN_POINT('',(9.,25.603310435144,0.));
#7941 = VECTOR('',#7942,1.);
#7942 = DIRECTION('',(0.,0.,1.));
#7943 = PLANE('',#7944);
#7944 = AXIS2_PLACEMENT_3D('',#7945,#7946,#7947);
#7945 = CARTESIAN_POINT('',(9.,19.165428510339,-1.));
#7946 = DIRECTION('',(-1.,1.2E-16,0.));
#7947 = DIRECTION('',(1.2E-16,1.,0.));
#7948 = ADVANCED_FACE('',(#7949),#7961,.F.);
#7949 = FACE_BOUND('',#7950,.F.);
#7950 = EDGE_LOOP('',(#7951,#7952,#7953,#7960));
#7951 = ORIENTED_EDGE('',*,*,#1934,.T.);
#7952 = ORIENTED_EDGE('',*,*,#7914,.T.);
#7953 = ORIENTED_EDGE('',*,*,#7954,.F.);
#7954 = EDGE_CURVE('',#7931,#7906,#7955,.T.);
#7955 = CIRCLE('',#7956,1.);
#7956 = AXIS2_PLACEMENT_3D('',#7957,#7958,#7959);
#7957 = CARTESIAN_POINT('',(8.,25.603310435144,3.));
#7958 = DIRECTION('',(-0.,0.,1.));
#7959 = DIRECTION('',(0.,-1.,0.));
#7960 = ORIENTED_EDGE('',*,*,#7938,.F.);
#7961 = CYLINDRICAL_SURFACE('',#7962,1.);
#7962 = AXIS2_PLACEMENT_3D('',#7963,#7964,#7965);
#7963 = CARTESIAN_POINT('',(8.,25.603310435144,0.));
#7964 = DIRECTION('',(0.,0.,1.));
#7965 = DIRECTION('',(1.,-1.2E-16,0.));
#7966 = ADVANCED_FACE('',(#7967),#7992,.F.);
#7967 = FACE_BOUND('',#7968,.F.);
#7968 = EDGE_LOOP('',(#7969,#7970,#7978,#7986));
#7969 = ORIENTED_EDGE('',*,*,#1978,.T.);
#7970 = ORIENTED_EDGE('',*,*,#7971,.T.);
#7971 = EDGE_CURVE('',#1981,#7972,#7974,.T.);
#7972 = VERTEX_POINT('',#7973);
#7973 = CARTESIAN_POINT('',(5.818206993473,38.044366091703,3.));
#7974 = LINE('',#7975,#7976);
#7975 = CARTESIAN_POINT('',(5.818206993473,38.044366091703,0.));
#7976 = VECTOR('',#7977,1.);
#7977 = DIRECTION('',(0.,0.,1.));
#7978 = ORIENTED_EDGE('',*,*,#7979,.F.);
#7979 = EDGE_CURVE('',#7980,#7972,#7982,.T.);
#7980 = VERTEX_POINT('',#7981);
#7981 = CARTESIAN_POINT('',(0.793353340291,31.495849316048,3.));
#7982 = LINE('',#7983,#7984);
#7983 = CARTESIAN_POINT('',(-4.385665452515,24.746420618826,3.));
#7984 = VECTOR('',#7985,1.);
#7985 = DIRECTION('',(0.608761429008,0.793353340292,0.));
#7986 = ORIENTED_EDGE('',*,*,#7987,.F.);
#7987 = EDGE_CURVE('',#1979,#7980,#7988,.T.);
#7988 = LINE('',#7989,#7990);
#7989 = CARTESIAN_POINT('',(0.793353340291,31.495849316048,0.));
#7990 = VECTOR('',#7991,1.);
#7991 = DIRECTION('',(0.,0.,1.));
#7992 = PLANE('',#7993);
#7993 = AXIS2_PLACEMENT_3D('',#7994,#7995,#7996);
#7994 = CARTESIAN_POINT('',(6.152068201871,38.479462489495,-1.));
#7995 = DIRECTION('',(0.793353340292,-0.608761429008,0.));
#7996 = DIRECTION('',(-0.608761429008,-0.793353340292,0.));
#7997 = ADVANCED_FACE('',(#7998),#8017,.F.);
#7998 = FACE_BOUND('',#7999,.T.);
#7999 = EDGE_LOOP('',(#8000,#8001,#8009,#8016));
#8000 = ORIENTED_EDGE('',*,*,#2056,.T.);
#8001 = ORIENTED_EDGE('',*,*,#8002,.T.);
#8002 = EDGE_CURVE('',#2049,#8003,#8005,.T.);
#8003 = VERTEX_POINT('',#8004);
#8004 = CARTESIAN_POINT('',(-0.793353340292,31.495849316047,3.));
#8005 = LINE('',#8006,#8007);
#8006 = CARTESIAN_POINT('',(-0.793353340292,31.495849316047,0.));
#8007 = VECTOR('',#8008,1.);
#8008 = DIRECTION('',(0.,0.,1.));
#8009 = ORIENTED_EDGE('',*,*,#8010,.F.);
#8010 = EDGE_CURVE('',#7980,#8003,#8011,.T.);
#8011 = CIRCLE('',#8012,1.);
#8012 = AXIS2_PLACEMENT_3D('',#8013,#8014,#8015);
#8013 = CARTESIAN_POINT('',(-7.8507E-13,32.104610745056,3.));
#8014 = DIRECTION('',(-0.,-0.,-1.));
#8015 = DIRECTION('',(0.,-1.,0.));
#8016 = ORIENTED_EDGE('',*,*,#7987,.F.);
#8017 = CYLINDRICAL_SURFACE('',#8018,1.);
#8018 = AXIS2_PLACEMENT_3D('',#8019,#8020,#8021);
#8019 = CARTESIAN_POINT('',(-7.8507E-13,32.104610745056,0.));
#8020 = DIRECTION('',(0.,0.,1.));
#8021 = DIRECTION('',(0.793353340292,-0.608761429008,0.));
#8022 = ADVANCED_FACE('',(#8023),#8042,.F.);
#8023 = FACE_BOUND('',#8024,.F.);
#8024 = EDGE_LOOP('',(#8025,#8026,#8034,#8041));
#8025 = ORIENTED_EDGE('',*,*,#1988,.T.);
#8026 = ORIENTED_EDGE('',*,*,#8027,.T.);
#8027 = EDGE_CURVE('',#1989,#8028,#8030,.T.);
#8028 = VERTEX_POINT('',#8029);
#8029 = CARTESIAN_POINT('',(5.96464707667,38.994870583798,3.));
#8030 = LINE('',#8031,#8032);
#8031 = CARTESIAN_POINT('',(5.96464707667,38.994870583798,0.));
#8032 = VECTOR('',#8033,1.);
#8033 = DIRECTION('',(0.,0.,1.));
#8034 = ORIENTED_EDGE('',*,*,#8035,.F.);
#8035 = EDGE_CURVE('',#7972,#8028,#8036,.T.);
#8036 = CIRCLE('',#8037,1.);
#8037 = AXIS2_PLACEMENT_3D('',#8038,#8039,#8040);
#8038 = CARTESIAN_POINT('',(5.024853653181,38.653127520711,3.));
#8039 = DIRECTION('',(-0.,0.,1.));
#8040 = DIRECTION('',(0.,-1.,0.));
#8041 = ORIENTED_EDGE('',*,*,#7971,.F.);
#8042 = CYLINDRICAL_SURFACE('',#8043,1.);
#8043 = AXIS2_PLACEMENT_3D('',#8044,#8045,#8046);
#8044 = CARTESIAN_POINT('',(5.024853653181,38.653127520711,0.));
#8045 = DIRECTION('',(0.,0.,1.));
#8046 = DIRECTION('',(0.793353340292,-0.608761429008,0.));
#8047 = ADVANCED_FACE('',(#8048),#8066,.T.);
#8048 = FACE_BOUND('',#8049,.T.);
#8049 = EDGE_LOOP('',(#8050,#8051,#8059,#8065));
#8050 = ORIENTED_EDGE('',*,*,#2048,.T.);
#8051 = ORIENTED_EDGE('',*,*,#8052,.T.);
#8052 = EDGE_CURVE('',#2040,#8053,#8055,.T.);
#8053 = VERTEX_POINT('',#8054);
#8054 = CARTESIAN_POINT('',(-5.818206993477,38.044366091692,3.));
#8055 = LINE('',#8056,#8057);
#8056 = CARTESIAN_POINT('',(-5.818206993477,38.044366091692,0.));
#8057 = VECTOR('',#8058,1.);
#8058 = DIRECTION('',(0.,0.,1.));
#8059 = ORIENTED_EDGE('',*,*,#8060,.F.);
#8060 = EDGE_CURVE('',#8003,#8053,#8061,.T.);
#8061 = LINE('',#8062,#8063);
#8062 = CARTESIAN_POINT('',(4.342507187784,24.802665564483,3.));
#8063 = VECTOR('',#8064,1.);
#8064 = DIRECTION('',(-0.608761429009,0.793353340291,0.));
#8065 = ORIENTED_EDGE('',*,*,#8002,.F.);
#8066 = PLANE('',#8067);
#8067 = AXIS2_PLACEMENT_3D('',#8068,#8069,#8070);
#8068 = CARTESIAN_POINT('',(-6.152068201875,38.479462489485,-1.));
#8069 = DIRECTION('',(0.793353340291,0.608761429009,0.));
#8070 = DIRECTION('',(0.608761429009,-0.793353340291,0.));
#8071 = ADVANCED_FACE('',(#8072),#8090,.T.);
#8072 = FACE_BOUND('',#8073,.T.);
#8073 = EDGE_LOOP('',(#8074,#8075,#8076,#8084));
#8074 = ORIENTED_EDGE('',*,*,#1997,.T.);
#8075 = ORIENTED_EDGE('',*,*,#8027,.T.);
#8076 = ORIENTED_EDGE('',*,*,#8077,.F.);
#8077 = EDGE_CURVE('',#8078,#8028,#8080,.T.);
#8078 = VERTEX_POINT('',#8079);
#8079 = CARTESIAN_POINT('',(5.838511629656,39.341743063087,3.));
#8080 = LINE('',#8081,#8082);
#8081 = CARTESIAN_POINT('',(12.021151935723,22.339482221401,3.));
#8082 = VECTOR('',#8083,1.);
#8083 = DIRECTION('',(0.341743063087,-0.939793423488,0.));
#8084 = ORIENTED_EDGE('',*,*,#8085,.F.);
#8085 = EDGE_CURVE('',#1998,#8078,#8086,.T.);
#8086 = LINE('',#8087,#8088);
#8087 = CARTESIAN_POINT('',(5.838511629656,39.341743063087,0.));
#8088 = VECTOR('',#8089,1.);
#8089 = DIRECTION('',(0.,0.,1.));
#8090 = PLANE('',#8091);
#8091 = AXIS2_PLACEMENT_3D('',#8092,#8093,#8094);
#8092 = CARTESIAN_POINT('',(6.152068201871,38.479462489495,-1.));
#8093 = DIRECTION('',(-0.939793423488,-0.341743063087,0.));
#8094 = DIRECTION('',(-0.341743063087,0.939793423488,0.));
#8095 = ADVANCED_FACE('',(#8096),#8115,.F.);
#8096 = FACE_BOUND('',#8097,.F.);
#8097 = EDGE_LOOP('',(#8098,#8099,#8100,#8109));
#8098 = ORIENTED_EDGE('',*,*,#2039,.T.);
#8099 = ORIENTED_EDGE('',*,*,#8052,.T.);
#8100 = ORIENTED_EDGE('',*,*,#8101,.F.);
#8101 = EDGE_CURVE('',#8102,#8053,#8104,.T.);
#8102 = VERTEX_POINT('',#8103);
#8103 = CARTESIAN_POINT('',(-5.964647076674,38.994870583788,3.));
#8104 = CIRCLE('',#8105,1.);
#8105 = AXIS2_PLACEMENT_3D('',#8106,#8107,#8108);
#8106 = CARTESIAN_POINT('',(-5.024853653185,38.653127520701,3.));
#8107 = DIRECTION('',(-0.,0.,1.));
#8108 = DIRECTION('',(0.,-1.,0.));
#8109 = ORIENTED_EDGE('',*,*,#8110,.F.);
#8110 = EDGE_CURVE('',#2032,#8102,#8111,.T.);
#8111 = LINE('',#8112,#8113);
#8112 = CARTESIAN_POINT('',(-5.964647076674,38.994870583788,0.));
#8113 = VECTOR('',#8114,1.);
#8114 = DIRECTION('',(0.,0.,1.));
#8115 = CYLINDRICAL_SURFACE('',#8116,1.);
#8116 = AXIS2_PLACEMENT_3D('',#8117,#8118,#8119);
#8117 = CARTESIAN_POINT('',(-5.024853653185,38.653127520701,0.));
#8118 = DIRECTION('',(0.,0.,1.));
#8119 = DIRECTION('',(-0.939793423488,0.341743063087,0.));
#8120 = ADVANCED_FACE('',(#8121),#8140,.F.);
#8121 = FACE_BOUND('',#8122,.F.);
#8122 = EDGE_LOOP('',(#8123,#8124,#8132,#8139));
#8123 = ORIENTED_EDGE('',*,*,#2005,.T.);
#8124 = ORIENTED_EDGE('',*,*,#8125,.T.);
#8125 = EDGE_CURVE('',#2006,#8126,#8128,.T.);
#8126 = VERTEX_POINT('',#8127);
#8127 = CARTESIAN_POINT('',(4.898718206167,40.,3.));
#8128 = LINE('',#8129,#8130);
#8129 = CARTESIAN_POINT('',(4.898718206167,40.,0.));
#8130 = VECTOR('',#8131,1.);
#8131 = DIRECTION('',(0.,0.,1.));
#8132 = ORIENTED_EDGE('',*,*,#8133,.F.);
#8133 = EDGE_CURVE('',#8078,#8126,#8134,.T.);
#8134 = CIRCLE('',#8135,1.);
#8135 = AXIS2_PLACEMENT_3D('',#8136,#8137,#8138);
#8136 = CARTESIAN_POINT('',(4.898718206167,39.,3.));
#8137 = DIRECTION('',(-0.,0.,1.));
#8138 = DIRECTION('',(0.,-1.,0.));
#8139 = ORIENTED_EDGE('',*,*,#8085,.F.);
#8140 = CYLINDRICAL_SURFACE('',#8141,1.);
#8141 = AXIS2_PLACEMENT_3D('',#8142,#8143,#8144);
#8142 = CARTESIAN_POINT('',(4.898718206167,39.,0.));
#8143 = DIRECTION('',(0.,0.,1.));
#8144 = DIRECTION('',(0.939793423488,0.341743063087,0.));
#8145 = ADVANCED_FACE('',(#8146),#8164,.T.);
#8146 = FACE_BOUND('',#8147,.T.);
#8147 = EDGE_LOOP('',(#8148,#8149,#8157,#8163));
#8148 = ORIENTED_EDGE('',*,*,#2031,.T.);
#8149 = ORIENTED_EDGE('',*,*,#8150,.T.);
#8150 = EDGE_CURVE('',#2023,#8151,#8153,.T.);
#8151 = VERTEX_POINT('',#8152);
#8152 = CARTESIAN_POINT('',(-5.838511629656,39.341743063087,3.));
#8153 = LINE('',#8154,#8155);
#8154 = CARTESIAN_POINT('',(-5.838511629656,39.341743063087,0.));
#8155 = VECTOR('',#8156,1.);
#8156 = DIRECTION('',(0.,0.,1.));
#8157 = ORIENTED_EDGE('',*,*,#8158,.F.);
#8158 = EDGE_CURVE('',#8102,#8151,#8159,.T.);
#8159 = LINE('',#8160,#8161);
#8160 = CARTESIAN_POINT('',(-11.75829151674,23.062348373589,3.));
#8161 = VECTOR('',#8162,1.);
#8162 = DIRECTION('',(0.341743063087,0.939793423488,0.));
#8163 = ORIENTED_EDGE('',*,*,#8110,.F.);
#8164 = PLANE('',#8165);
#8165 = AXIS2_PLACEMENT_3D('',#8166,#8167,#8168);
#8166 = CARTESIAN_POINT('',(-5.599145470778,40.,-1.));
#8167 = DIRECTION('',(0.939793423488,-0.341743063087,0.));
#8168 = DIRECTION('',(-0.341743063087,-0.939793423488,0.));
#8169 = ADVANCED_FACE('',(#8170),#8188,.F.);
#8170 = FACE_BOUND('',#8171,.F.);
#8171 = EDGE_LOOP('',(#8172,#8173,#8181,#8187));
#8172 = ORIENTED_EDGE('',*,*,#2014,.T.);
#8173 = ORIENTED_EDGE('',*,*,#8174,.T.);
#8174 = EDGE_CURVE('',#2015,#8175,#8177,.T.);
#8175 = VERTEX_POINT('',#8176);
#8176 = CARTESIAN_POINT('',(-4.898718206167,40.,3.));
#8177 = LINE('',#8178,#8179);
#8178 = CARTESIAN_POINT('',(-4.898718206167,40.,0.));
#8179 = VECTOR('',#8180,1.);
#8180 = DIRECTION('',(0.,0.,1.));
#8181 = ORIENTED_EDGE('',*,*,#8182,.F.);
#8182 = EDGE_CURVE('',#8126,#8175,#8183,.T.);
#8183 = LINE('',#8184,#8185);
#8184 = CARTESIAN_POINT('',(-2.857801787887,40.,3.));
#8185 = VECTOR('',#8186,1.);
#8186 = DIRECTION('',(-1.,1.2E-16,0.));
#8187 = ORIENTED_EDGE('',*,*,#8125,.F.);
#8188 = PLANE('',#8189);
#8189 = AXIS2_PLACEMENT_3D('',#8190,#8191,#8192);
#8190 = CARTESIAN_POINT('',(-5.599145470778,40.,-1.));
#8191 = DIRECTION('',(1.2E-16,1.,0.));
#8192 = DIRECTION('',(1.,-1.2E-16,0.));
#8193 = ADVANCED_FACE('',(#8194),#8206,.F.);
#8194 = FACE_BOUND('',#8195,.F.);
#8195 = EDGE_LOOP('',(#8196,#8197,#8198,#8205));
#8196 = ORIENTED_EDGE('',*,*,#2022,.T.);
#8197 = ORIENTED_EDGE('',*,*,#8150,.T.);
#8198 = ORIENTED_EDGE('',*,*,#8199,.F.);
#8199 = EDGE_CURVE('',#8175,#8151,#8200,.T.);
#8200 = CIRCLE('',#8201,1.);
#8201 = AXIS2_PLACEMENT_3D('',#8202,#8203,#8204);
#8202 = CARTESIAN_POINT('',(-4.898718206167,39.,3.));
#8203 = DIRECTION('',(-0.,0.,1.));
#8204 = DIRECTION('',(0.,-1.,0.));
#8205 = ORIENTED_EDGE('',*,*,#8174,.F.);
#8206 = CYLINDRICAL_SURFACE('',#8207,1.);
#8207 = AXIS2_PLACEMENT_3D('',#8208,#8209,#8210);
#8208 = CARTESIAN_POINT('',(-4.898718206167,39.,0.));
#8209 = DIRECTION('',(0.,0.,1.));
#8210 = DIRECTION('',(1.2E-16,1.,0.));
#8211 = ADVANCED_FACE('',(#8212),#8237,.T.);
#8212 = FACE_BOUND('',#8213,.T.);
#8213 = EDGE_LOOP('',(#8214,#8215,#8223,#8231));
#8214 = ORIENTED_EDGE('',*,*,#2065,.T.);
#8215 = ORIENTED_EDGE('',*,*,#8216,.T.);
#8216 = EDGE_CURVE('',#2068,#8217,#8219,.T.);
#8217 = VERTEX_POINT('',#8218);
#8218 = CARTESIAN_POINT('',(-5.414383088659,2.796836637907,3.));
#8219 = LINE('',#8220,#8221);
#8220 = CARTESIAN_POINT('',(-5.414383088659,2.796836637907,0.));
#8221 = VECTOR('',#8222,1.);
#8222 = DIRECTION('',(0.,0.,1.));
#8223 = ORIENTED_EDGE('',*,*,#8224,.F.);
#8224 = EDGE_CURVE('',#8225,#8217,#8227,.T.);
#8225 = VERTEX_POINT('',#8226);
#8226 = CARTESIAN_POINT('',(-12.85700518664,8.440143503411,3.));
#8227 = LINE('',#8228,#8229);
#8228 = CARTESIAN_POINT('',(-1.790432116622,4.900568108841E-02,3.));
#8229 = VECTOR('',#8230,1.);
#8230 = DIRECTION('',(0.796836637907,-0.604194813358,0.));
#8231 = ORIENTED_EDGE('',*,*,#8232,.F.);
#8232 = EDGE_CURVE('',#2066,#8225,#8233,.T.);
#8233 = LINE('',#8234,#8235);
#8234 = CARTESIAN_POINT('',(-12.85700518664,8.440143503411,0.));
#8235 = VECTOR('',#8236,1.);
#8236 = DIRECTION('',(0.,0.,1.));
#8237 = PLANE('',#8238);
#8238 = AXIS2_PLACEMENT_3D('',#8239,#8240,#8241);
#8239 = CARTESIAN_POINT('',(-3.044642015477,1.,-1.));
#8240 = DIRECTION('',(-0.604194813358,-0.796836637907,0.));
#8241 = DIRECTION('',(-0.796836637907,0.604194813358,0.));
#8242 = ADVANCED_FACE('',(#8243),#8262,.F.);
#8243 = FACE_BOUND('',#8244,.F.);
#8244 = EDGE_LOOP('',(#8245,#8246,#8254,#8261));
#8245 = ORIENTED_EDGE('',*,*,#2075,.T.);
#8246 = ORIENTED_EDGE('',*,*,#8247,.T.);
#8247 = EDGE_CURVE('',#2076,#8248,#8250,.T.);
#8248 = VERTEX_POINT('',#8249);
#8249 = CARTESIAN_POINT('',(-14.4612,7.643306865504,3.));
#8250 = LINE('',#8251,#8252);
#8251 = CARTESIAN_POINT('',(-14.4612,7.643306865504,0.));
#8252 = VECTOR('',#8253,1.);
#8253 = DIRECTION('',(0.,0.,1.));
#8254 = ORIENTED_EDGE('',*,*,#8255,.F.);
#8255 = EDGE_CURVE('',#8225,#8248,#8256,.T.);
#8256 = CIRCLE('',#8257,1.);
#8257 = AXIS2_PLACEMENT_3D('',#8258,#8259,#8260);
#8258 = CARTESIAN_POINT('',(-13.4612,7.643306865504,3.));
#8259 = DIRECTION('',(-0.,0.,1.));
#8260 = DIRECTION('',(0.,-1.,0.));
#8261 = ORIENTED_EDGE('',*,*,#8232,.F.);
#8262 = CYLINDRICAL_SURFACE('',#8263,1.);
#8263 = AXIS2_PLACEMENT_3D('',#8264,#8265,#8266);
#8264 = CARTESIAN_POINT('',(-13.4612,7.643306865504,0.));
#8265 = DIRECTION('',(0.,0.,1.));
#8266 = DIRECTION('',(0.604194813358,0.796836637907,0.));
#8267 = ADVANCED_FACE('',(#8268),#8287,.F.);
#8268 = FACE_BOUND('',#8269,.T.);
#8269 = EDGE_LOOP('',(#8270,#8271,#8279,#8286));
#8270 = ORIENTED_EDGE('',*,*,#2109,.T.);
#8271 = ORIENTED_EDGE('',*,*,#8272,.T.);
#8272 = EDGE_CURVE('',#2102,#8273,#8275,.T.);
#8273 = VERTEX_POINT('',#8274);
#8274 = CARTESIAN_POINT('',(-6.018577902017,1.,3.));
#8275 = LINE('',#8276,#8277);
#8276 = CARTESIAN_POINT('',(-6.018577902017,1.,0.));
#8277 = VECTOR('',#8278,1.);
#8278 = DIRECTION('',(0.,0.,1.));
#8279 = ORIENTED_EDGE('',*,*,#8280,.F.);
#8280 = EDGE_CURVE('',#8217,#8273,#8281,.T.);
#8281 = CIRCLE('',#8282,1.);
#8282 = AXIS2_PLACEMENT_3D('',#8283,#8284,#8285);
#8283 = CARTESIAN_POINT('',(-6.018577902017,2.,3.));
#8284 = DIRECTION('',(-0.,-0.,-1.));
#8285 = DIRECTION('',(0.,-1.,0.));
#8286 = ORIENTED_EDGE('',*,*,#8216,.F.);
#8287 = CYLINDRICAL_SURFACE('',#8288,1.);
#8288 = AXIS2_PLACEMENT_3D('',#8289,#8290,#8291);
#8289 = CARTESIAN_POINT('',(-6.018577902017,2.,0.));
#8290 = DIRECTION('',(0.,0.,1.));
#8291 = DIRECTION('',(0.604194813358,0.796836637907,0.));
#8292 = ADVANCED_FACE('',(#8293),#8311,.F.);
#8293 = FACE_BOUND('',#8294,.F.);
#8294 = EDGE_LOOP('',(#8295,#8296,#8304,#8310));
#8295 = ORIENTED_EDGE('',*,*,#2084,.T.);
#8296 = ORIENTED_EDGE('',*,*,#8297,.T.);
#8297 = EDGE_CURVE('',#2085,#8298,#8300,.T.);
#8298 = VERTEX_POINT('',#8299);
#8299 = CARTESIAN_POINT('',(-14.4612,2.,3.));
#8300 = LINE('',#8301,#8302);
#8301 = CARTESIAN_POINT('',(-14.4612,2.,0.));
#8302 = VECTOR('',#8303,1.);
#8303 = DIRECTION('',(0.,0.,1.));
#8304 = ORIENTED_EDGE('',*,*,#8305,.F.);
#8305 = EDGE_CURVE('',#8248,#8298,#8306,.T.);
#8306 = LINE('',#8307,#8308);
#8307 = CARTESIAN_POINT('',(-14.4612,0.325806654004,3.));
#8308 = VECTOR('',#8309,1.);
#8309 = DIRECTION('',(-1.2E-16,-1.,0.));
#8310 = ORIENTED_EDGE('',*,*,#8247,.F.);
#8311 = PLANE('',#8312);
#8312 = AXIS2_PLACEMENT_3D('',#8313,#8314,#8315);
#8313 = CARTESIAN_POINT('',(-14.4612,1.,-1.));
#8314 = DIRECTION('',(-1.,1.2E-16,0.));
#8315 = DIRECTION('',(1.2E-16,1.,0.));
#8316 = ADVANCED_FACE('',(#8317),#8335,.T.);
#8317 = FACE_BOUND('',#8318,.T.);
#8318 = EDGE_LOOP('',(#8319,#8320,#8328,#8334));
#8319 = ORIENTED_EDGE('',*,*,#2101,.T.);
#8320 = ORIENTED_EDGE('',*,*,#8321,.T.);
#8321 = EDGE_CURVE('',#2093,#8322,#8324,.T.);
#8322 = VERTEX_POINT('',#8323);
#8323 = CARTESIAN_POINT('',(-13.4612,1.,3.));
#8324 = LINE('',#8325,#8326);
#8325 = CARTESIAN_POINT('',(-13.4612,1.,0.));
#8326 = VECTOR('',#8327,1.);
#8327 = DIRECTION('',(0.,0.,1.));
#8328 = ORIENTED_EDGE('',*,*,#8329,.F.);
#8329 = EDGE_CURVE('',#8273,#8322,#8330,.T.);
#8330 = LINE('',#8331,#8332);
#8331 = CARTESIAN_POINT('',(-7.288829052498,1.,3.));
#8332 = VECTOR('',#8333,1.);
#8333 = DIRECTION('',(-1.,1.2E-16,0.));
#8334 = ORIENTED_EDGE('',*,*,#8272,.F.);
#8335 = PLANE('',#8336);
#8336 = AXIS2_PLACEMENT_3D('',#8337,#8338,#8339);
#8337 = CARTESIAN_POINT('',(-14.4612,1.,-1.));
#8338 = DIRECTION('',(1.2E-16,1.,0.));
#8339 = DIRECTION('',(1.,-1.2E-16,0.));
#8340 = ADVANCED_FACE('',(#8341),#8353,.F.);
#8341 = FACE_BOUND('',#8342,.F.);
#8342 = EDGE_LOOP('',(#8343,#8344,#8345,#8352));
#8343 = ORIENTED_EDGE('',*,*,#2092,.T.);
#8344 = ORIENTED_EDGE('',*,*,#8321,.T.);
#8345 = ORIENTED_EDGE('',*,*,#8346,.F.);
#8346 = EDGE_CURVE('',#8298,#8322,#8347,.T.);
#8347 = CIRCLE('',#8348,1.);
#8348 = AXIS2_PLACEMENT_3D('',#8349,#8350,#8351);
#8349 = CARTESIAN_POINT('',(-13.4612,2.,3.));
#8350 = DIRECTION('',(-0.,0.,1.));
#8351 = DIRECTION('',(0.,-1.,0.));
#8352 = ORIENTED_EDGE('',*,*,#8297,.F.);
#8353 = CYLINDRICAL_SURFACE('',#8354,1.);
#8354 = AXIS2_PLACEMENT_3D('',#8355,#8356,#8357);
#8355 = CARTESIAN_POINT('',(-13.4612,2.,0.));
#8356 = DIRECTION('',(0.,0.,1.));
#8357 = DIRECTION('',(-1.,1.2E-16,0.));
#8358 = ADVANCED_FACE('',(#8359),#8378,.F.);
#8359 = FACE_BOUND('',#8360,.T.);
#8360 = EDGE_LOOP('',(#8361,#8369,#8376,#8377));
#8361 = ORIENTED_EDGE('',*,*,#8362,.T.);
#8362 = EDGE_CURVE('',#2119,#8363,#8365,.T.);
#8363 = VERTEX_POINT('',#8364);
#8364 = CARTESIAN_POINT('',(-16.98122292025,0.,3.));
#8365 = LINE('',#8366,#8367);
#8366 = CARTESIAN_POINT('',(-16.98122292025,0.,0.));
#8367 = VECTOR('',#8368,1.);
#8368 = DIRECTION('',(0.,0.,1.));
#8369 = ORIENTED_EDGE('',*,*,#8370,.T.);
#8370 = EDGE_CURVE('',#8363,#8363,#8371,.T.);
#8371 = CIRCLE('',#8372,1.05);
#8372 = AXIS2_PLACEMENT_3D('',#8373,#8374,#8375);
#8373 = CARTESIAN_POINT('',(-18.03122292025,0.,3.));
#8374 = DIRECTION('',(0.,0.,1.));
#8375 = DIRECTION('',(1.,0.,0.));
#8376 = ORIENTED_EDGE('',*,*,#8362,.F.);
#8377 = ORIENTED_EDGE('',*,*,#2118,.F.);
#8378 = CYLINDRICAL_SURFACE('',#8379,1.05);
#8379 = AXIS2_PLACEMENT_3D('',#8380,#8381,#8382);
#8380 = CARTESIAN_POINT('',(-18.03122292025,0.,0.));
#8381 = DIRECTION('',(-0.,-0.,-1.));
#8382 = DIRECTION('',(1.,0.,0.));
#8383 = ADVANCED_FACE('',(#8384),#8403,.F.);
#8384 = FACE_BOUND('',#8385,.T.);
#8385 = EDGE_LOOP('',(#8386,#8394,#8401,#8402));
#8386 = ORIENTED_EDGE('',*,*,#8387,.T.);
#8387 = EDGE_CURVE('',#2130,#8388,#8390,.T.);
#8388 = VERTEX_POINT('',#8389);
#8389 = CARTESIAN_POINT('',(-8.95,10.,3.));
#8390 = LINE('',#8391,#8392);
#8391 = CARTESIAN_POINT('',(-8.95,10.,0.));
#8392 = VECTOR('',#8393,1.);
#8393 = DIRECTION('',(0.,0.,1.));
#8394 = ORIENTED_EDGE('',*,*,#8395,.T.);
#8395 = EDGE_CURVE('',#8388,#8388,#8396,.T.);
#8396 = CIRCLE('',#8397,1.05);
#8397 = AXIS2_PLACEMENT_3D('',#8398,#8399,#8400);
#8398 = CARTESIAN_POINT('',(-10.,10.,3.));
#8399 = DIRECTION('',(0.,0.,1.));
#8400 = DIRECTION('',(1.,0.,0.));
#8401 = ORIENTED_EDGE('',*,*,#8387,.F.);
#8402 = ORIENTED_EDGE('',*,*,#2129,.F.);
#8403 = CYLINDRICAL_SURFACE('',#8404,1.05);
#8404 = AXIS2_PLACEMENT_3D('',#8405,#8406,#8407);
#8405 = CARTESIAN_POINT('',(-10.,10.,0.));
#8406 = DIRECTION('',(-0.,-0.,-1.));
#8407 = DIRECTION('',(1.,0.,0.));
#8408 = ADVANCED_FACE('',(#8409),#8434,.F.);
#8409 = FACE_BOUND('',#8410,.F.);
#8410 = EDGE_LOOP('',(#8411,#8412,#8420,#8428));
#8411 = ORIENTED_EDGE('',*,*,#2140,.T.);
#8412 = ORIENTED_EDGE('',*,*,#8413,.T.);
#8413 = EDGE_CURVE('',#2143,#8414,#8416,.T.);
#8414 = VERTEX_POINT('',#8415);
#8415 = CARTESIAN_POINT('',(-1.893535829174,28.426752928884,3.));
#8416 = LINE('',#8417,#8418);
#8417 = CARTESIAN_POINT('',(-1.893535829174,28.426752928884,0.));
#8418 = VECTOR('',#8419,1.);
#8419 = DIRECTION('',(0.,0.,1.));
#8420 = ORIENTED_EDGE('',*,*,#8421,.F.);
#8421 = EDGE_CURVE('',#8422,#8414,#8424,.T.);
#8422 = VERTEX_POINT('',#8423);
#8423 = CARTESIAN_POINT('',(-7.206646659711,21.502572085858,3.));
#8424 = LINE('',#8425,#8426);
#8425 = CARTESIAN_POINT('',(-8.279354879908,20.10459151565,3.));
#8426 = VECTOR('',#8427,1.);
#8427 = DIRECTION('',(0.608761429011,0.793353340289,0.));
#8428 = ORIENTED_EDGE('',*,*,#8429,.F.);
#8429 = EDGE_CURVE('',#2141,#8422,#8430,.T.);
#8430 = LINE('',#8431,#8432);
#8431 = CARTESIAN_POINT('',(-7.206646659711,21.502572085858,0.));
#8432 = VECTOR('',#8433,1.);
#8433 = DIRECTION('',(0.,0.,1.));
#8434 = PLANE('',#8435);
#8435 = AXIS2_PLACEMENT_3D('',#8436,#8437,#8438);
#8436 = CARTESIAN_POINT('',(-1.426416755451,29.035514357892,-1.));
#8437 = DIRECTION('',(0.793353340289,-0.608761429011,0.));
#8438 = DIRECTION('',(-0.608761429011,-0.793353340289,0.));
#8439 = ADVANCED_FACE('',(#8440),#8459,.F.);
#8440 = FACE_BOUND('',#8441,.T.);
#8441 = EDGE_LOOP('',(#8442,#8443,#8451,#8458));
#8442 = ORIENTED_EDGE('',*,*,#2219,.T.);
#8443 = ORIENTED_EDGE('',*,*,#8444,.T.);
#8444 = EDGE_CURVE('',#2212,#8445,#8447,.T.);
#8445 = VERTEX_POINT('',#8446);
#8446 = CARTESIAN_POINT('',(-9.,22.111333514869,3.));
#8447 = LINE('',#8448,#8449);
#8448 = CARTESIAN_POINT('',(-9.,22.111333514869,0.));
#8449 = VECTOR('',#8450,1.);
#8450 = DIRECTION('',(0.,0.,1.));
#8451 = ORIENTED_EDGE('',*,*,#8452,.F.);
#8452 = EDGE_CURVE('',#8422,#8445,#8453,.T.);
#8453 = CIRCLE('',#8454,1.);
#8454 = AXIS2_PLACEMENT_3D('',#8455,#8456,#8457);
#8455 = CARTESIAN_POINT('',(-8.,22.111333514869,3.));
#8456 = DIRECTION('',(-0.,-0.,-1.));
#8457 = DIRECTION('',(0.,-1.,0.));
#8458 = ORIENTED_EDGE('',*,*,#8429,.F.);
#8459 = CYLINDRICAL_SURFACE('',#8460,1.);
#8460 = AXIS2_PLACEMENT_3D('',#8461,#8462,#8463);
#8461 = CARTESIAN_POINT('',(-8.,22.111333514869,0.));
#8462 = DIRECTION('',(0.,0.,1.));
#8463 = DIRECTION('',(0.793353340289,-0.608761429011,0.));
#8464 = ADVANCED_FACE('',(#8465),#8484,.F.);
#8465 = FACE_BOUND('',#8466,.F.);
#8466 = EDGE_LOOP('',(#8467,#8468,#8476,#8483));
#8467 = ORIENTED_EDGE('',*,*,#2150,.T.);
#8468 = ORIENTED_EDGE('',*,*,#8469,.T.);
#8469 = EDGE_CURVE('',#2151,#8470,#8472,.T.);
#8470 = VERTEX_POINT('',#8471);
#8471 = CARTESIAN_POINT('',(-1.893535829171,29.644275786903,3.));
#8472 = LINE('',#8473,#8474);
#8473 = CARTESIAN_POINT('',(-1.893535829171,29.644275786903,0.));
#8474 = VECTOR('',#8475,1.);
#8475 = DIRECTION('',(0.,0.,1.));
#8476 = ORIENTED_EDGE('',*,*,#8477,.F.);
#8477 = EDGE_CURVE('',#8414,#8470,#8478,.T.);
#8478 = CIRCLE('',#8479,1.);
#8479 = AXIS2_PLACEMENT_3D('',#8480,#8481,#8482);
#8480 = CARTESIAN_POINT('',(-2.686889169463,29.035514357895,3.));
#8481 = DIRECTION('',(-0.,0.,1.));
#8482 = DIRECTION('',(0.,-1.,0.));
#8483 = ORIENTED_EDGE('',*,*,#8413,.F.);
#8484 = CYLINDRICAL_SURFACE('',#8485,1.);
#8485 = AXIS2_PLACEMENT_3D('',#8486,#8487,#8488);
#8486 = CARTESIAN_POINT('',(-2.686889169463,29.035514357895,0.));
#8487 = DIRECTION('',(0.,0.,1.));
#8488 = DIRECTION('',(0.793353340289,-0.608761429011,0.));
#8489 = ADVANCED_FACE('',(#8490),#8508,.F.);
#8490 = FACE_BOUND('',#8491,.F.);
#8491 = EDGE_LOOP('',(#8492,#8493,#8494,#8502));
#8492 = ORIENTED_EDGE('',*,*,#2211,.T.);
#8493 = ORIENTED_EDGE('',*,*,#8444,.T.);
#8494 = ORIENTED_EDGE('',*,*,#8495,.F.);
#8495 = EDGE_CURVE('',#8496,#8445,#8498,.T.);
#8496 = VERTEX_POINT('',#8497);
#8497 = CARTESIAN_POINT('',(-9.,25.603310435144,3.));
#8498 = LINE('',#8499,#8500);
#8499 = CARTESIAN_POINT('',(-9.,9.408520909173,3.));
#8500 = VECTOR('',#8501,1.);
#8501 = DIRECTION('',(-1.2E-16,-1.,0.));
#8502 = ORIENTED_EDGE('',*,*,#8503,.F.);
#8503 = EDGE_CURVE('',#2203,#8496,#8504,.T.);
#8504 = LINE('',#8505,#8506);
#8505 = CARTESIAN_POINT('',(-9.,25.603310435144,0.));
#8506 = VECTOR('',#8507,1.);
#8507 = DIRECTION('',(0.,0.,1.));
#8508 = PLANE('',#8509);
#8509 = AXIS2_PLACEMENT_3D('',#8510,#8511,#8512);
#8510 = CARTESIAN_POINT('',(-9.,19.165428510339,-1.));
#8511 = DIRECTION('',(-1.,1.2E-16,0.));
#8512 = DIRECTION('',(1.2E-16,1.,0.));
#8513 = ADVANCED_FACE('',(#8514),#8532,.T.);
#8514 = FACE_BOUND('',#8515,.T.);
#8515 = EDGE_LOOP('',(#8516,#8517,#8518,#8526));
#8516 = ORIENTED_EDGE('',*,*,#2159,.T.);
#8517 = ORIENTED_EDGE('',*,*,#8469,.T.);
#8518 = ORIENTED_EDGE('',*,*,#8519,.F.);
#8519 = EDGE_CURVE('',#8520,#8470,#8522,.T.);
#8520 = VERTEX_POINT('',#8521);
#8521 = CARTESIAN_POINT('',(-5.852608917126,34.80384028807,3.));
#8522 = LINE('',#8523,#8524);
#8523 = CARTESIAN_POINT('',(5.911979570701,19.471930069665,3.));
#8524 = VECTOR('',#8525,1.);
#8525 = DIRECTION('',(0.608761429008,-0.793353340292,0.));
#8526 = ORIENTED_EDGE('',*,*,#8527,.F.);
#8527 = EDGE_CURVE('',#2160,#8520,#8528,.T.);
#8528 = LINE('',#8529,#8530);
#8529 = CARTESIAN_POINT('',(-5.852608917126,34.80384028807,0.));
#8530 = VECTOR('',#8531,1.);
#8531 = DIRECTION('',(0.,0.,1.));
#8532 = PLANE('',#8533);
#8533 = AXIS2_PLACEMENT_3D('',#8534,#8535,#8536);
#8534 = CARTESIAN_POINT('',(-1.426416755451,29.035514357892,-1.));
#8535 = DIRECTION('',(-0.793353340292,-0.608761429008,0.));
#8536 = DIRECTION('',(-0.608761429008,0.793353340292,0.));
#8537 = ADVANCED_FACE('',(#8538),#8557,.F.);
#8538 = FACE_BOUND('',#8539,.F.);
#8539 = EDGE_LOOP('',(#8540,#8541,#8542,#8551));
#8540 = ORIENTED_EDGE('',*,*,#2202,.T.);
#8541 = ORIENTED_EDGE('',*,*,#8503,.T.);
#8542 = ORIENTED_EDGE('',*,*,#8543,.F.);
#8543 = EDGE_CURVE('',#8544,#8496,#8546,.T.);
#8544 = VERTEX_POINT('',#8545);
#8545 = CARTESIAN_POINT('',(-7.955882352941,26.602336777749,3.));
#8546 = CIRCLE('',#8547,1.);
#8547 = AXIS2_PLACEMENT_3D('',#8548,#8549,#8550);
#8548 = CARTESIAN_POINT('',(-8.,25.603310435144,3.));
#8549 = DIRECTION('',(-0.,0.,1.));
#8550 = DIRECTION('',(0.,-1.,0.));
#8551 = ORIENTED_EDGE('',*,*,#8552,.F.);
#8552 = EDGE_CURVE('',#2194,#8544,#8553,.T.);
#8553 = LINE('',#8554,#8555);
#8554 = CARTESIAN_POINT('',(-7.955882352941,26.602336777749,0.));
#8555 = VECTOR('',#8556,1.);
#8556 = DIRECTION('',(0.,0.,1.));
#8557 = CYLINDRICAL_SURFACE('',#8558,1.);
#8558 = AXIS2_PLACEMENT_3D('',#8559,#8560,#8561);
#8559 = CARTESIAN_POINT('',(-8.,25.603310435144,0.));
#8560 = DIRECTION('',(0.,0.,1.));
#8561 = DIRECTION('',(4.411764705882E-02,0.999026342605,0.));
#8562 = ADVANCED_FACE('',(#8563),#8582,.F.);
#8563 = FACE_BOUND('',#8564,.F.);
#8564 = EDGE_LOOP('',(#8565,#8566,#8574,#8581));
#8565 = ORIENTED_EDGE('',*,*,#2167,.T.);
#8566 = ORIENTED_EDGE('',*,*,#8567,.T.);
#8567 = EDGE_CURVE('',#2168,#8568,#8570,.T.);
#8568 = VERTEX_POINT('',#8569);
#8569 = CARTESIAN_POINT('',(-7.585755680906,34.536821922148,3.));
#8570 = LINE('',#8571,#8572);
#8571 = CARTESIAN_POINT('',(-7.585755680906,34.536821922148,0.));
#8572 = VECTOR('',#8573,1.);
#8573 = DIRECTION('',(0.,0.,1.));
#8574 = ORIENTED_EDGE('',*,*,#8575,.F.);
#8575 = EDGE_CURVE('',#8520,#8568,#8576,.T.);
#8576 = CIRCLE('',#8577,1.);
#8577 = AXIS2_PLACEMENT_3D('',#8578,#8579,#8580);
#8578 = CARTESIAN_POINT('',(-6.645962257418,34.195078859062,3.));
#8579 = DIRECTION('',(-0.,0.,1.));
#8580 = DIRECTION('',(0.,-1.,0.));
#8581 = ORIENTED_EDGE('',*,*,#8527,.F.);
#8582 = CYLINDRICAL_SURFACE('',#8583,1.);
#8583 = AXIS2_PLACEMENT_3D('',#8584,#8585,#8586);
#8584 = CARTESIAN_POINT('',(-6.645962257418,34.195078859062,0.));
#8585 = DIRECTION('',(0.,0.,1.));
#8586 = DIRECTION('',(0.793353340292,0.608761429008,0.));
#8587 = ADVANCED_FACE('',(#8588),#8607,.T.);
#8588 = FACE_BOUND('',#8589,.F.);
#8589 = EDGE_LOOP('',(#8590,#8591,#8592,#8601));
#8590 = ORIENTED_EDGE('',*,*,#2193,.T.);
#8591 = ORIENTED_EDGE('',*,*,#8552,.T.);
#8592 = ORIENTED_EDGE('',*,*,#8593,.F.);
#8593 = EDGE_CURVE('',#8594,#8544,#8596,.T.);
#8594 = VERTEX_POINT('',#8595);
#8595 = CARTESIAN_POINT('',(-7.47176600571,31.370008237446,3.));
#8596 = CIRCLE('',#8597,2.4);
#8597 = AXIS2_PLACEMENT_3D('',#8598,#8599,#8600);
#8598 = CARTESIAN_POINT('',(-7.85,29.,3.));
#8599 = DIRECTION('',(0.,0.,-1.));
#8600 = DIRECTION('',(-1.,1.2E-16,0.));
#8601 = ORIENTED_EDGE('',*,*,#8602,.F.);
#8602 = EDGE_CURVE('',#2185,#8594,#8603,.T.);
#8603 = LINE('',#8604,#8605);
#8604 = CARTESIAN_POINT('',(-7.47176600571,31.370008237446,0.));
#8605 = VECTOR('',#8606,1.);
#8606 = DIRECTION('',(0.,0.,1.));
#8607 = CYLINDRICAL_SURFACE('',#8608,2.4);
#8608 = AXIS2_PLACEMENT_3D('',#8609,#8610,#8611);
#8609 = CARTESIAN_POINT('',(-7.85,29.,-1.));
#8610 = DIRECTION('',(-0.,-0.,-1.));
#8611 = DIRECTION('',(-1.,1.2E-16,0.));
#8612 = ADVANCED_FACE('',(#8613),#8631,.T.);
#8613 = FACE_BOUND('',#8614,.T.);
#8614 = EDGE_LOOP('',(#8615,#8616,#8617,#8625));
#8615 = ORIENTED_EDGE('',*,*,#2176,.T.);
#8616 = ORIENTED_EDGE('',*,*,#8567,.T.);
#8617 = ORIENTED_EDGE('',*,*,#8618,.F.);
#8618 = EDGE_CURVE('',#8619,#8568,#8621,.T.);
#8619 = VERTEX_POINT('',#8620);
#8620 = CARTESIAN_POINT('',(-8.253961931577,32.699254732802,3.));
#8621 = LINE('',#8622,#8623);
#8622 = CARTESIAN_POINT('',(-12.44003003335,21.187567452924,3.));
#8623 = VECTOR('',#8624,1.);
#8624 = DIRECTION('',(0.341743063087,0.939793423488,0.));
#8625 = ORIENTED_EDGE('',*,*,#8626,.F.);
#8626 = EDGE_CURVE('',#2177,#8619,#8627,.T.);
#8627 = LINE('',#8628,#8629);
#8628 = CARTESIAN_POINT('',(-8.253961931577,32.699254732802,0.));
#8629 = VECTOR('',#8630,1.);
#8630 = DIRECTION('',(0.,0.,1.));
#8631 = PLANE('',#8632);
#8632 = AXIS2_PLACEMENT_3D('',#8633,#8634,#8635);
#8633 = CARTESIAN_POINT('',(-6.962622503989,36.250438158671,-1.));
#8634 = DIRECTION('',(0.939793423488,-0.341743063087,0.));
#8635 = DIRECTION('',(-0.341743063087,-0.939793423488,0.));
#8636 = ADVANCED_FACE('',(#8637),#8649,.F.);
#8637 = FACE_BOUND('',#8638,.F.);
#8638 = EDGE_LOOP('',(#8639,#8640,#8641,#8648));
#8639 = ORIENTED_EDGE('',*,*,#2184,.T.);
#8640 = ORIENTED_EDGE('',*,*,#8602,.T.);
#8641 = ORIENTED_EDGE('',*,*,#8642,.F.);
#8642 = EDGE_CURVE('',#8619,#8594,#8643,.T.);
#8643 = CIRCLE('',#8644,1.);
#8644 = AXIS2_PLACEMENT_3D('',#8645,#8646,#8647);
#8645 = CARTESIAN_POINT('',(-7.314168508089,32.357511669716,3.));
#8646 = DIRECTION('',(-0.,0.,1.));
#8647 = DIRECTION('',(0.,-1.,0.));
#8648 = ORIENTED_EDGE('',*,*,#8626,.F.);
#8649 = CYLINDRICAL_SURFACE('',#8650,1.);
#8650 = AXIS2_PLACEMENT_3D('',#8651,#8652,#8653);
#8651 = CARTESIAN_POINT('',(-7.314168508089,32.357511669716,0.));
#8652 = DIRECTION('',(0.,0.,1.));
#8653 = DIRECTION('',(-0.939793423488,0.341743063087,0.));
#8654 = ADVANCED_FACE('',(#8655),#8674,.F.);
#8655 = FACE_BOUND('',#8656,.T.);
#8656 = EDGE_LOOP('',(#8657,#8665,#8672,#8673));
#8657 = ORIENTED_EDGE('',*,*,#8658,.T.);
#8658 = EDGE_CURVE('',#2229,#8659,#8661,.T.);
#8659 = VERTEX_POINT('',#8660);
#8660 = CARTESIAN_POINT('',(-6.8,29.,3.));
#8661 = LINE('',#8662,#8663);
#8662 = CARTESIAN_POINT('',(-6.8,29.,0.));
#8663 = VECTOR('',#8664,1.);
#8664 = DIRECTION('',(0.,0.,1.));
#8665 = ORIENTED_EDGE('',*,*,#8666,.T.);
#8666 = EDGE_CURVE('',#8659,#8659,#8667,.T.);
#8667 = CIRCLE('',#8668,1.05);
#8668 = AXIS2_PLACEMENT_3D('',#8669,#8670,#8671);
#8669 = CARTESIAN_POINT('',(-7.85,29.,3.));
#8670 = DIRECTION('',(0.,0.,1.));
#8671 = DIRECTION('',(1.,0.,0.));
#8672 = ORIENTED_EDGE('',*,*,#8658,.F.);
#8673 = ORIENTED_EDGE('',*,*,#2228,.F.);
#8674 = CYLINDRICAL_SURFACE('',#8675,1.05);
#8675 = AXIS2_PLACEMENT_3D('',#8676,#8677,#8678);
#8676 = CARTESIAN_POINT('',(-7.85,29.,0.));
#8677 = DIRECTION('',(-0.,-0.,-1.));
#8678 = DIRECTION('',(1.,0.,0.));
#8679 = ADVANCED_FACE('',(#8680),#8699,.F.);
#8680 = FACE_BOUND('',#8681,.T.);
#8681 = EDGE_LOOP('',(#8682,#8690,#8697,#8698));
#8682 = ORIENTED_EDGE('',*,*,#8683,.T.);
#8683 = EDGE_CURVE('',#2240,#8684,#8686,.T.);
#8684 = VERTEX_POINT('',#8685);
#8685 = CARTESIAN_POINT('',(-43.83125,30.,3.));
#8686 = LINE('',#8687,#8688);
#8687 = CARTESIAN_POINT('',(-43.83125,30.,0.));
#8688 = VECTOR('',#8689,1.);
#8689 = DIRECTION('',(0.,0.,1.));
#8690 = ORIENTED_EDGE('',*,*,#8691,.T.);
#8691 = EDGE_CURVE('',#8684,#8684,#8692,.T.);
#8692 = CIRCLE('',#8693,1.05);
#8693 = AXIS2_PLACEMENT_3D('',#8694,#8695,#8696);
#8694 = CARTESIAN_POINT('',(-44.88125,30.,3.));
#8695 = DIRECTION('',(0.,0.,1.));
#8696 = DIRECTION('',(1.,0.,0.));
#8697 = ORIENTED_EDGE('',*,*,#8683,.F.);
#8698 = ORIENTED_EDGE('',*,*,#2239,.F.);
#8699 = CYLINDRICAL_SURFACE('',#8700,1.05);
#8700 = AXIS2_PLACEMENT_3D('',#8701,#8702,#8703);
#8701 = CARTESIAN_POINT('',(-44.88125,30.,0.));
#8702 = DIRECTION('',(-0.,-0.,-1.));
#8703 = DIRECTION('',(1.,0.,0.));
#8704 = ADVANCED_FACE('',(#8705),#8724,.F.);
#8705 = FACE_BOUND('',#8706,.T.);
#8706 = EDGE_LOOP('',(#8707,#8715,#8722,#8723));
#8707 = ORIENTED_EDGE('',*,*,#8708,.T.);
#8708 = EDGE_CURVE('',#2251,#8709,#8711,.T.);
#8709 = VERTEX_POINT('',#8710);
#8710 = CARTESIAN_POINT('',(-39.95,35.11875,3.));
#8711 = LINE('',#8712,#8713);
#8712 = CARTESIAN_POINT('',(-39.95,35.11875,0.));
#8713 = VECTOR('',#8714,1.);
#8714 = DIRECTION('',(0.,0.,1.));
#8715 = ORIENTED_EDGE('',*,*,#8716,.T.);
#8716 = EDGE_CURVE('',#8709,#8709,#8717,.T.);
#8717 = CIRCLE('',#8718,1.05);
#8718 = AXIS2_PLACEMENT_3D('',#8719,#8720,#8721);
#8719 = CARTESIAN_POINT('',(-41.,35.11875,3.));
#8720 = DIRECTION('',(0.,0.,1.));
#8721 = DIRECTION('',(1.,0.,0.));
#8722 = ORIENTED_EDGE('',*,*,#8708,.F.);
#8723 = ORIENTED_EDGE('',*,*,#2250,.F.);
#8724 = CYLINDRICAL_SURFACE('',#8725,1.05);
#8725 = AXIS2_PLACEMENT_3D('',#8726,#8727,#8728);
#8726 = CARTESIAN_POINT('',(-41.,35.11875,0.));
#8727 = DIRECTION('',(-0.,-0.,-1.));
#8728 = DIRECTION('',(1.,0.,0.));
#8729 = ADVANCED_FACE('',(#8730),#8749,.F.);
#8730 = FACE_BOUND('',#8731,.T.);
#8731 = EDGE_LOOP('',(#8732,#8740,#8747,#8748));
#8732 = ORIENTED_EDGE('',*,*,#8733,.T.);
#8733 = EDGE_CURVE('',#2262,#8734,#8736,.T.);
#8734 = VERTEX_POINT('',#8735);
#8735 = CARTESIAN_POINT('',(-43.125,34.5,3.));
#8736 = LINE('',#8737,#8738);
#8737 = CARTESIAN_POINT('',(-43.125,34.5,0.));
#8738 = VECTOR('',#8739,1.);
#8739 = DIRECTION('',(0.,0.,1.));
#8740 = ORIENTED_EDGE('',*,*,#8741,.T.);
#8741 = EDGE_CURVE('',#8734,#8734,#8742,.T.);
#8742 = CIRCLE('',#8743,2.375);
#8743 = AXIS2_PLACEMENT_3D('',#8744,#8745,#8746);
#8744 = CARTESIAN_POINT('',(-45.5,34.5,3.));
#8745 = DIRECTION('',(0.,0.,1.));
#8746 = DIRECTION('',(1.,0.,0.));
#8747 = ORIENTED_EDGE('',*,*,#8733,.F.);
#8748 = ORIENTED_EDGE('',*,*,#2261,.F.);
#8749 = CYLINDRICAL_SURFACE('',#8750,2.375);
#8750 = AXIS2_PLACEMENT_3D('',#8751,#8752,#8753);
#8751 = CARTESIAN_POINT('',(-45.5,34.5,0.));
#8752 = DIRECTION('',(-0.,-0.,-1.));
#8753 = DIRECTION('',(1.,0.,0.));
#8754 = ADVANCED_FACE('',(#8755),#8774,.F.);
#8755 = FACE_BOUND('',#8756,.T.);
#8756 = EDGE_LOOP('',(#8757,#8765,#8772,#8773));
#8757 = ORIENTED_EDGE('',*,*,#8758,.T.);
#8758 = EDGE_CURVE('',#2273,#8759,#8761,.T.);
#8759 = VERTEX_POINT('',#8760);
#8760 = CARTESIAN_POINT('',(-48.95,33.88125,3.));
#8761 = LINE('',#8762,#8763);
#8762 = CARTESIAN_POINT('',(-48.95,33.88125,0.));
#8763 = VECTOR('',#8764,1.);
#8764 = DIRECTION('',(0.,0.,1.));
#8765 = ORIENTED_EDGE('',*,*,#8766,.T.);
#8766 = EDGE_CURVE('',#8759,#8759,#8767,.T.);
#8767 = CIRCLE('',#8768,1.05);
#8768 = AXIS2_PLACEMENT_3D('',#8769,#8770,#8771);
#8769 = CARTESIAN_POINT('',(-50.,33.88125,3.));
#8770 = DIRECTION('',(0.,0.,1.));
#8771 = DIRECTION('',(1.,0.,0.));
#8772 = ORIENTED_EDGE('',*,*,#8758,.F.);
#8773 = ORIENTED_EDGE('',*,*,#2272,.F.);
#8774 = CYLINDRICAL_SURFACE('',#8775,1.05);
#8775 = AXIS2_PLACEMENT_3D('',#8776,#8777,#8778);
#8776 = CARTESIAN_POINT('',(-50.,33.88125,0.));
#8777 = DIRECTION('',(-0.,-0.,-1.));
#8778 = DIRECTION('',(1.,0.,0.));
#8779 = ADVANCED_FACE('',(#8780),#8799,.F.);
#8780 = FACE_BOUND('',#8781,.T.);
#8781 = EDGE_LOOP('',(#8782,#8790,#8797,#8798));
#8782 = ORIENTED_EDGE('',*,*,#8783,.T.);
#8783 = EDGE_CURVE('',#2284,#8784,#8786,.T.);
#8784 = VERTEX_POINT('',#8785);
#8785 = CARTESIAN_POINT('',(-45.06875,39.,3.));
#8786 = LINE('',#8787,#8788);
#8787 = CARTESIAN_POINT('',(-45.06875,39.,0.));
#8788 = VECTOR('',#8789,1.);
#8789 = DIRECTION('',(0.,0.,1.));
#8790 = ORIENTED_EDGE('',*,*,#8791,.T.);
#8791 = EDGE_CURVE('',#8784,#8784,#8792,.T.);
#8792 = CIRCLE('',#8793,1.05);
#8793 = AXIS2_PLACEMENT_3D('',#8794,#8795,#8796);
#8794 = CARTESIAN_POINT('',(-46.11875,39.,3.));
#8795 = DIRECTION('',(0.,0.,1.));
#8796 = DIRECTION('',(1.,0.,0.));
#8797 = ORIENTED_EDGE('',*,*,#8783,.F.);
#8798 = ORIENTED_EDGE('',*,*,#2283,.F.);
#8799 = CYLINDRICAL_SURFACE('',#8800,1.05);
#8800 = AXIS2_PLACEMENT_3D('',#8801,#8802,#8803);
#8801 = CARTESIAN_POINT('',(-46.11875,39.,0.));
#8802 = DIRECTION('',(-0.,-0.,-1.));
#8803 = DIRECTION('',(1.,0.,0.));
#8804 = ADVANCED_FACE('',(#8805),#8830,.T.);
#8805 = FACE_BOUND('',#8806,.T.);
#8806 = EDGE_LOOP('',(#8807,#8808,#8816,#8824));
#8807 = ORIENTED_EDGE('',*,*,#2294,.F.);
#8808 = ORIENTED_EDGE('',*,*,#8809,.T.);
#8809 = EDGE_CURVE('',#2295,#8810,#8812,.T.);
#8810 = VERTEX_POINT('',#8811);
#8811 = CARTESIAN_POINT('',(-48.32399594658,37.602628605886,3.));
#8812 = LINE('',#8813,#8814);
#8813 = CARTESIAN_POINT('',(-48.32399594658,37.602628605886,0.));
#8814 = VECTOR('',#8815,1.);
#8815 = DIRECTION('',(0.,0.,1.));
#8816 = ORIENTED_EDGE('',*,*,#8817,.T.);
#8817 = EDGE_CURVE('',#8810,#8818,#8820,.T.);
#8818 = VERTEX_POINT('',#8819);
#8819 = CARTESIAN_POINT('',(-48.74628070629,39.456965610679,3.));
#8820 = LINE('',#8821,#8822);
#8821 = CARTESIAN_POINT('',(-48.059375,36.440625,3.));
#8822 = VECTOR('',#8823,1.);
#8823 = DIRECTION('',(-0.222043338679,0.975036797125,0.));
#8824 = ORIENTED_EDGE('',*,*,#8825,.F.);
#8825 = EDGE_CURVE('',#2297,#8818,#8826,.T.);
#8826 = LINE('',#8827,#8828);
#8827 = CARTESIAN_POINT('',(-48.74628070629,39.456965610679,0.));
#8828 = VECTOR('',#8829,1.);
#8829 = DIRECTION('',(0.,0.,1.));
#8830 = PLANE('',#8831);
#8831 = AXIS2_PLACEMENT_3D('',#8832,#8833,#8834);
#8832 = CARTESIAN_POINT('',(-48.059375,36.440625,0.));
#8833 = DIRECTION('',(-0.975036797125,-0.222043338679,0.));
#8834 = DIRECTION('',(-0.222043338679,0.975036797125,0.));
#8835 = ADVANCED_FACE('',(#8836),#8855,.F.);
#8836 = FACE_BOUND('',#8837,.T.);
#8837 = EDGE_LOOP('',(#8838,#8839,#8847,#8854));
#8838 = ORIENTED_EDGE('',*,*,#2355,.T.);
#8839 = ORIENTED_EDGE('',*,*,#8840,.T.);
#8840 = EDGE_CURVE('',#2348,#8841,#8843,.T.);
#8841 = VERTEX_POINT('',#8842);
#8842 = CARTESIAN_POINT('',(-49.24967610525,36.381804048801,3.));
#8843 = LINE('',#8844,#8845);
#8844 = CARTESIAN_POINT('',(-49.24967610525,36.381804048801,0.));
#8845 = VECTOR('',#8846,1.);
#8846 = DIRECTION('',(0.,0.,1.));
#8847 = ORIENTED_EDGE('',*,*,#8848,.F.);
#8848 = EDGE_CURVE('',#8810,#8841,#8849,.T.);
#8849 = CIRCLE('',#8850,1.);
#8850 = AXIS2_PLACEMENT_3D('',#8851,#8852,#8853);
#8851 = CARTESIAN_POINT('',(-49.2990327437,37.380585267207,3.));
#8852 = DIRECTION('',(-0.,-0.,-1.));
#8853 = DIRECTION('',(0.,-1.,0.));
#8854 = ORIENTED_EDGE('',*,*,#8809,.F.);
#8855 = CYLINDRICAL_SURFACE('',#8856,1.);
#8856 = AXIS2_PLACEMENT_3D('',#8857,#8858,#8859);
#8857 = CARTESIAN_POINT('',(-49.2990327437,37.380585267207,0.));
#8858 = DIRECTION('',(0.,0.,1.));
#8859 = DIRECTION('',(0.975036797125,0.222043338679,0.));
#8860 = ADVANCED_FACE('',(#8861),#8880,.F.);
#8861 = FACE_BOUND('',#8862,.F.);
#8862 = EDGE_LOOP('',(#8863,#8864,#8872,#8879));
#8863 = ORIENTED_EDGE('',*,*,#2304,.T.);
#8864 = ORIENTED_EDGE('',*,*,#8865,.T.);
#8865 = EDGE_CURVE('',#2305,#8866,#8868,.T.);
#8866 = VERTEX_POINT('',#8867);
#8867 = CARTESIAN_POINT('',(-50.02749595641,40.186896407636,3.));
#8868 = LINE('',#8869,#8870);
#8869 = CARTESIAN_POINT('',(-50.02749595641,40.186896407636,0.));
#8870 = VECTOR('',#8871,1.);
#8871 = DIRECTION('',(0.,0.,1.));
#8872 = ORIENTED_EDGE('',*,*,#8873,.F.);
#8873 = EDGE_CURVE('',#8818,#8866,#8874,.T.);
#8874 = CIRCLE('',#8875,1.);
#8875 = AXIS2_PLACEMENT_3D('',#8876,#8877,#8878);
#8876 = CARTESIAN_POINT('',(-49.72131750341,39.234922272,3.));
#8877 = DIRECTION('',(-0.,0.,1.));
#8878 = DIRECTION('',(0.,-1.,0.));
#8879 = ORIENTED_EDGE('',*,*,#8825,.F.);
#8880 = CYLINDRICAL_SURFACE('',#8881,1.);
#8881 = AXIS2_PLACEMENT_3D('',#8882,#8883,#8884);
#8882 = CARTESIAN_POINT('',(-49.72131750341,39.234922272,0.));
#8883 = DIRECTION('',(0.,0.,1.));
#8884 = DIRECTION('',(0.975036797125,0.222043338679,0.));
#8885 = ADVANCED_FACE('',(#8886),#8904,.T.);
#8886 = FACE_BOUND('',#8887,.T.);
#8887 = EDGE_LOOP('',(#8888,#8889,#8897,#8903));
#8888 = ORIENTED_EDGE('',*,*,#2347,.F.);
#8889 = ORIENTED_EDGE('',*,*,#8890,.T.);
#8890 = EDGE_CURVE('',#2339,#8891,#8893,.T.);
#8891 = VERTEX_POINT('',#8892);
#8892 = CARTESIAN_POINT('',(-51.14917054324,36.287936985125,3.));
#8893 = LINE('',#8894,#8895);
#8894 = CARTESIAN_POINT('',(-51.14917054324,36.287936985125,0.));
#8895 = VECTOR('',#8896,1.);
#8896 = DIRECTION('',(0.,0.,1.));
#8897 = ORIENTED_EDGE('',*,*,#8898,.T.);
#8898 = EDGE_CURVE('',#8891,#8841,#8899,.T.);
#8899 = LINE('',#8900,#8901);
#8900 = CARTESIAN_POINT('',(-52.2391489776,36.234073665993,3.));
#8901 = VECTOR('',#8902,1.);
#8902 = DIRECTION('',(0.998781218406,4.935663845666E-02,0.));
#8903 = ORIENTED_EDGE('',*,*,#8840,.F.);
#8904 = PLANE('',#8905);
#8905 = AXIS2_PLACEMENT_3D('',#8906,#8907,#8908);
#8906 = CARTESIAN_POINT('',(-52.2391489776,36.234073665993,0.));
#8907 = DIRECTION('',(-4.935663845666E-02,0.998781218406,0.));
#8908 = DIRECTION('',(0.998781218406,4.935663845666E-02,0.));
#8909 = ADVANCED_FACE('',(#8910),#8928,.T.);
#8910 = FACE_BOUND('',#8911,.T.);
#8911 = EDGE_LOOP('',(#8912,#8913,#8914,#8922));
#8912 = ORIENTED_EDGE('',*,*,#2313,.F.);
#8913 = ORIENTED_EDGE('',*,*,#8865,.T.);
#8914 = ORIENTED_EDGE('',*,*,#8915,.T.);
#8915 = EDGE_CURVE('',#8866,#8916,#8918,.T.);
#8916 = VERTEX_POINT('',#8917);
#8917 = CARTESIAN_POINT('',(-51.44817438291,39.729971049529,3.));
#8918 = LINE('',#8919,#8920);
#8919 = CARTESIAN_POINT('',(-48.98859848939,40.521031556237,3.));
#8920 = VECTOR('',#8921,1.);
#8921 = DIRECTION('',(-0.951974135636,-0.306178452998,0.));
#8922 = ORIENTED_EDGE('',*,*,#8923,.F.);
#8923 = EDGE_CURVE('',#2314,#8916,#8924,.T.);
#8924 = LINE('',#8925,#8926);
#8925 = CARTESIAN_POINT('',(-51.44817438291,39.729971049529,0.));
#8926 = VECTOR('',#8927,1.);
#8927 = DIRECTION('',(0.,0.,1.));
#8928 = PLANE('',#8929);
#8929 = AXIS2_PLACEMENT_3D('',#8930,#8931,#8932);
#8930 = CARTESIAN_POINT('',(-48.98859848939,40.521031556237,0.));
#8931 = DIRECTION('',(0.306178452998,-0.951974135636,0.));
#8932 = DIRECTION('',(-0.951974135636,-0.306178452998,0.));
#8933 = ADVANCED_FACE('',(#8934),#8953,.F.);
#8934 = FACE_BOUND('',#8935,.T.);
#8935 = EDGE_LOOP('',(#8936,#8937,#8945,#8952));
#8936 = ORIENTED_EDGE('',*,*,#2338,.T.);
#8937 = ORIENTED_EDGE('',*,*,#8938,.T.);
#8938 = EDGE_CURVE('',#2331,#8939,#8941,.T.);
#8939 = VERTEX_POINT('',#8940);
#8940 = CARTESIAN_POINT('',(-52.19780945051,37.324598900917,3.));
#8941 = LINE('',#8942,#8943);
#8942 = CARTESIAN_POINT('',(-52.19780945051,37.324598900917,0.));
#8943 = VECTOR('',#8944,1.);
#8944 = DIRECTION('',(0.,0.,1.));
#8945 = ORIENTED_EDGE('',*,*,#8946,.F.);
#8946 = EDGE_CURVE('',#8891,#8939,#8947,.T.);
#8947 = CIRCLE('',#8948,1.);
#8948 = AXIS2_PLACEMENT_3D('',#8949,#8950,#8951);
#8949 = CARTESIAN_POINT('',(-51.1985271817,37.286718203531,3.));
#8950 = DIRECTION('',(-0.,-0.,-1.));
#8951 = DIRECTION('',(0.,-1.,0.));
#8952 = ORIENTED_EDGE('',*,*,#8890,.F.);
#8953 = CYLINDRICAL_SURFACE('',#8954,1.);
#8954 = AXIS2_PLACEMENT_3D('',#8955,#8956,#8957);
#8955 = CARTESIAN_POINT('',(-51.1985271817,37.286718203531,0.));
#8956 = DIRECTION('',(0.,0.,1.));
#8957 = DIRECTION('',(4.935663845666E-02,-0.998781218406,0.));
#8958 = ADVANCED_FACE('',(#8959),#8978,.F.);
#8959 = FACE_BOUND('',#8960,.F.);
#8960 = EDGE_LOOP('',(#8961,#8962,#8970,#8977));
#8961 = ORIENTED_EDGE('',*,*,#2321,.T.);
#8962 = ORIENTED_EDGE('',*,*,#8963,.T.);
#8963 = EDGE_CURVE('',#2322,#8964,#8966,.T.);
#8964 = VERTEX_POINT('',#8965);
#8965 = CARTESIAN_POINT('',(-52.14127819873,38.815877611279,3.));
#8966 = LINE('',#8967,#8968);
#8967 = CARTESIAN_POINT('',(-52.14127819873,38.815877611279,0.));
#8968 = VECTOR('',#8969,1.);
#8969 = DIRECTION('',(0.,0.,1.));
#8970 = ORIENTED_EDGE('',*,*,#8971,.F.);
#8971 = EDGE_CURVE('',#8916,#8964,#8972,.T.);
#8972 = CIRCLE('',#8973,1.);
#8973 = AXIS2_PLACEMENT_3D('',#8974,#8975,#8976);
#8974 = CARTESIAN_POINT('',(-51.14199592991,38.777996913893,3.));
#8975 = DIRECTION('',(-0.,0.,1.));
#8976 = DIRECTION('',(0.,-1.,0.));
#8977 = ORIENTED_EDGE('',*,*,#8923,.F.);
#8978 = CYLINDRICAL_SURFACE('',#8979,1.);
#8979 = AXIS2_PLACEMENT_3D('',#8980,#8981,#8982);
#8980 = CARTESIAN_POINT('',(-51.14199592991,38.777996913893,0.));
#8981 = DIRECTION('',(0.,0.,1.));
#8982 = DIRECTION('',(-0.306178452998,0.951974135636,0.));
#8983 = ADVANCED_FACE('',(#8984),#8995,.T.);
#8984 = FACE_BOUND('',#8985,.T.);
#8985 = EDGE_LOOP('',(#8986,#8987,#8988,#8994));
#8986 = ORIENTED_EDGE('',*,*,#2330,.F.);
#8987 = ORIENTED_EDGE('',*,*,#8963,.T.);
#8988 = ORIENTED_EDGE('',*,*,#8989,.T.);
#8989 = EDGE_CURVE('',#8964,#8939,#8990,.T.);
#8990 = LINE('',#8991,#8992);
#8991 = CARTESIAN_POINT('',(-52.11475384886,39.515582588702,3.));
#8992 = VECTOR('',#8993,1.);
#8993 = DIRECTION('',(-3.788069738642E-02,-0.999282268814,0.));
#8994 = ORIENTED_EDGE('',*,*,#8938,.F.);
#8995 = PLANE('',#8996);
#8996 = AXIS2_PLACEMENT_3D('',#8997,#8998,#8999);
#8997 = CARTESIAN_POINT('',(-52.11475384886,39.515582588702,0.));
#8998 = DIRECTION('',(0.999282268814,-3.788069738642E-02,0.));
#8999 = DIRECTION('',(-3.788069738642E-02,-0.999282268814,0.));
#9000 = ADVANCED_FACE('',(#9001),#9026,.F.);
#9001 = FACE_BOUND('',#9002,.F.);
#9002 = EDGE_LOOP('',(#9003,#9013,#9019,#9020));
#9003 = ORIENTED_EDGE('',*,*,#9004,.F.);
#9004 = EDGE_CURVE('',#9005,#9007,#9009,.T.);
#9005 = VERTEX_POINT('',#9006);
#9006 = CARTESIAN_POINT('',(-2.604194813358,-3.17595929007,3.));
#9007 = VERTEX_POINT('',#9008);
#9008 = CARTESIAN_POINT('',(-7.876415509367,-7.17357718045,3.));
#9009 = LINE('',#9010,#9011);
#9010 = CARTESIAN_POINT('',(-6.458050361099,-6.098113496598,3.));
#9011 = VECTOR('',#9012,1.);
#9012 = DIRECTION('',(-0.796836637907,-0.604194813358,0.));
#9013 = ORIENTED_EDGE('',*,*,#9014,.F.);
#9014 = EDGE_CURVE('',#2365,#9005,#9015,.T.);
#9015 = LINE('',#9016,#9017);
#9016 = CARTESIAN_POINT('',(-2.604194813358,-3.17595929007,0.));
#9017 = VECTOR('',#9018,1.);
#9018 = DIRECTION('',(0.,0.,1.));
#9019 = ORIENTED_EDGE('',*,*,#2364,.T.);
#9020 = ORIENTED_EDGE('',*,*,#9021,.F.);
#9021 = EDGE_CURVE('',#9007,#2367,#9022,.T.);
#9022 = LINE('',#9023,#9024);
#9023 = CARTESIAN_POINT('',(-7.876415509367,-7.17357718045,3.));
#9024 = VECTOR('',#9025,1.);
#9025 = DIRECTION('',(-0.,-0.,-1.));
#9026 = PLANE('',#9027);
#9027 = AXIS2_PLACEMENT_3D('',#9028,#9029,#9030);
#9028 = CARTESIAN_POINT('',(-13.25281037328,-11.25018427506,-1.));
#9029 = DIRECTION('',(-0.604194813358,0.796836637907,0.));
#9030 = DIRECTION('',(0.796836637907,0.604194813358,0.));
#9031 = ADVANCED_FACE('',(#9032),#9051,.F.);
#9032 = FACE_BOUND('',#9033,.T.);
#9033 = EDGE_LOOP('',(#9034,#9043,#9049,#9050));
#9034 = ORIENTED_EDGE('',*,*,#9035,.T.);
#9035 = EDGE_CURVE('',#9007,#9036,#9038,.T.);
#9036 = VERTEX_POINT('',#9037);
#9037 = CARTESIAN_POINT('',(-8.074508726594,-8.567350930605,3.));
#9038 = CIRCLE('',#9039,1.);
#9039 = AXIS2_PLACEMENT_3D('',#9040,#9041,#9042);
#9040 = CARTESIAN_POINT('',(-7.272220696009,-7.970413818357,3.));
#9041 = DIRECTION('',(0.,-0.,1.));
#9042 = DIRECTION('',(0.,1.,0.));
#9043 = ORIENTED_EDGE('',*,*,#9044,.T.);
#9044 = EDGE_CURVE('',#9036,#2375,#9045,.T.);
#9045 = LINE('',#9046,#9047);
#9046 = CARTESIAN_POINT('',(-8.074508726594,-8.567350930605,3.));
#9047 = VECTOR('',#9048,1.);
#9048 = DIRECTION('',(-0.,-0.,-1.));
#9049 = ORIENTED_EDGE('',*,*,#2374,.F.);
#9050 = ORIENTED_EDGE('',*,*,#9021,.F.);
#9051 = CYLINDRICAL_SURFACE('',#9052,1.);
#9052 = AXIS2_PLACEMENT_3D('',#9053,#9054,#9055);
#9053 = CARTESIAN_POINT('',(-7.272220696009,-7.970413818357,3.));
#9054 = DIRECTION('',(-0.,-0.,-1.));
#9055 = DIRECTION('',(-0.604194813358,0.796836637907,0.));
#9056 = ADVANCED_FACE('',(#9057),#9076,.F.);
#9057 = FACE_BOUND('',#9058,.T.);
#9058 = EDGE_LOOP('',(#9059,#9060,#9068,#9075));
#9059 = ORIENTED_EDGE('',*,*,#2435,.T.);
#9060 = ORIENTED_EDGE('',*,*,#9061,.T.);
#9061 = EDGE_CURVE('',#2428,#9062,#9064,.T.);
#9062 = VERTEX_POINT('',#9063);
#9063 = CARTESIAN_POINT('',(-1.,-3.972795927977,3.));
#9064 = LINE('',#9065,#9066);
#9065 = CARTESIAN_POINT('',(-1.,-3.972795927977,0.));
#9066 = VECTOR('',#9067,1.);
#9067 = DIRECTION('',(0.,0.,1.));
#9068 = ORIENTED_EDGE('',*,*,#9069,.F.);
#9069 = EDGE_CURVE('',#9005,#9062,#9070,.T.);
#9070 = CIRCLE('',#9071,1.);
#9071 = AXIS2_PLACEMENT_3D('',#9072,#9073,#9074);
#9072 = CARTESIAN_POINT('',(-2.,-3.972795927977,3.));
#9073 = DIRECTION('',(-0.,-0.,-1.));
#9074 = DIRECTION('',(0.,-1.,0.));
#9075 = ORIENTED_EDGE('',*,*,#9014,.F.);
#9076 = CYLINDRICAL_SURFACE('',#9077,1.);
#9077 = AXIS2_PLACEMENT_3D('',#9078,#9079,#9080);
#9078 = CARTESIAN_POINT('',(-2.,-3.972795927977,0.));
#9079 = DIRECTION('',(0.,0.,1.));
#9080 = DIRECTION('',(-0.604194813358,0.796836637907,0.));
#9081 = ADVANCED_FACE('',(#9082),#9111,.T.);
#9082 = FACE_BOUND('',#9083,.F.);
#9083 = EDGE_LOOP('',(#9084,#9095,#9102,#9103,#9104,#9105));
#9084 = ORIENTED_EDGE('',*,*,#9085,.T.);
#9085 = EDGE_CURVE('',#9086,#9088,#9090,.T.);
#9086 = VERTEX_POINT('',#9087);
#9087 = CARTESIAN_POINT('',(-7.898895291795,-11.15989611826,3.));
#9088 = VERTEX_POINT('',#9089);
#9089 = CARTESIAN_POINT('',(-7.6,-10.,3.));
#9090 = CIRCLE('',#9091,2.4);
#9091 = AXIS2_PLACEMENT_3D('',#9092,#9093,#9094);
#9092 = CARTESIAN_POINT('',(-10.,-10.,3.));
#9093 = DIRECTION('',(0.,0.,1.));
#9094 = DIRECTION('',(1.,0.,0.));
#9095 = ORIENTED_EDGE('',*,*,#9096,.T.);
#9096 = EDGE_CURVE('',#9088,#9036,#9097,.T.);
#9097 = CIRCLE('',#9098,2.4);
#9098 = AXIS2_PLACEMENT_3D('',#9099,#9100,#9101);
#9099 = CARTESIAN_POINT('',(-10.,-10.,3.));
#9100 = DIRECTION('',(0.,0.,1.));
#9101 = DIRECTION('',(1.,0.,0.));
#9102 = ORIENTED_EDGE('',*,*,#9044,.T.);
#9103 = ORIENTED_EDGE('',*,*,#2383,.F.);
#9104 = ORIENTED_EDGE('',*,*,#2392,.F.);
#9105 = ORIENTED_EDGE('',*,*,#9106,.F.);
#9106 = EDGE_CURVE('',#9086,#2393,#9107,.T.);
#9107 = LINE('',#9108,#9109);
#9108 = CARTESIAN_POINT('',(-7.898895291795,-11.15989611826,3.));
#9109 = VECTOR('',#9110,1.);
#9110 = DIRECTION('',(-0.,-0.,-1.));
#9111 = CYLINDRICAL_SURFACE('',#9112,2.4);
#9112 = AXIS2_PLACEMENT_3D('',#9113,#9114,#9115);
#9113 = CARTESIAN_POINT('',(-10.,-10.,0.));
#9114 = DIRECTION('',(-0.,-0.,-1.));
#9115 = DIRECTION('',(1.,0.,0.));
#9116 = ADVANCED_FACE('',(#9117),#9135,.T.);
#9117 = FACE_BOUND('',#9118,.T.);
#9118 = EDGE_LOOP('',(#9119,#9120,#9128,#9134));
#9119 = ORIENTED_EDGE('',*,*,#2427,.T.);
#9120 = ORIENTED_EDGE('',*,*,#9121,.T.);
#9121 = EDGE_CURVE('',#2419,#9122,#9124,.T.);
#9122 = VERTEX_POINT('',#9123);
#9123 = CARTESIAN_POINT('',(-1.,-12.78716379135,3.));
#9124 = LINE('',#9125,#9126);
#9125 = CARTESIAN_POINT('',(-1.,-12.78716379135,0.));
#9126 = VECTOR('',#9127,1.);
#9127 = DIRECTION('',(0.,0.,1.));
#9128 = ORIENTED_EDGE('',*,*,#9129,.F.);
#9129 = EDGE_CURVE('',#9062,#9122,#9130,.T.);
#9130 = LINE('',#9131,#9132);
#9131 = CARTESIAN_POINT('',(-1.,-7.194440482554,3.));
#9132 = VECTOR('',#9133,1.);
#9133 = DIRECTION('',(-1.2E-16,-1.,0.));
#9134 = ORIENTED_EDGE('',*,*,#9061,.F.);
#9135 = PLANE('',#9136);
#9136 = AXIS2_PLACEMENT_3D('',#9137,#9138,#9139);
#9137 = CARTESIAN_POINT('',(-1.,-14.04049427311,-1.));
#9138 = DIRECTION('',(-1.,1.2E-16,0.));
#9139 = DIRECTION('',(1.2E-16,1.,0.));
#9140 = ADVANCED_FACE('',(#9141),#9160,.F.);
#9141 = FACE_BOUND('',#9142,.F.);
#9142 = EDGE_LOOP('',(#9143,#9144,#9145,#9154));
#9143 = ORIENTED_EDGE('',*,*,#2418,.T.);
#9144 = ORIENTED_EDGE('',*,*,#9121,.T.);
#9145 = ORIENTED_EDGE('',*,*,#9146,.F.);
#9146 = EDGE_CURVE('',#9147,#9122,#9149,.T.);
#9147 = VERTEX_POINT('',#9148);
#9148 = CARTESIAN_POINT('',(-2.222043338679,-13.76220058847,3.));
#9149 = CIRCLE('',#9150,1.);
#9150 = AXIS2_PLACEMENT_3D('',#9151,#9152,#9153);
#9151 = CARTESIAN_POINT('',(-2.,-12.78716379135,3.));
#9152 = DIRECTION('',(-0.,0.,1.));
#9153 = DIRECTION('',(0.,-1.,0.));
#9154 = ORIENTED_EDGE('',*,*,#9155,.F.);
#9155 = EDGE_CURVE('',#2411,#9147,#9156,.T.);
#9156 = LINE('',#9157,#9158);
#9157 = CARTESIAN_POINT('',(-2.222043338679,-13.76220058847,0.));
#9158 = VECTOR('',#9159,1.);
#9159 = DIRECTION('',(0.,0.,1.));
#9160 = CYLINDRICAL_SURFACE('',#9161,1.);
#9161 = AXIS2_PLACEMENT_3D('',#9162,#9163,#9164);
#9162 = CARTESIAN_POINT('',(-2.,-12.78716379135,0.));
#9163 = DIRECTION('',(0.,0.,1.));
#9164 = DIRECTION('',(-0.222043338679,-0.975036797125,0.));
#9165 = ADVANCED_FACE('',(#9166),#9185,.F.);
#9166 = FACE_BOUND('',#9167,.T.);
#9167 = EDGE_LOOP('',(#9168,#9177,#9183,#9184));
#9168 = ORIENTED_EDGE('',*,*,#9169,.T.);
#9169 = EDGE_CURVE('',#9086,#9170,#9172,.T.);
#9170 = VERTEX_POINT('',#9171);
#9171 = CARTESIAN_POINT('',(-7.245478335389,-12.61822296466,3.));
#9172 = CIRCLE('',#9173,1.);
#9173 = AXIS2_PLACEMENT_3D('',#9174,#9175,#9176);
#9174 = CARTESIAN_POINT('',(-7.02343499671,-11.64318616753,3.));
#9175 = DIRECTION('',(0.,-0.,1.));
#9176 = DIRECTION('',(0.,1.,0.));
#9177 = ORIENTED_EDGE('',*,*,#9178,.T.);
#9178 = EDGE_CURVE('',#9170,#2402,#9179,.T.);
#9179 = LINE('',#9180,#9181);
#9180 = CARTESIAN_POINT('',(-7.245478335389,-12.61822296466,3.));
#9181 = VECTOR('',#9182,1.);
#9182 = DIRECTION('',(-0.,-0.,-1.));
#9183 = ORIENTED_EDGE('',*,*,#2401,.F.);
#9184 = ORIENTED_EDGE('',*,*,#9106,.F.);
#9185 = CYLINDRICAL_SURFACE('',#9186,1.);
#9186 = AXIS2_PLACEMENT_3D('',#9187,#9188,#9189);
#9187 = CARTESIAN_POINT('',(-7.02343499671,-11.64318616753,3.));
#9188 = DIRECTION('',(-0.,-0.,-1.));
#9189 = DIRECTION('',(-0.875460295085,0.483290049276,0.));
#9190 = ADVANCED_FACE('',(#9191),#9202,.F.);
#9191 = FACE_BOUND('',#9192,.F.);
#9192 = EDGE_LOOP('',(#9193,#9199,#9200,#9201));
#9193 = ORIENTED_EDGE('',*,*,#9194,.F.);
#9194 = EDGE_CURVE('',#9170,#9147,#9195,.T.);
#9195 = LINE('',#9196,#9197);
#9196 = CARTESIAN_POINT('',(-5.125385947237,-13.10102770963,3.));
#9197 = VECTOR('',#9198,1.);
#9198 = DIRECTION('',(0.975036797125,-0.222043338679,0.));
#9199 = ORIENTED_EDGE('',*,*,#9178,.T.);
#9200 = ORIENTED_EDGE('',*,*,#2410,.T.);
#9201 = ORIENTED_EDGE('',*,*,#9155,.T.);
#9202 = PLANE('',#9203);
#9203 = AXIS2_PLACEMENT_3D('',#9204,#9205,#9206);
#9204 = CARTESIAN_POINT('',(-7.126405186642,-12.64533927409,1.5));
#9205 = DIRECTION('',(-0.222043338679,-0.975036797125,-0.));
#9206 = DIRECTION('',(-0.975036797125,0.222043338679,0.));
#9207 = ADVANCED_FACE('',(#9208),#9233,.F.);
#9208 = FACE_BOUND('',#9209,.F.);
#9209 = EDGE_LOOP('',(#9210,#9220,#9226,#9227));
#9210 = ORIENTED_EDGE('',*,*,#9211,.F.);
#9211 = EDGE_CURVE('',#9212,#9214,#9216,.T.);
#9212 = VERTEX_POINT('',#9213);
#9213 = CARTESIAN_POINT('',(7.245478335389,12.618222964664,3.));
#9214 = VERTEX_POINT('',#9215);
#9215 = CARTESIAN_POINT('',(2.222043338679,13.762200588477,3.));
#9216 = LINE('',#9217,#9218);
#9217 = CARTESIAN_POINT('',(2.026892878465,13.806641844292,3.));
#9218 = VECTOR('',#9219,1.);
#9219 = DIRECTION('',(-0.975036797125,0.222043338679,0.));
#9220 = ORIENTED_EDGE('',*,*,#9221,.T.);
#9221 = EDGE_CURVE('',#9212,#2445,#9222,.T.);
#9222 = LINE('',#9223,#9224);
#9223 = CARTESIAN_POINT('',(7.245478335389,12.618222964664,3.));
#9224 = VECTOR('',#9225,1.);
#9225 = DIRECTION('',(-0.,-0.,-1.));
#9226 = ORIENTED_EDGE('',*,*,#2444,.T.);
#9227 = ORIENTED_EDGE('',*,*,#9228,.T.);
#9228 = EDGE_CURVE('',#2447,#9214,#9229,.T.);
#9229 = LINE('',#9230,#9231);
#9230 = CARTESIAN_POINT('',(2.222043338679,13.762200588477,0.));
#9231 = VECTOR('',#9232,1.);
#9232 = DIRECTION('',(0.,0.,1.));
#9233 = PLANE('',#9234);
#9234 = AXIS2_PLACEMENT_3D('',#9235,#9236,#9237);
#9235 = CARTESIAN_POINT('',(1.,14.040494273116,-1.));
#9236 = DIRECTION('',(0.222043338679,0.975036797125,0.));
#9237 = DIRECTION('',(0.975036797125,-0.222043338679,0.));
#9238 = ADVANCED_FACE('',(#9239),#9258,.F.);
#9239 = FACE_BOUND('',#9240,.F.);
#9240 = EDGE_LOOP('',(#9241,#9250,#9256,#9257));
#9241 = ORIENTED_EDGE('',*,*,#9242,.T.);
#9242 = EDGE_CURVE('',#9212,#9243,#9245,.T.);
#9243 = VERTEX_POINT('',#9244);
#9244 = CARTESIAN_POINT('',(7.898895291795,11.159896118262,3.));
#9245 = CIRCLE('',#9246,1.);
#9246 = AXIS2_PLACEMENT_3D('',#9247,#9248,#9249);
#9247 = CARTESIAN_POINT('',(7.02343499671,11.643186167538,3.));
#9248 = DIRECTION('',(0.,0.,-1.));
#9249 = DIRECTION('',(0.,1.,0.));
#9250 = ORIENTED_EDGE('',*,*,#9251,.T.);
#9251 = EDGE_CURVE('',#9243,#2498,#9252,.T.);
#9252 = LINE('',#9253,#9254);
#9253 = CARTESIAN_POINT('',(7.898895291795,11.159896118262,3.));
#9254 = VECTOR('',#9255,1.);
#9255 = DIRECTION('',(-0.,-0.,-1.));
#9256 = ORIENTED_EDGE('',*,*,#2506,.F.);
#9257 = ORIENTED_EDGE('',*,*,#9221,.F.);
#9258 = CYLINDRICAL_SURFACE('',#9259,1.);
#9259 = AXIS2_PLACEMENT_3D('',#9260,#9261,#9262);
#9260 = CARTESIAN_POINT('',(7.02343499671,11.643186167538,3.));
#9261 = DIRECTION('',(-0.,-0.,-1.));
#9262 = DIRECTION('',(0.222043338679,0.975036797125,-0.));
#9263 = ADVANCED_FACE('',(#9264),#9283,.F.);
#9264 = FACE_BOUND('',#9265,.T.);
#9265 = EDGE_LOOP('',(#9266,#9267,#9268,#9277));
#9266 = ORIENTED_EDGE('',*,*,#2454,.T.);
#9267 = ORIENTED_EDGE('',*,*,#9228,.T.);
#9268 = ORIENTED_EDGE('',*,*,#9269,.F.);
#9269 = EDGE_CURVE('',#9270,#9214,#9272,.T.);
#9270 = VERTEX_POINT('',#9271);
#9271 = CARTESIAN_POINT('',(1.,12.787163791351,3.));
#9272 = CIRCLE('',#9273,1.);
#9273 = AXIS2_PLACEMENT_3D('',#9274,#9275,#9276);
#9274 = CARTESIAN_POINT('',(2.,12.787163791351,3.));
#9275 = DIRECTION('',(-0.,-0.,-1.));
#9276 = DIRECTION('',(0.,-1.,0.));
#9277 = ORIENTED_EDGE('',*,*,#9278,.F.);
#9278 = EDGE_CURVE('',#2455,#9270,#9279,.T.);
#9279 = LINE('',#9280,#9281);
#9280 = CARTESIAN_POINT('',(1.,12.787163791351,0.));
#9281 = VECTOR('',#9282,1.);
#9282 = DIRECTION('',(0.,0.,1.));
#9283 = CYLINDRICAL_SURFACE('',#9284,1.);
#9284 = AXIS2_PLACEMENT_3D('',#9285,#9286,#9287);
#9285 = CARTESIAN_POINT('',(2.,12.787163791351,0.));
#9286 = DIRECTION('',(0.,0.,1.));
#9287 = DIRECTION('',(-1.,1.2E-16,0.));
#9288 = ADVANCED_FACE('',(#9289),#9308,.T.);
#9289 = FACE_BOUND('',#9290,.F.);
#9290 = EDGE_LOOP('',(#9291,#9292,#9293,#9302));
#9291 = ORIENTED_EDGE('',*,*,#2497,.F.);
#9292 = ORIENTED_EDGE('',*,*,#9251,.F.);
#9293 = ORIENTED_EDGE('',*,*,#9294,.T.);
#9294 = EDGE_CURVE('',#9243,#9295,#9297,.T.);
#9295 = VERTEX_POINT('',#9296);
#9296 = CARTESIAN_POINT('',(8.074508726594,8.567350930605,3.));
#9297 = CIRCLE('',#9298,2.4);
#9298 = AXIS2_PLACEMENT_3D('',#9299,#9300,#9301);
#9299 = CARTESIAN_POINT('',(10.,10.,3.));
#9300 = DIRECTION('',(0.,0.,1.));
#9301 = DIRECTION('',(1.,0.,0.));
#9302 = ORIENTED_EDGE('',*,*,#9303,.T.);
#9303 = EDGE_CURVE('',#9295,#2489,#9304,.T.);
#9304 = LINE('',#9305,#9306);
#9305 = CARTESIAN_POINT('',(8.074508726594,8.567350930605,3.));
#9306 = VECTOR('',#9307,1.);
#9307 = DIRECTION('',(-0.,-0.,-1.));
#9308 = CYLINDRICAL_SURFACE('',#9309,2.4);
#9309 = AXIS2_PLACEMENT_3D('',#9310,#9311,#9312);
#9310 = CARTESIAN_POINT('',(10.,10.,0.));
#9311 = DIRECTION('',(-0.,-0.,-1.));
#9312 = DIRECTION('',(1.,0.,0.));
#9313 = ADVANCED_FACE('',(#9314),#9332,.F.);
#9314 = FACE_BOUND('',#9315,.F.);
#9315 = EDGE_LOOP('',(#9316,#9317,#9325,#9331));
#9316 = ORIENTED_EDGE('',*,*,#2463,.T.);
#9317 = ORIENTED_EDGE('',*,*,#9318,.T.);
#9318 = EDGE_CURVE('',#2464,#9319,#9321,.T.);
#9319 = VERTEX_POINT('',#9320);
#9320 = CARTESIAN_POINT('',(1.,3.972795927977,3.));
#9321 = LINE('',#9322,#9323);
#9322 = CARTESIAN_POINT('',(1.,3.972795927977,0.));
#9323 = VECTOR('',#9324,1.);
#9324 = DIRECTION('',(0.,0.,1.));
#9325 = ORIENTED_EDGE('',*,*,#9326,.F.);
#9326 = EDGE_CURVE('',#9270,#9319,#9327,.T.);
#9327 = LINE('',#9328,#9329);
#9328 = CARTESIAN_POINT('',(1.,0.805602551117,3.));
#9329 = VECTOR('',#9330,1.);
#9330 = DIRECTION('',(-1.2E-16,-1.,0.));
#9331 = ORIENTED_EDGE('',*,*,#9278,.F.);
#9332 = PLANE('',#9333);
#9333 = AXIS2_PLACEMENT_3D('',#9334,#9335,#9336);
#9334 = CARTESIAN_POINT('',(1.,1.959591794227,-1.));
#9335 = DIRECTION('',(-1.,1.2E-16,0.));
#9336 = DIRECTION('',(1.2E-16,1.,0.));
#9337 = ADVANCED_FACE('',(#9338),#9357,.F.);
#9338 = FACE_BOUND('',#9339,.T.);
#9339 = EDGE_LOOP('',(#9340,#9349,#9350,#9351));
#9340 = ORIENTED_EDGE('',*,*,#9341,.T.);
#9341 = EDGE_CURVE('',#9342,#9295,#9344,.T.);
#9342 = VERTEX_POINT('',#9343);
#9343 = CARTESIAN_POINT('',(7.876415509367,7.17357718045,3.));
#9344 = CIRCLE('',#9345,1.);
#9345 = AXIS2_PLACEMENT_3D('',#9346,#9347,#9348);
#9346 = CARTESIAN_POINT('',(7.272220696009,7.970413818357,3.));
#9347 = DIRECTION('',(0.,-0.,1.));
#9348 = DIRECTION('',(0.,1.,0.));
#9349 = ORIENTED_EDGE('',*,*,#9303,.T.);
#9350 = ORIENTED_EDGE('',*,*,#2488,.F.);
#9351 = ORIENTED_EDGE('',*,*,#9352,.F.);
#9352 = EDGE_CURVE('',#9342,#2481,#9353,.T.);
#9353 = LINE('',#9354,#9355);
#9354 = CARTESIAN_POINT('',(7.876415509367,7.17357718045,3.));
#9355 = VECTOR('',#9356,1.);
#9356 = DIRECTION('',(-0.,-0.,-1.));
#9357 = CYLINDRICAL_SURFACE('',#9358,1.);
#9358 = AXIS2_PLACEMENT_3D('',#9359,#9360,#9361);
#9359 = CARTESIAN_POINT('',(7.272220696009,7.970413818357,3.));
#9360 = DIRECTION('',(-0.,-0.,-1.));
#9361 = DIRECTION('',(0.604194813358,-0.796836637907,0.));
#9362 = ADVANCED_FACE('',(#9363),#9382,.F.);
#9363 = FACE_BOUND('',#9364,.F.);
#9364 = EDGE_LOOP('',(#9365,#9366,#9374,#9381));
#9365 = ORIENTED_EDGE('',*,*,#2471,.T.);
#9366 = ORIENTED_EDGE('',*,*,#9367,.T.);
#9367 = EDGE_CURVE('',#2472,#9368,#9370,.T.);
#9368 = VERTEX_POINT('',#9369);
#9369 = CARTESIAN_POINT('',(2.604194813358,3.17595929007,3.));
#9370 = LINE('',#9371,#9372);
#9371 = CARTESIAN_POINT('',(2.604194813358,3.17595929007,0.));
#9372 = VECTOR('',#9373,1.);
#9373 = DIRECTION('',(0.,0.,1.));
#9374 = ORIENTED_EDGE('',*,*,#9375,.F.);
#9375 = EDGE_CURVE('',#9319,#9368,#9376,.T.);
#9376 = CIRCLE('',#9377,1.);
#9377 = AXIS2_PLACEMENT_3D('',#9378,#9379,#9380);
#9378 = CARTESIAN_POINT('',(2.,3.972795927977,3.));
#9379 = DIRECTION('',(-0.,0.,1.));
#9380 = DIRECTION('',(0.,-1.,0.));
#9381 = ORIENTED_EDGE('',*,*,#9318,.F.);
#9382 = CYLINDRICAL_SURFACE('',#9383,1.);
#9383 = AXIS2_PLACEMENT_3D('',#9384,#9385,#9386);
#9384 = CARTESIAN_POINT('',(2.,3.972795927977,0.));
#9385 = DIRECTION('',(0.,0.,1.));
#9386 = DIRECTION('',(-1.,1.2E-16,0.));
#9387 = ADVANCED_FACE('',(#9388),#9399,.T.);
#9388 = FACE_BOUND('',#9389,.T.);
#9389 = EDGE_LOOP('',(#9390,#9396,#9397,#9398));
#9390 = ORIENTED_EDGE('',*,*,#9391,.F.);
#9391 = EDGE_CURVE('',#9342,#9368,#9392,.T.);
#9392 = LINE('',#9393,#9394);
#9393 = CARTESIAN_POINT('',(8.997138159631E-02,1.269570094558,3.));
#9394 = VECTOR('',#9395,1.);
#9395 = DIRECTION('',(-0.796836637907,-0.604194813358,0.));
#9396 = ORIENTED_EDGE('',*,*,#9352,.T.);
#9397 = ORIENTED_EDGE('',*,*,#2480,.T.);
#9398 = ORIENTED_EDGE('',*,*,#9367,.T.);
#9399 = PLANE('',#9400);
#9400 = AXIS2_PLACEMENT_3D('',#9401,#9402,#9403);
#9401 = CARTESIAN_POINT('',(1.,1.959591794227,-1.));
#9402 = DIRECTION('',(-0.604194813358,0.796836637907,0.));
#9403 = DIRECTION('',(0.796836637907,0.604194813358,0.));
#9404 = ADVANCED_FACE('',(#9405),#9430,.F.);
#9405 = FACE_BOUND('',#9406,.F.);
#9406 = EDGE_LOOP('',(#9407,#9417,#9423,#9424));
#9407 = ORIENTED_EDGE('',*,*,#9408,.F.);
#9408 = EDGE_CURVE('',#9409,#9411,#9413,.T.);
#9409 = VERTEX_POINT('',#9410);
#9410 = CARTESIAN_POINT('',(-7.876415509367,7.17357718045,3.));
#9411 = VERTEX_POINT('',#9412);
#9412 = CARTESIAN_POINT('',(-2.604194813358,3.17595929007,3.));
#9413 = LINE('',#9414,#9415);
#9414 = CARTESIAN_POINT('',(-0.163916295526,1.325638216109,3.));
#9415 = VECTOR('',#9416,1.);
#9416 = DIRECTION('',(0.796836637907,-0.604194813358,0.));
#9417 = ORIENTED_EDGE('',*,*,#9418,.T.);
#9418 = EDGE_CURVE('',#9409,#2516,#9419,.T.);
#9419 = LINE('',#9420,#9421);
#9420 = CARTESIAN_POINT('',(-7.876415509367,7.17357718045,3.));
#9421 = VECTOR('',#9422,1.);
#9422 = DIRECTION('',(-0.,-0.,-1.));
#9423 = ORIENTED_EDGE('',*,*,#2515,.T.);
#9424 = ORIENTED_EDGE('',*,*,#9425,.T.);
#9425 = EDGE_CURVE('',#2518,#9411,#9426,.T.);
#9426 = LINE('',#9427,#9428);
#9427 = CARTESIAN_POINT('',(-2.604194813358,3.17595929007,0.));
#9428 = VECTOR('',#9429,1.);
#9429 = DIRECTION('',(0.,0.,1.));
#9430 = PLANE('',#9431);
#9431 = AXIS2_PLACEMENT_3D('',#9432,#9433,#9434);
#9432 = CARTESIAN_POINT('',(-1.,1.959591794227,-1.));
#9433 = DIRECTION('',(-0.604194813358,-0.796836637907,0.));
#9434 = DIRECTION('',(-0.796836637907,0.604194813358,0.));
#9435 = ADVANCED_FACE('',(#9436),#9455,.F.);
#9436 = FACE_BOUND('',#9437,.F.);
#9437 = EDGE_LOOP('',(#9438,#9447,#9453,#9454));
#9438 = ORIENTED_EDGE('',*,*,#9439,.T.);
#9439 = EDGE_CURVE('',#9409,#9440,#9442,.T.);
#9440 = VERTEX_POINT('',#9441);
#9441 = CARTESIAN_POINT('',(-8.074508726594,8.567350930605,3.));
#9442 = CIRCLE('',#9443,1.);
#9443 = AXIS2_PLACEMENT_3D('',#9444,#9445,#9446);
#9444 = CARTESIAN_POINT('',(-7.272220696009,7.970413818357,3.));
#9445 = DIRECTION('',(0.,0.,-1.));
#9446 = DIRECTION('',(0.,1.,0.));
#9447 = ORIENTED_EDGE('',*,*,#9448,.T.);
#9448 = EDGE_CURVE('',#9440,#2578,#9449,.T.);
#9449 = LINE('',#9450,#9451);
#9450 = CARTESIAN_POINT('',(-8.074508726594,8.567350930605,3.));
#9451 = VECTOR('',#9452,1.);
#9452 = DIRECTION('',(-0.,-0.,-1.));
#9453 = ORIENTED_EDGE('',*,*,#2586,.F.);
#9454 = ORIENTED_EDGE('',*,*,#9418,.F.);
#9455 = CYLINDRICAL_SURFACE('',#9456,1.);
#9456 = AXIS2_PLACEMENT_3D('',#9457,#9458,#9459);
#9457 = CARTESIAN_POINT('',(-7.272220696009,7.970413818357,3.));
#9458 = DIRECTION('',(-0.,-0.,-1.));
#9459 = DIRECTION('',(-0.604194813358,-0.796836637907,0.));
#9460 = ADVANCED_FACE('',(#9461),#9480,.F.);
#9461 = FACE_BOUND('',#9462,.F.);
#9462 = EDGE_LOOP('',(#9463,#9464,#9472,#9479));
#9463 = ORIENTED_EDGE('',*,*,#2525,.T.);
#9464 = ORIENTED_EDGE('',*,*,#9465,.T.);
#9465 = EDGE_CURVE('',#2526,#9466,#9468,.T.);
#9466 = VERTEX_POINT('',#9467);
#9467 = CARTESIAN_POINT('',(-1.,3.972795927977,3.));
#9468 = LINE('',#9469,#9470);
#9469 = CARTESIAN_POINT('',(-1.,3.972795927977,0.));
#9470 = VECTOR('',#9471,1.);
#9471 = DIRECTION('',(0.,0.,1.));
#9472 = ORIENTED_EDGE('',*,*,#9473,.F.);
#9473 = EDGE_CURVE('',#9411,#9466,#9474,.T.);
#9474 = CIRCLE('',#9475,1.);
#9475 = AXIS2_PLACEMENT_3D('',#9476,#9477,#9478);
#9476 = CARTESIAN_POINT('',(-2.,3.972795927977,3.));
#9477 = DIRECTION('',(-0.,0.,1.));
#9478 = DIRECTION('',(0.,-1.,0.));
#9479 = ORIENTED_EDGE('',*,*,#9425,.F.);
#9480 = CYLINDRICAL_SURFACE('',#9481,1.);
#9481 = AXIS2_PLACEMENT_3D('',#9482,#9483,#9484);
#9482 = CARTESIAN_POINT('',(-2.,3.972795927977,0.));
#9483 = DIRECTION('',(0.,0.,1.));
#9484 = DIRECTION('',(-0.604194813358,-0.796836637907,0.));
#9485 = ADVANCED_FACE('',(#9486),#9515,.T.);
#9486 = FACE_BOUND('',#9487,.F.);
#9487 = EDGE_LOOP('',(#9488,#9489,#9490,#9491,#9500,#9509));
#9488 = ORIENTED_EDGE('',*,*,#2568,.F.);
#9489 = ORIENTED_EDGE('',*,*,#2577,.F.);
#9490 = ORIENTED_EDGE('',*,*,#9448,.F.);
#9491 = ORIENTED_EDGE('',*,*,#9492,.T.);
#9492 = EDGE_CURVE('',#9440,#9493,#9495,.T.);
#9493 = VERTEX_POINT('',#9494);
#9494 = CARTESIAN_POINT('',(-7.6,10.,3.));
#9495 = CIRCLE('',#9496,2.4);
#9496 = AXIS2_PLACEMENT_3D('',#9497,#9498,#9499);
#9497 = CARTESIAN_POINT('',(-10.,10.,3.));
#9498 = DIRECTION('',(0.,0.,1.));
#9499 = DIRECTION('',(1.,0.,0.));
#9500 = ORIENTED_EDGE('',*,*,#9501,.T.);
#9501 = EDGE_CURVE('',#9493,#9502,#9504,.T.);
#9502 = VERTEX_POINT('',#9503);
#9503 = CARTESIAN_POINT('',(-7.898895291795,11.159896118262,3.));
#9504 = CIRCLE('',#9505,2.4);
#9505 = AXIS2_PLACEMENT_3D('',#9506,#9507,#9508);
#9506 = CARTESIAN_POINT('',(-10.,10.,3.));
#9507 = DIRECTION('',(0.,0.,1.));
#9508 = DIRECTION('',(1.,0.,0.));
#9509 = ORIENTED_EDGE('',*,*,#9510,.T.);
#9510 = EDGE_CURVE('',#9502,#2560,#9511,.T.);
#9511 = LINE('',#9512,#9513);
#9512 = CARTESIAN_POINT('',(-7.898895291795,11.159896118262,3.));
#9513 = VECTOR('',#9514,1.);
#9514 = DIRECTION('',(-0.,-0.,-1.));
#9515 = CYLINDRICAL_SURFACE('',#9516,2.4);
#9516 = AXIS2_PLACEMENT_3D('',#9517,#9518,#9519);
#9517 = CARTESIAN_POINT('',(-10.,10.,0.));
#9518 = DIRECTION('',(-0.,-0.,-1.));
#9519 = DIRECTION('',(1.,0.,0.));
#9520 = ADVANCED_FACE('',(#9521),#9539,.T.);
#9521 = FACE_BOUND('',#9522,.T.);
#9522 = EDGE_LOOP('',(#9523,#9524,#9525,#9533));
#9523 = ORIENTED_EDGE('',*,*,#2534,.T.);
#9524 = ORIENTED_EDGE('',*,*,#9465,.T.);
#9525 = ORIENTED_EDGE('',*,*,#9526,.F.);
#9526 = EDGE_CURVE('',#9527,#9466,#9529,.T.);
#9527 = VERTEX_POINT('',#9528);
#9528 = CARTESIAN_POINT('',(-1.,12.787163791351,3.));
#9529 = LINE('',#9530,#9531);
#9530 = CARTESIAN_POINT('',(-1.,0.805602551117,3.));
#9531 = VECTOR('',#9532,1.);
#9532 = DIRECTION('',(-1.2E-16,-1.,0.));
#9533 = ORIENTED_EDGE('',*,*,#9534,.F.);
#9534 = EDGE_CURVE('',#2535,#9527,#9535,.T.);
#9535 = LINE('',#9536,#9537);
#9536 = CARTESIAN_POINT('',(-1.,12.787163791351,0.));
#9537 = VECTOR('',#9538,1.);
#9538 = DIRECTION('',(0.,0.,1.));
#9539 = PLANE('',#9540);
#9540 = AXIS2_PLACEMENT_3D('',#9541,#9542,#9543);
#9541 = CARTESIAN_POINT('',(-1.,1.959591794227,-1.));
#9542 = DIRECTION('',(-1.,1.2E-16,0.));
#9543 = DIRECTION('',(1.2E-16,1.,0.));
#9544 = ADVANCED_FACE('',(#9545),#9564,.F.);
#9545 = FACE_BOUND('',#9546,.F.);
#9546 = EDGE_LOOP('',(#9547,#9548,#9556,#9563));
#9547 = ORIENTED_EDGE('',*,*,#2542,.T.);
#9548 = ORIENTED_EDGE('',*,*,#9549,.T.);
#9549 = EDGE_CURVE('',#2543,#9550,#9552,.T.);
#9550 = VERTEX_POINT('',#9551);
#9551 = CARTESIAN_POINT('',(-2.222043338679,13.762200588477,3.));
#9552 = LINE('',#9553,#9554);
#9553 = CARTESIAN_POINT('',(-2.222043338679,13.762200588477,0.));
#9554 = VECTOR('',#9555,1.);
#9555 = DIRECTION('',(0.,0.,1.));
#9556 = ORIENTED_EDGE('',*,*,#9557,.F.);
#9557 = EDGE_CURVE('',#9527,#9550,#9558,.T.);
#9558 = CIRCLE('',#9559,1.);
#9559 = AXIS2_PLACEMENT_3D('',#9560,#9561,#9562);
#9560 = CARTESIAN_POINT('',(-2.,12.787163791351,3.));
#9561 = DIRECTION('',(-0.,0.,1.));
#9562 = DIRECTION('',(0.,-1.,0.));
#9563 = ORIENTED_EDGE('',*,*,#9534,.F.);
#9564 = CYLINDRICAL_SURFACE('',#9565,1.);
#9565 = AXIS2_PLACEMENT_3D('',#9566,#9567,#9568);
#9566 = CARTESIAN_POINT('',(-2.,12.787163791351,0.));
#9567 = DIRECTION('',(0.,0.,1.));
#9568 = DIRECTION('',(1.,-1.2E-16,0.));
#9569 = ADVANCED_FACE('',(#9570),#9589,.F.);
#9570 = FACE_BOUND('',#9571,.F.);
#9571 = EDGE_LOOP('',(#9572,#9581,#9587,#9588));
#9572 = ORIENTED_EDGE('',*,*,#9573,.T.);
#9573 = EDGE_CURVE('',#9502,#9574,#9576,.T.);
#9574 = VERTEX_POINT('',#9575);
#9575 = CARTESIAN_POINT('',(-7.245478335389,12.618222964664,3.));
#9576 = CIRCLE('',#9577,1.);
#9577 = AXIS2_PLACEMENT_3D('',#9578,#9579,#9580);
#9578 = CARTESIAN_POINT('',(-7.02343499671,11.643186167538,3.));
#9579 = DIRECTION('',(0.,0.,-1.));
#9580 = DIRECTION('',(0.,1.,0.));
#9581 = ORIENTED_EDGE('',*,*,#9582,.T.);
#9582 = EDGE_CURVE('',#9574,#2552,#9583,.T.);
#9583 = LINE('',#9584,#9585);
#9584 = CARTESIAN_POINT('',(-7.245478335389,12.618222964664,3.));
#9585 = VECTOR('',#9586,1.);
#9586 = DIRECTION('',(-0.,-0.,-1.));
#9587 = ORIENTED_EDGE('',*,*,#2559,.F.);
#9588 = ORIENTED_EDGE('',*,*,#9510,.F.);
#9589 = CYLINDRICAL_SURFACE('',#9590,1.);
#9590 = AXIS2_PLACEMENT_3D('',#9591,#9592,#9593);
#9591 = CARTESIAN_POINT('',(-7.02343499671,11.643186167538,3.));
#9592 = DIRECTION('',(-0.,-0.,-1.));
#9593 = DIRECTION('',(-0.875460295085,-0.483290049276,0.));
#9594 = ADVANCED_FACE('',(#9595),#9606,.T.);
#9595 = FACE_BOUND('',#9596,.T.);
#9596 = EDGE_LOOP('',(#9597,#9603,#9604,#9605));
#9597 = ORIENTED_EDGE('',*,*,#9598,.F.);
#9598 = EDGE_CURVE('',#9574,#9550,#9599,.T.);
#9599 = LINE('',#9600,#9601);
#9600 = CARTESIAN_POINT('',(-2.137609221065,13.781428614977,3.));
#9601 = VECTOR('',#9602,1.);
#9602 = DIRECTION('',(0.975036797125,0.222043338679,0.));
#9603 = ORIENTED_EDGE('',*,*,#9582,.T.);
#9604 = ORIENTED_EDGE('',*,*,#2551,.T.);
#9605 = ORIENTED_EDGE('',*,*,#9549,.T.);
#9606 = PLANE('',#9607);
#9607 = AXIS2_PLACEMENT_3D('',#9608,#9609,#9610);
#9608 = CARTESIAN_POINT('',(-1.,14.040494273116,-1.));
#9609 = DIRECTION('',(0.222043338679,-0.975036797125,0.));
#9610 = DIRECTION('',(-0.975036797125,-0.222043338679,0.));
#9611 = ADVANCED_FACE('',(#9612,#9623,#9717,#9727,#9730,#9733,#9736,
    #9739,#9742,#9745,#9753,#9756,#9764,#9767,#9779,#9787,#9799,#9802,
    #9812,#9815,#9818,#9821,#9824,#9827,#9830,#9838,#9841,#9849,#9852,
    #9855,#9858,#9861,#9864,#9874,#9877,#9880,#9892,#9900,#9903,#9906,
    #9909,#9921,#9933,#9936,#9948,#9951,#9954,#9957,#9960,#9963,#9973,
    #9983,#9994),#10004,.T.);
#9612 = FACE_BOUND('',#9613,.T.);
#9613 = EDGE_LOOP('',(#9614,#9615,#9616,#9617,#9618,#9619,#9620,#9621,
    #9622));
#9614 = ORIENTED_EDGE('',*,*,#9004,.F.);
#9615 = ORIENTED_EDGE('',*,*,#9069,.T.);
#9616 = ORIENTED_EDGE('',*,*,#9129,.T.);
#9617 = ORIENTED_EDGE('',*,*,#9146,.F.);
#9618 = ORIENTED_EDGE('',*,*,#9194,.F.);
#9619 = ORIENTED_EDGE('',*,*,#9169,.F.);
#9620 = ORIENTED_EDGE('',*,*,#9085,.T.);
#9621 = ORIENTED_EDGE('',*,*,#9096,.T.);
#9622 = ORIENTED_EDGE('',*,*,#9035,.F.);
#9623 = FACE_BOUND('',#9624,.T.);
#9624 = EDGE_LOOP('',(#9625,#9626,#9627,#9628,#9629,#9630,#9631,#9632,
    #9633,#9634,#9635,#9636,#9637,#9638,#9639,#9640,#9641,#9642,#9643,
    #9644,#9645,#9646,#9647,#9648,#9649,#9650,#9651,#9652,#9653,#9654,
    #9655,#9656,#9657,#9658,#9659,#9660,#9661,#9662,#9663,#9664,#9665,
    #9666,#9667,#9668,#9669,#9670,#9671,#9672,#9673,#9674,#9675,#9676,
    #9677,#9678,#9679,#9680,#9681,#9682,#9683,#9684,#9685,#9686,#9687,
    #9688,#9689,#9690,#9691,#9692,#9693,#9694,#9695,#9696,#9697,#9698,
    #9699,#9700,#9701,#9702,#9703,#9704,#9705,#9706,#9707,#9708,#9709,
    #9710,#9711,#9712,#9713,#9714,#9715,#9716));
#9625 = ORIENTED_EDGE('',*,*,#2807,.T.);
#9626 = ORIENTED_EDGE('',*,*,#2863,.T.);
#9627 = ORIENTED_EDGE('',*,*,#2913,.F.);
#9628 = ORIENTED_EDGE('',*,*,#2962,.T.);
#9629 = ORIENTED_EDGE('',*,*,#3004,.T.);
#9630 = ORIENTED_EDGE('',*,*,#3061,.T.);
#9631 = ORIENTED_EDGE('',*,*,#3110,.F.);
#9632 = ORIENTED_EDGE('',*,*,#3159,.T.);
#9633 = ORIENTED_EDGE('',*,*,#3201,.T.);
#9634 = ORIENTED_EDGE('',*,*,#3257,.T.);
#9635 = ORIENTED_EDGE('',*,*,#3299,.T.);
#9636 = ORIENTED_EDGE('',*,*,#3356,.T.);
#9637 = ORIENTED_EDGE('',*,*,#3399,.T.);
#9638 = ORIENTED_EDGE('',*,*,#3455,.T.);
#9639 = ORIENTED_EDGE('',*,*,#3497,.T.);
#9640 = ORIENTED_EDGE('',*,*,#3553,.T.);
#9641 = ORIENTED_EDGE('',*,*,#3602,.F.);
#9642 = ORIENTED_EDGE('',*,*,#3651,.T.);
#9643 = ORIENTED_EDGE('',*,*,#3700,.F.);
#9644 = ORIENTED_EDGE('',*,*,#3749,.T.);
#9645 = ORIENTED_EDGE('',*,*,#3791,.T.);
#9646 = ORIENTED_EDGE('',*,*,#3848,.T.);
#9647 = ORIENTED_EDGE('',*,*,#3890,.T.);
#9648 = ORIENTED_EDGE('',*,*,#3946,.T.);
#9649 = ORIENTED_EDGE('',*,*,#3989,.T.);
#9650 = ORIENTED_EDGE('',*,*,#4045,.T.);
#9651 = ORIENTED_EDGE('',*,*,#4094,.F.);
#9652 = ORIENTED_EDGE('',*,*,#4143,.T.);
#9653 = ORIENTED_EDGE('',*,*,#4192,.F.);
#9654 = ORIENTED_EDGE('',*,*,#4241,.T.);
#9655 = ORIENTED_EDGE('',*,*,#4283,.T.);
#9656 = ORIENTED_EDGE('',*,*,#4339,.T.);
#9657 = ORIENTED_EDGE('',*,*,#4381,.T.);
#9658 = ORIENTED_EDGE('',*,*,#4437,.T.);
#9659 = ORIENTED_EDGE('',*,*,#4487,.F.);
#9660 = ORIENTED_EDGE('',*,*,#4536,.T.);
#9661 = ORIENTED_EDGE('',*,*,#4578,.T.);
#9662 = ORIENTED_EDGE('',*,*,#4635,.T.);
#9663 = ORIENTED_EDGE('',*,*,#4677,.T.);
#9664 = ORIENTED_EDGE('',*,*,#4733,.T.);
#9665 = ORIENTED_EDGE('',*,*,#4776,.T.);
#9666 = ORIENTED_EDGE('',*,*,#4832,.T.);
#9667 = ORIENTED_EDGE('',*,*,#4881,.F.);
#9668 = ORIENTED_EDGE('',*,*,#4930,.T.);
#9669 = ORIENTED_EDGE('',*,*,#4979,.F.);
#9670 = ORIENTED_EDGE('',*,*,#5028,.T.);
#9671 = ORIENTED_EDGE('',*,*,#5046,.T.);
#9672 = ORIENTED_EDGE('',*,*,#4996,.T.);
#9673 = ORIENTED_EDGE('',*,*,#4955,.T.);
#9674 = ORIENTED_EDGE('',*,*,#4898,.T.);
#9675 = ORIENTED_EDGE('',*,*,#4850,.F.);
#9676 = ORIENTED_EDGE('',*,*,#4807,.F.);
#9677 = ORIENTED_EDGE('',*,*,#4758,.T.);
#9678 = ORIENTED_EDGE('',*,*,#4708,.F.);
#9679 = ORIENTED_EDGE('',*,*,#4653,.F.);
#9680 = ORIENTED_EDGE('',*,*,#4603,.T.);
#9681 = ORIENTED_EDGE('',*,*,#4561,.T.);
#9682 = ORIENTED_EDGE('',*,*,#4511,.F.);
#9683 = ORIENTED_EDGE('',*,*,#4462,.T.);
#9684 = ORIENTED_EDGE('',*,*,#4412,.F.);
#9685 = ORIENTED_EDGE('',*,*,#4364,.T.);
#9686 = ORIENTED_EDGE('',*,*,#4314,.F.);
#9687 = ORIENTED_EDGE('',*,*,#4266,.T.);
#9688 = ORIENTED_EDGE('',*,*,#4216,.F.);
#9689 = ORIENTED_EDGE('',*,*,#4161,.F.);
#9690 = ORIENTED_EDGE('',*,*,#4118,.F.);
#9691 = ORIENTED_EDGE('',*,*,#4063,.F.);
#9692 = ORIENTED_EDGE('',*,*,#4020,.F.);
#9693 = ORIENTED_EDGE('',*,*,#3971,.T.);
#9694 = ORIENTED_EDGE('',*,*,#3921,.F.);
#9695 = ORIENTED_EDGE('',*,*,#3873,.T.);
#9696 = ORIENTED_EDGE('',*,*,#3816,.T.);
#9697 = ORIENTED_EDGE('',*,*,#3774,.T.);
#9698 = ORIENTED_EDGE('',*,*,#3724,.F.);
#9699 = ORIENTED_EDGE('',*,*,#3676,.T.);
#9700 = ORIENTED_EDGE('',*,*,#3626,.F.);
#9701 = ORIENTED_EDGE('',*,*,#3578,.T.);
#9702 = ORIENTED_EDGE('',*,*,#3521,.T.);
#9703 = ORIENTED_EDGE('',*,*,#3473,.F.);
#9704 = ORIENTED_EDGE('',*,*,#3430,.F.);
#9705 = ORIENTED_EDGE('',*,*,#3381,.T.);
#9706 = ORIENTED_EDGE('',*,*,#3331,.F.);
#9707 = ORIENTED_EDGE('',*,*,#3282,.T.);
#9708 = ORIENTED_EDGE('',*,*,#3232,.F.);
#9709 = ORIENTED_EDGE('',*,*,#3184,.T.);
#9710 = ORIENTED_EDGE('',*,*,#3134,.F.);
#9711 = ORIENTED_EDGE('',*,*,#3079,.F.);
#9712 = ORIENTED_EDGE('',*,*,#3036,.F.);
#9713 = ORIENTED_EDGE('',*,*,#2980,.F.);
#9714 = ORIENTED_EDGE('',*,*,#2937,.F.);
#9715 = ORIENTED_EDGE('',*,*,#2888,.T.);
#9716 = ORIENTED_EDGE('',*,*,#2838,.F.);
#9717 = FACE_BOUND('',#9718,.T.);
#9718 = EDGE_LOOP('',(#9719,#9720,#9721,#9722,#9723,#9724,#9725,#9726));
#9719 = ORIENTED_EDGE('',*,*,#6451,.T.);
#9720 = ORIENTED_EDGE('',*,*,#6507,.T.);
#9721 = ORIENTED_EDGE('',*,*,#6549,.T.);
#9722 = ORIENTED_EDGE('',*,*,#6605,.T.);
#9723 = ORIENTED_EDGE('',*,*,#6623,.T.);
#9724 = ORIENTED_EDGE('',*,*,#6580,.F.);
#9725 = ORIENTED_EDGE('',*,*,#6532,.T.);
#9726 = ORIENTED_EDGE('',*,*,#6482,.F.);
#9727 = FACE_BOUND('',#9728,.T.);
#9728 = EDGE_LOOP('',(#9729));
#9729 = ORIENTED_EDGE('',*,*,#6425,.F.);
#9730 = FACE_BOUND('',#9731,.T.);
#9731 = EDGE_LOOP('',(#9732));
#9732 = ORIENTED_EDGE('',*,*,#6696,.F.);
#9733 = FACE_BOUND('',#9734,.T.);
#9734 = EDGE_LOOP('',(#9735));
#9735 = ORIENTED_EDGE('',*,*,#6671,.F.);
#9736 = FACE_BOUND('',#9737,.T.);
#9737 = EDGE_LOOP('',(#9738));
#9738 = ORIENTED_EDGE('',*,*,#6646,.F.);
#9739 = FACE_BOUND('',#9740,.T.);
#9740 = EDGE_LOOP('',(#9741));
#9741 = ORIENTED_EDGE('',*,*,#6721,.F.);
#9742 = FACE_BOUND('',#9743,.T.);
#9743 = EDGE_LOOP('',(#9744));
#9744 = ORIENTED_EDGE('',*,*,#6253,.F.);
#9745 = FACE_BOUND('',#9746,.T.);
#9746 = EDGE_LOOP('',(#9747,#9748,#9749,#9750,#9751,#9752));
#9747 = ORIENTED_EDGE('',*,*,#6279,.F.);
#9748 = ORIENTED_EDGE('',*,*,#6310,.T.);
#9749 = ORIENTED_EDGE('',*,*,#6360,.T.);
#9750 = ORIENTED_EDGE('',*,*,#6401,.F.);
#9751 = ORIENTED_EDGE('',*,*,#6384,.F.);
#9752 = ORIENTED_EDGE('',*,*,#6335,.F.);
#9753 = FACE_BOUND('',#9754,.T.);
#9754 = EDGE_LOOP('',(#9755));
#9755 = ORIENTED_EDGE('',*,*,#6746,.F.);
#9756 = FACE_BOUND('',#9757,.T.);
#9757 = EDGE_LOOP('',(#9758,#9759,#9760,#9761,#9762,#9763));
#9758 = ORIENTED_EDGE('',*,*,#6772,.F.);
#9759 = ORIENTED_EDGE('',*,*,#6803,.T.);
#9760 = ORIENTED_EDGE('',*,*,#6853,.T.);
#9761 = ORIENTED_EDGE('',*,*,#6894,.F.);
#9762 = ORIENTED_EDGE('',*,*,#6877,.F.);
#9763 = ORIENTED_EDGE('',*,*,#6828,.F.);
#9764 = FACE_BOUND('',#9765,.T.);
#9765 = EDGE_LOOP('',(#9766));
#9766 = ORIENTED_EDGE('',*,*,#5391,.F.);
#9767 = FACE_BOUND('',#9768,.T.);
#9768 = EDGE_LOOP('',(#9769,#9770,#9771,#9772,#9773,#9774,#9775,#9776,
    #9777,#9778));
#9769 = ORIENTED_EDGE('',*,*,#5417,.F.);
#9770 = ORIENTED_EDGE('',*,*,#5449,.T.);
#9771 = ORIENTED_EDGE('',*,*,#5492,.F.);
#9772 = ORIENTED_EDGE('',*,*,#5540,.F.);
#9773 = ORIENTED_EDGE('',*,*,#5590,.F.);
#9774 = ORIENTED_EDGE('',*,*,#5639,.F.);
#9775 = ORIENTED_EDGE('',*,*,#5615,.T.);
#9776 = ORIENTED_EDGE('',*,*,#5572,.F.);
#9777 = ORIENTED_EDGE('',*,*,#5516,.T.);
#9778 = ORIENTED_EDGE('',*,*,#5474,.F.);
#9779 = FACE_BOUND('',#9780,.T.);
#9780 = EDGE_LOOP('',(#9781,#9782,#9783,#9784,#9785,#9786));
#9781 = ORIENTED_EDGE('',*,*,#5664,.F.);
#9782 = ORIENTED_EDGE('',*,*,#5695,.T.);
#9783 = ORIENTED_EDGE('',*,*,#5745,.T.);
#9784 = ORIENTED_EDGE('',*,*,#5786,.F.);
#9785 = ORIENTED_EDGE('',*,*,#5760,.F.);
#9786 = ORIENTED_EDGE('',*,*,#5720,.F.);
#9787 = FACE_BOUND('',#9788,.T.);
#9788 = EDGE_LOOP('',(#9789,#9790,#9791,#9792,#9793,#9794,#9795,#9796,
    #9797,#9798));
#9789 = ORIENTED_EDGE('',*,*,#5811,.F.);
#9790 = ORIENTED_EDGE('',*,*,#5842,.T.);
#9791 = ORIENTED_EDGE('',*,*,#5892,.T.);
#9792 = ORIENTED_EDGE('',*,*,#5933,.F.);
#9793 = ORIENTED_EDGE('',*,*,#5983,.F.);
#9794 = ORIENTED_EDGE('',*,*,#6032,.F.);
#9795 = ORIENTED_EDGE('',*,*,#6008,.T.);
#9796 = ORIENTED_EDGE('',*,*,#5965,.F.);
#9797 = ORIENTED_EDGE('',*,*,#5909,.T.);
#9798 = ORIENTED_EDGE('',*,*,#5867,.F.);
#9799 = FACE_BOUND('',#9800,.T.);
#9800 = EDGE_LOOP('',(#9801));
#9801 = ORIENTED_EDGE('',*,*,#5266,.F.);
#9802 = FACE_BOUND('',#9803,.T.);
#9803 = EDGE_LOOP('',(#9804,#9805,#9806,#9807,#9808,#9809,#9810,#9811));
#9804 = ORIENTED_EDGE('',*,*,#5071,.F.);
#9805 = ORIENTED_EDGE('',*,*,#5102,.T.);
#9806 = ORIENTED_EDGE('',*,*,#5152,.F.);
#9807 = ORIENTED_EDGE('',*,*,#5200,.T.);
#9808 = ORIENTED_EDGE('',*,*,#5243,.F.);
#9809 = ORIENTED_EDGE('',*,*,#5225,.F.);
#9810 = ORIENTED_EDGE('',*,*,#5169,.F.);
#9811 = ORIENTED_EDGE('',*,*,#5127,.F.);
#9812 = FACE_BOUND('',#9813,.T.);
#9813 = EDGE_LOOP('',(#9814));
#9814 = ORIENTED_EDGE('',*,*,#5341,.F.);
#9815 = FACE_BOUND('',#9816,.T.);
#9816 = EDGE_LOOP('',(#9817));
#9817 = ORIENTED_EDGE('',*,*,#5316,.F.);
#9818 = FACE_BOUND('',#9819,.T.);
#9819 = EDGE_LOOP('',(#9820));
#9820 = ORIENTED_EDGE('',*,*,#5291,.F.);
#9821 = FACE_BOUND('',#9822,.T.);
#9822 = EDGE_LOOP('',(#9823));
#9823 = ORIENTED_EDGE('',*,*,#5366,.F.);
#9824 = FACE_BOUND('',#9825,.T.);
#9825 = EDGE_LOOP('',(#9826));
#9826 = ORIENTED_EDGE('',*,*,#6056,.F.);
#9827 = FACE_BOUND('',#9828,.T.);
#9828 = EDGE_LOOP('',(#9829));
#9829 = ORIENTED_EDGE('',*,*,#6081,.F.);
#9830 = FACE_BOUND('',#9831,.T.);
#9831 = EDGE_LOOP('',(#9832,#9833,#9834,#9835,#9836,#9837));
#9832 = ORIENTED_EDGE('',*,*,#6107,.F.);
#9833 = ORIENTED_EDGE('',*,*,#6138,.T.);
#9834 = ORIENTED_EDGE('',*,*,#6188,.T.);
#9835 = ORIENTED_EDGE('',*,*,#6229,.F.);
#9836 = ORIENTED_EDGE('',*,*,#6212,.F.);
#9837 = ORIENTED_EDGE('',*,*,#6163,.F.);
#9838 = FACE_BOUND('',#9839,.T.);
#9839 = EDGE_LOOP('',(#9840));
#9840 = ORIENTED_EDGE('',*,*,#8370,.F.);
#9841 = FACE_BOUND('',#9842,.T.);
#9842 = EDGE_LOOP('',(#9843,#9844,#9845,#9846,#9847,#9848));
#9843 = ORIENTED_EDGE('',*,*,#8224,.T.);
#9844 = ORIENTED_EDGE('',*,*,#8280,.T.);
#9845 = ORIENTED_EDGE('',*,*,#8329,.T.);
#9846 = ORIENTED_EDGE('',*,*,#8346,.F.);
#9847 = ORIENTED_EDGE('',*,*,#8305,.F.);
#9848 = ORIENTED_EDGE('',*,*,#8255,.F.);
#9849 = FACE_BOUND('',#9850,.T.);
#9850 = EDGE_LOOP('',(#9851));
#9851 = ORIENTED_EDGE('',*,*,#8395,.F.);
#9852 = FACE_BOUND('',#9853,.T.);
#9853 = EDGE_LOOP('',(#9854));
#9854 = ORIENTED_EDGE('',*,*,#8691,.F.);
#9855 = FACE_BOUND('',#9856,.T.);
#9856 = EDGE_LOOP('',(#9857));
#9857 = ORIENTED_EDGE('',*,*,#8766,.F.);
#9858 = FACE_BOUND('',#9859,.T.);
#9859 = EDGE_LOOP('',(#9860));
#9860 = ORIENTED_EDGE('',*,*,#8741,.F.);
#9861 = FACE_BOUND('',#9862,.T.);
#9862 = EDGE_LOOP('',(#9863));
#9863 = ORIENTED_EDGE('',*,*,#8716,.F.);
#9864 = FACE_BOUND('',#9865,.T.);
#9865 = EDGE_LOOP('',(#9866,#9867,#9868,#9869,#9870,#9871,#9872,#9873));
#9866 = ORIENTED_EDGE('',*,*,#8817,.F.);
#9867 = ORIENTED_EDGE('',*,*,#8848,.T.);
#9868 = ORIENTED_EDGE('',*,*,#8898,.F.);
#9869 = ORIENTED_EDGE('',*,*,#8946,.T.);
#9870 = ORIENTED_EDGE('',*,*,#8989,.F.);
#9871 = ORIENTED_EDGE('',*,*,#8971,.F.);
#9872 = ORIENTED_EDGE('',*,*,#8915,.F.);
#9873 = ORIENTED_EDGE('',*,*,#8873,.F.);
#9874 = FACE_BOUND('',#9875,.T.);
#9875 = EDGE_LOOP('',(#9876));
#9876 = ORIENTED_EDGE('',*,*,#8791,.F.);
#9877 = FACE_BOUND('',#9878,.T.);
#9878 = EDGE_LOOP('',(#9879));
#9879 = ORIENTED_EDGE('',*,*,#8666,.F.);
#9880 = FACE_BOUND('',#9881,.T.);
#9881 = EDGE_LOOP('',(#9882,#9883,#9884,#9885,#9886,#9887,#9888,#9889,
    #9890,#9891));
#9882 = ORIENTED_EDGE('',*,*,#8421,.F.);
#9883 = ORIENTED_EDGE('',*,*,#8452,.T.);
#9884 = ORIENTED_EDGE('',*,*,#8495,.F.);
#9885 = ORIENTED_EDGE('',*,*,#8543,.F.);
#9886 = ORIENTED_EDGE('',*,*,#8593,.F.);
#9887 = ORIENTED_EDGE('',*,*,#8642,.F.);
#9888 = ORIENTED_EDGE('',*,*,#8618,.T.);
#9889 = ORIENTED_EDGE('',*,*,#8575,.F.);
#9890 = ORIENTED_EDGE('',*,*,#8519,.T.);
#9891 = ORIENTED_EDGE('',*,*,#8477,.F.);
#9892 = FACE_BOUND('',#9893,.T.);
#9893 = EDGE_LOOP('',(#9894,#9895,#9896,#9897,#9898,#9899));
#9894 = ORIENTED_EDGE('',*,*,#6944,.F.);
#9895 = ORIENTED_EDGE('',*,*,#6975,.T.);
#9896 = ORIENTED_EDGE('',*,*,#7025,.T.);
#9897 = ORIENTED_EDGE('',*,*,#7066,.F.);
#9898 = ORIENTED_EDGE('',*,*,#7049,.F.);
#9899 = ORIENTED_EDGE('',*,*,#7000,.F.);
#9900 = FACE_BOUND('',#9901,.T.);
#9901 = EDGE_LOOP('',(#9902));
#9902 = ORIENTED_EDGE('',*,*,#6918,.F.);
#9903 = FACE_BOUND('',#9904,.T.);
#9904 = EDGE_LOOP('',(#9905));
#9905 = ORIENTED_EDGE('',*,*,#7090,.F.);
#9906 = FACE_BOUND('',#9907,.T.);
#9907 = EDGE_LOOP('',(#9908));
#9908 = ORIENTED_EDGE('',*,*,#7115,.F.);
#9909 = FACE_BOUND('',#9910,.T.);
#9910 = EDGE_LOOP('',(#9911,#9912,#9913,#9914,#9915,#9916,#9917,#9918,
    #9919,#9920));
#9911 = ORIENTED_EDGE('',*,*,#7462,.F.);
#9912 = ORIENTED_EDGE('',*,*,#7494,.T.);
#9913 = ORIENTED_EDGE('',*,*,#7537,.F.);
#9914 = ORIENTED_EDGE('',*,*,#7585,.F.);
#9915 = ORIENTED_EDGE('',*,*,#7635,.F.);
#9916 = ORIENTED_EDGE('',*,*,#7683,.F.);
#9917 = ORIENTED_EDGE('',*,*,#7659,.T.);
#9918 = ORIENTED_EDGE('',*,*,#7617,.F.);
#9919 = ORIENTED_EDGE('',*,*,#7561,.T.);
#9920 = ORIENTED_EDGE('',*,*,#7519,.F.);
#9921 = FACE_BOUND('',#9922,.T.);
#9922 = EDGE_LOOP('',(#9923,#9924,#9925,#9926,#9927,#9928,#9929,#9930,
    #9931,#9932));
#9923 = ORIENTED_EDGE('',*,*,#7733,.F.);
#9924 = ORIENTED_EDGE('',*,*,#7764,.T.);
#9925 = ORIENTED_EDGE('',*,*,#7807,.F.);
#9926 = ORIENTED_EDGE('',*,*,#7855,.F.);
#9927 = ORIENTED_EDGE('',*,*,#7905,.F.);
#9928 = ORIENTED_EDGE('',*,*,#7954,.F.);
#9929 = ORIENTED_EDGE('',*,*,#7930,.T.);
#9930 = ORIENTED_EDGE('',*,*,#7887,.F.);
#9931 = ORIENTED_EDGE('',*,*,#7831,.T.);
#9932 = ORIENTED_EDGE('',*,*,#7789,.F.);
#9933 = FACE_BOUND('',#9934,.T.);
#9934 = EDGE_LOOP('',(#9935));
#9935 = ORIENTED_EDGE('',*,*,#7707,.F.);
#9936 = FACE_BOUND('',#9937,.T.);
#9937 = EDGE_LOOP('',(#9938,#9939,#9940,#9941,#9942,#9943,#9944,#9945,
    #9946,#9947));
#9938 = ORIENTED_EDGE('',*,*,#7979,.F.);
#9939 = ORIENTED_EDGE('',*,*,#8010,.T.);
#9940 = ORIENTED_EDGE('',*,*,#8060,.T.);
#9941 = ORIENTED_EDGE('',*,*,#8101,.F.);
#9942 = ORIENTED_EDGE('',*,*,#8158,.T.);
#9943 = ORIENTED_EDGE('',*,*,#8199,.F.);
#9944 = ORIENTED_EDGE('',*,*,#8182,.F.);
#9945 = ORIENTED_EDGE('',*,*,#8133,.F.);
#9946 = ORIENTED_EDGE('',*,*,#8077,.T.);
#9947 = ORIENTED_EDGE('',*,*,#8035,.F.);
#9948 = FACE_BOUND('',#9949,.T.);
#9949 = EDGE_LOOP('',(#9950));
#9950 = ORIENTED_EDGE('',*,*,#7140,.F.);
#9951 = FACE_BOUND('',#9952,.T.);
#9952 = EDGE_LOOP('',(#9953));
#9953 = ORIENTED_EDGE('',*,*,#7215,.F.);
#9954 = FACE_BOUND('',#9955,.T.);
#9955 = EDGE_LOOP('',(#9956));
#9956 = ORIENTED_EDGE('',*,*,#7190,.F.);
#9957 = FACE_BOUND('',#9958,.T.);
#9958 = EDGE_LOOP('',(#9959));
#9959 = ORIENTED_EDGE('',*,*,#7165,.F.);
#9960 = FACE_BOUND('',#9961,.T.);
#9961 = EDGE_LOOP('',(#9962));
#9962 = ORIENTED_EDGE('',*,*,#7436,.F.);
#9963 = FACE_BOUND('',#9964,.T.);
#9964 = EDGE_LOOP('',(#9965,#9966,#9967,#9968,#9969,#9970,#9971,#9972));
#9965 = ORIENTED_EDGE('',*,*,#7241,.T.);
#9966 = ORIENTED_EDGE('',*,*,#7297,.T.);
#9967 = ORIENTED_EDGE('',*,*,#7339,.T.);
#9968 = ORIENTED_EDGE('',*,*,#7395,.T.);
#9969 = ORIENTED_EDGE('',*,*,#7413,.T.);
#9970 = ORIENTED_EDGE('',*,*,#7370,.F.);
#9971 = ORIENTED_EDGE('',*,*,#7322,.T.);
#9972 = ORIENTED_EDGE('',*,*,#7272,.F.);
#9973 = FACE_BOUND('',#9974,.T.);
#9974 = EDGE_LOOP('',(#9975,#9976,#9977,#9978,#9979,#9980,#9981,#9982));
#9975 = ORIENTED_EDGE('',*,*,#2601,.T.);
#9976 = ORIENTED_EDGE('',*,*,#2632,.T.);
#9977 = ORIENTED_EDGE('',*,*,#2684,.T.);
#9978 = ORIENTED_EDGE('',*,*,#2731,.F.);
#9979 = ORIENTED_EDGE('',*,*,#2781,.F.);
#9980 = ORIENTED_EDGE('',*,*,#2765,.F.);
#9981 = ORIENTED_EDGE('',*,*,#2716,.F.);
#9982 = ORIENTED_EDGE('',*,*,#2659,.T.);
#9983 = FACE_BOUND('',#9984,.T.);
#9984 = EDGE_LOOP('',(#9985,#9986,#9987,#9988,#9989,#9990,#9991,#9992,
    #9993));
#9985 = ORIENTED_EDGE('',*,*,#9408,.F.);
#9986 = ORIENTED_EDGE('',*,*,#9439,.T.);
#9987 = ORIENTED_EDGE('',*,*,#9492,.T.);
#9988 = ORIENTED_EDGE('',*,*,#9501,.T.);
#9989 = ORIENTED_EDGE('',*,*,#9573,.T.);
#9990 = ORIENTED_EDGE('',*,*,#9598,.T.);
#9991 = ORIENTED_EDGE('',*,*,#9557,.F.);
#9992 = ORIENTED_EDGE('',*,*,#9526,.T.);
#9993 = ORIENTED_EDGE('',*,*,#9473,.F.);
#9994 = FACE_BOUND('',#9995,.T.);
#9995 = EDGE_LOOP('',(#9996,#9997,#9998,#9999,#10000,#10001,#10002,
    #10003));
#9996 = ORIENTED_EDGE('',*,*,#9211,.F.);
#9997 = ORIENTED_EDGE('',*,*,#9242,.T.);
#9998 = ORIENTED_EDGE('',*,*,#9294,.T.);
#9999 = ORIENTED_EDGE('',*,*,#9341,.F.);
#10000 = ORIENTED_EDGE('',*,*,#9391,.T.);
#10001 = ORIENTED_EDGE('',*,*,#9375,.F.);
#10002 = ORIENTED_EDGE('',*,*,#9326,.F.);
#10003 = ORIENTED_EDGE('',*,*,#9269,.T.);
#10004 = PLANE('',#10005);
#10005 = AXIS2_PLACEMENT_3D('',#10006,#10007,#10008);
#10006 = CARTESIAN_POINT('',(-6.234098634657E-02,-0.246264846097,3.));
#10007 = DIRECTION('',(0.,0.,1.));
#10008 = DIRECTION('',(1.,0.,0.));
#10009 = ( GEOMETRIC_REPRESENTATION_CONTEXT(3) 
GLOBAL_UNCERTAINTY_ASSIGNED_CONTEXT((#10013)) 
GLOBAL_UNIT_ASSIGNED_CONTEXT((#10010,#10011,#10012)) 
REPRESENTATION_CONTEXT('Context #1',
  '3D Context with UNIT and UNCERTAINTY') );
#10010 = ( LENGTH_UNIT() NAMED_UNIT(*) SI_UNIT(.MILLI.,.METRE.) );
#10011 = ( NAMED_UNIT(*) PLANE_ANGLE_UNIT() SI_UNIT($,.RADIAN.) );
#10012 = ( NAMED_UNIT(*) SI_UNIT($,.STERADIAN.) SOLID_ANGLE_UNIT() );
#10013 = UNCERTAINTY_MEASURE_WITH_UNIT(LENGTH_MEASURE(2.E-05),#10010,
  'distance_accuracy_value','confusion accuracy');
#10014 = PRODUCT_RELATED_PRODUCT_CATEGORY('part',$,(#7));
#10015 = MECHANICAL_DESIGN_GEOMETRIC_PRESENTATION_REPRESENTATION('',(
    #10016),#10009);
#10016 = STYLED_ITEM('color',(#10017),#15);
#10017 = PRESENTATION_STYLE_ASSIGNMENT((#10018,#10024));
#10018 = SURFACE_STYLE_USAGE(.BOTH.,#10019);
#10019 = SURFACE_SIDE_STYLE('',(#10020));
#10020 = SURFACE_STYLE_FILL_AREA(#10021);
#10021 = FILL_AREA_STYLE('',(#10022));
#10022 = FILL_AREA_STYLE_COLOUR('',#10023);
#10023 = COLOUR_RGB('',0.447058818107,0.474509808674,0.501960817233);
#10024 = CURVE_STYLE('',#10025,POSITIVE_LENGTH_MEASURE(0.1),#10026);
#10025 = DRAUGHTING_PRE_DEFINED_CURVE_FONT('continuous');
#10026 = COLOUR_RGB('',9.803921802644E-02,9.803921802644E-02,
  9.803921802644E-02);
ENDSEC;
END-ISO-10303-21;
