ISO-10303-21;
HEADER;
FILE_DESCRIPTION(('FreeCAD Model'),'2;1');
FILE_NAME('Open CASCADE Shape Model','2026-06-24T14:16:15',(''),(''),
  'Open CASCADE STEP processor 7.8','FreeCAD','Unknown');
FILE_SCHEMA(('AUTOMOTIVE_DESIGN { 1 0 10303 214 1 1 1 1 }'));
ENDSEC;
DATA;
#1 = APPLICATION_PROTOCOL_DEFINITION('international standard',
  'automotive_design',2000,#2);
#2 = APPLICATION_CONTEXT(
  'core data for automotive mechanical design processes');
#3 = SHAPE_DEFINITION_REPRESENTATION(#4,#10);
#4 = PRODUCT_DEFINITION_SHAPE('','',#5);
#5 = PRODUCT_DEFINITION('design','',#6,#9);
#6 = PRODUCT_DEFINITION_FORMATION('','',#7);
#7 = PRODUCT('Body','Body','',(#8));
#8 = PRODUCT_CONTEXT('',#2,'mechanical');
#9 = PRODUCT_DEFINITION_CONTEXT('part definition',#2,'design');
#10 = ADVANCED_BREP_SHAPE_REPRESENTATION('',(#11,#15),#3024);
#11 = AXIS2_PLACEMENT_3D('',#12,#13,#14);
#12 = CARTESIAN_POINT('',(0.,0.,0.));
#13 = DIRECTION('',(0.,0.,1.));
#14 = DIRECTION('',(1.,0.,-0.));
#15 = MANIFOLD_SOLID_BREP('',#16);
#16 = CLOSED_SHELL('',(#17,#237,#351,#472,#518,#639,#738,#904,#960,#1064
    ,#1092,#1136,#1223,#1306,#1374,#1398,#1454,#1478,#1502,#1703,#1727,
    #1761,#1780,#1805,#1820,#1855,#1912,#2111,#2136,#2180,#2284,#2307,
    #2360,#2372,#2396,#2413,#2467,#2585,#2632,#2652,#2664,#2676,#2701,
    #2726,#2829,#2926,#3012));
#17 = ADVANCED_FACE('',(#18,#203),#232,.T.);
#18 = FACE_BOUND('',#19,.T.);
#19 = EDGE_LOOP('',(#20,#31,#62,#93,#128,#137,#146,#155,#163,#171,#179,
    #196));
#20 = ORIENTED_EDGE('',*,*,#21,.T.);
#21 = EDGE_CURVE('',#22,#24,#26,.T.);
#22 = VERTEX_POINT('',#23);
#23 = CARTESIAN_POINT('',(-0.847235189682,-2.877879867778,18.));
#24 = VERTEX_POINT('',#25);
#25 = CARTESIAN_POINT('',(0.127818097647,-2.997275852155,18.));
#26 = CIRCLE('',#27,3.);
#27 = AXIS2_PLACEMENT_3D('',#28,#29,#30);
#28 = CARTESIAN_POINT('',(0.,0.,18.));
#29 = DIRECTION('',(0.,-0.,1.));
#30 = DIRECTION('',(0.,1.,0.));
#31 = ORIENTED_EDGE('',*,*,#32,.T.);
#32 = EDGE_CURVE('',#24,#33,#35,.T.);
#33 = VERTEX_POINT('',#34);
#34 = CARTESIAN_POINT('',(0.41200273855,-4.229453945714,18.));
#35 = B_SPLINE_CURVE_WITH_KNOTS('',7,(#36,#37,#38,#39,#40,#41,#42,#43,
    #44,#45,#46,#47,#48,#49,#50,#51,#52,#53,#54,#55,#56,#57,#58,#59,#60,
    #61),.UNSPECIFIED.,.F.,.F.,(8,6,6,6,8),(-1.325920885893,
    -0.936824865726,0.7147507183,1.552641733157,1.825717007975),
  .UNSPECIFIED.);
#36 = CARTESIAN_POINT('',(-0.287708022569,-1.35788829293,18.));
#37 = CARTESIAN_POINT('',(-0.27389938095,-1.412506205913,18.));
#38 = CARTESIAN_POINT('',(-0.260099076583,-1.467091142202,18.));
#39 = CARTESIAN_POINT('',(-0.24630710947,-1.521643101795,18.));
#40 = CARTESIAN_POINT('',(-0.23252347961,-1.576162084693,18.));
#41 = CARTESIAN_POINT('',(-0.218748187003,-1.630648090896,18.));
#42 = CARTESIAN_POINT('',(-0.204981231649,-1.685101120404,18.));
#43 = CARTESIAN_POINT('',(-0.132822124857,-1.970515133186,18.));
#44 = CARTESIAN_POINT('',(-7.436933561165E-02,-2.201371257131,18.));
#45 = CARTESIAN_POINT('',(-1.59436437636E-02,-2.431784847381,
    18.000000000001));
#46 = CARTESIAN_POINT('',(4.261751004463E-02,-2.662426355812,18.));
#47 = CARTESIAN_POINT('',(0.101188036469,-2.892804476367,18.));
#48 = CARTESIAN_POINT('',(0.159578707477,-3.122169097543,18.));
#49 = CARTESIAN_POINT('',(0.248420749724,-3.47079154692,18.));
#50 = CARTESIAN_POINT('',(0.278502138276,-3.588578422619,18.));
#51 = CARTESIAN_POINT('',(0.308585220468,-3.707514091602,18.));
#52 = CARTESIAN_POINT('',(0.339738906691,-3.827179615349,18.));
#53 = CARTESIAN_POINT('',(0.369266261408,-3.947209751715,18.));
#54 = CARTESIAN_POINT('',(0.398570940032,-4.055778460489,18.));
#55 = CARTESIAN_POINT('',(0.424483794279,-4.163875427795,18.));
#56 = CARTESIAN_POINT('',(0.428012734532,-4.181255973667,18.));
#57 = CARTESIAN_POINT('',(0.428936489218,-4.193072618742,18.));
#58 = CARTESIAN_POINT('',(0.427493436849,-4.202104025389,18.));
#59 = CARTESIAN_POINT('',(0.423954065369,-4.21037161282,18.));
#60 = CARTESIAN_POINT('',(0.418649951242,-4.219229416194,18.));
#61 = CARTESIAN_POINT('',(0.41200273855,-4.229453945714,18.));
#62 = ORIENTED_EDGE('',*,*,#63,.T.);
#63 = EDGE_CURVE('',#33,#64,#66,.T.);
#64 = VERTEX_POINT('',#65);
#65 = CARTESIAN_POINT('',(0.585539785243,-4.234066639906,18.));
#66 = ( BOUNDED_CURVE() B_SPLINE_CURVE(13,(#67,#68,#69,#70,#71,#72,#73,
    #74,#75,#76,#77,#78,#79,#80,#81,#82,#83,#84,#85,#86,#87,#88,#89,#90,
#91,#92),.UNSPECIFIED.,.F.,.F.) B_SPLINE_CURVE_WITH_KNOTS((14,12,14),(
1.825717007975,2.90699996292,3.987859833407),.UNSPECIFIED.) CURVE() 
GEOMETRIC_REPRESENTATION_ITEM() RATIONAL_B_SPLINE_CURVE((1.,1.,
    0.999999999999,1.000000000003,0.999999999994,1.000000000009,
    0.99999999999,1.00000000001,0.999999999993,1.000000000004,
    0.999999999998,1.000000000001,1.,1.,1.,1.,1.000000000001,
    0.999999999998,1.000000000002,0.999999999998,1.000000000001,
0.999999999999,1.,1.,1.,1.)) REPRESENTATION_ITEM('') );
#67 = CARTESIAN_POINT('',(0.41200273855,-4.229453945714,18.));
#68 = CARTESIAN_POINT('',(0.39783008273,-4.251253870662,18.));
#69 = CARTESIAN_POINT('',(0.38691136099,-4.274242924488,18.));
#70 = CARTESIAN_POINT('',(0.379714663041,-4.299780530289,18.));
#71 = CARTESIAN_POINT('',(0.38491189584,-4.333350344092,17.999999999999)
  );
#72 = CARTESIAN_POINT('',(0.377692282236,-4.34403031568,18.000000000001)
  );
#73 = CARTESIAN_POINT('',(0.392372728669,-4.383359237701,17.999999999998
    ));
#74 = CARTESIAN_POINT('',(0.396850759931,-4.392056877477,18.000000000002
    ));
#75 = CARTESIAN_POINT('',(0.411420531566,-4.417985811441,17.999999999998
    ));
#76 = CARTESIAN_POINT('',(0.426349206073,-4.430172319072,18.000000000001
    ));
#77 = CARTESIAN_POINT('',(0.443294993077,-4.442875732473,17.999999999999
    ));
#78 = CARTESIAN_POINT('',(0.461819706317,-4.450622566714,18.));
#79 = CARTESIAN_POINT('',(0.48089892476,-4.454602909481,18.));
#80 = CARTESIAN_POINT('',(0.519088310273,-4.45460330295,18.));
#81 = CARTESIAN_POINT('',(0.538179753615,-4.450597364002,18.));
#82 = CARTESIAN_POINT('',(0.556607209229,-4.442945056192,18.));
#83 = CARTESIAN_POINT('',(0.573823631633,-4.430487487001,18.));
#84 = CARTESIAN_POINT('',(0.588612575313,-4.416091734229,18.));
#85 = CARTESIAN_POINT('',(0.601679456076,-4.397257685414,18.));
#86 = CARTESIAN_POINT('',(0.611512653249,-4.375008965253,18.));
#87 = CARTESIAN_POINT('',(0.616687197024,-4.35280854832,18.));
#88 = CARTESIAN_POINT('',(0.619358408068,-4.328530915088,18.));
#89 = CARTESIAN_POINT('',(0.619816825822,-4.299819641954,18.));
#90 = CARTESIAN_POINT('',(0.611793039662,-4.275243963723,18.));
#91 = CARTESIAN_POINT('',(0.599743829981,-4.254870558351,18.));
#92 = CARTESIAN_POINT('',(0.585539785243,-4.234066639906,18.));
#93 = ORIENTED_EDGE('',*,*,#94,.T.);
#94 = EDGE_CURVE('',#64,#95,#97,.T.);
#95 = VERTEX_POINT('',#96);
#96 = CARTESIAN_POINT('',(0.907229577127,-2.859533964545,18.));
#97 = B_SPLINE_CURVE_WITH_KNOTS('',8,(#98,#99,#100,#101,#102,#103,#104,
    #105,#106,#107,#108,#109,#110,#111,#112,#113,#114,#115,#116,#117,
    #118,#119,#120,#121,#122,#123,#124,#125,#126,#127),.UNSPECIFIED.,.F.
  ,.F.,(9,7,7,7,9),(3.987859833407,4.261357806019,6.350594594908,
    7.388126693802,7.77653334918),.UNSPECIFIED.);
#98 = CARTESIAN_POINT('',(0.585539785243,-4.234066639906,18.));
#99 = CARTESIAN_POINT('',(0.579699284073,-4.225512364539,18.));
#100 = CARTESIAN_POINT('',(0.575041201329,-4.217716191889,
    18.000000000001));
#101 = CARTESIAN_POINT('',(0.571890407514,-4.210009534862,
    17.999999999999));
#102 = CARTESIAN_POINT('',(0.570441088027,-4.201452735521,
    18.000000000001));
#103 = CARTESIAN_POINT('',(0.570814569195,-4.190818707868,
    17.999999999999));
#104 = CARTESIAN_POINT('',(0.573117144295,-4.17657658063,18.));
#105 = CARTESIAN_POINT('',(0.577497899588,-4.15687534004,18.));
#106 = CARTESIAN_POINT('',(0.6354534982,-3.920618535664,18.));
#107 = CARTESIAN_POINT('',(0.700479644671,-3.676691880406,
    17.999999999999));
#108 = CARTESIAN_POINT('',(0.765251076118,-3.414250264355,
    18.000000000001));
#109 = CARTESIAN_POINT('',(0.832495011241,-3.155472984204,
    17.999999999999));
#110 = CARTESIAN_POINT('',(0.897679268418,-2.896633842785,
    18.000000000001));
#111 = CARTESIAN_POINT('',(0.962674872801,-2.641769284839,
    17.999999999999));
#112 = CARTESIAN_POINT('',(1.027408767262,-2.386500656984,18.));
#113 = CARTESIAN_POINT('',(1.124241816385,-2.004303261431,18.));
#114 = CARTESIAN_POINT('',(1.15636242023,-1.877427637828,18.));
#115 = CARTESIAN_POINT('',(1.18847200744,-1.750496443099,18.));
#116 = CARTESIAN_POINT('',(1.2205703367,-1.62350805526,18.));
#117 = CARTESIAN_POINT('',(1.252657166697,-1.496460852326,18.));
#118 = CARTESIAN_POINT('',(1.284732256117,-1.369353212314,18.));
#119 = CARTESIAN_POINT('',(1.316795363646,-1.242183513238,18.));
#120 = CARTESIAN_POINT('',(1.360844697749,-1.067319518431,18.));
#121 = CARTESIAN_POINT('',(1.372849183736,-1.019664941624,18.));
#122 = CARTESIAN_POINT('',(1.384859705932,-0.971986402693,18.));
#123 = CARTESIAN_POINT('',(1.396876264337,-0.924283901639,18.));
#124 = CARTESIAN_POINT('',(1.40889885895,-0.876557438463,18.));
#125 = CARTESIAN_POINT('',(1.420927489772,-0.828807013163,18.));
#126 = CARTESIAN_POINT('',(1.432962156802,-0.781032625741,18.));
#127 = CARTESIAN_POINT('',(1.445002860041,-0.733234276195,18.));
#128 = ORIENTED_EDGE('',*,*,#129,.F.);
#129 = EDGE_CURVE('',#130,#95,#132,.T.);
#130 = VERTEX_POINT('',#131);
#131 = CARTESIAN_POINT('',(2.009875937861,-2.227195257361,18.));
#132 = CIRCLE('',#133,3.);
#133 = AXIS2_PLACEMENT_3D('',#134,#135,#136);
#134 = CARTESIAN_POINT('',(0.,0.,18.));
#135 = DIRECTION('',(0.,0.,-1.));
#136 = DIRECTION('',(0.,1.,0.));
#137 = ORIENTED_EDGE('',*,*,#138,.T.);
#138 = EDGE_CURVE('',#130,#139,#141,.T.);
#139 = VERTEX_POINT('',#140);
#140 = CARTESIAN_POINT('',(1.53E-13,3.,18.));
#141 = CIRCLE('',#142,3.);
#142 = AXIS2_PLACEMENT_3D('',#143,#144,#145);
#143 = CARTESIAN_POINT('',(0.,0.,18.));
#144 = DIRECTION('',(0.,0.,1.));
#145 = DIRECTION('',(1.,0.,0.));
#146 = ORIENTED_EDGE('',*,*,#147,.T.);
#147 = EDGE_CURVE('',#139,#148,#150,.T.);
#148 = VERTEX_POINT('',#149);
#149 = CARTESIAN_POINT('',(-0.8,2.89136645896,18.));
#150 = CIRCLE('',#151,3.);
#151 = AXIS2_PLACEMENT_3D('',#152,#153,#154);
#152 = CARTESIAN_POINT('',(0.,0.,18.));
#153 = DIRECTION('',(0.,0.,1.));
#154 = DIRECTION('',(1.,0.,0.));
#155 = ORIENTED_EDGE('',*,*,#156,.F.);
#156 = EDGE_CURVE('',#157,#148,#159,.T.);
#157 = VERTEX_POINT('',#158);
#158 = CARTESIAN_POINT('',(-0.8,17.179829841902,17.999999999999));
#159 = LINE('',#160,#161);
#160 = CARTESIAN_POINT('',(-0.8,19.,18.));
#161 = VECTOR('',#162,1.);
#162 = DIRECTION('',(0.,-1.,0.));
#163 = ORIENTED_EDGE('',*,*,#164,.F.);
#164 = EDGE_CURVE('',#165,#157,#167,.T.);
#165 = VERTEX_POINT('',#166);
#166 = CARTESIAN_POINT('',(-2.8,17.179829841902,18.));
#167 = LINE('',#168,#169);
#168 = CARTESIAN_POINT('',(-21.79999999999,17.179829841912,
    18.000000000016));
#169 = VECTOR('',#170,1.);
#170 = DIRECTION('',(1.,-4.7667E-13,-8.2795E-13));
#171 = ORIENTED_EDGE('',*,*,#172,.T.);
#172 = EDGE_CURVE('',#165,#173,#175,.T.);
#173 = VERTEX_POINT('',#174);
#174 = CARTESIAN_POINT('',(-2.8,-0.6,18.));
#175 = LINE('',#176,#177);
#176 = CARTESIAN_POINT('',(-2.8,15.051473927906,18.));
#177 = VECTOR('',#178,1.);
#178 = DIRECTION('',(0.,-1.,0.));
#179 = ORIENTED_EDGE('',*,*,#180,.F.);
#180 = EDGE_CURVE('',#181,#173,#183,.T.);
#181 = VERTEX_POINT('',#182);
#182 = CARTESIAN_POINT('',(-2.4,-1.8,18.));
#183 = B_SPLINE_CURVE_WITH_KNOTS('',6,(#184,#185,#186,#187,#188,#189,
    #190,#191,#192,#193,#194,#195),.UNSPECIFIED.,.F.,.F.,(7,5,7),(0.,0.5
    ,1.),.UNSPECIFIED.);
#184 = CARTESIAN_POINT('',(-2.4,-1.8,18.));
#185 = CARTESIAN_POINT('',(-2.463254135614,-1.715661152515,18.));
#186 = CARTESIAN_POINT('',(-2.521817788467,-1.62646211191,18.));
#187 = CARTESIAN_POINT('',(-2.575026256819,-1.532864895447,18.));
#188 = CARTESIAN_POINT('',(-2.622288015132,-1.435487687847,18.));
#189 = CARTESIAN_POINT('',(-2.663157851986,-1.335081764379,18.));
#190 = CARTESIAN_POINT('',(-2.731575340216,-1.129829299688,18.));
#191 = CARTESIAN_POINT('',(-2.759123024814,-1.024982658802,18.));
#192 = CARTESIAN_POINT('',(-2.779739942724,-0.918723837733,18.));
#193 = CARTESIAN_POINT('',(-2.79333149792,-0.811920983552,18.));
#194 = CARTESIAN_POINT('',(-2.8,-0.705423559356,18.));
#195 = CARTESIAN_POINT('',(-2.8,-0.6,18.));
#196 = ORIENTED_EDGE('',*,*,#197,.T.);
#197 = EDGE_CURVE('',#181,#22,#198,.T.);
#198 = CIRCLE('',#199,3.);
#199 = AXIS2_PLACEMENT_3D('',#200,#201,#202);
#200 = CARTESIAN_POINT('',(0.,0.,18.));
#201 = DIRECTION('',(0.,0.,1.));
#202 = DIRECTION('',(1.,0.,0.));
#203 = FACE_BOUND('',#204,.T.);
#204 = EDGE_LOOP('',(#205,#216,#225));
#205 = ORIENTED_EDGE('',*,*,#206,.F.);
#206 = EDGE_CURVE('',#207,#209,#211,.T.);
#207 = VERTEX_POINT('',#208);
#208 = CARTESIAN_POINT('',(-1.26216037675,-1.212209216003,18.));
#209 = VERTEX_POINT('',#210);
#210 = CARTESIAN_POINT('',(1.726359407387,-0.286676117815,18.));
#211 = CIRCLE('',#212,1.75);
#212 = AXIS2_PLACEMENT_3D('',#213,#214,#215);
#213 = CARTESIAN_POINT('',(0.,0.,18.));
#214 = DIRECTION('',(0.,0.,1.));
#215 = DIRECTION('',(1.,0.,0.));
#216 = ORIENTED_EDGE('',*,*,#217,.F.);
#217 = EDGE_CURVE('',#218,#207,#220,.T.);
#218 = VERTEX_POINT('',#219);
#219 = CARTESIAN_POINT('',(1.75,0.,18.));
#220 = CIRCLE('',#221,1.75);
#221 = AXIS2_PLACEMENT_3D('',#222,#223,#224);
#222 = CARTESIAN_POINT('',(0.,0.,18.));
#223 = DIRECTION('',(0.,0.,1.));
#224 = DIRECTION('',(1.,0.,0.));
#225 = ORIENTED_EDGE('',*,*,#226,.F.);
#226 = EDGE_CURVE('',#209,#218,#227,.T.);
#227 = CIRCLE('',#228,1.75);
#228 = AXIS2_PLACEMENT_3D('',#229,#230,#231);
#229 = CARTESIAN_POINT('',(0.,0.,18.));
#230 = DIRECTION('',(0.,0.,1.));
#231 = DIRECTION('',(1.,0.,0.));
#232 = PLANE('',#233);
#233 = AXIS2_PLACEMENT_3D('',#234,#235,#236);
#234 = CARTESIAN_POINT('',(-9.849999944667,8.377827325469,18.));
#235 = DIRECTION('',(0.,0.,1.));
#236 = DIRECTION('',(1.,0.,0.));
#237 = ADVANCED_FACE('',(#238),#346,.T.);
#238 = FACE_BOUND('',#239,.F.);
#239 = EDGE_LOOP('',(#240,#297,#306,#314,#315,#316));
#240 = ORIENTED_EDGE('',*,*,#241,.F.);
#241 = EDGE_CURVE('',#242,#244,#246,.T.);
#242 = VERTEX_POINT('',#243);
#243 = CARTESIAN_POINT('',(-1.004041123805,-2.826995122336,3.65));
#244 = VERTEX_POINT('',#245);
#245 = CARTESIAN_POINT('',(-0.937931028244,-2.849611445336,
    17.083336969328));
#246 = B_SPLINE_CURVE_WITH_KNOTS('',7,(#247,#248,#249,#250,#251,#252,
    #253,#254,#255,#256,#257,#258,#259,#260,#261,#262,#263,#264,#265,
    #266,#267,#268,#269,#270,#271,#272,#273,#274,#275,#276,#277,#278,
    #279,#280,#281,#282,#283,#284,#285,#286,#287,#288,#289,#290,#291,
    #292,#293,#294,#295,#296),.UNSPECIFIED.,.F.,.F.,(8,6,6,6,6,6,6,6,8),
  (0.,6.575207303473E-03,0.242121161272,0.557724498498,0.809133243719,
    0.980195882695,0.990472085494,0.995227717181,1.),.UNSPECIFIED.);
#247 = CARTESIAN_POINT('',(-0.621237373182,-2.934972593767,
    -8.501030284479E-05));
#248 = CARTESIAN_POINT('',(-0.622881765741,-2.934624529861,
    1.341117169787E-02));
#249 = CARTESIAN_POINT('',(-0.624824750563,-2.934212144277,
    2.937249016582E-02));
#250 = CARTESIAN_POINT('',(-0.626841543192,-2.933782254988,
    4.596397311092E-02));
#251 = CARTESIAN_POINT('',(-0.628803270497,-2.933362225946,
    6.212701114471E-02));
#252 = CARTESIAN_POINT('',(-0.630677165551,-2.932959613803,
    7.758472611429E-02));
#253 = CARTESIAN_POINT('',(-0.632523815636,-2.932561627192,
    9.28339127947E-02));
#254 = CARTESIAN_POINT('',(-0.705172861015,-2.916840800598,
    0.693599643932));
#255 = CARTESIAN_POINT('',(-0.772844684761,-2.900116321942,
    1.280915173206));
#256 = CARTESIAN_POINT('',(-0.837220766432,-2.882297807422,
    1.871242030804));
#257 = CARTESIAN_POINT('',(-0.897972626334,-2.863765182844,
    2.464675466748));
#258 = CARTESIAN_POINT('',(-0.954733454566,-2.844956557403,
    3.061260633735));
#259 = CARTESIAN_POINT('',(-1.007108810643,-2.82636093078,3.660984179037
    ));
#260 = CARTESIAN_POINT('',(-1.118464851528,-2.784542306431,
    5.071398085027));
#261 = CARTESIAN_POINT('',(-1.173650898378,-2.761890197395,
    5.884644112056));
#262 = CARTESIAN_POINT('',(-1.219270331658,-2.741769875072,
    6.703013535041));
#263 = CARTESIAN_POINT('',(-1.254344590168,-2.725466230773,
    7.525749829745));
#264 = CARTESIAN_POINT('',(-1.278004389248,-2.714198148815,
    8.351787668644));
#265 = CARTESIAN_POINT('',(-1.289784853049,-2.708589124068,
    9.179650788074));
#266 = CARTESIAN_POINT('',(-1.289621223549,-2.708667034951,
    10.66679860787));
#267 = CARTESIAN_POINT('',(-1.282015309696,-2.712288533079,
    11.326230369358));
#268 = CARTESIAN_POINT('',(-1.266875216525,-2.71949626449,
    11.984758630907));
#269 = CARTESIAN_POINT('',(-1.244387288366,-2.730038979648,
    12.641596861362));
#270 = CARTESIAN_POINT('',(-1.214908165922,-2.743419919906,
    13.296109225686));
#271 = CARTESIAN_POINT('',(-1.178883496217,-2.759040024202,
    13.947786180037));
#272 = CARTESIAN_POINT('',(-1.108162381054,-2.787998138933,
    15.037443377481));
#273 = CARTESIAN_POINT('',(-1.076718975362,-2.80047088698,
    15.477187224043));
#274 = CARTESIAN_POINT('',(-1.042617732168,-2.813494664678,
    15.915369893677));
#275 = CARTESIAN_POINT('',(-1.00601497159,-2.826868086208,
    16.351932419297));
#276 = CARTESIAN_POINT('',(-0.967065675881,-2.840395941666,
    16.786844142003));
#277 = CARTESIAN_POINT('',(-0.925918438289,-2.853895351319,
    17.220099295352));
#278 = CARTESIAN_POINT('',(-0.880117631936,-2.867995873232,
    17.67764383867));
#279 = CARTESIAN_POINT('',(-0.877514741775,-2.868794214366,
    17.703566286893));
#280 = CARTESIAN_POINT('',(-0.874904455528,-2.869591804239,
    17.729482816612));
#281 = CARTESIAN_POINT('',(-0.872286803494,-2.870388606266,
    17.755393430944));
#282 = CARTESIAN_POINT('',(-0.869661815869,-2.871184584038,
    17.781298133223));
#283 = CARTESIAN_POINT('',(-0.86702952274,-2.871979701322,
    17.807196927002));
#284 = CARTESIAN_POINT('',(-0.863168411788,-2.873141472352,
    17.845072553845));
#285 = CARTESIAN_POINT('',(-0.861946869564,-2.873508361772,
    17.857038741456));
#286 = CARTESIAN_POINT('',(-0.860725327408,-2.873874590679,
    17.868988484372));
#287 = CARTESIAN_POINT('',(-0.859503785321,-2.874240159425,
    17.88092188678));
#288 = CARTESIAN_POINT('',(-0.858282243302,-2.874605068364,
    17.892839051563));
#289 = CARTESIAN_POINT('',(-0.85706070135,-2.874969317847,
    17.904740080304));
#290 = CARTESIAN_POINT('',(-0.854613340535,-2.875697771661,
    17.928551679794));
#291 = CARTESIAN_POINT('',(-0.853385989786,-2.876062427323,
    17.94047704258));
#292 = CARTESIAN_POINT('',(-0.852157111468,-2.876426871329,
    17.952401149008));
#293 = CARTESIAN_POINT('',(-0.850926709092,-2.876791100019,
    17.964323993638));
#294 = CARTESIAN_POINT('',(-0.849694785431,-2.877155109945,
    17.976245578228));
#295 = CARTESIAN_POINT('',(-0.848461342515,-2.877518897881,
    17.988165911733));
#296 = CARTESIAN_POINT('',(-0.847226381636,-2.877882460814,
    18.000085010303));
#297 = ORIENTED_EDGE('',*,*,#298,.F.);
#298 = EDGE_CURVE('',#299,#242,#301,.T.);
#299 = VERTEX_POINT('',#300);
#300 = CARTESIAN_POINT('',(-2.40000000006,-1.79999999992,3.65));
#301 = CIRCLE('',#302,3.);
#302 = AXIS2_PLACEMENT_3D('',#303,#304,#305);
#303 = CARTESIAN_POINT('',(0.,0.,3.65));
#304 = DIRECTION('',(0.,0.,1.));
#305 = DIRECTION('',(1.,0.,0.));
#306 = ORIENTED_EDGE('',*,*,#307,.F.);
#307 = EDGE_CURVE('',#181,#299,#308,.T.);
#308 = B_SPLINE_CURVE_WITH_KNOTS('',2,(#309,#310,#311,#312,#313),
  .UNSPECIFIED.,.F.,.F.,(3,1,1,3),(-0.878219999998,-1.817E-14,14.35,
    15.22822),.UNSPECIFIED.);
#309 = CARTESIAN_POINT('',(-2.399999999996,-1.800000000005,18.87822));
#310 = CARTESIAN_POINT('',(-2.399999999998,-1.800000000002,
    18.439109999999));
#311 = CARTESIAN_POINT('',(-2.40000000003,-1.79999999996,10.825));
#312 = CARTESIAN_POINT('',(-2.400000000062,-1.799999999918,3.21089));
#313 = CARTESIAN_POINT('',(-2.400000000064,-1.799999999915,2.77178));
#314 = ORIENTED_EDGE('',*,*,#197,.T.);
#315 = ORIENTED_EDGE('',*,*,#21,.T.);
#316 = ORIENTED_EDGE('',*,*,#317,.T.);
#317 = EDGE_CURVE('',#24,#244,#318,.T.);
#318 = B_SPLINE_CURVE_WITH_KNOTS('',6,(#319,#320,#321,#322,#323,#324,
    #325,#326,#327,#328,#329,#330,#331,#332,#333,#334,#335,#336,#337,
    #338,#339,#340,#341,#342,#343,#344,#345),.UNSPECIFIED.,.F.,.F.,(7,5,
    5,5,5,7),(0.,0.136499084061,0.376752163298,0.678258215004,
    0.851870617816,1.),.UNSPECIFIED.);
#319 = CARTESIAN_POINT('',(0.127818097647,-2.997275852155,18.));
#320 = CARTESIAN_POINT('',(9.396034381869E-02,-2.998719707809,18.));
#321 = CARTESIAN_POINT('',(5.961783655255E-02,-2.999724472011,
    17.998679854039));
#322 = CARTESIAN_POINT('',(2.48927477957E-02,-3.000261971095,
    17.995985460126));
#323 = CARTESIAN_POINT('',(-1.010070256427E-02,-3.000312157934,
    17.991877184363));
#324 = CARTESIAN_POINT('',(-4.523958919741E-02,-2.999865032729,
    17.986332030256));
#325 = CARTESIAN_POINT('',(-0.1422740286,-2.997263717049,17.967049305011
    ));
#326 = CARTESIAN_POINT('',(-0.204214923211,-2.994070025113,
    17.950286554138));
#327 = CARTESIAN_POINT('',(-0.265509396678,-2.989350482474,
    17.929032821777));
#328 = CARTESIAN_POINT('',(-0.325462337582,-2.983226602467,
    17.903434840379));
#329 = CARTESIAN_POINT('',(-0.383457707536,-2.975921579459,
    17.873764962092));
#330 = CARTESIAN_POINT('',(-0.508635719722,-2.957405818167,
    17.79846070845));
#331 = CARTESIAN_POINT('',(-0.574395108041,-2.945673676907,
    17.750682304468));
#332 = CARTESIAN_POINT('',(-0.635251762999,-2.933051325601,
    17.697694638448));
#333 = CARTESIAN_POINT('',(-0.690446365541,-2.920201158331,
    17.640306666385));
#334 = CARTESIAN_POINT('',(-0.739434184286,-2.907777506377,
    17.579354860117));
#335 = CARTESIAN_POINT('',(-0.806320940344,-2.889720996454,
    17.479038018397));
#336 = CARTESIAN_POINT('',(-0.828592000527,-2.883443189758,
    17.441484607979));
#337 = CARTESIAN_POINT('',(-0.848627773262,-2.877589165109,
    17.403200279163));
#338 = CARTESIAN_POINT('',(-0.866386246221,-2.872249313116,
    17.364354514616));
#339 = CARTESIAN_POINT('',(-0.881850725225,-2.867495425479,
    17.325118348853));
#340 = CARTESIAN_POINT('',(-0.906278174838,-2.859859910598,
    17.251997627133));
#341 = CARTESIAN_POINT('',(-0.915862488603,-2.856805830802,
    17.21817225176));
#342 = CARTESIAN_POINT('',(-0.923791064166,-2.854243179313,
    17.184292244941));
#343 = CARTESIAN_POINT('',(-0.930085656806,-2.852189035236,
    17.150461108494));
#344 = CARTESIAN_POINT('',(-0.934782449199,-2.850647779051,
    17.116778166361));
#345 = CARTESIAN_POINT('',(-0.937931028692,-2.849611444639,
    17.083336970289));
#346 = CYLINDRICAL_SURFACE('',#347,3.);
#347 = AXIS2_PLACEMENT_3D('',#348,#349,#350);
#348 = CARTESIAN_POINT('',(0.,0.,0.));
#349 = DIRECTION('',(-0.,-0.,-1.));
#350 = DIRECTION('',(1.,0.,0.));
#351 = ADVANCED_FACE('',(#352),#393,.T.);
#352 = FACE_BOUND('',#353,.T.);
#353 = EDGE_LOOP('',(#354,#355,#386,#392));
#354 = ORIENTED_EDGE('',*,*,#317,.T.);
#355 = ORIENTED_EDGE('',*,*,#356,.T.);
#356 = EDGE_CURVE('',#244,#357,#359,.T.);
#357 = VERTEX_POINT('',#358);
#358 = CARTESIAN_POINT('',(-0.465925826289,-4.701610768837,
    17.079431539194));
#359 = B_SPLINE_CURVE_WITH_KNOTS('',7,(#360,#361,#362,#363,#364,#365,
    #366,#367,#368,#369,#370,#371,#372,#373,#374,#375,#376,#377,#378,
    #379,#380,#381,#382,#383,#384,#385),.UNSPECIFIED.,.F.,.F.,(8,6,6,6,8
    ),(-1.325920885893,-0.936824865726,0.7147507183,1.552641733157,
    1.825717007975),.UNSPECIFIED.);
#360 = CARTESIAN_POINT('',(-1.254305669824,-1.598566191411,
    17.088096741992));
#361 = CARTESIAN_POINT('',(-1.240536496026,-1.653104712627,
    17.087884001194));
#362 = CARTESIAN_POINT('',(-1.226768611785,-1.707638126012,
    17.08767128032));
#363 = CARTESIAN_POINT('',(-1.213002017103,-1.762166431567,
    17.087458579371));
#364 = CARTESIAN_POINT('',(-1.199236711979,-1.81668962929,
    17.087245898346));
#365 = CARTESIAN_POINT('',(-1.185472696414,-1.871207719183,
    17.087033237245));
#366 = CARTESIAN_POINT('',(-1.171709970408,-1.925720701245,
    17.086820596068));
#367 = CARTESIAN_POINT('',(-1.099536082377,-2.211595306439,
    17.085705472476));
#368 = CARTESIAN_POINT('',(-1.041086383876,-2.442751014301,
    17.084824375353));
#369 = CARTESIAN_POINT('',(-0.982595771834,-2.673726902394,
    17.083963526977));
#370 = CARTESIAN_POINT('',(-0.924079310885,-2.904479441728,
    17.083122669514));
#371 = CARTESIAN_POINT('',(-0.865528465657,-3.135056557653,
    17.082300677241));
#372 = CARTESIAN_POINT('',(-0.806929814155,-3.365524247258,
    17.081496180628));
#373 = CARTESIAN_POINT('',(-0.718622973781,-3.712404772202,
    17.080312024177));
#374 = CARTESIAN_POINT('',(-0.688910514818,-3.829047085087,
    17.079914701428));
#375 = CARTESIAN_POINT('',(-0.659174015589,-3.945704526173,
    17.079544795853));
#376 = CARTESIAN_POINT('',(-0.629558499173,-4.061838906863,
    17.079115854892));
#377 = CARTESIAN_POINT('',(-0.599732106288,-4.17869017323,
    17.078819325755));
#378 = CARTESIAN_POINT('',(-0.569910036355,-4.295522694702,
    17.078323750452));
#379 = CARTESIAN_POINT('',(-0.529400563569,-4.4540396648,17.077947550628
    ));
#380 = CARTESIAN_POINT('',(-0.519228809047,-4.493823633416,
    17.077890456304));
#381 = CARTESIAN_POINT('',(-0.508908922454,-4.534151570347,
    17.077921227459));
#382 = CARTESIAN_POINT('',(-0.498451754223,-4.574969476998,
    17.078076464442));
#383 = CARTESIAN_POINT('',(-0.487831366611,-4.616372075112,
    17.078377587967));
#384 = CARTESIAN_POINT('',(-0.477003797848,-4.658528962509,
    17.078831549092));
#385 = CARTESIAN_POINT('',(-0.465925826289,-4.701610768837,
    17.079431539194));
#386 = ORIENTED_EDGE('',*,*,#387,.F.);
#387 = EDGE_CURVE('',#33,#357,#388,.T.);
#388 = ( BOUNDED_CURVE() B_SPLINE_CURVE(2,(#389,#390,#391),
.UNSPECIFIED.,.F.,.F.) B_SPLINE_CURVE_WITH_KNOTS((3,3),(0.,
2.762541873701),.PIECEWISE_BEZIER_KNOTS.) CURVE() 
GEOMETRIC_REPRESENTATION_ITEM() RATIONAL_B_SPLINE_CURVE((1.,
0.734653503086,1.)) REPRESENTATION_ITEM('') );
#389 = CARTESIAN_POINT('',(0.41200273855,-4.229453945714,18.));
#390 = CARTESIAN_POINT('',(-0.401322176427,-4.66686642254,18.));
#391 = CARTESIAN_POINT('',(-0.465925826289,-4.701610768837,
    17.079431539194));
#392 = ORIENTED_EDGE('',*,*,#32,.F.);
#393 = ( BOUNDED_SURFACE() B_SPLINE_SURFACE(2,7,(
    (#394,#395,#396,#397,#398,#399,#400,#401,#402,#403,#404,#405,#406
      ,#407,#408,#409,#410,#411,#412,#413,#414,#415,#416,#417,#418,#419)
    ,(#420,#421,#422,#423,#424,#425,#426,#427,#428,#429,#430,#431,#432
      ,#433,#434,#435,#436,#437,#438,#439,#440,#441,#442,#443,#444,#445)
    ,(#446,#447,#448,#449,#450,#451,#452,#453,#454,#455,#456,#457,#458
      ,#459,#460,#461,#462,#463,#464,#465,#466,#467,#468,#469,#470,#471
)),.UNSPECIFIED.,.F.,.F.,.F.) B_SPLINE_SURFACE_WITH_KNOTS((3,3),(8,6,6,6
    ,8),(0.,2.762541873701),(-1.325920885893,-0.936824865726,
    0.7147507183,1.552641733157,1.825717007975),.UNSPECIFIED.) 
GEOMETRIC_REPRESENTATION_ITEM() RATIONAL_B_SPLINE_SURFACE((
    (1.,1.,1.,1.,1.,1.,1.,1.,1.,1.,1.,1.,1.,1.,1.,1.,1.,1.,1.,1.,1.,1.
      ,1.,1.,1.,1.)
    ,(0.737091573285,0.737163688223,0.737211764848,0.737235803161
      ,0.737235803161,0.737211764848,0.737163688223,0.736785470769
      ,0.736486480049,0.736194220878,0.735908617636,0.735629298148
      ,0.735355806191,0.734953080449,0.734817921236,0.734692073869
      ,0.734546078927,0.734445171287,0.734276436065,0.734148333993
      ,0.734128889517,0.734139368579,0.734192237123,0.734294779013
      ,0.734449328567,0.734653503086)
    ,(1.,1.,1.,1.,1.,1.,1.,1.,1.,1.,1.,1.,1.,1.,1.,1.,1.,1.,1.,1.,1.,1.
,1.,1.,1.,1.))) REPRESENTATION_ITEM('') SURFACE() );
#394 = CARTESIAN_POINT('',(-0.287708022569,-1.35788829293,18.));
#395 = CARTESIAN_POINT('',(-0.27389938095,-1.412506205913,18.));
#396 = CARTESIAN_POINT('',(-0.260099076583,-1.467091142202,18.));
#397 = CARTESIAN_POINT('',(-0.24630710947,-1.521643101795,18.));
#398 = CARTESIAN_POINT('',(-0.23252347961,-1.576162084693,18.));
#399 = CARTESIAN_POINT('',(-0.218748187003,-1.630648090896,18.));
#400 = CARTESIAN_POINT('',(-0.204981231649,-1.685101120404,18.));
#401 = CARTESIAN_POINT('',(-0.132822124857,-1.970515133186,18.));
#402 = CARTESIAN_POINT('',(-7.436933561165E-02,-2.201371257131,18.));
#403 = CARTESIAN_POINT('',(-1.59436437636E-02,-2.431784847381,
    18.000000000001));
#404 = CARTESIAN_POINT('',(4.261751004463E-02,-2.662426355812,18.));
#405 = CARTESIAN_POINT('',(0.101188036469,-2.892804476367,18.));
#406 = CARTESIAN_POINT('',(0.159578707477,-3.122169097543,18.));
#407 = CARTESIAN_POINT('',(0.248420749724,-3.47079154692,18.));
#408 = CARTESIAN_POINT('',(0.278502138276,-3.588578422619,18.));
#409 = CARTESIAN_POINT('',(0.308585220468,-3.707514091602,18.));
#410 = CARTESIAN_POINT('',(0.339738906691,-3.827179615349,18.));
#411 = CARTESIAN_POINT('',(0.369266261408,-3.947209751715,18.));
#412 = CARTESIAN_POINT('',(0.398570940032,-4.055778460489,18.));
#413 = CARTESIAN_POINT('',(0.424483794279,-4.163875427795,18.));
#414 = CARTESIAN_POINT('',(0.428012734532,-4.181255973667,18.));
#415 = CARTESIAN_POINT('',(0.428936489218,-4.193072618742,18.));
#416 = CARTESIAN_POINT('',(0.427493436849,-4.202104025389,18.));
#417 = CARTESIAN_POINT('',(0.423954065369,-4.21037161282,18.));
#418 = CARTESIAN_POINT('',(0.418649951242,-4.219229416194,18.));
#419 = CARTESIAN_POINT('',(0.41200273855,-4.229453945714,18.));
#420 = CARTESIAN_POINT('',(-1.176045139305,-1.579074847873,18.));
#421 = CARTESIAN_POINT('',(-1.162438745997,-1.633696416628,18.));
#422 = CARTESIAN_POINT('',(-1.148839111204,-1.688290853969,18.));
#423 = CARTESIAN_POINT('',(-1.135244903314,-1.742863505521,18.));
#424 = CARTESIAN_POINT('',(-1.121654792039,-1.797419711605,18.));
#425 = CARTESIAN_POINT('',(-1.108067447978,-1.851964808974,18.));
#426 = CARTESIAN_POINT('',(-1.094481542184,-1.906504132555,18.));
#427 = CARTESIAN_POINT('',(-1.023199221659,-2.192660212515,18.));
#428 = CARTESIAN_POINT('',(-0.965457292749,-2.424031760499,18.));
#429 = CARTESIAN_POINT('',(-0.907672433578,-2.655167771426,18.));
#430 = CARTESIAN_POINT('',(-0.849846264882,-2.886079332102,18.));
#431 = CARTESIAN_POINT('',(-0.791980455817,-3.116777137489,18.));
#432 = CARTESIAN_POINT('',(-0.73407676215,-3.347270574275,18.));
#433 = CARTESIAN_POINT('',(-0.646725879362,-3.694464606219,18.));
#434 = CARTESIAN_POINT('',(-0.617312193187,-3.811287171327,18.));
#435 = CARTESIAN_POINT('',(-0.587853256486,-3.928200997188,18.));
#436 = CARTESIAN_POINT('',(-0.558485233924,-4.04467252659,18.));
#437 = CARTESIAN_POINT('',(-0.528925200879,-4.161817456381,18.));
#438 = CARTESIAN_POINT('',(-0.499563426791,-4.27811501602,18.));
#439 = CARTESIAN_POINT('',(-0.460424022597,-4.433058221234,18.));
#440 = CARTESIAN_POINT('',(-0.450779928592,-4.471235751208,18.));
#441 = CARTESIAN_POINT('',(-0.441113315276,-4.509496040401,18.));
#442 = CARTESIAN_POINT('',(-0.43139004166,-4.547970473837,18.));
#443 = CARTESIAN_POINT('',(-0.421555926469,-4.586870990259,18.));
#444 = CARTESIAN_POINT('',(-0.411550734922,-4.626434360735,18.));
#445 = CARTESIAN_POINT('',(-0.401322176427,-4.66686642254,18.));
#446 = CARTESIAN_POINT('',(-1.254305669824,-1.598566191411,
    17.088096741992));
#447 = CARTESIAN_POINT('',(-1.240536496026,-1.653104712627,
    17.087884001194));
#448 = CARTESIAN_POINT('',(-1.226768611785,-1.707638126012,
    17.08767128032));
#449 = CARTESIAN_POINT('',(-1.213002017103,-1.762166431567,
    17.087458579371));
#450 = CARTESIAN_POINT('',(-1.199236711979,-1.81668962929,
    17.087245898346));
#451 = CARTESIAN_POINT('',(-1.185472696414,-1.871207719183,
    17.087033237245));
#452 = CARTESIAN_POINT('',(-1.171709970408,-1.925720701245,
    17.086820596068));
#453 = CARTESIAN_POINT('',(-1.099536082377,-2.211595306439,
    17.085705472476));
#454 = CARTESIAN_POINT('',(-1.041086383876,-2.442751014301,
    17.084824375353));
#455 = CARTESIAN_POINT('',(-0.982595771834,-2.673726902394,
    17.083963526977));
#456 = CARTESIAN_POINT('',(-0.924079310885,-2.904479441728,
    17.083122669514));
#457 = CARTESIAN_POINT('',(-0.865528465657,-3.135056557653,
    17.082300677241));
#458 = CARTESIAN_POINT('',(-0.806929814155,-3.365524247258,
    17.081496180628));
#459 = CARTESIAN_POINT('',(-0.718622973781,-3.712404772202,
    17.080312024177));
#460 = CARTESIAN_POINT('',(-0.688910514818,-3.829047085087,
    17.079914701428));
#461 = CARTESIAN_POINT('',(-0.659174015589,-3.945704526173,
    17.079544795853));
#462 = CARTESIAN_POINT('',(-0.629558499173,-4.061838906863,
    17.079115854892));
#463 = CARTESIAN_POINT('',(-0.599732106288,-4.17869017323,
    17.078819325755));
#464 = CARTESIAN_POINT('',(-0.569910036355,-4.295522694702,
    17.078323750452));
#465 = CARTESIAN_POINT('',(-0.529400563569,-4.4540396648,17.077947550628
    ));
#466 = CARTESIAN_POINT('',(-0.519228809047,-4.493823633416,
    17.077890456304));
#467 = CARTESIAN_POINT('',(-0.508908922454,-4.534151570347,
    17.077921227459));
#468 = CARTESIAN_POINT('',(-0.498451754223,-4.574969476998,
    17.078076464442));
#469 = CARTESIAN_POINT('',(-0.487831366611,-4.616372075112,
    17.078377587967));
#470 = CARTESIAN_POINT('',(-0.477003797848,-4.658528962509,
    17.078831549092));
#471 = CARTESIAN_POINT('',(-0.465925826289,-4.701610768837,
    17.079431539194));
#472 = ADVANCED_FACE('',(#473),#502,.T.);
#473 = FACE_BOUND('',#474,.T.);
#474 = EDGE_LOOP('',(#475,#476,#486,#501));
#475 = ORIENTED_EDGE('',*,*,#180,.T.);
#476 = ORIENTED_EDGE('',*,*,#477,.T.);
#477 = EDGE_CURVE('',#173,#478,#480,.T.);
#478 = VERTEX_POINT('',#479);
#479 = CARTESIAN_POINT('',(-2.80000000002,-0.599999999973,3.65));
#480 = B_SPLINE_CURVE_WITH_KNOTS('',2,(#481,#482,#483,#484,#485),
  .UNSPECIFIED.,.F.,.F.,(3,1,1,3),(-0.878219999998,-1.817E-14,14.35,
    15.22822),.UNSPECIFIED.);
#481 = CARTESIAN_POINT('',(-2.799999999999,-0.600000000001,18.87822));
#482 = CARTESIAN_POINT('',(-2.799999999999,-0.6,18.439109999999));
#483 = CARTESIAN_POINT('',(-2.80000000001,-0.599999999986,10.825));
#484 = CARTESIAN_POINT('',(-2.800000000021,-0.599999999972,3.21089));
#485 = CARTESIAN_POINT('',(-2.800000000021,-0.599999999971,2.77178));
#486 = ORIENTED_EDGE('',*,*,#487,.F.);
#487 = EDGE_CURVE('',#299,#478,#488,.T.);
#488 = B_SPLINE_CURVE_WITH_KNOTS('',6,(#489,#490,#491,#492,#493,#494,
    #495,#496,#497,#498,#499,#500),.UNSPECIFIED.,.F.,.F.,(7,5,7),(0.,0.5
    ,1.),.UNSPECIFIED.);
#489 = CARTESIAN_POINT('',(-2.40000000006,-1.79999999992,3.65));
#490 = CARTESIAN_POINT('',(-2.463254135668,-1.715661152437,3.65));
#491 = CARTESIAN_POINT('',(-2.521817788516,-1.626462111835,3.65));
#492 = CARTESIAN_POINT('',(-2.575026256862,-1.532864895376,3.65));
#493 = CARTESIAN_POINT('',(-2.62228801517,-1.435487687779,3.65));
#494 = CARTESIAN_POINT('',(-2.66315785202,-1.335081764316,3.65));
#495 = CARTESIAN_POINT('',(-2.731575340243,-1.129829299635,3.65));
#496 = CARTESIAN_POINT('',(-2.759123024838,-1.024982658753,3.65));
#497 = CARTESIAN_POINT('',(-2.779739942746,-0.91872383769,3.65));
#498 = CARTESIAN_POINT('',(-2.793331497941,-0.811920983515,3.65));
#499 = CARTESIAN_POINT('',(-2.80000000002,-0.705423559324,3.65));
#500 = CARTESIAN_POINT('',(-2.80000000002,-0.599999999973,3.65));
#501 = ORIENTED_EDGE('',*,*,#307,.F.);
#502 = ( BOUNDED_SURFACE() B_SPLINE_SURFACE(2,2,(
    (#503,#504,#505,#506,#507)
    ,(#508,#509,#510,#511,#512)
    ,(#513,#514,#515,#516,#517
)),.UNSPECIFIED.,.F.,.F.,.F.) B_SPLINE_SURFACE_WITH_KNOTS((3,3),(3,1,1,3
    ),(0.,14.35),(-0.878219999998,-1.817E-14,14.35,15.22822),
.UNSPECIFIED.) GEOMETRIC_REPRESENTATION_ITEM() RATIONAL_B_SPLINE_SURFACE
((
    (1.,1.,1.,1.,1.)
    ,(0.94868329805,0.94868329805,0.948683298053,0.948683298056
      ,0.948683298056)
,(1.,1.,1.,1.,1.))) REPRESENTATION_ITEM('') SURFACE() );
#503 = CARTESIAN_POINT('',(-2.399999999996,-1.800000000005,18.87822));
#504 = CARTESIAN_POINT('',(-2.399999999998,-1.800000000002,
    18.439109999999));
#505 = CARTESIAN_POINT('',(-2.40000000003,-1.79999999996,10.825));
#506 = CARTESIAN_POINT('',(-2.400000000062,-1.799999999918,3.21089));
#507 = CARTESIAN_POINT('',(-2.400000000064,-1.799999999915,2.77178));
#508 = CARTESIAN_POINT('',(-2.799999999999,-1.26666666667,18.87822000002
    ));
#509 = CARTESIAN_POINT('',(-2.799999999999,-1.266666666668,
    18.439110000021));
#510 = CARTESIAN_POINT('',(-2.80000000001,-1.266666666635,10.825));
#511 = CARTESIAN_POINT('',(-2.800000000021,-1.266666666601,
    3.210890000022));
#512 = CARTESIAN_POINT('',(-2.800000000021,-1.266666666599,2.77178000002
    ));
#513 = CARTESIAN_POINT('',(-2.799999999999,-0.600000000001,18.87822));
#514 = CARTESIAN_POINT('',(-2.799999999999,-0.6,18.439109999999));
#515 = CARTESIAN_POINT('',(-2.80000000001,-0.599999999986,10.825));
#516 = CARTESIAN_POINT('',(-2.800000000021,-0.599999999972,3.21089));
#517 = CARTESIAN_POINT('',(-2.800000000021,-0.599999999971,2.77178));
#518 = ADVANCED_FACE('',(#519),#560,.T.);
#519 = FACE_BOUND('',#520,.T.);
#520 = EDGE_LOOP('',(#521,#522,#553,#559));
#521 = ORIENTED_EDGE('',*,*,#387,.T.);
#522 = ORIENTED_EDGE('',*,*,#523,.T.);
#523 = EDGE_CURVE('',#357,#524,#526,.T.);
#524 = VERTEX_POINT('',#525);
#525 = CARTESIAN_POINT('',(1.465925826289,-4.701642544159,
    17.079329644475));
#526 = ( BOUNDED_CURVE() B_SPLINE_CURVE(13,(#527,#528,#529,#530,#531,
    #532,#533,#534,#535,#536,#537,#538,#539,#540,#541,#542,#543,#544,
    #545,#546,#547,#548,#549,#550,#551,#552),.UNSPECIFIED.,.F.,.F.) 
B_SPLINE_CURVE_WITH_KNOTS((14,12,14),(1.825717007975,2.90699996292,
3.987859833407),.UNSPECIFIED.) CURVE() GEOMETRIC_REPRESENTATION_ITEM() 
RATIONAL_B_SPLINE_CURVE((1.,1.,0.999999999999,1.000000000003,
    0.999999999994,1.000000000009,0.99999999999,1.00000000001,
    0.999999999993,1.000000000004,0.999999999998,1.000000000001,1.,1.,1.
    ,1.,1.000000000001,0.999999999998,1.000000000002,0.999999999998,
1.000000000001,0.999999999999,1.,1.,1.,1.)) REPRESENTATION_ITEM('') );
#527 = CARTESIAN_POINT('',(-0.465925826289,-4.701610768837,
    17.079431539194));
#528 = CARTESIAN_POINT('',(-0.44036250501,-4.792420987438,
    17.108408295234));
#529 = CARTESIAN_POINT('',(-0.404344846,-4.88161513286,17.136610146565)
  );
#530 = CARTESIAN_POINT('',(-0.357804517099,-4.967770790039,
    17.163622003116));
#531 = CARTESIAN_POINT('',(-0.30216946581,-5.04741117217,17.187821997443
    ));
#532 = CARTESIAN_POINT('',(-0.236543550866,-5.124833929236,
    17.212157706367));
#533 = CARTESIAN_POINT('',(-0.161833363755,-5.191630068299,
    17.231950535166));
#534 = CARTESIAN_POINT('',(-8.149278287643E-02,-5.252555241639,
    17.250703838836));
#535 = CARTESIAN_POINT('',(7.689432833969E-03,-5.30402016538,
    17.266070457125));
#536 = CARTESIAN_POINT('',(0.100240137446,-5.345610498195,17.27856629451
    ));
#537 = CARTESIAN_POINT('',(0.197760179821,-5.377454083322,
    17.288102291512));
#538 = CARTESIAN_POINT('',(0.297564839579,-5.398658111582,
    17.294435535532));
#539 = CARTESIAN_POINT('',(0.398787927703,-5.409289541036,
    17.297614052483));
#540 = CARTESIAN_POINT('',(0.601175564555,-5.40928925198,17.297613928196
    ));
#541 = CARTESIAN_POINT('',(0.702359079247,-5.398673801082,
    17.294441725708));
#542 = CARTESIAN_POINT('',(0.802158042589,-5.377427799698,17.28808568752
    ));
#543 = CARTESIAN_POINT('',(0.899450909914,-5.345797408031,
    17.278640890625));
#544 = CARTESIAN_POINT('',(0.992591598927,-5.303914638899,17.26603959671
    ));
#545 = CARTESIAN_POINT('',(1.080536940944,-5.25263216764,17.250630124456
    ));
#546 = CARTESIAN_POINT('',(1.162231097194,-5.192428581588,
    17.232448972575));
#547 = CARTESIAN_POINT('',(1.236273548527,-5.123892026393,
    17.211517463791));
#548 = CARTESIAN_POINT('',(1.301575638658,-5.048625210778,
    17.188450743422));
#549 = CARTESIAN_POINT('',(1.357749442083,-4.967951853848,
    17.163656688668));
#550 = CARTESIAN_POINT('',(1.404350031978,-4.88169815215,17.136555402111
    ));
#551 = CARTESIAN_POINT('',(1.440388057132,-4.79236622513,17.10826387237)
  );
#552 = CARTESIAN_POINT('',(1.465925826289,-4.701642544159,
    17.079329644475));
#553 = ORIENTED_EDGE('',*,*,#554,.F.);
#554 = EDGE_CURVE('',#64,#524,#555,.T.);
#555 = ( BOUNDED_CURVE() B_SPLINE_CURVE(2,(#556,#557,#558),
.UNSPECIFIED.,.F.,.F.) B_SPLINE_CURVE_WITH_KNOTS((3,3),(0.,
2.162142825432),.PIECEWISE_BEZIER_KNOTS.) CURVE() 
GEOMETRIC_REPRESENTATION_ITEM() RATIONAL_B_SPLINE_CURVE((1.,
0.734618827854,1.)) REPRESENTATION_ITEM('') );
#556 = CARTESIAN_POINT('',(0.585539785243,-4.234066639906,18.));
#557 = CARTESIAN_POINT('',(1.401218336789,-4.667276184966,18.));
#558 = CARTESIAN_POINT('',(1.465925826289,-4.701642544159,
    17.079329644475));
#559 = ORIENTED_EDGE('',*,*,#63,.F.);
#560 = ( BOUNDED_SURFACE() B_SPLINE_SURFACE(2,13,(
    (#561,#562,#563,#564,#565,#566,#567,#568,#569,#570,#571,#572,#573
      ,#574,#575,#576,#577,#578,#579,#580,#581,#582,#583,#584,#585,#586)
    ,(#587,#588,#589,#590,#591,#592,#593,#594,#595,#596,#597,#598,#599
      ,#600,#601,#602,#603,#604,#605,#606,#607,#608,#609,#610,#611,#612)
    ,(#613,#614,#615,#616,#617,#618,#619,#620,#621,#622,#623,#624,#625
      ,#626,#627,#628,#629,#630,#631,#632,#633,#634,#635,#636,#637,#638
)),.UNSPECIFIED.,.F.,.F.,.F.) B_SPLINE_SURFACE_WITH_KNOTS((3,3),(14,12,
    14),(0.,2.162142825432),(1.825717007975,2.90699996292,3.987859833407
),.UNSPECIFIED.) GEOMETRIC_REPRESENTATION_ITEM() 
RATIONAL_B_SPLINE_SURFACE((
    (1.,1.,0.999999999999,1.000000000003,0.999999999994,1.000000000009
      ,0.99999999999,1.00000000001,0.999999999993,1.000000000004
      ,0.999999999998,1.000000000001,1.,1.,1.,1.,1.000000000001
      ,0.999999999998,1.000000000002,0.999999999998,1.000000000001
      ,0.999999999999,1.,1.,1.,1.)
    ,(0.734653503086,0.744514191124,0.753968067763,0.76289047067
      ,0.770770882668,0.778634325832,0.784907028603,0.790862984633
      ,0.795663168467,0.799570747614,0.802532931131,0.804499113328
      ,0.80548558413,0.805485545555,0.804501182486,0.802527311293
      ,0.799593628371,0.795658529758,0.790825781387,0.785085799108
      ,0.77841192614,0.770980167858,0.762902876455,0.753950834692
      ,0.744465508472,0.734618827854)
    ,(1.,1.,0.999999999999,1.000000000003,0.999999999994,1.000000000009
      ,0.99999999999,1.00000000001,0.999999999993,1.000000000004
      ,0.999999999998,1.000000000001,1.,1.,1.,1.,1.000000000001
      ,0.999999999998,1.000000000002,0.999999999998,1.000000000001
,0.999999999999,1.,1.,1.,1.))) REPRESENTATION_ITEM('') SURFACE() );
#561 = CARTESIAN_POINT('',(0.41200273855,-4.229453945714,18.));
#562 = CARTESIAN_POINT('',(0.39783008273,-4.251253870662,18.));
#563 = CARTESIAN_POINT('',(0.38691136099,-4.274242924488,18.));
#564 = CARTESIAN_POINT('',(0.379714663041,-4.299780530289,18.));
#565 = CARTESIAN_POINT('',(0.38491189584,-4.333350344092,17.999999999999
    ));
#566 = CARTESIAN_POINT('',(0.377692282236,-4.34403031568,18.000000000001
    ));
#567 = CARTESIAN_POINT('',(0.392372728669,-4.383359237701,
    17.999999999998));
#568 = CARTESIAN_POINT('',(0.396850759931,-4.392056877477,
    18.000000000002));
#569 = CARTESIAN_POINT('',(0.411420531566,-4.417985811441,
    17.999999999998));
#570 = CARTESIAN_POINT('',(0.426349206073,-4.430172319072,
    18.000000000001));
#571 = CARTESIAN_POINT('',(0.443294993077,-4.442875732473,
    17.999999999999));
#572 = CARTESIAN_POINT('',(0.461819706317,-4.450622566714,18.));
#573 = CARTESIAN_POINT('',(0.48089892476,-4.454602909481,18.));
#574 = CARTESIAN_POINT('',(0.519088310273,-4.45460330295,18.));
#575 = CARTESIAN_POINT('',(0.538179753615,-4.450597364002,18.));
#576 = CARTESIAN_POINT('',(0.556607209229,-4.442945056192,18.));
#577 = CARTESIAN_POINT('',(0.573823631633,-4.430487487001,18.));
#578 = CARTESIAN_POINT('',(0.588612575313,-4.416091734229,18.));
#579 = CARTESIAN_POINT('',(0.601679456076,-4.397257685414,18.));
#580 = CARTESIAN_POINT('',(0.611512653249,-4.375008965253,18.));
#581 = CARTESIAN_POINT('',(0.616687197024,-4.35280854832,18.));
#582 = CARTESIAN_POINT('',(0.619358408068,-4.328530915088,18.));
#583 = CARTESIAN_POINT('',(0.619816825822,-4.299819641954,18.));
#584 = CARTESIAN_POINT('',(0.611793039662,-4.275243963723,18.));
#585 = CARTESIAN_POINT('',(0.599743829981,-4.254870558351,18.));
#586 = CARTESIAN_POINT('',(0.585539785243,-4.234066639906,18.));
#587 = CARTESIAN_POINT('',(-0.401322176427,-4.66686642254,18.));
#588 = CARTESIAN_POINT('',(-0.357438632212,-4.739876360752,18.));
#589 = CARTESIAN_POINT('',(-0.30760291384,-4.80914379642,18.));
#590 = CARTESIAN_POINT('',(-0.252203585972,-4.874045362374,
    17.999999999999));
#591 = CARTESIAN_POINT('',(-0.191994941464,-4.93448861521,
    18.000000000001));
#592 = CARTESIAN_POINT('',(-0.126423227034,-4.988991038279,
    17.999999999999));
#593 = CARTESIAN_POINT('',(-5.681601374362E-02,-5.038506319325,
    18.000000000001));
#594 = CARTESIAN_POINT('',(1.622944049974E-02,-5.080857489069,
    17.999999999999));
#595 = CARTESIAN_POINT('',(9.309463211571E-02,-5.11731007821,
    18.000000000001));
#596 = CARTESIAN_POINT('',(0.17195807042,-5.146333230454,17.999999999999
    ));
#597 = CARTESIAN_POINT('',(0.252957408676,-5.168366732421,18.));
#598 = CARTESIAN_POINT('',(0.335037473306,-5.183021147602,18.));
#599 = CARTESIAN_POINT('',(0.417620480547,-5.19032754943,18.));
#600 = CARTESIAN_POINT('',(0.582348461175,-5.190327487382,18.));
#601 = CARTESIAN_POINT('',(0.664896931688,-5.183027318512,18.));
#602 = CARTESIAN_POINT('',(0.746978657253,-5.168378324098,18.));
#603 = CARTESIAN_POINT('',(0.827845887578,-5.146389001633,18.));
#604 = CARTESIAN_POINT('',(0.90689916768,-5.117280120952,18.));
#605 = CARTESIAN_POINT('',(0.983400500011,-5.081137085601,18.));
#606 = CARTESIAN_POINT('',(1.056706199568,-5.038345358639,18.));
#607 = CARTESIAN_POINT('',(1.126315159499,-4.989396601585,18.));
#608 = CARTESIAN_POINT('',(1.19160337218,-4.934548132291,18.));
#609 = CARTESIAN_POINT('',(1.251994642053,-4.874260980893,18.));
#610 = CARTESIAN_POINT('',(1.307419735066,-4.809489854507,18.));
#611 = CARTESIAN_POINT('',(1.357323530859,-4.740269146507,18.));
#612 = CARTESIAN_POINT('',(1.401218336789,-4.667276184966,18.));
#613 = CARTESIAN_POINT('',(-0.465925826289,-4.701610768837,
    17.079431539194));
#614 = CARTESIAN_POINT('',(-0.44036250501,-4.792420987438,
    17.108408295234));
#615 = CARTESIAN_POINT('',(-0.404344846,-4.88161513286,17.136610146565)
  );
#616 = CARTESIAN_POINT('',(-0.357804517099,-4.967770790039,
    17.163622003116));
#617 = CARTESIAN_POINT('',(-0.30216946581,-5.04741117217,17.187821997443
    ));
#618 = CARTESIAN_POINT('',(-0.236543550866,-5.124833929236,
    17.212157706367));
#619 = CARTESIAN_POINT('',(-0.161833363755,-5.191630068299,
    17.231950535166));
#620 = CARTESIAN_POINT('',(-8.149278287643E-02,-5.252555241639,
    17.250703838836));
#621 = CARTESIAN_POINT('',(7.689432833969E-03,-5.30402016538,
    17.266070457125));
#622 = CARTESIAN_POINT('',(0.100240137446,-5.345610498195,17.27856629451
    ));
#623 = CARTESIAN_POINT('',(0.197760179821,-5.377454083322,
    17.288102291512));
#624 = CARTESIAN_POINT('',(0.297564839579,-5.398658111582,
    17.294435535532));
#625 = CARTESIAN_POINT('',(0.398787927703,-5.409289541036,
    17.297614052483));
#626 = CARTESIAN_POINT('',(0.601175564555,-5.40928925198,17.297613928196
    ));
#627 = CARTESIAN_POINT('',(0.702359079247,-5.398673801082,
    17.294441725708));
#628 = CARTESIAN_POINT('',(0.802158042589,-5.377427799698,17.28808568752
    ));
#629 = CARTESIAN_POINT('',(0.899450909914,-5.345797408031,
    17.278640890625));
#630 = CARTESIAN_POINT('',(0.992591598927,-5.303914638899,17.26603959671
    ));
#631 = CARTESIAN_POINT('',(1.080536940944,-5.25263216764,17.250630124456
    ));
#632 = CARTESIAN_POINT('',(1.162231097194,-5.192428581588,
    17.232448972575));
#633 = CARTESIAN_POINT('',(1.236273548527,-5.123892026393,
    17.211517463791));
#634 = CARTESIAN_POINT('',(1.301575638658,-5.048625210778,
    17.188450743422));
#635 = CARTESIAN_POINT('',(1.357749442083,-4.967951853848,
    17.163656688668));
#636 = CARTESIAN_POINT('',(1.404350031978,-4.88169815215,17.136555402111
    ));
#637 = CARTESIAN_POINT('',(1.440388057132,-4.79236622513,17.10826387237)
  );
#638 = CARTESIAN_POINT('',(1.465925826289,-4.701642544159,
    17.079329644475));
#639 = ADVANCED_FACE('',(#640,#722),#733,.T.);
#640 = FACE_BOUND('',#641,.T.);
#641 = EDGE_LOOP('',(#642,#643,#651,#659,#667,#675,#683,#691,#699,#707,
    #715,#721));
#642 = ORIENTED_EDGE('',*,*,#172,.F.);
#643 = ORIENTED_EDGE('',*,*,#644,.T.);
#644 = EDGE_CURVE('',#165,#645,#647,.T.);
#645 = VERTEX_POINT('',#646);
#646 = CARTESIAN_POINT('',(-2.8,12.084239009086,4.));
#647 = LINE('',#648,#649);
#648 = CARTESIAN_POINT('',(-2.8,14.234107224203,9.906705620436));
#649 = VECTOR('',#650,1.);
#650 = DIRECTION('',(0.,-0.342020590991,-0.939692457849));
#651 = ORIENTED_EDGE('',*,*,#652,.F.);
#652 = EDGE_CURVE('',#653,#645,#655,.T.);
#653 = VERTEX_POINT('',#654);
#654 = CARTESIAN_POINT('',(-2.800000000006,9.95588309509,4.));
#655 = LINE('',#656,#657);
#656 = CARTESIAN_POINT('',(-2.8,15.051473927906,4.));
#657 = VECTOR('',#658,1.);
#658 = DIRECTION('',(0.,1.,0.));
#659 = ORIENTED_EDGE('',*,*,#660,.F.);
#660 = EDGE_CURVE('',#661,#653,#663,.T.);
#661 = VERTEX_POINT('',#662);
#662 = CARTESIAN_POINT('',(-2.8,9.355051477479,2.349231144622));
#663 = LINE('',#664,#665);
#664 = CARTESIAN_POINT('',(-2.800000000011,10.067551106107,
    4.306804883972));
#665 = VECTOR('',#666,1.);
#666 = DIRECTION('',(9.4119E-13,0.342020590991,0.939692457849));
#667 = ORIENTED_EDGE('',*,*,#668,.T.);
#668 = EDGE_CURVE('',#661,#669,#671,.T.);
#669 = VERTEX_POINT('',#670);
#670 = CARTESIAN_POINT('',(-2.8,9.824897706403,2.178220849126));
#671 = LINE('',#672,#673);
#672 = CARTESIAN_POINT('',(-2.8,9.355051477479,2.349231144622));
#673 = VECTOR('',#674,1.);
#674 = DIRECTION('',(0.,0.939692457849,-0.342020590991));
#675 = ORIENTED_EDGE('',*,*,#676,.T.);
#676 = EDGE_CURVE('',#669,#677,#679,.T.);
#677 = VERTEX_POINT('',#678);
#678 = CARTESIAN_POINT('',(-2.8,9.032088978499,0.));
#679 = LINE('',#680,#681);
#680 = CARTESIAN_POINT('',(-2.8,9.824897706403,2.178220849126));
#681 = VECTOR('',#682,1.);
#682 = DIRECTION('',(0.,-0.342020590991,-0.939692457849));
#683 = ORIENTED_EDGE('',*,*,#684,.F.);
#684 = EDGE_CURVE('',#685,#677,#687,.T.);
#685 = VERTEX_POINT('',#686);
#686 = CARTESIAN_POINT('',(-2.8,8.,0.));
#687 = LINE('',#688,#689);
#688 = CARTESIAN_POINT('',(-2.8,8.,0.));
#689 = VECTOR('',#690,1.);
#690 = DIRECTION('',(0.,1.,0.));
#691 = ORIENTED_EDGE('',*,*,#692,.T.);
#692 = EDGE_CURVE('',#685,#693,#695,.T.);
#693 = VERTEX_POINT('',#694);
#694 = CARTESIAN_POINT('',(-2.800000000035,8.,0.333674558828));
#695 = LINE('',#696,#697);
#696 = CARTESIAN_POINT('',(-2.8,8.,0.));
#697 = VECTOR('',#698,1.);
#698 = DIRECTION('',(0.,0.,1.));
#699 = ORIENTED_EDGE('',*,*,#700,.F.);
#700 = EDGE_CURVE('',#701,#693,#703,.T.);
#701 = VERTEX_POINT('',#702);
#702 = CARTESIAN_POINT('',(-2.80000000007,2.5,2.335510847292));
#703 = LINE('',#704,#705);
#704 = CARTESIAN_POINT('',(-2.80000000007,1.7,2.626687034705));
#705 = VECTOR('',#706,1.);
#706 = DIRECTION('',(-0.,0.939692620786,-0.342020143326));
#707 = ORIENTED_EDGE('',*,*,#708,.F.);
#708 = EDGE_CURVE('',#709,#701,#711,.T.);
#709 = VERTEX_POINT('',#710);
#710 = CARTESIAN_POINT('',(-2.80000000007,2.5,3.65));
#711 = LINE('',#712,#713);
#712 = CARTESIAN_POINT('',(-2.80000000007,2.5,3.65));
#713 = VECTOR('',#714,1.);
#714 = DIRECTION('',(-0.,-0.,-1.));
#715 = ORIENTED_EDGE('',*,*,#716,.F.);
#716 = EDGE_CURVE('',#478,#709,#717,.T.);
#717 = LINE('',#718,#719);
#718 = CARTESIAN_POINT('',(-2.80000000007,1.7,3.65));
#719 = VECTOR('',#720,1.);
#720 = DIRECTION('',(0.,1.,0.));
#721 = ORIENTED_EDGE('',*,*,#477,.F.);
#722 = FACE_BOUND('',#723,.T.);
#723 = EDGE_LOOP('',(#724));
#724 = ORIENTED_EDGE('',*,*,#725,.T.);
#725 = EDGE_CURVE('',#726,#726,#728,.T.);
#726 = VERTEX_POINT('',#727);
#727 = CARTESIAN_POINT('',(-2.8,5.55,10.03));
#728 = CIRCLE('',#729,0.8);
#729 = AXIS2_PLACEMENT_3D('',#730,#731,#732);
#730 = CARTESIAN_POINT('',(-2.8,4.75,10.03));
#731 = DIRECTION('',(1.,0.,0.));
#732 = DIRECTION('',(0.,1.,0.));
#733 = PLANE('',#734);
#734 = AXIS2_PLACEMENT_3D('',#735,#736,#737);
#735 = CARTESIAN_POINT('',(-2.800000000014,7.225060604058,
    10.405042468875));
#736 = DIRECTION('',(-1.,7.7408E-13,1.78231E-12));
#737 = DIRECTION('',(-1.78231E-12,0.,-1.));
#738 = ADVANCED_FACE('',(#739),#813,.T.);
#739 = FACE_BOUND('',#740,.T.);
#740 = EDGE_LOOP('',(#741,#742,#777,#812));
#741 = ORIENTED_EDGE('',*,*,#554,.T.);
#742 = ORIENTED_EDGE('',*,*,#743,.T.);
#743 = EDGE_CURVE('',#524,#744,#746,.T.);
#744 = VERTEX_POINT('',#745);
#745 = CARTESIAN_POINT('',(2.122649145871,-2.119990707749,
    17.086065994987));
#746 = B_SPLINE_CURVE_WITH_KNOTS('',8,(#747,#748,#749,#750,#751,#752,
    #753,#754,#755,#756,#757,#758,#759,#760,#761,#762,#763,#764,#765,
    #766,#767,#768,#769,#770,#771,#772,#773,#774,#775,#776),
  .UNSPECIFIED.,.F.,.F.,(9,7,7,7,9),(3.987859833407,4.261357806019,
    6.350594594908,7.388126693802,7.77653334918),.UNSPECIFIED.);
#747 = CARTESIAN_POINT('',(1.465925826289,-4.701642544159,
    17.079329644475));
#748 = CARTESIAN_POINT('',(1.475626771986,-4.663913468975,
    17.078812316129));
#749 = CARTESIAN_POINT('',(1.48513123676,-4.626909497869,17.078412442408
    ));
#750 = CARTESIAN_POINT('',(1.494469099672,-4.590512596044,
    17.078134836825));
#751 = CARTESIAN_POINT('',(1.503667615398,-4.554618742812,
    17.077971773501));
#752 = CARTESIAN_POINT('',(1.512745293192,-4.519160885396,17.07790640749
    ));
#753 = CARTESIAN_POINT('',(1.521705775861,-4.484131892745,
    17.077916195141));
#754 = CARTESIAN_POINT('',(1.530531718737,-4.449607509333,
    17.077976314428));
#755 = CARTESIAN_POINT('',(1.60523226931,-4.157281056254,17.078725923491
    ));
#756 = CARTESIAN_POINT('',(1.669991298505,-3.90342922759,17.079761116218
    ));
#757 = CARTESIAN_POINT('',(1.735250435798,-3.647420006468,17.08045575786
    ));
#758 = CARTESIAN_POINT('',(1.79965049949,-3.394358861835,17.08141872628)
  );
#759 = CARTESIAN_POINT('',(1.864613701181,-3.138793343357,
    17.082265949104));
#760 = CARTESIAN_POINT('',(1.929332239809,-2.883793905786,
    17.083199235109));
#761 = CARTESIAN_POINT('',(1.994101337351,-2.628218344233,
    17.084137512791));
#762 = CARTESIAN_POINT('',(2.090953912511,-2.245433199699,
    17.085582381456));
#763 = CARTESIAN_POINT('',(2.123081360917,-2.11835770092,17.08606782815)
  );
#764 = CARTESIAN_POINT('',(2.155198058931,-1.991222065033,
    17.086559419968));
#765 = CARTESIAN_POINT('',(2.1873036661,-1.864024950944,17.087057295196)
  );
#766 = CARTESIAN_POINT('',(2.219397841969,-1.73676501756,17.087561592118
    ));
#767 = CARTESIAN_POINT('',(2.251480246087,-1.609440923787,17.08807244902
    ));
#768 = CARTESIAN_POINT('',(2.283550537998,-1.482051328532,
    17.088590004186));
#769 = CARTESIAN_POINT('',(2.327609430647,-1.306880772961,
    17.089310705232));
#770 = CARTESIAN_POINT('',(2.339610796487,-1.259165413012,
    17.089507019674));
#771 = CARTESIAN_POINT('',(2.351612474768,-1.211448810852,
    17.089703339226));
#772 = CARTESIAN_POINT('',(2.363614465489,-1.163730966481,17.08989966389
    ));
#773 = CARTESIAN_POINT('',(2.375616768651,-1.1160118799,17.090095993664)
  );
#774 = CARTESIAN_POINT('',(2.387619384254,-1.068291551108,
    17.090292328549));
#775 = CARTESIAN_POINT('',(2.399622312298,-1.020569980106,
    17.090488668545));
#776 = CARTESIAN_POINT('',(2.411625552782,-0.972847166893,
    17.090685013652));
#777 = ORIENTED_EDGE('',*,*,#778,.F.);
#778 = EDGE_CURVE('',#95,#744,#779,.T.);
#779 = B_SPLINE_CURVE_WITH_KNOTS('',7,(#780,#781,#782,#783,#784,#785,
    #786,#787,#788,#789,#790,#791,#792,#793,#794,#795,#796,#797,#798,
    #799,#800,#801,#802,#803,#804,#805,#806,#807,#808,#809,#810,#811),
  .UNSPECIFIED.,.F.,.F.,(8,6,6,6,6,8),(0.,5.175489025399E-02,
    0.495157972044,0.764890773755,0.981138459016,1.),.UNSPECIFIED.);
#780 = CARTESIAN_POINT('',(0.907229577127,-2.859533964545,18.));
#781 = CARTESIAN_POINT('',(0.919260262165,-2.855717051217,18.));
#782 = CARTESIAN_POINT('',(0.931340678681,-2.851819367639,
    17.999865942328));
#783 = CARTESIAN_POINT('',(0.943467450611,-2.847840645076,
    17.999596547599));
#784 = CARTESIAN_POINT('',(0.95563713377,-2.843780723809,17.999190672532
    ));
#785 = CARTESIAN_POINT('',(0.967846215851,-2.839639553135,
    17.998647309943));
#786 = CARTESIAN_POINT('',(0.980091116425,-2.835417191366,
    17.997965588752));
#787 = CARTESIAN_POINT('',(1.097550342207,-2.794245127322,
    17.990112553489));
#788 = CARTESIAN_POINT('',(1.205112153563,-2.751423290895,
    17.972870277108));
#789 = CARTESIAN_POINT('',(1.312669583801,-2.702785938712,
    17.944954104196));
#790 = CARTESIAN_POINT('',(1.417779142482,-2.649037224912,
    17.906709257749));
#791 = CARTESIAN_POINT('',(1.518443496215,-2.591448028896,
    17.859057567883));
#792 = CARTESIAN_POINT('',(1.613068144345,-2.531642062341,
    17.802995758283));
#793 = CARTESIAN_POINT('',(1.753303494776,-2.435173842824,
    17.700835319341));
#794 = CARTESIAN_POINT('',(1.803595459803,-2.398621169766,17.65943485294
    ));
#795 = CARTESIAN_POINT('',(1.850849499715,-2.362447091235,17.61546853501
    ));
#796 = CARTESIAN_POINT('',(1.89476347461,-2.327168988592,17.569143278339
    ));
#797 = CARTESIAN_POINT('',(1.935013087279,-2.293404584629,
    17.520681051268));
#798 = CARTESIAN_POINT('',(1.971262626471,-2.2618496238,17.470331467802)
  );
#799 = CARTESIAN_POINT('',(2.028794576605,-2.210243255476,
    17.376756691916));
#800 = CARTESIAN_POINT('',(2.051619797359,-2.189151390691,
    17.334097947987));
#801 = CARTESIAN_POINT('',(2.071489766274,-2.170305660528,
    17.290602767506));
#802 = CARTESIAN_POINT('',(2.088238565415,-2.154082836155,
    17.246485991879));
#803 = CARTESIAN_POINT('',(2.101742752813,-2.140802853995,
    17.201999545798));
#804 = CARTESIAN_POINT('',(2.111950867743,-2.13067132493,17.157430909231
    ));
#805 = CARTESIAN_POINT('',(2.119521790018,-2.123117546858,
    17.109226482349));
#806 = CARTESIAN_POINT('',(2.120104487906,-2.122535764066,
    17.105361006747));
#807 = CARTESIAN_POINT('',(2.120662543955,-2.1219782216,17.101497430537)
  );
#808 = CARTESIAN_POINT('',(2.121195998124,-2.121444934674,
    17.097635947565));
#809 = CARTESIAN_POINT('',(2.121704895931,-2.120935909335,
    17.093776750859));
#810 = CARTESIAN_POINT('',(2.122189288456,-2.120451142467,
    17.089920032625));
#811 = CARTESIAN_POINT('',(2.122649232336,-2.119990621786,
    17.086065984244));
#812 = ORIENTED_EDGE('',*,*,#94,.F.);
#813 = ( BOUNDED_SURFACE() B_SPLINE_SURFACE(2,8,(
    (#814,#815,#816,#817,#818,#819,#820,#821,#822,#823,#824,#825,#826
      ,#827,#828,#829,#830,#831,#832,#833,#834,#835,#836,#837,#838,#839
      ,#840,#841,#842,#843)
    ,(#844,#845,#846,#847,#848,#849,#850,#851,#852,#853,#854,#855,#856
      ,#857,#858,#859,#860,#861,#862,#863,#864,#865,#866,#867,#868,#869
      ,#870,#871,#872,#873)
    ,(#874,#875,#876,#877,#878,#879,#880,#881,#882,#883,#884,#885,#886
      ,#887,#888,#889,#890,#891,#892,#893,#894,#895,#896,#897,#898,#899
      ,#900,#901,#902,#903
)),.UNSPECIFIED.,.F.,.F.,.F.) B_SPLINE_SURFACE_WITH_KNOTS((3,3),(9,7,7,7
    ,9),(0.,3.400266860395),(3.987859833407,4.261357806019,
    6.350594594908,7.388126693802,7.77653334918),.UNSPECIFIED.) 
GEOMETRIC_REPRESENTATION_ITEM() RATIONAL_B_SPLINE_SURFACE((
    (1.,1.,1.,1.,1.,1.,1.,1.,1.,1.,1.,1.,1.,1.,1.,1.,1.,1.,1.,1.,1.,1.
      ,1.,1.,1.,1.,1.,1.,1.,1.)
    ,(0.734618827854,0.73444277453,0.73430664272,0.734212114376
      ,0.734156582674,0.734134321597,0.734137655522,0.734158128803
      ,0.734413379976,0.734765794086,0.735002022356,0.735329608226
      ,0.735617528981,0.735934642551,0.736253260614,0.736743657731
      ,0.736908380424,0.737075145962,0.73724399927,0.737414985272
      ,0.737588148891,0.737763535053,0.738007694431,0.738055198538
      ,0.738083701003,0.738093201825,0.738083701003,0.738055198538
      ,0.738007694431,0.73794118868)
    ,(1.,1.,1.,1.,1.,1.,1.,1.,1.,1.,1.,1.,1.,1.,1.,1.,1.,1.,1.,1.,1.,1.
,1.,1.,1.,1.,1.,1.,1.,1.))) REPRESENTATION_ITEM('') SURFACE() );
#814 = CARTESIAN_POINT('',(0.585539785243,-4.234066639906,18.));
#815 = CARTESIAN_POINT('',(0.579699284073,-4.225512364539,18.));
#816 = CARTESIAN_POINT('',(0.575041201329,-4.217716191889,
    18.000000000001));
#817 = CARTESIAN_POINT('',(0.571890407514,-4.210009534862,
    17.999999999999));
#818 = CARTESIAN_POINT('',(0.570441088027,-4.201452735521,
    18.000000000001));
#819 = CARTESIAN_POINT('',(0.570814569195,-4.190818707868,
    17.999999999999));
#820 = CARTESIAN_POINT('',(0.573117144295,-4.17657658063,18.));
#821 = CARTESIAN_POINT('',(0.577497899588,-4.15687534004,18.));
#822 = CARTESIAN_POINT('',(0.6354534982,-3.920618535664,18.));
#823 = CARTESIAN_POINT('',(0.700479644671,-3.676691880406,
    17.999999999999));
#824 = CARTESIAN_POINT('',(0.765251076118,-3.414250264355,
    18.000000000001));
#825 = CARTESIAN_POINT('',(0.832495011241,-3.155472984204,
    17.999999999999));
#826 = CARTESIAN_POINT('',(0.897679268418,-2.896633842785,
    18.000000000001));
#827 = CARTESIAN_POINT('',(0.962674872801,-2.641769284839,
    17.999999999999));
#828 = CARTESIAN_POINT('',(1.027408767262,-2.386500656984,18.));
#829 = CARTESIAN_POINT('',(1.124241816385,-2.004303261431,18.));
#830 = CARTESIAN_POINT('',(1.15636242023,-1.877427637828,18.));
#831 = CARTESIAN_POINT('',(1.18847200744,-1.750496443099,18.));
#832 = CARTESIAN_POINT('',(1.2205703367,-1.62350805526,18.));
#833 = CARTESIAN_POINT('',(1.252657166697,-1.496460852326,18.));
#834 = CARTESIAN_POINT('',(1.284732256117,-1.369353212314,18.));
#835 = CARTESIAN_POINT('',(1.316795363646,-1.242183513238,18.));
#836 = CARTESIAN_POINT('',(1.360844697749,-1.067319518431,18.));
#837 = CARTESIAN_POINT('',(1.372849183736,-1.019664941624,18.));
#838 = CARTESIAN_POINT('',(1.384859705932,-0.971986402693,18.));
#839 = CARTESIAN_POINT('',(1.396876264337,-0.924283901639,18.));
#840 = CARTESIAN_POINT('',(1.40889885895,-0.876557438463,18.));
#841 = CARTESIAN_POINT('',(1.420927489772,-0.828807013163,18.));
#842 = CARTESIAN_POINT('',(1.432962156802,-0.781032625741,18.));
#843 = CARTESIAN_POINT('',(1.445002860041,-0.733234276195,18.));
#844 = CARTESIAN_POINT('',(1.401218336789,-4.667276184966,18.));
#845 = CARTESIAN_POINT('',(1.410170106068,-4.631890587608,18.));
#846 = CARTESIAN_POINT('',(1.418952898024,-4.597162242453,18.));
#847 = CARTESIAN_POINT('',(1.427604902521,-4.562940823636,18.));
#848 = CARTESIAN_POINT('',(1.436164659433,-4.529075060544,18.));
#849 = CARTESIAN_POINT('',(1.444666892506,-4.495429224396,18.));
#850 = CARTESIAN_POINT('',(1.453138258839,-4.461899947848,18.));
#851 = CARTESIAN_POINT('',(1.461593023259,-4.42843334154,18.));
#852 = CARTESIAN_POINT('',(1.534445661617,-4.140059342642,18.));
#853 = CARTESIAN_POINT('',(1.598319055001,-3.88687842955,18.));
#854 = CARTESIAN_POINT('',(1.66297505995,-3.630248053133,18.));
#855 = CARTESIAN_POINT('',(1.726760753932,-3.376646539185,18.));
#856 = CARTESIAN_POINT('',(1.79105993715,-3.120603714237,18.));
#857 = CARTESIAN_POINT('',(1.855034769175,-2.865395878066,18.));
#858 = CARTESIAN_POINT('',(1.919049323166,-2.609572576122,18.));
#859 = CARTESIAN_POINT('',(2.014735541687,-2.226451560955,18.));
#860 = CARTESIAN_POINT('',(2.046459082774,-2.099313414907,18.));
#861 = CARTESIAN_POINT('',(2.078169131585,-1.972106883365,18.));
#862 = CARTESIAN_POINT('',(2.109865358027,-1.844830162192,18.));
#863 = CARTESIAN_POINT('',(2.141547424816,-1.717481481095,18.));
#864 = CARTESIAN_POINT('',(2.173214987505,-1.590059103676,18.));
#865 = CARTESIAN_POINT('',(2.204867694512,-1.462561327491,18.));
#866 = CARTESIAN_POINT('',(2.248344962828,-1.287243840704,18.));
#867 = CARTESIAN_POINT('',(2.26018402893,-1.239504058624,18.));
#868 = CARTESIAN_POINT('',(2.272023299959,-1.191763450192,18.));
#869 = CARTESIAN_POINT('',(2.283863690273,-1.144018328367,18.));
#870 = CARTESIAN_POINT('',(2.295706114304,-1.096265005792,18.));
#871 = CARTESIAN_POINT('',(2.307551486801,-1.048499793841,18.));
#872 = CARTESIAN_POINT('',(2.31940072306,-1.000719001674,18.));
#873 = CARTESIAN_POINT('',(2.331254739166,-0.952918935283,18.));
#874 = CARTESIAN_POINT('',(1.465925826289,-4.701642544159,
    17.079329644475));
#875 = CARTESIAN_POINT('',(1.475626771986,-4.663913468975,
    17.078812316129));
#876 = CARTESIAN_POINT('',(1.48513123676,-4.626909497869,17.078412442408
    ));
#877 = CARTESIAN_POINT('',(1.494469099672,-4.590512596044,
    17.078134836825));
#878 = CARTESIAN_POINT('',(1.503667615398,-4.554618742812,
    17.077971773501));
#879 = CARTESIAN_POINT('',(1.512745293192,-4.519160885396,17.07790640749
    ));
#880 = CARTESIAN_POINT('',(1.521705775861,-4.484131892745,
    17.077916195141));
#881 = CARTESIAN_POINT('',(1.530531718737,-4.449607509333,
    17.077976314428));
#882 = CARTESIAN_POINT('',(1.60523226931,-4.157281056254,17.078725923491
    ));
#883 = CARTESIAN_POINT('',(1.669991298505,-3.90342922759,17.079761116218
    ));
#884 = CARTESIAN_POINT('',(1.735250435798,-3.647420006468,17.08045575786
    ));
#885 = CARTESIAN_POINT('',(1.79965049949,-3.394358861835,17.08141872628)
  );
#886 = CARTESIAN_POINT('',(1.864613701181,-3.138793343357,
    17.082265949104));
#887 = CARTESIAN_POINT('',(1.929332239809,-2.883793905786,
    17.083199235109));
#888 = CARTESIAN_POINT('',(1.994101337351,-2.628218344233,
    17.084137512791));
#889 = CARTESIAN_POINT('',(2.090953912511,-2.245433199699,
    17.085582381456));
#890 = CARTESIAN_POINT('',(2.123081360917,-2.11835770092,17.08606782815)
  );
#891 = CARTESIAN_POINT('',(2.155198058931,-1.991222065033,
    17.086559419968));
#892 = CARTESIAN_POINT('',(2.1873036661,-1.864024950944,17.087057295196)
  );
#893 = CARTESIAN_POINT('',(2.219397841969,-1.73676501756,17.087561592118
    ));
#894 = CARTESIAN_POINT('',(2.251480246087,-1.609440923787,17.08807244902
    ));
#895 = CARTESIAN_POINT('',(2.283550537998,-1.482051328532,
    17.088590004186));
#896 = CARTESIAN_POINT('',(2.327609430647,-1.306880772961,
    17.089310705232));
#897 = CARTESIAN_POINT('',(2.339610796487,-1.259165413012,
    17.089507019674));
#898 = CARTESIAN_POINT('',(2.351612474768,-1.211448810852,
    17.089703339226));
#899 = CARTESIAN_POINT('',(2.363614465489,-1.163730966481,17.08989966389
    ));
#900 = CARTESIAN_POINT('',(2.375616768651,-1.1160118799,17.090095993664)
  );
#901 = CARTESIAN_POINT('',(2.387619384254,-1.068291551108,
    17.090292328549));
#902 = CARTESIAN_POINT('',(2.399622312298,-1.020569980106,
    17.090488668545));
#903 = CARTESIAN_POINT('',(2.411625552782,-0.972847166893,
    17.090685013652));
#904 = ADVANCED_FACE('',(#905),#955,.T.);
#905 = FACE_BOUND('',#906,.T.);
#906 = EDGE_LOOP('',(#907,#917,#925,#933,#939,#940,#941,#949));
#907 = ORIENTED_EDGE('',*,*,#908,.T.);
#908 = EDGE_CURVE('',#909,#911,#913,.T.);
#909 = VERTEX_POINT('',#910);
#910 = CARTESIAN_POINT('',(-18.90000000007,10.628355914004,7.824E-12));
#911 = VERTEX_POINT('',#912);
#912 = CARTESIAN_POINT('',(-18.90000000007,17.17982984191,
    18.000000000007));
#913 = LINE('',#914,#915);
#914 = CARTESIAN_POINT('',(-18.90000000007,14.393742323282,
    10.345298800381));
#915 = VECTOR('',#916,1.);
#916 = DIRECTION('',(0.,0.342020590992,0.939692457849));
#917 = ORIENTED_EDGE('',*,*,#918,.T.);
#918 = EDGE_CURVE('',#911,#919,#921,.T.);
#919 = VERTEX_POINT('',#920);
#920 = CARTESIAN_POINT('',(-16.9,17.179829841909,18.000000000006));
#921 = LINE('',#922,#923);
#922 = CARTESIAN_POINT('',(-21.79999999999,17.179829841912,
    18.000000000016));
#923 = VECTOR('',#924,1.);
#924 = DIRECTION('',(1.,-4.7667E-13,-8.2795E-13));
#925 = ORIENTED_EDGE('',*,*,#926,.F.);
#926 = EDGE_CURVE('',#927,#919,#929,.T.);
#927 = VERTEX_POINT('',#928);
#928 = CARTESIAN_POINT('',(-16.9,12.084239009088,4.));
#929 = LINE('',#930,#931);
#930 = CARTESIAN_POINT('',(-16.9,14.234107224204,9.906705620435));
#931 = VECTOR('',#932,1.);
#932 = DIRECTION('',(0.,0.342020590991,0.939692457849));
#933 = ORIENTED_EDGE('',*,*,#934,.T.);
#934 = EDGE_CURVE('',#927,#645,#935,.T.);
#935 = LINE('',#936,#937);
#936 = CARTESIAN_POINT('',(-9.850000000017,12.084239009087,4.));
#937 = VECTOR('',#938,1.);
#938 = DIRECTION('',(1.,-1.2678E-13,0.));
#939 = ORIENTED_EDGE('',*,*,#644,.F.);
#940 = ORIENTED_EDGE('',*,*,#164,.T.);
#941 = ORIENTED_EDGE('',*,*,#942,.F.);
#942 = EDGE_CURVE('',#943,#157,#945,.T.);
#943 = VERTEX_POINT('',#944);
#944 = CARTESIAN_POINT('',(-0.8,10.628355913995,3.31E-13));
#945 = LINE('',#946,#947);
#946 = CARTESIAN_POINT('',(-0.8,14.393742323279,10.345298800382));
#947 = VECTOR('',#948,1.);
#948 = DIRECTION('',(0.,0.342020590992,0.939692457849));
#949 = ORIENTED_EDGE('',*,*,#950,.F.);
#950 = EDGE_CURVE('',#909,#943,#951,.T.);
#951 = LINE('',#952,#953);
#952 = CARTESIAN_POINT('',(-21.80000000001,10.628355914005,1.804974E-11)
  );
#953 = VECTOR('',#954,1.);
#954 = DIRECTION('',(1.,-4.7667E-13,-8.2795E-13));
#955 = PLANE('',#956);
#956 = AXIS2_PLACEMENT_3D('',#957,#958,#959);
#957 = CARTESIAN_POINT('',(-9.850000000033,13.904092877951,
    9.000000000003));
#958 = DIRECTION('',(1.1913E-13,0.939692457849,-0.342020590991));
#959 = DIRECTION('',(6.310887241768E-30,0.342020590991,0.939692457849));
#960 = ADVANCED_FACE('',(#961),#1059,.T.);
#961 = FACE_BOUND('',#962,.F.);
#962 = EDGE_LOOP('',(#963,#1040,#1041,#1042,#1043,#1044,#1052));
#963 = ORIENTED_EDGE('',*,*,#964,.T.);
#964 = EDGE_CURVE('',#965,#744,#967,.T.);
#965 = VERTEX_POINT('',#966);
#966 = CARTESIAN_POINT('',(1.739807333673,-2.443986587872,0.));
#967 = B_SPLINE_CURVE_WITH_KNOTS('',8,(#968,#969,#970,#971,#972,#973,
    #974,#975,#976,#977,#978,#979,#980,#981,#982,#983,#984,#985,#986,
    #987,#988,#989,#990,#991,#992,#993,#994,#995,#996,#997,#998,#999,
    #1000,#1001,#1002,#1003,#1004,#1005,#1006,#1007,#1008,#1009,#1010,
    #1011,#1012,#1013,#1014,#1015,#1016,#1017,#1018,#1019,#1020,#1021,
    #1022,#1023,#1024,#1025,#1026,#1027,#1028,#1029,#1030,#1031,#1032,
    #1033,#1034,#1035,#1036,#1037,#1038,#1039),.UNSPECIFIED.,.F.,.F.,(9,
    7,7,7,7,7,7,7,7,7,9),(0.,5.223851253387E-03,0.171782549604,
    0.398633057426,0.558324682291,0.724022860129,0.855731341119,
    0.983812085823,0.992140724844,0.996010445773,1.),.UNSPECIFIED.);
#968 = CARTESIAN_POINT('',(1.739795241305,-2.443995196054,
    -8.501030284479E-05));
#969 = CARTESIAN_POINT('',(1.740946988116,-2.44317530758,
    8.011844187137E-03));
#970 = CARTESIAN_POINT('',(1.742445724993,-2.442107505736,
    1.855148773582E-02));
#971 = CARTESIAN_POINT('',(1.744074433957,-2.440945128909,
    3.001263570295E-02));
#972 = CARTESIAN_POINT('',(1.745690276606,-2.439789787386,
    4.139141760266E-02));
#973 = CARTESIAN_POINT('',(1.74722404199,-2.438691283257,
    5.219926353384E-02));
#974 = CARTESIAN_POINT('',(1.748679500815,-2.437647476523,
    6.246061315803E-02));
#975 = CARTESIAN_POINT('',(1.750132665977,-2.436604097424,
    7.271044722471E-02));
#976 = CARTESIAN_POINT('',(1.802691383232,-2.398800586,0.443684321848));
#977 = CARTESIAN_POINT('',(1.852777558597,-2.36092643701,0.804293137825)
  );
#978 = CARTESIAN_POINT('',(1.901938262144,-2.321868357345,1.165856501538
    ));
#979 = CARTESIAN_POINT('',(1.950116635452,-2.281672567301,1.528412529428
    ));
#980 = CARTESIAN_POINT('',(1.997249788082,-2.240396802726,1.891999573592
    ));
#981 = CARTESIAN_POINT('',(2.04326754209,-2.198115158601,2.256657843802)
  );
#982 = CARTESIAN_POINT('',(2.08809031802,-2.15492618164,2.622432120393)
  );
#983 = CARTESIAN_POINT('',(2.190921344764,-2.051088652953,3.489147145955
    ));
#984 = CARTESIAN_POINT('',(2.247816943436,-1.989791468256,3.990983139088
    ));
#985 = CARTESIAN_POINT('',(2.302093942314,-1.927404339477,4.4951240233)
  );
#986 = CARTESIAN_POINT('',(2.353479961261,-1.864380979668,5.001746303378
    ));
#987 = CARTESIAN_POINT('',(2.401620525992,-1.801417203381,5.510988920551
    ));
#988 = CARTESIAN_POINT('',(2.446083138297,-1.739455815074,6.022954884785
    ));
#989 = CARTESIAN_POINT('',(2.486252175292,-1.680098085191,6.537812943908
    ));
#990 = CARTESIAN_POINT('',(2.545949317806,-1.58751793286,7.420523419161)
  );
#991 = CARTESIAN_POINT('',(2.568068679721,-1.551758809387,7.786788963804
    ));
#992 = CARTESIAN_POINT('',(2.587345919624,-1.519338438641,8.154650782829
    ));
#993 = CARTESIAN_POINT('',(2.603420070064,-1.491326233469,8.524025227899
    ));
#994 = CARTESIAN_POINT('',(2.615895137663,-1.468937000092,8.894735805266
    ));
#995 = CARTESIAN_POINT('',(2.624321425718,-1.453618714398,9.26653230144)
  );
#996 = CARTESIAN_POINT('',(2.628475814621,-1.446068791131,9.638981901262
    ));
#997 = CARTESIAN_POINT('',(2.628241842227,-1.446493995786,
    10.397926308472));
#998 = CARTESIAN_POINT('',(2.623526355849,-1.455063533383,
    10.784343728093));
#999 = CARTESIAN_POINT('',(2.614221353764,-1.471966757786,
    11.170003011951));
#1000 = CARTESIAN_POINT('',(2.600596243712,-1.496360045015,
    11.554443848751));
#1001 = CARTESIAN_POINT('',(2.583172112886,-1.52656496121,
    11.937411933303));
#1002 = CARTESIAN_POINT('',(2.56238228076,-1.561262300216,
    12.318727687085));
#1003 = CARTESIAN_POINT('',(2.538620403198,-1.599294225538,
    12.698317315848));
#1004 = CARTESIAN_POINT('',(2.491208257465,-1.671932137991,
    13.376579473083));
#1005 = CARTESIAN_POINT('',(2.468532578773,-1.705644181805,
    13.675912370918));
#1006 = CARTESIAN_POINT('',(2.444336677044,-1.74044896285,
    13.974243903821));
#1007 = CARTESIAN_POINT('',(2.418753562349,-1.775989114838,
    14.271605915696));
#1008 = CARTESIAN_POINT('',(2.39189485553,-1.811983618514,
    14.568027942941));
#1009 = CARTESIAN_POINT('',(2.363854652604,-1.848211838646,
    14.863541105373));
#1010 = CARTESIAN_POINT('',(2.334712975572,-1.884499017395,
    15.158181476731));
#1011 = CARTESIAN_POINT('',(2.27519575128,-1.955910233613,
    15.737711743903));
#1012 = CARTESIAN_POINT('',(2.244877444203,-1.991037493949,
    16.022635165782));
#1013 = CARTESIAN_POINT('',(2.213648154101,-2.02595425525,
    16.306794528932));
#1014 = CARTESIAN_POINT('',(2.181563397551,-2.060558816682,
    16.590215905376));
#1015 = CARTESIAN_POINT('',(2.148671972133,-2.094770695967,
    16.872922487835));
#1016 = CARTESIAN_POINT('',(2.115017447074,-2.128524796328,
    17.154936343894));
#1017 = CARTESIAN_POINT('',(2.080639114377,-2.161767570809,
    17.43627954709));
#1018 = CARTESIAN_POINT('',(2.04329213575,-2.196580744155,
    17.735227299588));
#1019 = CARTESIAN_POINT('',(2.04100896126,-2.198703955834,17.75347716632
    ));
#1020 = CARTESIAN_POINT('',(2.038722886821,-2.200824806855,
    17.771724290712));
#1021 = CARTESIAN_POINT('',(2.036433922208,-2.202943285217,
    17.789968678331));
#1022 = CARTESIAN_POINT('',(2.034142077135,-2.205059379076,
    17.808210334724));
#1023 = CARTESIAN_POINT('',(2.031847361254,-2.207173076746,
    17.826449265417));
#1024 = CARTESIAN_POINT('',(2.029549784156,-2.209284366699,
    17.844685475916));
#1025 = CARTESIAN_POINT('',(2.026180511183,-2.212373078533,
    17.871390768849));
#1026 = CARTESIAN_POINT('',(2.025111667009,-2.213351832899,
    17.879857100348));
#1027 = CARTESIAN_POINT('',(2.024042822849,-2.21432950259,
    17.888317985346));
#1028 = CARTESIAN_POINT('',(2.022973978703,-2.215306089522,
    17.896773442858));
#1029 = CARTESIAN_POINT('',(2.021905134571,-2.216281595604,
    17.905223491765));
#1030 = CARTESIAN_POINT('',(2.020836290452,-2.217256022738,
    17.91366815082));
#1031 = CARTESIAN_POINT('',(2.019767446347,-2.218229372816,
    17.922107438644));
#1032 = CARTESIAN_POINT('',(2.017596659366,-2.220204030977,
    17.93923648172));
#1033 = CARTESIAN_POINT('',(2.016494071411,-2.221205858192,
    17.947930990584));
#1034 = CARTESIAN_POINT('',(2.015390841837,-2.222207126023,
    17.956624881586));
#1035 = CARTESIAN_POINT('',(2.014286973018,-2.223207832078,
    17.965318144525));
#1036 = CARTESIAN_POINT('',(2.013182466256,-2.224207974911,
    17.974010777734));
#1037 = CARTESIAN_POINT('',(2.012077321784,-2.225207554029,
    17.982702788078));
#1038 = CARTESIAN_POINT('',(2.010971538761,-2.226206569884,
    17.991394190956));
#1039 = CARTESIAN_POINT('',(2.009865115274,-2.227205023882,
    18.000085010303));
#1040 = ORIENTED_EDGE('',*,*,#778,.F.);
#1041 = ORIENTED_EDGE('',*,*,#129,.F.);
#1042 = ORIENTED_EDGE('',*,*,#138,.T.);
#1043 = ORIENTED_EDGE('',*,*,#147,.T.);
#1044 = ORIENTED_EDGE('',*,*,#1045,.F.);
#1045 = EDGE_CURVE('',#1046,#148,#1048,.T.);
#1046 = VERTEX_POINT('',#1047);
#1047 = CARTESIAN_POINT('',(-0.8,2.89136645896,0.));
#1048 = LINE('',#1049,#1050);
#1049 = CARTESIAN_POINT('',(-0.8,2.89136645896,0.));
#1050 = VECTOR('',#1051,1.);
#1051 = DIRECTION('',(0.,0.,1.));
#1052 = ORIENTED_EDGE('',*,*,#1053,.F.);
#1053 = EDGE_CURVE('',#965,#1046,#1054,.T.);
#1054 = CIRCLE('',#1055,3.);
#1055 = AXIS2_PLACEMENT_3D('',#1056,#1057,#1058);
#1056 = CARTESIAN_POINT('',(0.,0.,0.));
#1057 = DIRECTION('',(0.,0.,1.));
#1058 = DIRECTION('',(1.,0.,0.));
#1059 = CYLINDRICAL_SURFACE('',#1060,3.);
#1060 = AXIS2_PLACEMENT_3D('',#1061,#1062,#1063);
#1061 = CARTESIAN_POINT('',(0.,0.,0.));
#1062 = DIRECTION('',(-0.,-0.,-1.));
#1063 = DIRECTION('',(1.,0.,0.));
#1064 = ADVANCED_FACE('',(#1065,#1076),#1087,.T.);
#1065 = FACE_BOUND('',#1066,.T.);
#1066 = EDGE_LOOP('',(#1067,#1073,#1074,#1075));
#1067 = ORIENTED_EDGE('',*,*,#1068,.F.);
#1068 = EDGE_CURVE('',#943,#1046,#1069,.T.);
#1069 = LINE('',#1070,#1071);
#1070 = CARTESIAN_POINT('',(-0.8,19.,0.));
#1071 = VECTOR('',#1072,1.);
#1072 = DIRECTION('',(0.,-1.,0.));
#1073 = ORIENTED_EDGE('',*,*,#942,.T.);
#1074 = ORIENTED_EDGE('',*,*,#156,.T.);
#1075 = ORIENTED_EDGE('',*,*,#1045,.F.);
#1076 = FACE_BOUND('',#1077,.T.);
#1077 = EDGE_LOOP('',(#1078));
#1078 = ORIENTED_EDGE('',*,*,#1079,.F.);
#1079 = EDGE_CURVE('',#1080,#1080,#1082,.T.);
#1080 = VERTEX_POINT('',#1081);
#1081 = CARTESIAN_POINT('',(-0.8,6.5,10.03));
#1082 = CIRCLE('',#1083,1.75);
#1083 = AXIS2_PLACEMENT_3D('',#1084,#1085,#1086);
#1084 = CARTESIAN_POINT('',(-0.8,4.75,10.03));
#1085 = DIRECTION('',(1.,0.,0.));
#1086 = DIRECTION('',(0.,1.,0.));
#1087 = PLANE('',#1088);
#1088 = AXIS2_PLACEMENT_3D('',#1089,#1090,#1091);
#1089 = CARTESIAN_POINT('',(-0.8,19.,0.));
#1090 = DIRECTION('',(1.,0.,0.));
#1091 = DIRECTION('',(0.,-1.,0.));
#1092 = ADVANCED_FACE('',(#1093),#1131,.F.);
#1093 = FACE_BOUND('',#1094,.F.);
#1094 = EDGE_LOOP('',(#1095,#1106,#1115,#1122,#1127,#1128,#1129,#1130));
#1095 = ORIENTED_EDGE('',*,*,#1096,.T.);
#1096 = EDGE_CURVE('',#1097,#1099,#1101,.T.);
#1097 = VERTEX_POINT('',#1098);
#1098 = CARTESIAN_POINT('',(1.75,0.,1.E-15));
#1099 = VERTEX_POINT('',#1100);
#1100 = CARTESIAN_POINT('',(1.740272320023,0.184261369152,0.));
#1101 = CIRCLE('',#1102,1.75);
#1102 = AXIS2_PLACEMENT_3D('',#1103,#1104,#1105);
#1103 = CARTESIAN_POINT('',(0.,0.,0.));
#1104 = DIRECTION('',(0.,0.,1.));
#1105 = DIRECTION('',(1.,0.,0.));
#1106 = ORIENTED_EDGE('',*,*,#1107,.T.);
#1107 = EDGE_CURVE('',#1099,#1108,#1110,.T.);
#1108 = VERTEX_POINT('',#1109);
#1109 = CARTESIAN_POINT('',(-0.9778082616,-1.451341105167,0.));
#1110 = CIRCLE('',#1111,1.75);
#1111 = AXIS2_PLACEMENT_3D('',#1112,#1113,#1114);
#1112 = CARTESIAN_POINT('',(0.,0.,0.));
#1113 = DIRECTION('',(0.,0.,1.));
#1114 = DIRECTION('',(1.,0.,0.));
#1115 = ORIENTED_EDGE('',*,*,#1116,.T.);
#1116 = EDGE_CURVE('',#1108,#1097,#1117,.T.);
#1117 = CIRCLE('',#1118,1.75);
#1118 = AXIS2_PLACEMENT_3D('',#1119,#1120,#1121);
#1119 = CARTESIAN_POINT('',(0.,0.,0.));
#1120 = DIRECTION('',(0.,0.,1.));
#1121 = DIRECTION('',(1.,0.,0.));
#1122 = ORIENTED_EDGE('',*,*,#1123,.T.);
#1123 = EDGE_CURVE('',#1097,#218,#1124,.T.);
#1124 = B_SPLINE_CURVE_WITH_KNOTS('',1,(#1125,#1126),.UNSPECIFIED.,.F.,
  .F.,(2,2),(-118.0918693297,-100.),.PIECEWISE_BEZIER_KNOTS.);
#1125 = CARTESIAN_POINT('',(1.75,0.,-9.1869329734E-02));
#1126 = CARTESIAN_POINT('',(1.75,0.,18.));
#1127 = ORIENTED_EDGE('',*,*,#226,.F.);
#1128 = ORIENTED_EDGE('',*,*,#206,.F.);
#1129 = ORIENTED_EDGE('',*,*,#217,.F.);
#1130 = ORIENTED_EDGE('',*,*,#1123,.F.);
#1131 = CYLINDRICAL_SURFACE('',#1132,1.75);
#1132 = AXIS2_PLACEMENT_3D('',#1133,#1134,#1135);
#1133 = CARTESIAN_POINT('',(0.,0.,118.));
#1134 = DIRECTION('',(0.,0.,1.));
#1135 = DIRECTION('',(1.,0.,0.));
#1136 = ADVANCED_FACE('',(#1137),#1215,.F.);
#1137 = FACE_BOUND('',#1138,.F.);
#1138 = EDGE_LOOP('',(#1139,#1140,#1141,#1150,#1169,#1204));
#1139 = ORIENTED_EDGE('',*,*,#241,.T.);
#1140 = ORIENTED_EDGE('',*,*,#356,.T.);
#1141 = ORIENTED_EDGE('',*,*,#1142,.T.);
#1142 = EDGE_CURVE('',#357,#1143,#1145,.T.);
#1143 = VERTEX_POINT('',#1144);
#1144 = CARTESIAN_POINT('',(-0.465925826289,-3.575019870626,4.E-15));
#1145 = CIRCLE('',#1146,23.779854549974);
#1146 = AXIS2_PLACEMENT_3D('',#1147,#1148,#1149);
#1147 = CARTESIAN_POINT('',(-0.465925826289,18.,10.));
#1148 = DIRECTION('',(1.,0.,0.));
#1149 = DIRECTION('',(0.,-0.91290639823,0.408168969999));
#1150 = ORIENTED_EDGE('',*,*,#1151,.T.);
#1151 = EDGE_CURVE('',#1143,#1152,#1154,.T.);
#1152 = VERTEX_POINT('',#1153);
#1153 = CARTESIAN_POINT('',(-0.605505643049,-3.,0.));
#1154 = B_SPLINE_CURVE_WITH_KNOTS('',4,(#1155,#1156,#1157,#1158,#1159,
    #1160,#1161,#1162,#1163,#1164,#1165,#1166,#1167,#1168),
  .UNSPECIFIED.,.F.,.F.,(5,3,3,3,5),(0.,0.249350774458,0.497709333867,
    0.748201304347,1.),.UNSPECIFIED.);
#1155 = CARTESIAN_POINT('',(-0.465925826289,-3.575019870626,0.));
#1156 = CARTESIAN_POINT('',(-0.517721141589,-3.362151236199,0.));
#1157 = CARTESIAN_POINT('',(-0.569454793511,-3.149044883994,0.));
#1158 = CARTESIAN_POINT('',(-0.621123364286,-2.935688490443,0.));
#1159 = CARTESIAN_POINT('',(-0.724117061086,-2.509297332204,0.));
#1160 = CARTESIAN_POINT('',(-0.775442731441,-2.296264655522,0.));
#1161 = CARTESIAN_POINT('',(-0.826695956379,-2.082955872123,0.));
#1162 = CARTESIAN_POINT('',(-0.929487921798,-1.653918966244,0.));
#1163 = CARTESIAN_POINT('',(-0.981025327494,-1.438185788341,0.));
#1164 = CARTESIAN_POINT('',(-1.032479637399,-1.222138752181,0.));
#1165 = CARTESIAN_POINT('',(-1.135478893698,-0.788249758609,0.));
#1166 = CARTESIAN_POINT('',(-1.187022905437,-0.570404300762,0.));
#1167 = CARTESIAN_POINT('',(-1.238471675764,-0.352202761518,0.));
#1168 = CARTESIAN_POINT('',(-1.289818488543,-0.133622366986,0.));
#1169 = ORIENTED_EDGE('',*,*,#1170,.T.);
#1170 = EDGE_CURVE('',#1152,#1171,#1173,.T.);
#1171 = VERTEX_POINT('',#1172);
#1172 = CARTESIAN_POINT('',(-0.959637743375,-3.,3.65));
#1173 = B_SPLINE_CURVE_WITH_KNOTS('',5,(#1174,#1175,#1176,#1177,#1178,
    #1179,#1180,#1181,#1182,#1183,#1184,#1185,#1186,#1187,#1188,#1189,
    #1190,#1191,#1192,#1193,#1194,#1195,#1196,#1197,#1198,#1199,#1200,
    #1201,#1202,#1203),.UNSPECIFIED.,.F.,.F.,(6,4,4,4,4,4,4,6),(0.,
    2.821146366706E-02,0.47175108017,0.7177212755,0.850137788519,
    0.921340325431,0.957532184259,1.),.UNSPECIFIED.);
#1174 = CARTESIAN_POINT('',(-0.605505643049,-3.,0.));
#1175 = CARTESIAN_POINT('',(-0.607015120977,-3.,1.309095136283E-02));
#1176 = CARTESIAN_POINT('',(-0.609632477217,-3.,3.58052343235E-02));
#1177 = CARTESIAN_POINT('',(-0.611975682878,-3.,5.622699951834E-02));
#1178 = CARTESIAN_POINT('',(-0.613847786623,-3.,7.254504658423E-02));
#1179 = CARTESIAN_POINT('',(-0.652740739102,-3.,0.412422828416));
#1180 = CARTESIAN_POINT('',(-0.688309529024,-3.,0.733784682448));
#1181 = CARTESIAN_POINT('',(-0.722820311974,-3.,1.056985559537));
#1182 = CARTESIAN_POINT('',(-0.756209258937,-3.,1.382041235879));
#1183 = CARTESIAN_POINT('',(-0.806264844323,-3.,1.890246671646));
#1184 = CARTESIAN_POINT('',(-0.823755383059,-3.,2.072110584345));
#1185 = CARTESIAN_POINT('',(-0.840868459301,-3.,2.254545383857));
#1186 = CARTESIAN_POINT('',(-0.857592227856,-3.,2.437549250737));
#1187 = CARTESIAN_POINT('',(-0.882701603447,-3.,2.719941769227));
#1188 = CARTESIAN_POINT('',(-0.891372298532,-3.,2.818928923427));
#1189 = CARTESIAN_POINT('',(-0.899924769051,-3.,2.918079311894));
#1190 = CARTESIAN_POINT('',(-0.90835711327,-3.,3.017392149116));
#1191 = CARTESIAN_POINT('',(-0.921136002123,-3.,3.170355431705));
#1192 = CARTESIAN_POINT('',(-0.92556930157,-3.,3.223891091921));
#1193 = CARTESIAN_POINT('',(-0.929967016484,-3.,3.277473287565));
#1194 = CARTESIAN_POINT('',(-0.934328848598,-3.,3.331101849228));
#1195 = CARTESIAN_POINT('',(-0.94085320339,-3.,3.4120591667));
#1196 = CARTESIAN_POINT('',(-0.943051906741,-3.,3.439469657151));
#1197 = CARTESIAN_POINT('',(-0.945250609003,-3.,3.467010694532));
#1198 = CARTESIAN_POINT('',(-0.947449310106,-3.,3.494685055071));
#1199 = CARTESIAN_POINT('',(-0.952227981932,-3.,3.555128842029));
#1200 = CARTESIAN_POINT('',(-0.953478521536,-3.,3.571123051179));
#1201 = CARTESIAN_POINT('',(-0.955992636179,-3.,3.602971870334));
#1202 = CARTESIAN_POINT('',(-0.95962256809,-3.,3.649804531315));
#1203 = CARTESIAN_POINT('',(-0.959637743375,-3.,3.65));
#1204 = ORIENTED_EDGE('',*,*,#1205,.T.);
#1205 = EDGE_CURVE('',#1171,#242,#1206,.T.);
#1206 = B_SPLINE_CURVE_WITH_KNOTS('',4,(#1207,#1208,#1209,#1210,#1211,
    #1212,#1213,#1214),.UNSPECIFIED.,.F.,.F.,(5,3,5),(0.,0.500692757591,
    1.),.UNSPECIFIED.);
#1207 = CARTESIAN_POINT('',(-0.959637743375,-3.,3.65));
#1208 = CARTESIAN_POINT('',(-1.051026861213,-2.644049830819,3.65));
#1209 = CARTESIAN_POINT('',(-1.14233324068,-2.287763234742,3.65));
#1210 = CARTESIAN_POINT('',(-1.23354876404,-1.931108168408,3.65));
#1211 = CARTESIAN_POINT('',(-1.415524537306,-1.217965717177,3.65));
#1212 = CARTESIAN_POINT('',(-1.506285311134,-0.861480470364,3.65));
#1213 = CARTESIAN_POINT('',(-1.596934450495,-0.504545884878,3.65));
#1214 = CARTESIAN_POINT('',(-1.687457707864,-0.147107207486,3.65));
#1215 = SURFACE_OF_REVOLUTION('',#1216,#1220);
#1216 = LINE('',#1217,#1218);
#1217 = CARTESIAN_POINT('',(-0.465925826289,-3.708781367657,
    19.706198738394));
#1218 = VECTOR('',#1219,1.);
#1219 = DIRECTION('',(-0.258819045102,0.864440212705,-0.430993991316));
#1220 = AXIS1_PLACEMENT('',#1221,#1222);
#1221 = CARTESIAN_POINT('',(0.,18.,10.));
#1222 = DIRECTION('',(1.,0.,0.));
#1223 = ADVANCED_FACE('',(#1224),#1301,.T.);
#1224 = FACE_BOUND('',#1225,.T.);
#1225 = EDGE_LOOP('',(#1226,#1237,#1250,#1256,#1257,#1258,#1259,#1260,
    #1269,#1278,#1286));
#1226 = ORIENTED_EDGE('',*,*,#1227,.F.);
#1227 = EDGE_CURVE('',#1228,#1230,#1232,.T.);
#1228 = VERTEX_POINT('',#1229);
#1229 = CARTESIAN_POINT('',(-18.69595887619,-2.826995122336,3.65));
#1230 = VERTEX_POINT('',#1231);
#1231 = CARTESIAN_POINT('',(-17.30000000005,-1.800000000074,3.65));
#1232 = CIRCLE('',#1233,3.);
#1233 = AXIS2_PLACEMENT_3D('',#1234,#1235,#1236);
#1234 = CARTESIAN_POINT('',(-19.7,0.,3.65));
#1235 = DIRECTION('',(0.,0.,1.));
#1236 = DIRECTION('',(1.,0.,0.));
#1237 = ORIENTED_EDGE('',*,*,#1238,.F.);
#1238 = EDGE_CURVE('',#1239,#1228,#1241,.T.);
#1239 = VERTEX_POINT('',#1240);
#1240 = CARTESIAN_POINT('',(-18.74036225662,-3.,3.65));
#1241 = B_SPLINE_CURVE_WITH_KNOTS('',4,(#1242,#1243,#1244,#1245,#1246,
    #1247,#1248,#1249),.UNSPECIFIED.,.F.,.F.,(5,3,5),(0.,0.500692757591,
    1.),.UNSPECIFIED.);
#1242 = CARTESIAN_POINT('',(-18.74036225662,-3.,3.65));
#1243 = CARTESIAN_POINT('',(-18.64897313878,-2.644049830819,3.65));
#1244 = CARTESIAN_POINT('',(-18.55766675932,-2.287763234742,3.65));
#1245 = CARTESIAN_POINT('',(-18.46645123596,-1.931108168408,3.65));
#1246 = CARTESIAN_POINT('',(-18.28447546269,-1.217965717177,3.65));
#1247 = CARTESIAN_POINT('',(-18.19371468886,-0.861480470364,3.65));
#1248 = CARTESIAN_POINT('',(-18.1030655495,-0.504545884878,3.65));
#1249 = CARTESIAN_POINT('',(-18.01254229213,-0.147107207486,3.65));
#1250 = ORIENTED_EDGE('',*,*,#1251,.F.);
#1251 = EDGE_CURVE('',#1171,#1239,#1252,.T.);
#1252 = LINE('',#1253,#1254);
#1253 = CARTESIAN_POINT('',(5.46344644E-08,-3.,3.65));
#1254 = VECTOR('',#1255,1.);
#1255 = DIRECTION('',(-1.,7.E-17,0.));
#1256 = ORIENTED_EDGE('',*,*,#1205,.T.);
#1257 = ORIENTED_EDGE('',*,*,#298,.F.);
#1258 = ORIENTED_EDGE('',*,*,#487,.T.);
#1259 = ORIENTED_EDGE('',*,*,#716,.T.);
#1260 = ORIENTED_EDGE('',*,*,#1261,.F.);
#1261 = EDGE_CURVE('',#1262,#709,#1264,.T.);
#1262 = VERTEX_POINT('',#1263);
#1263 = CARTESIAN_POINT('',(-9.85000000007,1.7,3.65));
#1264 = CIRCLE('',#1265,31.4640625);
#1265 = AXIS2_PLACEMENT_3D('',#1266,#1267,#1268);
#1266 = CARTESIAN_POINT('',(-9.85000000007,33.1640625,3.65));
#1267 = DIRECTION('',(0.,0.,1.));
#1268 = DIRECTION('',(1.,0.,0.));
#1269 = ORIENTED_EDGE('',*,*,#1270,.F.);
#1270 = EDGE_CURVE('',#1271,#1262,#1273,.T.);
#1271 = VERTEX_POINT('',#1272);
#1272 = CARTESIAN_POINT('',(-16.90000000007,2.5,3.65));
#1273 = CIRCLE('',#1274,31.4640625);
#1274 = AXIS2_PLACEMENT_3D('',#1275,#1276,#1277);
#1275 = CARTESIAN_POINT('',(-9.85000000007,33.1640625,3.65));
#1276 = DIRECTION('',(0.,0.,1.));
#1277 = DIRECTION('',(1.,0.,0.));
#1278 = ORIENTED_EDGE('',*,*,#1279,.F.);
#1279 = EDGE_CURVE('',#1280,#1271,#1282,.T.);
#1280 = VERTEX_POINT('',#1281);
#1281 = CARTESIAN_POINT('',(-16.90000000001,-0.600000000025,3.65));
#1282 = LINE('',#1283,#1284);
#1283 = CARTESIAN_POINT('',(-16.9,-1.077032961427,3.65));
#1284 = VECTOR('',#1285,1.);
#1285 = DIRECTION('',(0.,1.,0.));
#1286 = ORIENTED_EDGE('',*,*,#1287,.T.);
#1287 = EDGE_CURVE('',#1280,#1230,#1288,.T.);
#1288 = B_SPLINE_CURVE_WITH_KNOTS('',6,(#1289,#1290,#1291,#1292,#1293,
    #1294,#1295,#1296,#1297,#1298,#1299,#1300),.UNSPECIFIED.,.F.,.F.,(7,
    5,7),(0.,0.5,1.),.UNSPECIFIED.);
#1289 = CARTESIAN_POINT('',(-16.90000000001,-0.600000000025,3.65));
#1290 = CARTESIAN_POINT('',(-16.90000000001,-0.705423559387,3.65));
#1291 = CARTESIAN_POINT('',(-16.90666850209,-0.811920983587,3.65));
#1292 = CARTESIAN_POINT('',(-16.92026005729,-0.918723837774,3.65));
#1293 = CARTESIAN_POINT('',(-16.9408769752,-1.024982658847,3.65));
#1294 = CARTESIAN_POINT('',(-16.9684246598,-1.129829299738,3.65));
#1295 = CARTESIAN_POINT('',(-17.03684214804,-1.335081764438,3.65));
#1296 = CARTESIAN_POINT('',(-17.0777119849,-1.43548768791,3.65));
#1297 = CARTESIAN_POINT('',(-17.12497374322,-1.532864895514,3.65));
#1298 = CARTESIAN_POINT('',(-17.17818221157,-1.62646211198,3.65));
#1299 = CARTESIAN_POINT('',(-17.23674586443,-1.715661152587,3.65));
#1300 = CARTESIAN_POINT('',(-17.30000000005,-1.800000000074,3.65));
#1301 = PLANE('',#1302);
#1302 = AXIS2_PLACEMENT_3D('',#1303,#1304,#1305);
#1303 = CARTESIAN_POINT('',(-9.850000000025,-0.711523314156,3.65));
#1304 = DIRECTION('',(0.,0.,1.));
#1305 = DIRECTION('',(1.,0.,0.));
#1306 = ADVANCED_FACE('',(#1307),#1365,.T.);
#1307 = FACE_BOUND('',#1308,.T.);
#1308 = EDGE_LOOP('',(#1309,#1318,#1319,#1320));
#1309 = ORIENTED_EDGE('',*,*,#1310,.F.);
#1310 = EDGE_CURVE('',#524,#1311,#1313,.T.);
#1311 = VERTEX_POINT('',#1312);
#1312 = CARTESIAN_POINT('',(1.465925826289,-3.575019870626,4.E-15));
#1313 = CIRCLE('',#1314,23.779854549974);
#1314 = AXIS2_PLACEMENT_3D('',#1315,#1316,#1317);
#1315 = CARTESIAN_POINT('',(1.465925826289,18.,10.));
#1316 = DIRECTION('',(1.,0.,0.));
#1317 = DIRECTION('',(0.,-0.91290639823,0.408168969999));
#1318 = ORIENTED_EDGE('',*,*,#523,.F.);
#1319 = ORIENTED_EDGE('',*,*,#1142,.T.);
#1320 = ORIENTED_EDGE('',*,*,#1321,.T.);
#1321 = EDGE_CURVE('',#1143,#1311,#1322,.T.);
#1322 = B_SPLINE_CURVE_WITH_KNOTS('',6,(#1323,#1324,#1325,#1326,#1327,
    #1328,#1329,#1330,#1331,#1332,#1333,#1334,#1335,#1336,#1337,#1338,
    #1339,#1340,#1341,#1342,#1343,#1344,#1345,#1346,#1347,#1348,#1349,
    #1350,#1351,#1352,#1353,#1354,#1355,#1356,#1357,#1358,#1359,#1360,
    #1361,#1362,#1363,#1364),.UNSPECIFIED.,.F.,.F.,(7,5,5,5,5,5,5,5,7),(
    0.,0.216425038476,0.312112078208,0.370411230508,0.500000049132,
    0.629228256923,0.6875253314,0.783208049045,1.),.UNSPECIFIED.);
#1323 = CARTESIAN_POINT('',(-0.465925826289,-3.575019870626,0.));
#1324 = CARTESIAN_POINT('',(-0.442137677089,-3.672784519927,0.));
#1325 = CARTESIAN_POINT('',(-0.408480860784,-3.767883729159,0.));
#1326 = CARTESIAN_POINT('',(-0.365170731087,-3.858917255749,0.));
#1327 = CARTESIAN_POINT('',(-0.312614833876,-3.944475137224,0.));
#1328 = CARTESIAN_POINT('',(-0.251452818888,-4.023153257624,0.));
#1329 = CARTESIAN_POINT('',(-0.152210687971,-4.124827527196,0.));
#1330 = CARTESIAN_POINT('',(-0.120288973387,-4.154400606798,0.));
#1331 = CARTESIAN_POINT('',(-8.695368033115E-02,-4.182263525124,0.));
#1332 = CARTESIAN_POINT('',(-5.229823192201E-02,-4.208309673767,0.));
#1333 = CARTESIAN_POINT('',(-1.642738761029E-02,-4.232440017714,0.));
#1334 = CARTESIAN_POINT('',(4.306673928821E-02,-4.268045456843,0.));
#1335 = CARTESIAN_POINT('',(6.599921824659E-02,-4.280781464748,0.));
#1336 = CARTESIAN_POINT('',(8.931337339495E-02,-4.292752995835,0.));
#1337 = CARTESIAN_POINT('',(0.112981516318,-4.303941460431,0.));
#1338 = CARTESIAN_POINT('',(0.136974604237,-4.314329949289,0.));
#1339 = CARTESIAN_POINT('',(0.215249406256,-4.345182970141,0.));
#1340 = CARTESIAN_POINT('',(0.270694844065,-4.362436031726,0.));
#1341 = CARTESIAN_POINT('',(0.327260254441,-4.375494181761,0.));
#1342 = CARTESIAN_POINT('',(0.384585411024,-4.384240247008,0.));
#1343 = CARTESIAN_POINT('',(0.442294121821,-4.388613189295,0.));
#1344 = CARTESIAN_POINT('',(0.557545679559,-4.388613165215,0.));
#1345 = CARTESIAN_POINT('',(0.615093773686,-4.384264503801,0.));
#1346 = CARTESIAN_POINT('',(0.672261523805,-4.375567026791,0.));
#1347 = CARTESIAN_POINT('',(0.728675846336,-4.362581090675,0.));
#1348 = CARTESIAN_POINT('',(0.783979407541,-4.345422584505,0.));
#1349 = CARTESIAN_POINT('',(0.862132374554,-4.314710203307,0.));
#1350 = CARTESIAN_POINT('',(0.886134464747,-4.304346947539,0.));
#1351 = CARTESIAN_POINT('',(0.909812361579,-4.293183364136,0.));
#1352 = CARTESIAN_POINT('',(0.933137001018,-4.281236327903,0.));
#1353 = CARTESIAN_POINT('',(0.956080671432,-4.268524396774,0.));
#1354 = CARTESIAN_POINT('',(1.015605807348,-4.23298158141,0.));
#1355 = CARTESIAN_POINT('',(1.051497646463,-4.208889065307,0.));
#1356 = CARTESIAN_POINT('',(1.086175840749,-4.182879448028,0.));
#1357 = CARTESIAN_POINT('',(1.119535515021,-4.155051655044,0.));
#1358 = CARTESIAN_POINT('',(1.151483126277,-4.125512205107,0.));
#1359 = CARTESIAN_POINT('',(1.250934164914,-4.02381993003,0.));
#1360 = CARTESIAN_POINT('',(1.312258281123,-3.945055219757,0.));
#1361 = CARTESIAN_POINT('',(1.364950375479,-3.859380211089,0.));
#1362 = CARTESIAN_POINT('',(1.408366728057,-3.768206151271,0.));
#1363 = CARTESIAN_POINT('',(1.442097358725,-3.672950220535,0.));
#1364 = CARTESIAN_POINT('',(1.465925826289,-3.575019870626,0.));
#1365 = SURFACE_OF_REVOLUTION('',#1366,#1371);
#1366 = CIRCLE('',#1367,1.);
#1367 = AXIS2_PLACEMENT_3D('',#1368,#1369,#1370);
#1368 = CARTESIAN_POINT('',(0.5,-3.477155310757,19.590714246478));
#1369 = DIRECTION('',(-0.,0.44619781311,0.894934361602));
#1370 = DIRECTION('',(1.,0.,0.));
#1371 = AXIS1_PLACEMENT('',#1372,#1373);
#1372 = CARTESIAN_POINT('',(0.,18.,10.));
#1373 = DIRECTION('',(1.,0.,0.));
#1374 = ADVANCED_FACE('',(#1375),#1393,.T.);
#1375 = FACE_BOUND('',#1376,.T.);
#1376 = EDGE_LOOP('',(#1377,#1378,#1386,#1392));
#1377 = ORIENTED_EDGE('',*,*,#934,.F.);
#1378 = ORIENTED_EDGE('',*,*,#1379,.T.);
#1379 = EDGE_CURVE('',#927,#1380,#1382,.T.);
#1380 = VERTEX_POINT('',#1381);
#1381 = CARTESIAN_POINT('',(-16.9,9.95588309509,4.));
#1382 = LINE('',#1383,#1384);
#1383 = CARTESIAN_POINT('',(-16.9,15.051473927906,4.));
#1384 = VECTOR('',#1385,1.);
#1385 = DIRECTION('',(0.,-1.,0.));
#1386 = ORIENTED_EDGE('',*,*,#1387,.F.);
#1387 = EDGE_CURVE('',#653,#1380,#1388,.T.);
#1388 = LINE('',#1389,#1390);
#1389 = CARTESIAN_POINT('',(-13.375,9.95588309509,4.));
#1390 = VECTOR('',#1391,1.);
#1391 = DIRECTION('',(-1.,0.,0.));
#1392 = ORIENTED_EDGE('',*,*,#652,.T.);
#1393 = PLANE('',#1394);
#1394 = AXIS2_PLACEMENT_3D('',#1395,#1396,#1397);
#1395 = CARTESIAN_POINT('',(-9.85,14.051473927906,4.));
#1396 = DIRECTION('',(0.,0.,1.));
#1397 = DIRECTION('',(1.,0.,0.));
#1398 = ADVANCED_FACE('',(#1399),#1449,.T.);
#1399 = FACE_BOUND('',#1400,.T.);
#1400 = EDGE_LOOP('',(#1401,#1409,#1417,#1425,#1433,#1441,#1447,#1448));
#1401 = ORIENTED_EDGE('',*,*,#1402,.F.);
#1402 = EDGE_CURVE('',#1403,#1380,#1405,.T.);
#1403 = VERTEX_POINT('',#1404);
#1404 = CARTESIAN_POINT('',(-16.9,9.355051477479,2.349231144622));
#1405 = LINE('',#1406,#1407);
#1406 = CARTESIAN_POINT('',(-16.9,8.5,0.));
#1407 = VECTOR('',#1408,1.);
#1408 = DIRECTION('',(0.,0.342020590991,0.939692457849));
#1409 = ORIENTED_EDGE('',*,*,#1410,.F.);
#1410 = EDGE_CURVE('',#1411,#1403,#1413,.T.);
#1411 = VERTEX_POINT('',#1412);
#1412 = CARTESIAN_POINT('',(-14.4,9.355051477479,2.349231144622));
#1413 = LINE('',#1414,#1415);
#1414 = CARTESIAN_POINT('',(-14.4,9.355051477479,2.349231144622));
#1415 = VECTOR('',#1416,1.);
#1416 = DIRECTION('',(-1.,0.,0.));
#1417 = ORIENTED_EDGE('',*,*,#1418,.F.);
#1418 = EDGE_CURVE('',#1419,#1411,#1421,.T.);
#1419 = VERTEX_POINT('',#1420);
#1420 = CARTESIAN_POINT('',(-14.4,8.5,0.));
#1421 = LINE('',#1422,#1423);
#1422 = CARTESIAN_POINT('',(-14.4,8.5,4.440892098501E-16));
#1423 = VECTOR('',#1424,1.);
#1424 = DIRECTION('',(0.,0.342020590991,0.939692457849));
#1425 = ORIENTED_EDGE('',*,*,#1426,.T.);
#1426 = EDGE_CURVE('',#1419,#1427,#1429,.T.);
#1427 = VERTEX_POINT('',#1428);
#1428 = CARTESIAN_POINT('',(-5.3,8.5,0.));
#1429 = LINE('',#1430,#1431);
#1430 = CARTESIAN_POINT('',(-16.9,8.5,0.));
#1431 = VECTOR('',#1432,1.);
#1432 = DIRECTION('',(1.,0.,0.));
#1433 = ORIENTED_EDGE('',*,*,#1434,.T.);
#1434 = EDGE_CURVE('',#1427,#1435,#1437,.T.);
#1435 = VERTEX_POINT('',#1436);
#1436 = CARTESIAN_POINT('',(-5.3,9.355051477479,2.349231144622));
#1437 = LINE('',#1438,#1439);
#1438 = CARTESIAN_POINT('',(-5.3,8.5,4.440892098501E-16));
#1439 = VECTOR('',#1440,1.);
#1440 = DIRECTION('',(0.,0.342020590991,0.939692457849));
#1441 = ORIENTED_EDGE('',*,*,#1442,.T.);
#1442 = EDGE_CURVE('',#1435,#661,#1443,.T.);
#1443 = LINE('',#1444,#1445);
#1444 = CARTESIAN_POINT('',(-5.3,9.355051477479,2.349231144622));
#1445 = VECTOR('',#1446,1.);
#1446 = DIRECTION('',(1.,0.,0.));
#1447 = ORIENTED_EDGE('',*,*,#660,.T.);
#1448 = ORIENTED_EDGE('',*,*,#1387,.T.);
#1449 = PLANE('',#1450);
#1450 = AXIS2_PLACEMENT_3D('',#1451,#1452,#1453);
#1451 = CARTESIAN_POINT('',(-16.9,8.5,0.));
#1452 = DIRECTION('',(0.,-0.939692457849,0.342020590991));
#1453 = DIRECTION('',(0.,0.342020590991,0.939692457849));
#1454 = ADVANCED_FACE('',(#1455),#1473,.T.);
#1455 = FACE_BOUND('',#1456,.T.);
#1456 = EDGE_LOOP('',(#1457,#1465,#1471,#1472));
#1457 = ORIENTED_EDGE('',*,*,#1458,.T.);
#1458 = EDGE_CURVE('',#1435,#1459,#1461,.T.);
#1459 = VERTEX_POINT('',#1460);
#1460 = CARTESIAN_POINT('',(-5.3,9.824897706403,2.178220849126));
#1461 = LINE('',#1462,#1463);
#1462 = CARTESIAN_POINT('',(-5.3,9.355051477479,2.349231144622));
#1463 = VECTOR('',#1464,1.);
#1464 = DIRECTION('',(0.,0.939692457849,-0.342020590991));
#1465 = ORIENTED_EDGE('',*,*,#1466,.T.);
#1466 = EDGE_CURVE('',#1459,#669,#1467,.T.);
#1467 = LINE('',#1468,#1469);
#1468 = CARTESIAN_POINT('',(-5.3,9.824897706403,2.178220849126));
#1469 = VECTOR('',#1470,1.);
#1470 = DIRECTION('',(1.,0.,0.));
#1471 = ORIENTED_EDGE('',*,*,#668,.F.);
#1472 = ORIENTED_EDGE('',*,*,#1442,.F.);
#1473 = PLANE('',#1474);
#1474 = AXIS2_PLACEMENT_3D('',#1475,#1476,#1477);
#1475 = CARTESIAN_POINT('',(-5.3,9.355051477479,2.349231144622));
#1476 = DIRECTION('',(0.,-0.342020590991,-0.939692457849));
#1477 = DIRECTION('',(1.,0.,0.));
#1478 = ADVANCED_FACE('',(#1479),#1497,.F.);
#1479 = FACE_BOUND('',#1480,.F.);
#1480 = EDGE_LOOP('',(#1481,#1482,#1490,#1496));
#1481 = ORIENTED_EDGE('',*,*,#676,.T.);
#1482 = ORIENTED_EDGE('',*,*,#1483,.F.);
#1483 = EDGE_CURVE('',#1484,#677,#1486,.T.);
#1484 = VERTEX_POINT('',#1485);
#1485 = CARTESIAN_POINT('',(-5.3,9.032088978499,0.));
#1486 = LINE('',#1487,#1488);
#1487 = CARTESIAN_POINT('',(-9.850000020854,9.032088978499,0.));
#1488 = VECTOR('',#1489,1.);
#1489 = DIRECTION('',(1.,0.,0.));
#1490 = ORIENTED_EDGE('',*,*,#1491,.T.);
#1491 = EDGE_CURVE('',#1484,#1459,#1492,.T.);
#1492 = LINE('',#1493,#1494);
#1493 = CARTESIAN_POINT('',(-5.3,8.969846228924,-0.171010295496));
#1494 = VECTOR('',#1495,1.);
#1495 = DIRECTION('',(0.,0.342020590991,0.939692457849));
#1496 = ORIENTED_EDGE('',*,*,#1466,.T.);
#1497 = PLANE('',#1498);
#1498 = AXIS2_PLACEMENT_3D('',#1499,#1500,#1501);
#1499 = CARTESIAN_POINT('',(-9.85,9.397371967664,1.003605276815));
#1500 = DIRECTION('',(0.,0.939692457849,-0.342020590991));
#1501 = DIRECTION('',(0.,0.342020590991,0.939692457849));
#1502 = ADVANCED_FACE('',(#1503,#1623,#1628,#1657),#1698,.T.);
#1503 = FACE_BOUND('',#1504,.T.);
#1504 = EDGE_LOOP('',(#1505,#1516,#1517,#1518,#1526,#1545,#1592,#1605,
    #1614,#1620,#1621,#1622));
#1505 = ORIENTED_EDGE('',*,*,#1506,.F.);
#1506 = EDGE_CURVE('',#1311,#965,#1507,.T.);
#1507 = B_SPLINE_CURVE_WITH_KNOTS('',4,(#1508,#1509,#1510,#1511,#1512,
    #1513,#1514,#1515),.UNSPECIFIED.,.F.,.F.,(5,3,5),(0.,0.498231638995,
    1.),.UNSPECIFIED.);
#1508 = CARTESIAN_POINT('',(1.465925826289,-3.575019870626,0.));
#1509 = CARTESIAN_POINT('',(1.578884397909,-3.110782192984,0.));
#1510 = CARTESIAN_POINT('',(1.691549591958,-2.645413662845,0.));
#1511 = CARTESIAN_POINT('',(1.803886428033,-2.178787751993,0.));
#1512 = CARTESIAN_POINT('',(2.028599631024,-1.2393533361,0.));
#1513 = CARTESIAN_POINT('',(2.140970321408,-0.766523778709,0.));
#1514 = CARTESIAN_POINT('',(2.252907781245,-0.292067487155,0.));
#1515 = CARTESIAN_POINT('',(2.364339167591,0.184261369152,0.));
#1516 = ORIENTED_EDGE('',*,*,#1321,.F.);
#1517 = ORIENTED_EDGE('',*,*,#1151,.T.);
#1518 = ORIENTED_EDGE('',*,*,#1519,.F.);
#1519 = EDGE_CURVE('',#1520,#1152,#1522,.T.);
#1520 = VERTEX_POINT('',#1521);
#1521 = CARTESIAN_POINT('',(-19.09449435695,-3.,0.));
#1522 = LINE('',#1523,#1524);
#1523 = CARTESIAN_POINT('',(-19.69999989663,-3.,0.));
#1524 = VECTOR('',#1525,1.);
#1525 = DIRECTION('',(1.,0.,0.));
#1526 = ORIENTED_EDGE('',*,*,#1527,.F.);
#1527 = EDGE_CURVE('',#1528,#1520,#1530,.T.);
#1528 = VERTEX_POINT('',#1529);
#1529 = CARTESIAN_POINT('',(-19.23407417371,-3.575019870626,-2.E-15));
#1530 = B_SPLINE_CURVE_WITH_KNOTS('',4,(#1531,#1532,#1533,#1534,#1535,
    #1536,#1537,#1538,#1539,#1540,#1541,#1542,#1543,#1544),
  .UNSPECIFIED.,.F.,.F.,(5,3,3,3,5),(0.,0.249350774458,0.497709333867,
    0.748201304347,1.),.UNSPECIFIED.);
#1531 = CARTESIAN_POINT('',(-19.23407417371,-3.575019870626,0.));
#1532 = CARTESIAN_POINT('',(-19.18227885841,-3.362151236199,0.));
#1533 = CARTESIAN_POINT('',(-19.13054520648,-3.149044883994,0.));
#1534 = CARTESIAN_POINT('',(-19.07887663571,-2.935688490443,0.));
#1535 = CARTESIAN_POINT('',(-18.97588293891,-2.509297332204,0.));
#1536 = CARTESIAN_POINT('',(-18.92455726855,-2.296264655522,0.));
#1537 = CARTESIAN_POINT('',(-18.87330404362,-2.082955872123,0.));
#1538 = CARTESIAN_POINT('',(-18.7705120782,-1.653918966244,0.));
#1539 = CARTESIAN_POINT('',(-18.7189746725,-1.438185788341,0.));
#1540 = CARTESIAN_POINT('',(-18.6675203626,-1.222138752181,0.));
#1541 = CARTESIAN_POINT('',(-18.5645211063,-0.788249758609,0.));
#1542 = CARTESIAN_POINT('',(-18.51297709456,-0.570404300762,0.));
#1543 = CARTESIAN_POINT('',(-18.46152832423,-0.352202761518,0.));
#1544 = CARTESIAN_POINT('',(-18.41018151145,-0.133622366986,0.));
#1545 = ORIENTED_EDGE('',*,*,#1546,.F.);
#1546 = EDGE_CURVE('',#1547,#1528,#1549,.T.);
#1547 = VERTEX_POINT('',#1548);
#1548 = CARTESIAN_POINT('',(-21.16592582628,-3.575019870626,-2.E-15));
#1549 = B_SPLINE_CURVE_WITH_KNOTS('',6,(#1550,#1551,#1552,#1553,#1554,
    #1555,#1556,#1557,#1558,#1559,#1560,#1561,#1562,#1563,#1564,#1565,
    #1566,#1567,#1568,#1569,#1570,#1571,#1572,#1573,#1574,#1575,#1576,
    #1577,#1578,#1579,#1580,#1581,#1582,#1583,#1584,#1585,#1586,#1587,
    #1588,#1589,#1590,#1591),.UNSPECIFIED.,.F.,.F.,(7,5,5,5,5,5,5,5,7),(
    0.,0.216425038476,0.312112078208,0.370411230508,0.500000049133,
    0.629228256924,0.687525331401,0.783208049046,1.),.UNSPECIFIED.);
#1550 = CARTESIAN_POINT('',(-21.16592582628,-3.575019870626,0.));
#1551 = CARTESIAN_POINT('',(-21.14213767708,-3.672784519927,0.));
#1552 = CARTESIAN_POINT('',(-21.10848086078,-3.767883729159,0.));
#1553 = CARTESIAN_POINT('',(-21.06517073108,-3.858917255749,0.));
#1554 = CARTESIAN_POINT('',(-21.01261483387,-3.944475137224,0.));
#1555 = CARTESIAN_POINT('',(-20.95145281888,-4.023153257624,0.));
#1556 = CARTESIAN_POINT('',(-20.85221068797,-4.124827527196,0.));
#1557 = CARTESIAN_POINT('',(-20.82028897338,-4.154400606798,0.));
#1558 = CARTESIAN_POINT('',(-20.78695368033,-4.182263525124,0.));
#1559 = CARTESIAN_POINT('',(-20.75229823192,-4.208309673767,0.));
#1560 = CARTESIAN_POINT('',(-20.71642738761,-4.232440017714,0.));
#1561 = CARTESIAN_POINT('',(-20.65693326071,-4.268045456843,0.));
#1562 = CARTESIAN_POINT('',(-20.63400078175,-4.280781464748,0.));
#1563 = CARTESIAN_POINT('',(-20.6106866266,-4.292752995835,0.));
#1564 = CARTESIAN_POINT('',(-20.58701848368,-4.303941460431,0.));
#1565 = CARTESIAN_POINT('',(-20.56302539576,-4.314329949289,0.));
#1566 = CARTESIAN_POINT('',(-20.48475059374,-4.345182970141,0.));
#1567 = CARTESIAN_POINT('',(-20.42930515593,-4.362436031726,0.));
#1568 = CARTESIAN_POINT('',(-20.37273974555,-4.375494181761,0.));
#1569 = CARTESIAN_POINT('',(-20.31541458897,-4.384240247008,0.));
#1570 = CARTESIAN_POINT('',(-20.25770587817,-4.388613189295,0.));
#1571 = CARTESIAN_POINT('',(-20.14245432044,-4.388613165215,0.));
#1572 = CARTESIAN_POINT('',(-20.08490622631,-4.384264503801,0.));
#1573 = CARTESIAN_POINT('',(-20.02773847619,-4.375567026791,0.));
#1574 = CARTESIAN_POINT('',(-19.97132415366,-4.362581090675,0.));
#1575 = CARTESIAN_POINT('',(-19.91602059245,-4.345422584505,0.));
#1576 = CARTESIAN_POINT('',(-19.83786762544,-4.314710203307,0.));
#1577 = CARTESIAN_POINT('',(-19.81386553525,-4.304346947539,0.));
#1578 = CARTESIAN_POINT('',(-19.79018763842,-4.293183364136,0.));
#1579 = CARTESIAN_POINT('',(-19.76686299898,-4.281236327902,0.));
#1580 = CARTESIAN_POINT('',(-19.74391932856,-4.268524396774,0.));
#1581 = CARTESIAN_POINT('',(-19.68439419265,-4.23298158141,0.));
#1582 = CARTESIAN_POINT('',(-19.64850235353,-4.208889065307,0.));
#1583 = CARTESIAN_POINT('',(-19.61382415925,-4.182879448028,0.));
#1584 = CARTESIAN_POINT('',(-19.58046448497,-4.155051655044,0.));
#1585 = CARTESIAN_POINT('',(-19.54851687372,-4.125512205107,0.));
#1586 = CARTESIAN_POINT('',(-19.44906583508,-4.023819930029,0.));
#1587 = CARTESIAN_POINT('',(-19.38774171887,-3.945055219757,0.));
#1588 = CARTESIAN_POINT('',(-19.33504962452,-3.859380211089,0.));
#1589 = CARTESIAN_POINT('',(-19.29163327194,-3.76820615127,0.));
#1590 = CARTESIAN_POINT('',(-19.25790264127,-3.672950220535,0.));
#1591 = CARTESIAN_POINT('',(-19.23407417371,-3.575019870626,0.));
#1592 = ORIENTED_EDGE('',*,*,#1593,.T.);
#1593 = EDGE_CURVE('',#1547,#1594,#1596,.T.);
#1594 = VERTEX_POINT('',#1595);
#1595 = CARTESIAN_POINT('',(-21.43980733367,-2.443986587871,0.));
#1596 = B_SPLINE_CURVE_WITH_KNOTS('',4,(#1597,#1598,#1599,#1600,#1601,
    #1602,#1603,#1604),.UNSPECIFIED.,.F.,.F.,(5,3,5),(0.,0.498199705127,
    1.),.UNSPECIFIED.);
#1597 = CARTESIAN_POINT('',(-21.16592582628,-3.575019870626,0.));
#1598 = CARTESIAN_POINT('',(-21.27887715789,-3.110811948027,0.));
#1599 = CARTESIAN_POINT('',(-21.39153514955,-2.645473317939,0.));
#1600 = CARTESIAN_POINT('',(-21.50386482752,-2.178877476251,0.));
#1601 = CARTESIAN_POINT('',(-21.72857817628,-1.239443612354,0.));
#1602 = CARTESIAN_POINT('',(-21.84095607344,-0.766584170095,0.));
#1603 = CARTESIAN_POINT('',(-21.95290068945,-0.292097801985,0.));
#1604 = CARTESIAN_POINT('',(-22.06433916759,0.184261369152,0.));
#1605 = ORIENTED_EDGE('',*,*,#1606,.F.);
#1606 = EDGE_CURVE('',#1607,#1594,#1609,.T.);
#1607 = VERTEX_POINT('',#1608);
#1608 = CARTESIAN_POINT('',(-18.90000000007,2.89136645898,0.));
#1609 = CIRCLE('',#1610,3.);
#1610 = AXIS2_PLACEMENT_3D('',#1611,#1612,#1613);
#1611 = CARTESIAN_POINT('',(-19.7,0.,0.));
#1612 = DIRECTION('',(0.,0.,1.));
#1613 = DIRECTION('',(1.,0.,0.));
#1614 = ORIENTED_EDGE('',*,*,#1615,.F.);
#1615 = EDGE_CURVE('',#909,#1607,#1616,.T.);
#1616 = LINE('',#1617,#1618);
#1617 = CARTESIAN_POINT('',(-18.90000000007,19.,0.));
#1618 = VECTOR('',#1619,1.);
#1619 = DIRECTION('',(0.,-1.,0.));
#1620 = ORIENTED_EDGE('',*,*,#950,.T.);
#1621 = ORIENTED_EDGE('',*,*,#1068,.T.);
#1622 = ORIENTED_EDGE('',*,*,#1053,.F.);
#1623 = FACE_BOUND('',#1624,.T.);
#1624 = EDGE_LOOP('',(#1625,#1626,#1627));
#1625 = ORIENTED_EDGE('',*,*,#1116,.T.);
#1626 = ORIENTED_EDGE('',*,*,#1096,.T.);
#1627 = ORIENTED_EDGE('',*,*,#1107,.T.);
#1628 = FACE_BOUND('',#1629,.T.);
#1629 = EDGE_LOOP('',(#1630,#1641,#1650));
#1630 = ORIENTED_EDGE('',*,*,#1631,.T.);
#1631 = EDGE_CURVE('',#1632,#1634,#1636,.T.);
#1632 = VERTEX_POINT('',#1633);
#1633 = CARTESIAN_POINT('',(-18.7221917384,-1.451341105167,0.));
#1634 = VERTEX_POINT('',#1635);
#1635 = CARTESIAN_POINT('',(-17.95,0.,0.));
#1636 = CIRCLE('',#1637,1.75);
#1637 = AXIS2_PLACEMENT_3D('',#1638,#1639,#1640);
#1638 = CARTESIAN_POINT('',(-19.7,0.,0.));
#1639 = DIRECTION('',(0.,0.,1.));
#1640 = DIRECTION('',(1.,0.,0.));
#1641 = ORIENTED_EDGE('',*,*,#1642,.T.);
#1642 = EDGE_CURVE('',#1634,#1643,#1645,.T.);
#1643 = VERTEX_POINT('',#1644);
#1644 = CARTESIAN_POINT('',(-21.44027232002,0.184261369152,0.));
#1645 = CIRCLE('',#1646,1.75);
#1646 = AXIS2_PLACEMENT_3D('',#1647,#1648,#1649);
#1647 = CARTESIAN_POINT('',(-19.7,0.,0.));
#1648 = DIRECTION('',(0.,0.,1.));
#1649 = DIRECTION('',(1.,0.,0.));
#1650 = ORIENTED_EDGE('',*,*,#1651,.F.);
#1651 = EDGE_CURVE('',#1632,#1643,#1652,.T.);
#1652 = CIRCLE('',#1653,1.75);
#1653 = AXIS2_PLACEMENT_3D('',#1654,#1655,#1656);
#1654 = CARTESIAN_POINT('',(-19.7,0.,0.));
#1655 = DIRECTION('',(0.,0.,-1.));
#1656 = DIRECTION('',(1.,0.,0.));
#1657 = FACE_BOUND('',#1658,.T.);
#1658 = EDGE_LOOP('',(#1659,#1667,#1668,#1669,#1675,#1676,#1684,#1692));
#1659 = ORIENTED_EDGE('',*,*,#1660,.T.);
#1660 = EDGE_CURVE('',#1661,#685,#1663,.T.);
#1661 = VERTEX_POINT('',#1662);
#1662 = CARTESIAN_POINT('',(-16.9,8.,0.));
#1663 = LINE('',#1664,#1665);
#1664 = CARTESIAN_POINT('',(-16.9,8.,0.));
#1665 = VECTOR('',#1666,1.);
#1666 = DIRECTION('',(1.,0.,0.));
#1667 = ORIENTED_EDGE('',*,*,#684,.T.);
#1668 = ORIENTED_EDGE('',*,*,#1483,.F.);
#1669 = ORIENTED_EDGE('',*,*,#1670,.T.);
#1670 = EDGE_CURVE('',#1484,#1427,#1671,.T.);
#1671 = LINE('',#1672,#1673);
#1672 = CARTESIAN_POINT('',(-5.3,7.645354352597,0.));
#1673 = VECTOR('',#1674,1.);
#1674 = DIRECTION('',(0.,-1.,0.));
#1675 = ORIENTED_EDGE('',*,*,#1426,.F.);
#1676 = ORIENTED_EDGE('',*,*,#1677,.F.);
#1677 = EDGE_CURVE('',#1678,#1419,#1680,.T.);
#1678 = VERTEX_POINT('',#1679);
#1679 = CARTESIAN_POINT('',(-14.4,9.032088978499,0.));
#1680 = LINE('',#1681,#1682);
#1681 = CARTESIAN_POINT('',(-14.4,7.645354352597,0.));
#1682 = VECTOR('',#1683,1.);
#1683 = DIRECTION('',(0.,-1.,0.));
#1684 = ORIENTED_EDGE('',*,*,#1685,.F.);
#1685 = EDGE_CURVE('',#1686,#1678,#1688,.T.);
#1686 = VERTEX_POINT('',#1687);
#1687 = CARTESIAN_POINT('',(-16.9,9.032088978499,0.));
#1688 = LINE('',#1689,#1690);
#1689 = CARTESIAN_POINT('',(-9.850000020854,9.032088978499,0.));
#1690 = VECTOR('',#1691,1.);
#1691 = DIRECTION('',(1.,0.,0.));
#1692 = ORIENTED_EDGE('',*,*,#1693,.F.);
#1693 = EDGE_CURVE('',#1661,#1686,#1694,.T.);
#1694 = LINE('',#1695,#1696);
#1695 = CARTESIAN_POINT('',(-16.9,8.072880091336,0.));
#1696 = VECTOR('',#1697,1.);
#1697 = DIRECTION('',(0.,1.,0.));
#1698 = PLANE('',#1699);
#1699 = AXIS2_PLACEMENT_3D('',#1700,#1701,#1702);
#1700 = CARTESIAN_POINT('',(-9.850000041708,6.790708705194,0.));
#1701 = DIRECTION('',(-0.,-0.,-1.));
#1702 = DIRECTION('',(-1.,0.,0.));
#1703 = ADVANCED_FACE('',(#1704),#1722,.T.);
#1704 = FACE_BOUND('',#1705,.T.);
#1705 = EDGE_LOOP('',(#1706,#1707,#1715,#1721));
#1706 = ORIENTED_EDGE('',*,*,#1660,.F.);
#1707 = ORIENTED_EDGE('',*,*,#1708,.T.);
#1708 = EDGE_CURVE('',#1661,#1709,#1711,.T.);
#1709 = VERTEX_POINT('',#1710);
#1710 = CARTESIAN_POINT('',(-16.90000000003,8.,0.333674558828));
#1711 = LINE('',#1712,#1713);
#1712 = CARTESIAN_POINT('',(-16.9,8.,0.));
#1713 = VECTOR('',#1714,1.);
#1714 = DIRECTION('',(0.,0.,1.));
#1715 = ORIENTED_EDGE('',*,*,#1716,.T.);
#1716 = EDGE_CURVE('',#1709,#693,#1717,.T.);
#1717 = LINE('',#1718,#1719);
#1718 = CARTESIAN_POINT('',(-16.90000000003,8.,0.333674558828));
#1719 = VECTOR('',#1720,1.);
#1720 = DIRECTION('',(1.,0.,0.));
#1721 = ORIENTED_EDGE('',*,*,#692,.F.);
#1722 = PLANE('',#1723);
#1723 = AXIS2_PLACEMENT_3D('',#1724,#1725,#1726);
#1724 = CARTESIAN_POINT('',(-16.9,8.,0.));
#1725 = DIRECTION('',(0.,1.,0.));
#1726 = DIRECTION('',(1.,0.,0.));
#1727 = ADVANCED_FACE('',(#1728),#1756,.T.);
#1728 = FACE_BOUND('',#1729,.T.);
#1729 = EDGE_LOOP('',(#1730,#1738,#1747,#1754,#1755));
#1730 = ORIENTED_EDGE('',*,*,#1731,.F.);
#1731 = EDGE_CURVE('',#1732,#1709,#1734,.T.);
#1732 = VERTEX_POINT('',#1733);
#1733 = CARTESIAN_POINT('',(-16.90000000007,2.5,2.335510847292));
#1734 = LINE('',#1735,#1736);
#1735 = CARTESIAN_POINT('',(-16.90000000007,1.7,2.626687034705));
#1736 = VECTOR('',#1737,1.);
#1737 = DIRECTION('',(-0.,0.939692620786,-0.342020143326));
#1738 = ORIENTED_EDGE('',*,*,#1739,.T.);
#1739 = EDGE_CURVE('',#1732,#1740,#1742,.T.);
#1740 = VERTEX_POINT('',#1741);
#1741 = CARTESIAN_POINT('',(-9.85000000007,1.7,2.626687034705));
#1742 = ELLIPSE('',#1743,33.483355944293,31.4640625);
#1743 = AXIS2_PLACEMENT_3D('',#1744,#1745,#1746);
#1744 = CARTESIAN_POINT('',(-9.85000000007,33.1640625,-8.825295164387));
#1745 = DIRECTION('',(-0.,0.342020143326,0.939692620786));
#1746 = DIRECTION('',(0.,-0.939692620786,0.342020143326));
#1747 = ORIENTED_EDGE('',*,*,#1748,.T.);
#1748 = EDGE_CURVE('',#1740,#701,#1749,.T.);
#1749 = ELLIPSE('',#1750,33.483355944293,31.4640625);
#1750 = AXIS2_PLACEMENT_3D('',#1751,#1752,#1753);
#1751 = CARTESIAN_POINT('',(-9.85000000007,33.1640625,-8.825295164387));
#1752 = DIRECTION('',(-0.,0.342020143326,0.939692620786));
#1753 = DIRECTION('',(0.,-0.939692620786,0.342020143326));
#1754 = ORIENTED_EDGE('',*,*,#700,.T.);
#1755 = ORIENTED_EDGE('',*,*,#1716,.F.);
#1756 = PLANE('',#1757);
#1757 = AXIS2_PLACEMENT_3D('',#1758,#1759,#1760);
#1758 = CARTESIAN_POINT('',(-16.90000000007,1.7,2.626687034705));
#1759 = DIRECTION('',(0.,0.342020143326,0.939692620786));
#1760 = DIRECTION('',(0.,0.939692620786,-0.342020143326));
#1761 = ADVANCED_FACE('',(#1762),#1775,.F.);
#1762 = FACE_BOUND('',#1763,.F.);
#1763 = EDGE_LOOP('',(#1764,#1765,#1766,#1767,#1768,#1769));
#1764 = ORIENTED_EDGE('',*,*,#1739,.T.);
#1765 = ORIENTED_EDGE('',*,*,#1748,.T.);
#1766 = ORIENTED_EDGE('',*,*,#708,.F.);
#1767 = ORIENTED_EDGE('',*,*,#1261,.F.);
#1768 = ORIENTED_EDGE('',*,*,#1270,.F.);
#1769 = ORIENTED_EDGE('',*,*,#1770,.T.);
#1770 = EDGE_CURVE('',#1271,#1732,#1771,.T.);
#1771 = LINE('',#1772,#1773);
#1772 = CARTESIAN_POINT('',(-16.90000000007,2.5,3.65));
#1773 = VECTOR('',#1774,1.);
#1774 = DIRECTION('',(-0.,-0.,-1.));
#1775 = CYLINDRICAL_SURFACE('',#1776,31.4640625);
#1776 = AXIS2_PLACEMENT_3D('',#1777,#1778,#1779);
#1777 = CARTESIAN_POINT('',(-9.85000000007,33.1640625,3.65));
#1778 = DIRECTION('',(0.,0.,1.));
#1779 = DIRECTION('',(1.,0.,0.));
#1780 = ADVANCED_FACE('',(#1781),#1800,.F.);
#1781 = FACE_BOUND('',#1782,.F.);
#1782 = EDGE_LOOP('',(#1783,#1792,#1798,#1799));
#1783 = ORIENTED_EDGE('',*,*,#1784,.F.);
#1784 = EDGE_CURVE('',#1785,#1785,#1787,.T.);
#1785 = VERTEX_POINT('',#1786);
#1786 = CARTESIAN_POINT('',(-1.7,5.55,10.03));
#1787 = CIRCLE('',#1788,0.8);
#1788 = AXIS2_PLACEMENT_3D('',#1789,#1790,#1791);
#1789 = CARTESIAN_POINT('',(-1.7,4.75,10.03));
#1790 = DIRECTION('',(1.,0.,0.));
#1791 = DIRECTION('',(0.,1.,0.));
#1792 = ORIENTED_EDGE('',*,*,#1793,.T.);
#1793 = EDGE_CURVE('',#1785,#726,#1794,.T.);
#1794 = LINE('',#1795,#1796);
#1795 = CARTESIAN_POINT('',(-0.8,5.55,10.03));
#1796 = VECTOR('',#1797,1.);
#1797 = DIRECTION('',(-1.,-0.,-0.));
#1798 = ORIENTED_EDGE('',*,*,#725,.T.);
#1799 = ORIENTED_EDGE('',*,*,#1793,.F.);
#1800 = CYLINDRICAL_SURFACE('',#1801,0.8);
#1801 = AXIS2_PLACEMENT_3D('',#1802,#1803,#1804);
#1802 = CARTESIAN_POINT('',(-0.8,4.75,10.03));
#1803 = DIRECTION('',(1.,0.,0.));
#1804 = DIRECTION('',(0.,1.,0.));
#1805 = ADVANCED_FACE('',(#1806),#1812,.T.);
#1806 = FACE_BOUND('',#1807,.T.);
#1807 = EDGE_LOOP('',(#1808,#1809,#1810,#1811));
#1808 = ORIENTED_EDGE('',*,*,#964,.T.);
#1809 = ORIENTED_EDGE('',*,*,#743,.F.);
#1810 = ORIENTED_EDGE('',*,*,#1310,.T.);
#1811 = ORIENTED_EDGE('',*,*,#1506,.T.);
#1812 = SURFACE_OF_REVOLUTION('',#1813,#1817);
#1813 = LINE('',#1814,#1815);
#1814 = CARTESIAN_POINT('',(1.465925826289,-3.708781367657,
    19.706198738394));
#1815 = VECTOR('',#1816,1.);
#1816 = DIRECTION('',(0.258819045102,0.864440212705,-0.430993991316));
#1817 = AXIS1_PLACEMENT('',#1818,#1819);
#1818 = CARTESIAN_POINT('',(0.,18.,10.));
#1819 = DIRECTION('',(1.,0.,0.));
#1820 = ADVANCED_FACE('',(#1821,#1839),#1850,.F.);
#1821 = FACE_BOUND('',#1822,.F.);
#1822 = EDGE_LOOP('',(#1823,#1824,#1825,#1833));
#1823 = ORIENTED_EDGE('',*,*,#1615,.F.);
#1824 = ORIENTED_EDGE('',*,*,#908,.T.);
#1825 = ORIENTED_EDGE('',*,*,#1826,.T.);
#1826 = EDGE_CURVE('',#911,#1827,#1829,.T.);
#1827 = VERTEX_POINT('',#1828);
#1828 = CARTESIAN_POINT('',(-18.90000000007,2.89136645898,18.));
#1829 = LINE('',#1830,#1831);
#1830 = CARTESIAN_POINT('',(-18.90000000007,19.,18.));
#1831 = VECTOR('',#1832,1.);
#1832 = DIRECTION('',(0.,-1.,0.));
#1833 = ORIENTED_EDGE('',*,*,#1834,.F.);
#1834 = EDGE_CURVE('',#1607,#1827,#1835,.T.);
#1835 = LINE('',#1836,#1837);
#1836 = CARTESIAN_POINT('',(-18.90000000007,2.89136645898,0.));
#1837 = VECTOR('',#1838,1.);
#1838 = DIRECTION('',(0.,0.,1.));
#1839 = FACE_BOUND('',#1840,.F.);
#1840 = EDGE_LOOP('',(#1841));
#1841 = ORIENTED_EDGE('',*,*,#1842,.T.);
#1842 = EDGE_CURVE('',#1843,#1843,#1845,.T.);
#1843 = VERTEX_POINT('',#1844);
#1844 = CARTESIAN_POINT('',(-18.90000000007,3.,10.03));
#1845 = CIRCLE('',#1846,1.75);
#1846 = AXIS2_PLACEMENT_3D('',#1847,#1848,#1849);
#1847 = CARTESIAN_POINT('',(-18.90000000007,4.75,10.03));
#1848 = DIRECTION('',(-1.,0.,0.));
#1849 = DIRECTION('',(0.,-1.,0.));
#1850 = PLANE('',#1851);
#1851 = AXIS2_PLACEMENT_3D('',#1852,#1853,#1854);
#1852 = CARTESIAN_POINT('',(-18.90000000007,19.,0.));
#1853 = DIRECTION('',(1.,0.,0.));
#1854 = DIRECTION('',(0.,-1.,0.));
#1855 = ADVANCED_FACE('',(#1856,#1896),#1907,.T.);
#1856 = FACE_BOUND('',#1857,.T.);
#1857 = EDGE_LOOP('',(#1858,#1859,#1860,#1861,#1862,#1863,#1871,#1877,
    #1878,#1879,#1880,#1888));
#1858 = ORIENTED_EDGE('',*,*,#1279,.T.);
#1859 = ORIENTED_EDGE('',*,*,#1770,.T.);
#1860 = ORIENTED_EDGE('',*,*,#1731,.T.);
#1861 = ORIENTED_EDGE('',*,*,#1708,.F.);
#1862 = ORIENTED_EDGE('',*,*,#1693,.T.);
#1863 = ORIENTED_EDGE('',*,*,#1864,.F.);
#1864 = EDGE_CURVE('',#1865,#1686,#1867,.T.);
#1865 = VERTEX_POINT('',#1866);
#1866 = CARTESIAN_POINT('',(-16.9,9.824897706403,2.178220849126));
#1867 = LINE('',#1868,#1869);
#1868 = CARTESIAN_POINT('',(-16.9,9.824897706403,2.178220849126));
#1869 = VECTOR('',#1870,1.);
#1870 = DIRECTION('',(0.,-0.342020590991,-0.939692457849));
#1871 = ORIENTED_EDGE('',*,*,#1872,.F.);
#1872 = EDGE_CURVE('',#1403,#1865,#1873,.T.);
#1873 = LINE('',#1874,#1875);
#1874 = CARTESIAN_POINT('',(-16.9,9.355051477479,2.349231144622));
#1875 = VECTOR('',#1876,1.);
#1876 = DIRECTION('',(0.,0.939692457849,-0.342020590991));
#1877 = ORIENTED_EDGE('',*,*,#1402,.T.);
#1878 = ORIENTED_EDGE('',*,*,#1379,.F.);
#1879 = ORIENTED_EDGE('',*,*,#926,.T.);
#1880 = ORIENTED_EDGE('',*,*,#1881,.F.);
#1881 = EDGE_CURVE('',#1882,#919,#1884,.T.);
#1882 = VERTEX_POINT('',#1883);
#1883 = CARTESIAN_POINT('',(-16.9,-0.600000000001,18.));
#1884 = LINE('',#1885,#1886);
#1885 = CARTESIAN_POINT('',(-16.9,-1.077032961427,18.));
#1886 = VECTOR('',#1887,1.);
#1887 = DIRECTION('',(0.,1.,0.));
#1888 = ORIENTED_EDGE('',*,*,#1889,.T.);
#1889 = EDGE_CURVE('',#1882,#1280,#1890,.T.);
#1890 = B_SPLINE_CURVE_WITH_KNOTS('',2,(#1891,#1892,#1893,#1894,#1895),
  .UNSPECIFIED.,.F.,.F.,(3,1,1,3),(-0.87822,-1.906E-14,14.35,
    15.228219999998),.UNSPECIFIED.);
#1891 = CARTESIAN_POINT('',(-16.9,-0.6,18.87822));
#1892 = CARTESIAN_POINT('',(-16.9,-0.600000000001,18.43911));
#1893 = CARTESIAN_POINT('',(-16.90000000001,-0.600000000013,10.825));
#1894 = CARTESIAN_POINT('',(-16.90000000001,-0.600000000026,
    3.210890000001));
#1895 = CARTESIAN_POINT('',(-16.90000000002,-0.600000000027,2.77178));
#1896 = FACE_BOUND('',#1897,.T.);
#1897 = EDGE_LOOP('',(#1898));
#1898 = ORIENTED_EDGE('',*,*,#1899,.F.);
#1899 = EDGE_CURVE('',#1900,#1900,#1902,.T.);
#1900 = VERTEX_POINT('',#1901);
#1901 = CARTESIAN_POINT('',(-16.9,5.55,10.03));
#1902 = CIRCLE('',#1903,0.8);
#1903 = AXIS2_PLACEMENT_3D('',#1904,#1905,#1906);
#1904 = CARTESIAN_POINT('',(-16.9,4.75,10.03));
#1905 = DIRECTION('',(1.,0.,0.));
#1906 = DIRECTION('',(0.,1.,0.));
#1907 = PLANE('',#1908);
#1908 = AXIS2_PLACEMENT_3D('',#1909,#1910,#1911);
#1909 = CARTESIAN_POINT('',(-16.90000000001,7.225060604048,
    10.40504246887));
#1910 = DIRECTION('',(1.,-4.5852E-13,-1.33941E-12));
#1911 = DIRECTION('',(1.33941E-12,0.,1.));
#1912 = ADVANCED_FACE('',(#1913,#2077),#2106,.T.);
#1913 = FACE_BOUND('',#1914,.T.);
#1914 = EDGE_LOOP('',(#1915,#1926,#1961,#1994,#2025,#2034,#2043,#2058,
    #2059,#2060,#2061,#2070));
#1915 = ORIENTED_EDGE('',*,*,#1916,.T.);
#1916 = EDGE_CURVE('',#1917,#1919,#1921,.T.);
#1917 = VERTEX_POINT('',#1918);
#1918 = CARTESIAN_POINT('',(-21.70987593786,-2.22719525736,18.));
#1919 = VERTEX_POINT('',#1920);
#1920 = CARTESIAN_POINT('',(-20.60722968046,-2.85953393176,18.));
#1921 = CIRCLE('',#1922,3.);
#1922 = AXIS2_PLACEMENT_3D('',#1923,#1924,#1925);
#1923 = CARTESIAN_POINT('',(-19.7,0.,18.));
#1924 = DIRECTION('',(0.,-0.,1.));
#1925 = DIRECTION('',(0.,1.,0.));
#1926 = ORIENTED_EDGE('',*,*,#1927,.T.);
#1927 = EDGE_CURVE('',#1919,#1928,#1930,.T.);
#1928 = VERTEX_POINT('',#1929);
#1929 = CARTESIAN_POINT('',(-20.28734619321,-4.230670434244,18.));
#1930 = B_SPLINE_CURVE_WITH_KNOTS('',8,(#1931,#1932,#1933,#1934,#1935,
    #1936,#1937,#1938,#1939,#1940,#1941,#1942,#1943,#1944,#1945,#1946,
    #1947,#1948,#1949,#1950,#1951,#1952,#1953,#1954,#1955,#1956,#1957,
    #1958,#1959,#1960),.UNSPECIFIED.,.F.,.F.,(9,7,7,7,9),(
    -1.298179363788,-0.909772287382,0.127895068223,2.2169990058,
    2.49021092724),.UNSPECIFIED.);
#1931 = CARTESIAN_POINT('',(-21.14500287143,-0.733234269221,18.));
#1932 = CARTESIAN_POINT('',(-21.13296216625,-0.781032626228,18.));
#1933 = CARTESIAN_POINT('',(-21.12092749789,-0.828807018662,18.));
#1934 = CARTESIAN_POINT('',(-21.10889886636,-0.876557446523,18.));
#1935 = CARTESIAN_POINT('',(-21.09687627165,-0.924283909811,18.));
#1936 = CARTESIAN_POINT('',(-21.08485971378,-0.971986408527,18.));
#1937 = CARTESIAN_POINT('',(-21.07284919272,-1.01966494267,18.));
#1938 = CARTESIAN_POINT('',(-21.06084470849,-1.067319512239,18.));
#1939 = CARTESIAN_POINT('',(-21.01679123959,-1.242199920176,18.));
#1940 = CARTESIAN_POINT('',(-20.9847240014,-1.369385984988,18.));
#1941 = CARTESIAN_POINT('',(-20.95264478665,-1.496509940041,18.));
#1942 = CARTESIAN_POINT('',(-20.92055383546,-1.623573413703,18.));
#1943 = CARTESIAN_POINT('',(-20.88845138794,-1.750578034344,18.));
#1944 = CARTESIAN_POINT('',(-20.8563376842,-1.877525430332,18.));
#1945 = CARTESIAN_POINT('',(-20.82421296438,-2.004417230036,18.));
#1946 = CARTESIAN_POINT('',(-20.72738005814,-2.386613787714,18.));
#1947 = CARTESIAN_POINT('',(-20.66265048585,-2.6418615383,18.));
#1948 = CARTESIAN_POINT('',(-20.59765856189,-2.896733696834,18.));
#1949 = CARTESIAN_POINT('',(-20.53247529761,-3.155501575368,18.));
#1950 = CARTESIAN_POINT('',(-20.46523103573,-3.414425295754,18.));
#1951 = CARTESIAN_POINT('',(-20.40037332806,-3.676941454773,18.));
#1952 = CARTESIAN_POINT('',(-20.33527876161,-3.921695654049,18.));
#1953 = CARTESIAN_POINT('',(-20.27670683797,-4.159421144302,18.));
#1954 = CARTESIAN_POINT('',(-20.27260148759,-4.178146542294,
    18.000000000001));
#1955 = CARTESIAN_POINT('',(-20.27065245348,-4.190956105067,
    17.999999999999));
#1956 = CARTESIAN_POINT('',(-20.27074866083,-4.200170529664,
    18.000000000001));
#1957 = CARTESIAN_POINT('',(-20.2727746771,-4.207605273024,
    17.999999999999));
#1958 = CARTESIAN_POINT('',(-20.27644265275,-4.21460807478,
    18.000000000001));
#1959 = CARTESIAN_POINT('',(-20.28136191191,-4.222107204619,18.));
#1960 = CARTESIAN_POINT('',(-20.28734619321,-4.230670434244,18.));
#1961 = ORIENTED_EDGE('',*,*,#1962,.T.);
#1962 = EDGE_CURVE('',#1928,#1963,#1965,.T.);
#1963 = VERTEX_POINT('',#1964);
#1964 = CARTESIAN_POINT('',(-20.11309435685,-4.231495845099,18.));
#1965 = ( BOUNDED_CURVE() B_SPLINE_CURVE(14,(#1966,#1967,#1968,#1969,
    #1970,#1971,#1972,#1973,#1974,#1975,#1976,#1977,#1978,#1979,#1980,
    #1981,#1982,#1983,#1984,#1985,#1986,#1987,#1988,#1989,#1990,#1991,
#1992,#1993),.UNSPECIFIED.,.F.,.F.) B_SPLINE_CURVE_WITH_KNOTS((15,13,15)
,(2.49021092724,3.571357173023,4.652478919049),.UNSPECIFIED.) CURVE() 
GEOMETRIC_REPRESENTATION_ITEM() RATIONAL_B_SPLINE_CURVE((1.,1.,
    1.000000000001,0.999999999996,1.000000000007,0.99999999999,
    1.000000000012,0.999999999988,1.000000000009,0.999999999994,
    1.000000000003,0.999999999999,1.,1.,1.,1.000000000001,0.999999999998
    ,1.000000000005,0.999999999992,1.000000000009,0.999999999991,
    1.000000000008,0.999999999995,1.000000000003,0.999999999999,1.,1.,1.
)) REPRESENTATION_ITEM('') );
#1966 = CARTESIAN_POINT('',(-20.28734619321,-4.230670434244,18.));
#1967 = CARTESIAN_POINT('',(-20.30087809229,-4.250033955659,18.));
#1968 = CARTESIAN_POINT('',(-20.3117763064,-4.270577111785,18.));
#1969 = CARTESIAN_POINT('',(-20.31847934353,-4.294277430412,
    17.999999999999));
#1970 = CARTESIAN_POINT('',(-20.31863852668,-4.323437376286,
    18.000000000001));
#1971 = CARTESIAN_POINT('',(-20.31351926274,-4.342747900217,
    17.999999999998));
#1972 = CARTESIAN_POINT('',(-20.32474565159,-4.361093950321,
    18.000000000003));
#1973 = CARTESIAN_POINT('',(-20.29250610564,-4.394772984354,
    17.999999999996));
#1974 = CARTESIAN_POINT('',(-20.30785448861,-4.396925051865,
    18.000000000004));
#1975 = CARTESIAN_POINT('',(-20.27651538171,-4.426264458177,
    17.999999999997));
#1976 = CARTESIAN_POINT('',(-20.27168804575,-4.432108042814,
    18.000000000002));
#1977 = CARTESIAN_POINT('',(-20.25192955825,-4.445010537187,
    17.999999999999));
#1978 = CARTESIAN_POINT('',(-20.23556243399,-4.451125715882,18.));
#1979 = CARTESIAN_POINT('',(-20.21773466036,-4.45460292356,18.));
#1980 = CARTESIAN_POINT('',(-20.18227103359,-4.454603288945,18.));
#1981 = CARTESIAN_POINT('',(-20.16454109528,-4.451179426428,18.));
#1982 = CARTESIAN_POINT('',(-20.14731646854,-4.444532825974,18.));
#1983 = CARTESIAN_POINT('',(-20.13111037627,-4.434112580294,
    18.000000000001));
#1984 = CARTESIAN_POINT('',(-20.11662237434,-4.421190014432,
    17.999999999999));
#1985 = CARTESIAN_POINT('',(-20.10388296265,-4.405228732112,
    18.000000000002));
#1986 = CARTESIAN_POINT('',(-20.09345062498,-4.386182250955,
    17.999999999998));
#1987 = CARTESIAN_POINT('',(-20.08625332885,-4.365531027391,
    18.000000000002));
#1988 = CARTESIAN_POINT('',(-20.08222078263,-4.343922871806,
    17.999999999999));
#1989 = CARTESIAN_POINT('',(-20.08057128104,-4.320204908406,
    18.000000000001));
#1990 = CARTESIAN_POINT('',(-20.0822227391,-4.294900394071,18.));
#1991 = CARTESIAN_POINT('',(-20.08962498711,-4.272228419053,18.));
#1992 = CARTESIAN_POINT('',(-20.10030154257,-4.251996798322,18.));
#1993 = CARTESIAN_POINT('',(-20.11309435685,-4.231495845099,18.));
#1994 = ORIENTED_EDGE('',*,*,#1995,.T.);
#1995 = EDGE_CURVE('',#1963,#1996,#1998,.T.);
#1996 = VERTEX_POINT('',#1997);
#1997 = CARTESIAN_POINT('',(-19.82781809681,-2.997275852191,18.));
#1998 = B_SPLINE_CURVE_WITH_KNOTS('',7,(#1999,#2000,#2001,#2002,#2003,
    #2004,#2005,#2006,#2007,#2008,#2009,#2010,#2011,#2012,#2013,#2014,
    #2015,#2016,#2017,#2018,#2019,#2020,#2021,#2022,#2023,#2024),
  .UNSPECIFIED.,.F.,.F.,(8,6,6,6,8),(4.652478919049,4.925714953582,
    5.763605552447,7.415181028507,7.804276231045),.UNSPECIFIED.);
#1999 = CARTESIAN_POINT('',(-20.11309435685,-4.231495845099,18.));
#2000 = CARTESIAN_POINT('',(-20.11956071062,-4.221133276436,18.));
#2001 = CARTESIAN_POINT('',(-20.1245182561,-4.211812432345,18.));
#2002 = CARTESIAN_POINT('',(-20.12759355181,-4.202645403528,18.));
#2003 = CARTESIAN_POINT('',(-20.12855133687,-4.192336778389,18.));
#2004 = CARTESIAN_POINT('',(-20.12724457953,-4.179152951815,18.));
#2005 = CARTESIAN_POINT('',(-20.1235645257,-4.160891433956,18.));
#2006 = CARTESIAN_POINT('',(-20.09845857901,-4.054993417176,18.));
#2007 = CARTESIAN_POINT('',(-20.06919176584,-3.947117414152,18.));
#2008 = CARTESIAN_POINT('',(-20.0397590915,-3.827129747855,18.));
#2009 = CARTESIAN_POINT('',(-20.00857273051,-3.707524957208,18.));
#2010 = CARTESIAN_POINT('',(-19.97850356652,-3.588569287336,18.));
#2011 = CARTESIAN_POINT('',(-19.94842023646,-3.47078948201,18.));
#2012 = CARTESIAN_POINT('',(-19.85957908671,-3.122170616255,18.));
#2013 = CARTESIAN_POINT('',(-19.80118807582,-2.89280462322,18.));
#2014 = CARTESIAN_POINT('',(-19.74261738176,-2.662425849206,18.));
#2015 = CARTESIAN_POINT('',(-19.68405624469,-2.431784411237,18.));
#2016 = CARTESIAN_POINT('',(-19.6256305957,-2.201370978089,18.));
#2017 = CARTESIAN_POINT('',(-19.56717787527,-1.970515139729,18.));
#2018 = CARTESIAN_POINT('',(-19.4950187919,-1.685101229173,18.));
#2019 = CARTESIAN_POINT('',(-19.48125185459,-1.630648272896,18.));
#2020 = CARTESIAN_POINT('',(-19.46747657095,-1.576162303991,18.));
#2021 = CARTESIAN_POINT('',(-19.45369294097,-1.521643322458,18.));
#2022 = CARTESIAN_POINT('',(-19.43990096466,-1.467091328297,18.));
#2023 = CARTESIAN_POINT('',(-19.426100642,-1.412506321508,18.));
#2024 = CARTESIAN_POINT('',(-19.41229197301,-1.35788830209,18.));
#2025 = ORIENTED_EDGE('',*,*,#2026,.F.);
#2026 = EDGE_CURVE('',#2027,#1996,#2029,.T.);
#2027 = VERTEX_POINT('',#2028);
#2028 = CARTESIAN_POINT('',(-18.85276481031,-2.877879867778,18.));
#2029 = CIRCLE('',#2030,3.);
#2030 = AXIS2_PLACEMENT_3D('',#2031,#2032,#2033);
#2031 = CARTESIAN_POINT('',(-19.7,0.,18.));
#2032 = DIRECTION('',(0.,0.,-1.));
#2033 = DIRECTION('',(0.,1.,0.));
#2034 = ORIENTED_EDGE('',*,*,#2035,.T.);
#2035 = EDGE_CURVE('',#2027,#2036,#2038,.T.);
#2036 = VERTEX_POINT('',#2037);
#2037 = CARTESIAN_POINT('',(-17.3,-1.800000000003,18.));
#2038 = CIRCLE('',#2039,3.);
#2039 = AXIS2_PLACEMENT_3D('',#2040,#2041,#2042);
#2040 = CARTESIAN_POINT('',(-19.7,0.,18.));
#2041 = DIRECTION('',(0.,0.,1.));
#2042 = DIRECTION('',(1.,0.,0.));
#2043 = ORIENTED_EDGE('',*,*,#2044,.F.);
#2044 = EDGE_CURVE('',#1882,#2036,#2045,.T.);
#2045 = B_SPLINE_CURVE_WITH_KNOTS('',6,(#2046,#2047,#2048,#2049,#2050,
    #2051,#2052,#2053,#2054,#2055,#2056,#2057),.UNSPECIFIED.,.F.,.F.,(7,
    5,7),(0.,0.5,1.),.UNSPECIFIED.);
#2046 = CARTESIAN_POINT('',(-16.9,-0.600000000001,18.));
#2047 = CARTESIAN_POINT('',(-16.9,-0.705423559358,18.));
#2048 = CARTESIAN_POINT('',(-16.90666850208,-0.811920983554,18.));
#2049 = CARTESIAN_POINT('',(-16.92026005727,-0.918723837735,18.));
#2050 = CARTESIAN_POINT('',(-16.94087697518,-1.024982658804,18.));
#2051 = CARTESIAN_POINT('',(-16.96842465978,-1.12982929969,18.));
#2052 = CARTESIAN_POINT('',(-17.03684214801,-1.335081764382,18.));
#2053 = CARTESIAN_POINT('',(-17.07771198486,-1.43548768785,18.));
#2054 = CARTESIAN_POINT('',(-17.12497374318,-1.53286489545,18.));
#2055 = CARTESIAN_POINT('',(-17.17818221153,-1.626462111913,18.));
#2056 = CARTESIAN_POINT('',(-17.23674586438,-1.715661152518,18.));
#2057 = CARTESIAN_POINT('',(-17.3,-1.800000000003,18.));
#2058 = ORIENTED_EDGE('',*,*,#1881,.T.);
#2059 = ORIENTED_EDGE('',*,*,#918,.F.);
#2060 = ORIENTED_EDGE('',*,*,#1826,.T.);
#2061 = ORIENTED_EDGE('',*,*,#2062,.T.);
#2062 = EDGE_CURVE('',#1827,#2063,#2065,.T.);
#2063 = VERTEX_POINT('',#2064);
#2064 = CARTESIAN_POINT('',(-19.7,3.,18.));
#2065 = CIRCLE('',#2066,3.);
#2066 = AXIS2_PLACEMENT_3D('',#2067,#2068,#2069);
#2067 = CARTESIAN_POINT('',(-19.7,0.,18.));
#2068 = DIRECTION('',(0.,0.,1.));
#2069 = DIRECTION('',(1.,0.,0.));
#2070 = ORIENTED_EDGE('',*,*,#2071,.T.);
#2071 = EDGE_CURVE('',#2063,#1917,#2072,.T.);
#2072 = CIRCLE('',#2073,3.);
#2073 = AXIS2_PLACEMENT_3D('',#2074,#2075,#2076);
#2074 = CARTESIAN_POINT('',(-19.7,0.,18.));
#2075 = DIRECTION('',(0.,0.,1.));
#2076 = DIRECTION('',(1.,0.,0.));
#2077 = FACE_BOUND('',#2078,.T.);
#2078 = EDGE_LOOP('',(#2079,#2090,#2099));
#2079 = ORIENTED_EDGE('',*,*,#2080,.F.);
#2080 = EDGE_CURVE('',#2081,#2083,#2085,.T.);
#2081 = VERTEX_POINT('',#2082);
#2082 = CARTESIAN_POINT('',(-18.43783962325,-1.212209216002,18.));
#2083 = VERTEX_POINT('',#2084);
#2084 = CARTESIAN_POINT('',(-17.95,0.,18.));
#2085 = CIRCLE('',#2086,1.75);
#2086 = AXIS2_PLACEMENT_3D('',#2087,#2088,#2089);
#2087 = CARTESIAN_POINT('',(-19.7,0.,18.));
#2088 = DIRECTION('',(0.,0.,1.));
#2089 = DIRECTION('',(1.,0.,0.));
#2090 = ORIENTED_EDGE('',*,*,#2091,.T.);
#2091 = EDGE_CURVE('',#2081,#2092,#2094,.T.);
#2092 = VERTEX_POINT('',#2093);
#2093 = CARTESIAN_POINT('',(-21.42635940738,-0.286676117815,18.));
#2094 = CIRCLE('',#2095,1.75);
#2095 = AXIS2_PLACEMENT_3D('',#2096,#2097,#2098);
#2096 = CARTESIAN_POINT('',(-19.7,0.,18.));
#2097 = DIRECTION('',(0.,0.,-1.));
#2098 = DIRECTION('',(1.,0.,0.));
#2099 = ORIENTED_EDGE('',*,*,#2100,.F.);
#2100 = EDGE_CURVE('',#2083,#2092,#2101,.T.);
#2101 = CIRCLE('',#2102,1.75);
#2102 = AXIS2_PLACEMENT_3D('',#2103,#2104,#2105);
#2103 = CARTESIAN_POINT('',(-19.7,0.,18.));
#2104 = DIRECTION('',(0.,0.,1.));
#2105 = DIRECTION('',(1.,0.,0.));
#2106 = PLANE('',#2107);
#2107 = AXIS2_PLACEMENT_3D('',#2108,#2109,#2110);
#2108 = CARTESIAN_POINT('',(-9.849999944667,8.377827325469,18.));
#2109 = DIRECTION('',(0.,0.,1.));
#2110 = DIRECTION('',(1.,0.,0.));
#2111 = ADVANCED_FACE('',(#2112),#2131,.F.);
#2112 = FACE_BOUND('',#2113,.F.);
#2113 = EDGE_LOOP('',(#2114,#2122,#2129,#2130));
#2114 = ORIENTED_EDGE('',*,*,#2115,.T.);
#2115 = EDGE_CURVE('',#1080,#2116,#2118,.T.);
#2116 = VERTEX_POINT('',#2117);
#2117 = CARTESIAN_POINT('',(-1.7,6.5,10.03));
#2118 = LINE('',#2119,#2120);
#2119 = CARTESIAN_POINT('',(-0.8,6.5,10.03));
#2120 = VECTOR('',#2121,1.);
#2121 = DIRECTION('',(-1.,-0.,-0.));
#2122 = ORIENTED_EDGE('',*,*,#2123,.T.);
#2123 = EDGE_CURVE('',#2116,#2116,#2124,.T.);
#2124 = CIRCLE('',#2125,1.75);
#2125 = AXIS2_PLACEMENT_3D('',#2126,#2127,#2128);
#2126 = CARTESIAN_POINT('',(-1.7,4.75,10.03));
#2127 = DIRECTION('',(1.,0.,0.));
#2128 = DIRECTION('',(0.,1.,0.));
#2129 = ORIENTED_EDGE('',*,*,#2115,.F.);
#2130 = ORIENTED_EDGE('',*,*,#1079,.F.);
#2131 = CYLINDRICAL_SURFACE('',#2132,1.75);
#2132 = AXIS2_PLACEMENT_3D('',#2133,#2134,#2135);
#2133 = CARTESIAN_POINT('',(-0.8,4.75,10.03));
#2134 = DIRECTION('',(1.,0.,0.));
#2135 = DIRECTION('',(0.,1.,0.));
#2136 = ADVANCED_FACE('',(#2137),#2175,.F.);
#2137 = FACE_BOUND('',#2138,.F.);
#2138 = EDGE_LOOP('',(#2139,#2140,#2173,#2174));
#2139 = ORIENTED_EDGE('',*,*,#1519,.F.);
#2140 = ORIENTED_EDGE('',*,*,#2141,.T.);
#2141 = EDGE_CURVE('',#1520,#1239,#2142,.T.);
#2142 = B_SPLINE_CURVE_WITH_KNOTS('',5,(#2143,#2144,#2145,#2146,#2147,
    #2148,#2149,#2150,#2151,#2152,#2153,#2154,#2155,#2156,#2157,#2158,
    #2159,#2160,#2161,#2162,#2163,#2164,#2165,#2166,#2167,#2168,#2169,
    #2170,#2171,#2172),.UNSPECIFIED.,.F.,.F.,(6,4,4,4,4,4,4,6),(0.,
    2.821146366709E-02,0.47175108017,0.717721275499,0.850137788518,
    0.921340325431,0.957532184259,1.),.UNSPECIFIED.);
#2143 = CARTESIAN_POINT('',(-19.09449435695,-3.,0.));
#2144 = CARTESIAN_POINT('',(-19.09298487902,-3.,1.309095136289E-02));
#2145 = CARTESIAN_POINT('',(-19.09036752278,-3.,3.580523432343E-02));
#2146 = CARTESIAN_POINT('',(-19.08802431712,-3.,5.622699951843E-02));
#2147 = CARTESIAN_POINT('',(-19.08615221337,-3.,7.254504658421E-02));
#2148 = CARTESIAN_POINT('',(-19.04725926089,-3.,0.412422828416));
#2149 = CARTESIAN_POINT('',(-19.01169047097,-3.,0.733784682448));
#2150 = CARTESIAN_POINT('',(-18.97717968802,-3.,1.056985559537));
#2151 = CARTESIAN_POINT('',(-18.94379074106,-3.,1.382041235879));
#2152 = CARTESIAN_POINT('',(-18.89373515567,-3.,1.890246671646));
#2153 = CARTESIAN_POINT('',(-18.87624461694,-3.,2.072110584345));
#2154 = CARTESIAN_POINT('',(-18.85913154069,-3.,2.254545383857));
#2155 = CARTESIAN_POINT('',(-18.84240777214,-3.,2.437549250737));
#2156 = CARTESIAN_POINT('',(-18.81729839655,-3.,2.719941769227));
#2157 = CARTESIAN_POINT('',(-18.80862770146,-3.,2.818928923427));
#2158 = CARTESIAN_POINT('',(-18.80007523094,-3.,2.918079311894));
#2159 = CARTESIAN_POINT('',(-18.79164288673,-3.,3.017392149116));
#2160 = CARTESIAN_POINT('',(-18.77886399787,-3.,3.170355431705));
#2161 = CARTESIAN_POINT('',(-18.77443069843,-3.,3.223891091921));
#2162 = CARTESIAN_POINT('',(-18.77003298351,-3.,3.277473287565));
#2163 = CARTESIAN_POINT('',(-18.7656711514,-3.,3.331101849228));
#2164 = CARTESIAN_POINT('',(-18.75914679661,-3.,3.4120591667));
#2165 = CARTESIAN_POINT('',(-18.75694809325,-3.,3.439469657151));
#2166 = CARTESIAN_POINT('',(-18.75474939099,-3.,3.467010694532));
#2167 = CARTESIAN_POINT('',(-18.75255068989,-3.,3.494685055071));
#2168 = CARTESIAN_POINT('',(-18.74777201806,-3.,3.555128842029));
#2169 = CARTESIAN_POINT('',(-18.74652147846,-3.,3.571123051179));
#2170 = CARTESIAN_POINT('',(-18.74400736382,-3.,3.602971870334));
#2171 = CARTESIAN_POINT('',(-18.74037743191,-3.,3.649804531315));
#2172 = CARTESIAN_POINT('',(-18.74036225662,-3.,3.65));
#2173 = ORIENTED_EDGE('',*,*,#1251,.F.);
#2174 = ORIENTED_EDGE('',*,*,#1170,.F.);
#2175 = PLANE('',#2176);
#2176 = AXIS2_PLACEMENT_3D('',#2177,#2178,#2179);
#2177 = CARTESIAN_POINT('',(-19.69999989663,-3.,0.));
#2178 = DIRECTION('',(0.,1.,0.));
#2179 = DIRECTION('',(1.,0.,0.));
#2180 = ADVANCED_FACE('',(#2181),#2279,.T.);
#2181 = FACE_BOUND('',#2182,.F.);
#2182 = EDGE_LOOP('',(#2183,#2238,#2268,#2269,#2270,#2278));
#2183 = ORIENTED_EDGE('',*,*,#2184,.T.);
#2184 = EDGE_CURVE('',#1228,#2185,#2187,.T.);
#2185 = VERTEX_POINT('',#2186);
#2186 = CARTESIAN_POINT('',(-18.76206897175,-2.849611445335,
    17.083336969321));
#2187 = B_SPLINE_CURVE_WITH_KNOTS('',7,(#2188,#2189,#2190,#2191,#2192,
    #2193,#2194,#2195,#2196,#2197,#2198,#2199,#2200,#2201,#2202,#2203,
    #2204,#2205,#2206,#2207,#2208,#2209,#2210,#2211,#2212,#2213,#2214,
    #2215,#2216,#2217,#2218,#2219,#2220,#2221,#2222,#2223,#2224,#2225,
    #2226,#2227,#2228,#2229,#2230,#2231,#2232,#2233,#2234,#2235,#2236,
    #2237),.UNSPECIFIED.,.F.,.F.,(8,6,6,6,6,6,6,6,8),(0.,
    6.575207303481E-03,0.242121161272,0.557724498497,0.809133243725,
    0.980195882699,0.990472085498,0.995227717185,1.),.UNSPECIFIED.);
#2188 = CARTESIAN_POINT('',(-19.07876262681,-2.934972593767,
    -8.501030284445E-05));
#2189 = CARTESIAN_POINT('',(-19.07711823425,-2.934624529861,
    1.341117169797E-02));
#2190 = CARTESIAN_POINT('',(-19.07517524943,-2.934212144277,
    2.937249016548E-02));
#2191 = CARTESIAN_POINT('',(-19.0731584568,-2.933782254988,
    4.596397311142E-02));
#2192 = CARTESIAN_POINT('',(-19.0711967295,-2.933362225946,
    6.212701114442E-02));
#2193 = CARTESIAN_POINT('',(-19.06932283444,-2.932959613803,
    7.758472611441E-02));
#2194 = CARTESIAN_POINT('',(-19.06747618436,-2.932561627192,
    9.283391279469E-02));
#2195 = CARTESIAN_POINT('',(-18.99482713898,-2.916840800598,
    0.693599643931));
#2196 = CARTESIAN_POINT('',(-18.92715531523,-2.900116321942,
    1.280915173206));
#2197 = CARTESIAN_POINT('',(-18.86277923356,-2.882297807422,
    1.871242030804));
#2198 = CARTESIAN_POINT('',(-18.80202737366,-2.863765182844,
    2.464675466747));
#2199 = CARTESIAN_POINT('',(-18.74526654543,-2.844956557403,
    3.061260633735));
#2200 = CARTESIAN_POINT('',(-18.69289118935,-2.82636093078,
    3.660984179036));
#2201 = CARTESIAN_POINT('',(-18.58153514847,-2.784542306431,
    5.071398085026));
#2202 = CARTESIAN_POINT('',(-18.52634910162,-2.761890197395,
    5.884644112059));
#2203 = CARTESIAN_POINT('',(-18.48072966834,-2.741769875072,
    6.703013535036));
#2204 = CARTESIAN_POINT('',(-18.44565540983,-2.725466230773,
    7.525749829751));
#2205 = CARTESIAN_POINT('',(-18.42199561075,-2.714198148815,
    8.351787668641));
#2206 = CARTESIAN_POINT('',(-18.41021514695,-2.708589124068,
    9.179650788074));
#2207 = CARTESIAN_POINT('',(-18.41037877645,-2.708667034951,
    10.666798607888));
#2208 = CARTESIAN_POINT('',(-18.4179846903,-2.712288533079,
    11.326230369379));
#2209 = CARTESIAN_POINT('',(-18.43312478347,-2.719496264491,
    11.984758630974));
#2210 = CARTESIAN_POINT('',(-18.45561271163,-2.730038979649,
    12.641596861405));
#2211 = CARTESIAN_POINT('',(-18.48509183408,-2.743419919908,
    13.296109225776));
#2212 = CARTESIAN_POINT('',(-18.52111650378,-2.759040024204,
    13.947786180128));
#2213 = CARTESIAN_POINT('',(-18.59183761895,-2.787998138936,
    15.037443377585));
#2214 = CARTESIAN_POINT('',(-18.62328102464,-2.800470886983,
    15.477187224139));
#2215 = CARTESIAN_POINT('',(-18.65738226783,-2.813494664681,
    15.91536989377));
#2216 = CARTESIAN_POINT('',(-18.69398502841,-2.82686808621,
    16.351932419384));
#2217 = CARTESIAN_POINT('',(-18.73293432412,-2.840395941668,
    16.786844142083));
#2218 = CARTESIAN_POINT('',(-18.77408156171,-2.853895351321,
    17.220099295429));
#2219 = CARTESIAN_POINT('',(-18.81988236807,-2.867995873234,
    17.677643838741));
#2220 = CARTESIAN_POINT('',(-18.82248525823,-2.868794214368,
    17.703566286963));
#2221 = CARTESIAN_POINT('',(-18.82509554447,-2.869591804241,
    17.729482816682));
#2222 = CARTESIAN_POINT('',(-18.82771319651,-2.870388606268,
    17.755393431013));
#2223 = CARTESIAN_POINT('',(-18.83033818413,-2.87118458404,
    17.781298133292));
#2224 = CARTESIAN_POINT('',(-18.83297047726,-2.871979701324,
    17.807196927072));
#2225 = CARTESIAN_POINT('',(-18.83683158821,-2.873141472354,
    17.845072553913));
#2226 = CARTESIAN_POINT('',(-18.83805313044,-2.873508361774,
    17.857038741525));
#2227 = CARTESIAN_POINT('',(-18.83927467259,-2.873874590681,
    17.868988484441));
#2228 = CARTESIAN_POINT('',(-18.84049621468,-2.874240159427,
    17.880921886849));
#2229 = CARTESIAN_POINT('',(-18.8417177567,-2.874605068366,
    17.892839051632));
#2230 = CARTESIAN_POINT('',(-18.84293929865,-2.874969317849,
    17.904740080373));
#2231 = CARTESIAN_POINT('',(-18.84538665947,-2.875697771663,
    17.928551679852));
#2232 = CARTESIAN_POINT('',(-18.84661401021,-2.876062427324,
    17.940477042629));
#2233 = CARTESIAN_POINT('',(-18.84784288853,-2.876426871331,
    17.952401149047));
#2234 = CARTESIAN_POINT('',(-18.84907329091,-2.87679110002,
    17.964323993668));
#2235 = CARTESIAN_POINT('',(-18.85030521457,-2.877155109946,
    17.976245578248));
#2236 = CARTESIAN_POINT('',(-18.85153865748,-2.877518897881,
    17.988165911742));
#2237 = CARTESIAN_POINT('',(-18.85277361836,-2.877882460814,
    18.000085010303));
#2238 = ORIENTED_EDGE('',*,*,#2239,.F.);
#2239 = EDGE_CURVE('',#1996,#2185,#2240,.T.);
#2240 = B_SPLINE_CURVE_WITH_KNOTS('',6,(#2241,#2242,#2243,#2244,#2245,
    #2246,#2247,#2248,#2249,#2250,#2251,#2252,#2253,#2254,#2255,#2256,
    #2257,#2258,#2259,#2260,#2261,#2262,#2263,#2264,#2265,#2266,#2267),
  .UNSPECIFIED.,.F.,.F.,(7,5,5,5,5,7),(0.,0.13649976028,0.376753200739,
    0.678258663266,0.851870708074,1.),.UNSPECIFIED.);
#2241 = CARTESIAN_POINT('',(-19.82781809681,-2.997275852191,18.));
#2242 = CARTESIAN_POINT('',(-19.79396038171,-2.998719706184,18.));
#2243 = CARTESIAN_POINT('',(-19.75961790017,-2.999724470329,
    17.998679857056));
#2244 = CARTESIAN_POINT('',(-19.72489282184,-3.000261970429,
    17.995985467302));
#2245 = CARTESIAN_POINT('',(-19.68989936493,-3.000312158534,
    17.991877194356));
#2246 = CARTESIAN_POINT('',(-19.65476045378,-2.999865033877,
    17.986332038893));
#2247 = CARTESIAN_POINT('',(-19.5577261102,-2.997263720777,
    17.967049332757));
#2248 = CARTESIAN_POINT('',(-19.49578529858,-2.99407003793,
    17.950286618338));
#2249 = CARTESIAN_POINT('',(-19.43449084454,-2.989350504452,
    17.929032915796));
#2250 = CARTESIAN_POINT('',(-19.37453786379,-2.983226626948,
    17.903434939923));
#2251 = CARTESIAN_POINT('',(-19.31654240841,-2.975921596583,
    17.873765031866));
#2252 = CARTESIAN_POINT('',(-19.19136437877,-2.95740583277,
    17.798460767933));
#2253 = CARTESIAN_POINT('',(-19.12560501421,-2.94567370067,
    17.750682401305));
#2254 = CARTESIAN_POINT('',(-19.06474833562,-2.933051348588,
    17.697694739037));
#2255 = CARTESIAN_POINT('',(-19.00955369322,-2.920201173295,
    17.640306740888));
#2256 = CARTESIAN_POINT('',(-18.96056583899,-2.907777512652,
    17.579354894893));
#2257 = CARTESIAN_POINT('',(-18.89367904986,-2.889720993815,
    17.479038003787));
#2258 = CARTESIAN_POINT('',(-18.87140798286,-2.883443185055,
    17.441484579724));
#2259 = CARTESIAN_POINT('',(-18.85137220837,-2.877589159679,
    17.403200242507));
#2260 = CARTESIAN_POINT('',(-18.83361373863,-2.872249308477,
    17.364354478159));
#2261 = CARTESIAN_POINT('',(-18.81814926651,-2.867495422898,
    17.325118324077));
#2262 = CARTESIAN_POINT('',(-18.79372181606,-2.859859907754,
    17.251997599922));
#2263 = CARTESIAN_POINT('',(-18.784137499,-2.856805826833,
    17.218172206341));
#2264 = CARTESIAN_POINT('',(-18.77620892467,-2.854243175683,
    17.184292192238));
#2265 = CARTESIAN_POINT('',(-18.76991433591,-2.852189032849,
    17.150461060607));
#2266 = CARTESIAN_POINT('',(-18.76521754794,-2.850647778112,
    17.116778136034));
#2267 = CARTESIAN_POINT('',(-18.7620689713,-2.849611444639,
    17.08333697028));
#2268 = ORIENTED_EDGE('',*,*,#2026,.F.);
#2269 = ORIENTED_EDGE('',*,*,#2035,.T.);
#2270 = ORIENTED_EDGE('',*,*,#2271,.T.);
#2271 = EDGE_CURVE('',#2036,#1230,#2272,.T.);
#2272 = B_SPLINE_CURVE_WITH_KNOTS('',2,(#2273,#2274,#2275,#2276,#2277),
  .UNSPECIFIED.,.F.,.F.,(3,1,1,3),(-0.87822,-1.906E-14,14.35,
    15.228219999998),.UNSPECIFIED.);
#2273 = CARTESIAN_POINT('',(-17.29999999999,-1.799999999999,18.87822));
#2274 = CARTESIAN_POINT('',(-17.3,-1.800000000001,18.43911));
#2275 = CARTESIAN_POINT('',(-17.30000000002,-1.800000000039,10.825));
#2276 = CARTESIAN_POINT('',(-17.30000000005,-1.800000000077,
    3.210890000001));
#2277 = CARTESIAN_POINT('',(-17.30000000005,-1.800000000079,2.77178));
#2278 = ORIENTED_EDGE('',*,*,#1227,.F.);
#2279 = CYLINDRICAL_SURFACE('',#2280,3.);
#2280 = AXIS2_PLACEMENT_3D('',#2281,#2282,#2283);
#2281 = CARTESIAN_POINT('',(-19.7,0.,0.));
#2282 = DIRECTION('',(-0.,-0.,-1.));
#2283 = DIRECTION('',(1.,0.,0.));
#2284 = ADVANCED_FACE('',(#2285),#2291,.T.);
#2285 = FACE_BOUND('',#2286,.T.);
#2286 = EDGE_LOOP('',(#2287,#2288,#2289,#2290));
#2287 = ORIENTED_EDGE('',*,*,#2044,.T.);
#2288 = ORIENTED_EDGE('',*,*,#2271,.T.);
#2289 = ORIENTED_EDGE('',*,*,#1287,.F.);
#2290 = ORIENTED_EDGE('',*,*,#1889,.F.);
#2291 = ( BOUNDED_SURFACE() B_SPLINE_SURFACE(2,2,(
    (#2292,#2293,#2294,#2295,#2296)
    ,(#2297,#2298,#2299,#2300,#2301)
    ,(#2302,#2303,#2304,#2305,#2306
)),.UNSPECIFIED.,.F.,.F.,.F.) B_SPLINE_SURFACE_WITH_KNOTS((3,3),(3,1,1,3
    ),(0.,14.35),(-0.87822,-1.906E-14,14.35,15.228219999998),
.UNSPECIFIED.) GEOMETRIC_REPRESENTATION_ITEM() RATIONAL_B_SPLINE_SURFACE
((
    (1.,1.,1.,1.,1.)
    ,(0.94868329805,0.94868329805,0.948683298048,0.948683298046
      ,0.948683298046)
,(1.,1.,1.,1.,1.))) REPRESENTATION_ITEM('') SURFACE() );
#2292 = CARTESIAN_POINT('',(-16.9,-0.6,18.87822));
#2293 = CARTESIAN_POINT('',(-16.9,-0.600000000001,18.43911));
#2294 = CARTESIAN_POINT('',(-16.90000000001,-0.600000000013,10.825));
#2295 = CARTESIAN_POINT('',(-16.90000000001,-0.600000000026,
    3.210890000001));
#2296 = CARTESIAN_POINT('',(-16.90000000002,-0.600000000027,2.77178));
#2297 = CARTESIAN_POINT('',(-16.9,-1.266666666666,18.878219999982));
#2298 = CARTESIAN_POINT('',(-16.9,-1.266666666667,18.43910999998));
#2299 = CARTESIAN_POINT('',(-16.90000000001,-1.266666666698,10.825));
#2300 = CARTESIAN_POINT('',(-16.90000000001,-1.266666666728,
    3.210889999981));
#2301 = CARTESIAN_POINT('',(-16.90000000002,-1.26666666673,
    2.771779999982));
#2302 = CARTESIAN_POINT('',(-17.29999999999,-1.799999999999,18.87822));
#2303 = CARTESIAN_POINT('',(-17.3,-1.800000000001,18.43911));
#2304 = CARTESIAN_POINT('',(-17.30000000002,-1.800000000039,10.825));
#2305 = CARTESIAN_POINT('',(-17.30000000005,-1.800000000077,
    3.210890000001));
#2306 = CARTESIAN_POINT('',(-17.30000000005,-1.800000000079,2.77178));
#2307 = ADVANCED_FACE('',(#2308),#2352,.F.);
#2308 = FACE_BOUND('',#2309,.F.);
#2309 = EDGE_LOOP('',(#2310,#2311,#2312,#2313,#2314,#2323));
#2310 = ORIENTED_EDGE('',*,*,#2184,.F.);
#2311 = ORIENTED_EDGE('',*,*,#1238,.F.);
#2312 = ORIENTED_EDGE('',*,*,#2141,.F.);
#2313 = ORIENTED_EDGE('',*,*,#1527,.F.);
#2314 = ORIENTED_EDGE('',*,*,#2315,.T.);
#2315 = EDGE_CURVE('',#1528,#2316,#2318,.T.);
#2316 = VERTEX_POINT('',#2317);
#2317 = CARTESIAN_POINT('',(-19.23407417371,-4.701624938758,
    17.079386100353));
#2318 = CIRCLE('',#2319,23.779854549974);
#2319 = AXIS2_PLACEMENT_3D('',#2320,#2321,#2322);
#2320 = CARTESIAN_POINT('',(-19.23407417371,18.,10.));
#2321 = DIRECTION('',(-1.,-0.,0.));
#2322 = DIRECTION('',(0.,-0.875379018727,-0.483437248846));
#2323 = ORIENTED_EDGE('',*,*,#2324,.T.);
#2324 = EDGE_CURVE('',#2316,#2185,#2325,.T.);
#2325 = B_SPLINE_CURVE_WITH_KNOTS('',7,(#2326,#2327,#2328,#2329,#2330,
    #2331,#2332,#2333,#2334,#2335,#2336,#2337,#2338,#2339,#2340,#2341,
    #2342,#2343,#2344,#2345,#2346,#2347,#2348,#2349,#2350,#2351),
  .UNSPECIFIED.,.F.,.F.,(8,6,6,6,8),(4.652478919049,4.925714953582,
    5.763605552447,7.415181028507,7.804276231045),.UNSPECIFIED.);
#2326 = CARTESIAN_POINT('',(-19.23407417371,-4.701624938758,
    17.079386100353));
#2327 = CARTESIAN_POINT('',(-19.22300549175,-4.658575619117,
    17.078798368886));
#2328 = CARTESIAN_POINT('',(-19.21219353529,-4.616474109722,
    17.078362464079));
#2329 = CARTESIAN_POINT('',(-19.20158956816,-4.575130101466,
    17.078079156592));
#2330 = CARTESIAN_POINT('',(-19.19114849402,-4.534371441617,
    17.077935590853));
#2331 = CARTESIAN_POINT('',(-19.18084273791,-4.494098086982,
    17.077907010525));
#2332 = CARTESIAN_POINT('',(-19.17067612784,-4.454336057064,
    17.077958483952));
#2333 = CARTESIAN_POINT('',(-19.13009871247,-4.29555914968,
    17.078316932271));
#2334 = CARTESIAN_POINT('',(-19.1002765959,-4.178723053075,
    17.07882307685));
#2335 = CARTESIAN_POINT('',(-19.07043799932,-4.061825999787,
    17.079113394563));
#2336 = CARTESIAN_POINT('',(-19.04082825702,-3.945713053243,
    17.079545932725));
#2337 = CARTESIAN_POINT('',(-19.01108922005,-3.829046141634,
    17.079914416612));
#2338 = CARTESIAN_POINT('',(-18.98137720321,-3.712405467489,
    17.080312020789));
#2339 = CARTESIAN_POINT('',(-18.89307022703,-3.365524409438,
    17.081496180668));
#2340 = CARTESIAN_POINT('',(-18.83447152715,-3.135056529892,
    17.0823006771));
#2341 = CARTESIAN_POINT('',(-18.77592063451,-2.904479226505,
    17.083122670235));
#2342 = CARTESIAN_POINT('',(-18.71740418072,-2.673726715136,
    17.08396352776));
#2343 = CARTESIAN_POINT('',(-18.6589135905,-2.442750913403,
    17.084824375554));
#2344 = CARTESIAN_POINT('',(-18.60046381488,-2.211594900676,
    17.085705474115));
#2345 = CARTESIAN_POINT('',(-18.52828979744,-1.925719781317,
    17.086820600007));
#2346 = CARTESIAN_POINT('',(-18.51452707023,-1.871206794188,
    17.08703324126));
#2347 = CARTESIAN_POINT('',(-18.50076305426,-1.81668870238,
    17.087245902424));
#2348 = CARTESIAN_POINT('',(-18.48699774952,-1.762165505894,
    17.087458583501));
#2349 = CARTESIAN_POINT('',(-18.47323115602,-1.707637204728,
    17.087671284489));
#2350 = CARTESIAN_POINT('',(-18.45946327376,-1.653103798884,
    17.08788400539));
#2351 = CARTESIAN_POINT('',(-18.44569410274,-1.598565288361,
    17.088096746203));
#2352 = SURFACE_OF_REVOLUTION('',#2353,#2357);
#2353 = LINE('',#2354,#2355);
#2354 = CARTESIAN_POINT('',(-19.23407417371,-2.816385741437,
    -1.496067461598));
#2355 = VECTOR('',#2356,1.);
#2356 = DIRECTION('',(0.258819045103,0.864440212705,0.430993991316));
#2357 = AXIS1_PLACEMENT('',#2358,#2359);
#2358 = CARTESIAN_POINT('',(0.,18.,10.));
#2359 = DIRECTION('',(-1.,-0.,-0.));
#2360 = ADVANCED_FACE('',(#2361),#2367,.T.);
#2361 = FACE_BOUND('',#2362,.T.);
#2362 = EDGE_LOOP('',(#2363,#2364,#2365,#2366));
#2363 = ORIENTED_EDGE('',*,*,#1434,.F.);
#2364 = ORIENTED_EDGE('',*,*,#1670,.F.);
#2365 = ORIENTED_EDGE('',*,*,#1491,.T.);
#2366 = ORIENTED_EDGE('',*,*,#1458,.F.);
#2367 = PLANE('',#2368);
#2368 = AXIS2_PLACEMENT_3D('',#2369,#2370,#2371);
#2369 = CARTESIAN_POINT('',(-5.3,8.5,0.));
#2370 = DIRECTION('',(1.,0.,0.));
#2371 = DIRECTION('',(0.,0.342020590991,0.939692457849));
#2372 = ADVANCED_FACE('',(#2373),#2391,.F.);
#2373 = FACE_BOUND('',#2374,.F.);
#2374 = EDGE_LOOP('',(#2375,#2376,#2377,#2385));
#2375 = ORIENTED_EDGE('',*,*,#1418,.F.);
#2376 = ORIENTED_EDGE('',*,*,#1677,.F.);
#2377 = ORIENTED_EDGE('',*,*,#2378,.T.);
#2378 = EDGE_CURVE('',#1678,#2379,#2381,.T.);
#2379 = VERTEX_POINT('',#2380);
#2380 = CARTESIAN_POINT('',(-14.4,9.824897706403,2.178220849126));
#2381 = LINE('',#2382,#2383);
#2382 = CARTESIAN_POINT('',(-14.4,8.969846228924,-0.171010295496));
#2383 = VECTOR('',#2384,1.);
#2384 = DIRECTION('',(0.,0.342020590991,0.939692457849));
#2385 = ORIENTED_EDGE('',*,*,#2386,.F.);
#2386 = EDGE_CURVE('',#1411,#2379,#2387,.T.);
#2387 = LINE('',#2388,#2389);
#2388 = CARTESIAN_POINT('',(-14.4,9.355051477479,2.349231144622));
#2389 = VECTOR('',#2390,1.);
#2390 = DIRECTION('',(0.,0.939692457849,-0.342020590991));
#2391 = PLANE('',#2392);
#2392 = AXIS2_PLACEMENT_3D('',#2393,#2394,#2395);
#2393 = CARTESIAN_POINT('',(-14.4,8.5,0.));
#2394 = DIRECTION('',(1.,0.,0.));
#2395 = DIRECTION('',(0.,0.342020590991,0.939692457849));
#2396 = ADVANCED_FACE('',(#2397),#2408,.F.);
#2397 = FACE_BOUND('',#2398,.F.);
#2398 = EDGE_LOOP('',(#2399,#2400,#2406,#2407));
#2399 = ORIENTED_EDGE('',*,*,#2386,.T.);
#2400 = ORIENTED_EDGE('',*,*,#2401,.T.);
#2401 = EDGE_CURVE('',#2379,#1865,#2402,.T.);
#2402 = LINE('',#2403,#2404);
#2403 = CARTESIAN_POINT('',(-14.4,9.824897706403,2.178220849126));
#2404 = VECTOR('',#2405,1.);
#2405 = DIRECTION('',(-1.,0.,0.));
#2406 = ORIENTED_EDGE('',*,*,#1872,.F.);
#2407 = ORIENTED_EDGE('',*,*,#1410,.F.);
#2408 = PLANE('',#2409);
#2409 = AXIS2_PLACEMENT_3D('',#2410,#2411,#2412);
#2410 = CARTESIAN_POINT('',(-14.4,9.355051477479,2.349231144622));
#2411 = DIRECTION('',(0.,0.342020590991,0.939692457849));
#2412 = DIRECTION('',(-1.,0.,0.));
#2413 = ADVANCED_FACE('',(#2414),#2458,.F.);
#2414 = FACE_BOUND('',#2415,.F.);
#2415 = EDGE_LOOP('',(#2416,#2417,#2418,#2427));
#2416 = ORIENTED_EDGE('',*,*,#2315,.F.);
#2417 = ORIENTED_EDGE('',*,*,#1546,.F.);
#2418 = ORIENTED_EDGE('',*,*,#2419,.T.);
#2419 = EDGE_CURVE('',#1547,#2420,#2422,.T.);
#2420 = VERTEX_POINT('',#2421);
#2421 = CARTESIAN_POINT('',(-21.16592582628,-4.70161923071,
    17.079404404453));
#2422 = CIRCLE('',#2423,23.779854549974);
#2423 = AXIS2_PLACEMENT_3D('',#2424,#2425,#2426);
#2424 = CARTESIAN_POINT('',(-21.16592582628,18.,10.));
#2425 = DIRECTION('',(-1.,-0.,0.));
#2426 = DIRECTION('',(0.,-0.875379018727,-0.483437248846));
#2427 = ORIENTED_EDGE('',*,*,#2428,.T.);
#2428 = EDGE_CURVE('',#2420,#2316,#2429,.T.);
#2429 = ( BOUNDED_CURVE() B_SPLINE_CURVE(14,(#2430,#2431,#2432,#2433,
    #2434,#2435,#2436,#2437,#2438,#2439,#2440,#2441,#2442,#2443,#2444,
    #2445,#2446,#2447,#2448,#2449,#2450,#2451,#2452,#2453,#2454,#2455,
#2456,#2457),.UNSPECIFIED.,.F.,.F.) B_SPLINE_CURVE_WITH_KNOTS((15,13,15)
,(2.49021092724,3.571357173023,4.652478919049),.UNSPECIFIED.) CURVE() 
GEOMETRIC_REPRESENTATION_ITEM() RATIONAL_B_SPLINE_CURVE((1.,1.,
    1.000000000001,0.999999999996,1.000000000007,0.99999999999,
    1.000000000012,0.999999999988,1.000000000009,0.999999999994,
    1.000000000003,0.999999999999,1.,1.,1.,1.000000000001,0.999999999998
    ,1.000000000005,0.999999999992,1.000000000009,0.999999999991,
    1.000000000008,0.999999999995,1.000000000003,0.999999999999,1.,1.,1.
)) REPRESENTATION_ITEM('') );
#2430 = CARTESIAN_POINT('',(-21.16592582628,-4.70161923071,
    17.079404404453));
#2431 = CARTESIAN_POINT('',(-21.14217116683,-4.786000924473,
    17.106342216186));
#2432 = CARTESIAN_POINT('',(-21.10941154761,-4.869045587305,
    17.132645686641));
#2433 = CARTESIAN_POINT('',(-21.06783247027,-4.949341006385,
    17.157836307691));
#2434 = CARTESIAN_POINT('',(-21.01734450442,-5.025288458399,
    17.181202974579));
#2435 = CARTESIAN_POINT('',(-20.96152331646,-5.095679205989,
    17.202680884971));
#2436 = CARTESIAN_POINT('',(-20.89117702865,-5.16578880642,
    17.224897918067));
#2437 = CARTESIAN_POINT('',(-20.82456223786,-5.218916520808,
    17.239664144715));
#2438 = CARTESIAN_POINT('',(-20.74073415007,-5.277382276448,
    17.258726990657));
#2439 = CARTESIAN_POINT('',(-20.66070235273,-5.317218991853,
    17.269664482482));
#2440 = CARTESIAN_POINT('',(-20.57121014134,-5.35544261945,
    17.281670966979));
#2441 = CARTESIAN_POINT('',(-20.48099486381,-5.381805287888,
    17.289357377456));
#2442 = CARTESIAN_POINT('',(-20.38792613237,-5.400207194947,
    17.294904913616));
#2443 = CARTESIAN_POINT('',(-20.29397064973,-5.409289530693,
    17.297614048036));
#2444 = CARTESIAN_POINT('',(-20.10602838463,-5.409289262269,
    17.29761393262));
#2445 = CARTESIAN_POINT('',(-20.01205190013,-5.400185328182,
    17.294893167156));
#2446 = CARTESIAN_POINT('',(-19.91915389174,-5.381970495247,
    17.289445986607));
#2447 = CARTESIAN_POINT('',(-19.82826578792,-5.354800716952,
    17.28132646819));
#2448 = CARTESIAN_POINT('',(-19.74056915695,-5.318836044238,
    17.270531248101));
#2449 = CARTESIAN_POINT('',(-19.6570223706,-5.274551154935,
    17.257218415549));
#2450 = CARTESIAN_POINT('',(-19.57848127806,-5.222426844633,
    17.241503350221));
#2451 = CARTESIAN_POINT('',(-19.50591116498,-5.162939841835,
    17.223442488887));
#2452 = CARTESIAN_POINT('',(-19.44026413006,-5.096897045536,
    17.203254160386));
#2453 = CARTESIAN_POINT('',(-19.38220522348,-5.0253900012,
    17.181306327269));
#2454 = CARTESIAN_POINT('',(-19.33211926394,-4.94919491704,
    17.157742708955));
#2455 = CARTESIAN_POINT('',(-19.29045040277,-4.868772219204,
    17.132483574416));
#2456 = CARTESIAN_POINT('',(-19.25777563423,-4.78582764597,
    17.106231558753));
#2457 = CARTESIAN_POINT('',(-19.23407417371,-4.701624938758,
    17.079386100353));
#2458 = SURFACE_OF_REVOLUTION('',#2459,#2464);
#2459 = CIRCLE('',#2460,1.);
#2460 = AXIS2_PLACEMENT_3D('',#2461,#2462,#2463);
#2461 = CARTESIAN_POINT('',(-20.2,-2.584759684538,-1.380582969683));
#2462 = DIRECTION('',(0.,-0.44619781311,0.894934361602));
#2463 = DIRECTION('',(1.,0.,0.));
#2464 = AXIS1_PLACEMENT('',#2465,#2466);
#2465 = CARTESIAN_POINT('',(0.,18.,10.));
#2466 = DIRECTION('',(-1.,-0.,-0.));
#2467 = ADVANCED_FACE('',(#2468),#2580,.T.);
#2468 = FACE_BOUND('',#2469,.F.);
#2469 = EDGE_LOOP('',(#2470,#2540,#2541,#2542,#2543,#2544,#2545));
#2470 = ORIENTED_EDGE('',*,*,#2471,.T.);
#2471 = EDGE_CURVE('',#2472,#1594,#2474,.T.);
#2472 = VERTEX_POINT('',#2473);
#2473 = CARTESIAN_POINT('',(-21.82264914655,-2.119990704966,
    17.08606599521));
#2474 = B_SPLINE_CURVE_WITH_KNOTS('',8,(#2475,#2476,#2477,#2478,#2479,
    #2480,#2481,#2482,#2483,#2484,#2485,#2486,#2487,#2488,#2489,#2490,
    #2491,#2492,#2493,#2494,#2495,#2496,#2497,#2498,#2499,#2500,#2501,
    #2502,#2503,#2504,#2505,#2506,#2507,#2508,#2509,#2510,#2511,#2512,
    #2513,#2514,#2515,#2516,#2517,#2518,#2519,#2520,#2521,#2522,#2523,
    #2524,#2525,#2526,#2527,#2528,#2529,#2530,#2531,#2532,#2533,#2534,
    #2535,#2536,#2537,#2538,#2539),.UNSPECIFIED.,.F.,.F.,(9,7,7,7,7,7,7,
    7,7,9),(0.,3.733657218416E-03,0.138676258814,0.328470321761,
    0.442186690672,0.608181964918,0.740801750552,0.878891135622,
    0.98502170185,1.),.UNSPECIFIED.);
#2475 = CARTESIAN_POINT('',(-21.70986511527,-2.227205023881,
    18.000085010303));
#2476 = CARTESIAN_POINT('',(-21.71090450733,-2.226267060094,
    17.991920714551));
#2477 = CARTESIAN_POINT('',(-21.71194333403,-2.225328600597,
    17.98375590495));
#2478 = CARTESIAN_POINT('',(-21.71298159725,-2.224389643977,
    17.975590559441));
#2479 = CARTESIAN_POINT('',(-21.71401929785,-2.223450189698,
    17.967424663855));
#2480 = CARTESIAN_POINT('',(-21.71505643572,-2.222510238103,
    17.959258211912));
#2481 = CARTESIAN_POINT('',(-21.71609300974,-2.221569790415,
    17.951091205219));
#2482 = CARTESIAN_POINT('',(-21.71712901783,-2.220628848734,
    17.94292365327));
#2483 = CARTESIAN_POINT('',(-21.75558750676,-2.18566196337,
    17.639543164604));
#2484 = CARTESIAN_POINT('',(-21.79226931027,-2.150993335725,
    17.343624759023));
#2485 = CARTESIAN_POINT('',(-21.82817038415,-2.115727834783,
    17.046974578851));
#2486 = CARTESIAN_POINT('',(-21.86324681295,-2.079922571298,
    16.749567449131));
#2487 = CARTESIAN_POINT('',(-21.89744980745,-2.043647460647,
    16.451378244166));
#2488 = CARTESIAN_POINT('',(-21.93072458835,-2.006989721321,
    16.152380548038));
#2489 = CARTESIAN_POINT('',(-21.96300859548,-1.970060876366,
    15.852544529267));
#2490 = CARTESIAN_POINT('',(-22.03813992685,-1.880889679827,
    15.128890742474));
#2491 = CARTESIAN_POINT('',(-22.07993798531,-1.828534755881,
    14.704303563366));
#2492 = CARTESIAN_POINT('',(-22.11943100967,-1.776337142232,
    14.277879940118));
#2493 = CARTESIAN_POINT('',(-22.15637714656,-1.724828047473,
    13.849491093176));
#2494 = CARTESIAN_POINT('',(-22.19046169725,-1.674771862863,
    13.41905230904));
#2495 = CARTESIAN_POINT('',(-22.22130059436,-1.627174458034,
    12.986521775359));
#2496 = CARTESIAN_POINT('',(-22.24835459958,-1.583610809382,
    12.551825651172));
#2497 = CARTESIAN_POINT('',(-22.28459767827,-1.523334912298,
    11.85315177214));
#2498 = CARTESIAN_POINT('',(-22.29660037086,-1.502859697586,
    11.590599663793));
#2499 = CARTESIAN_POINT('',(-22.30689321954,-1.484894250879,
    11.327316825881));
#2500 = CARTESIAN_POINT('',(-22.31533769526,-1.4698643395,
    11.063379363265));
#2501 = CARTESIAN_POINT('',(-22.3217934513,-1.458212424199,
    10.798891396051));
#2502 = CARTESIAN_POINT('',(-22.32614611542,-1.450302527886,
    10.533992735253));
#2503 = CARTESIAN_POINT('',(-22.3283357906,-1.446323260854,
    10.26886781933));
#2504 = CARTESIAN_POINT('',(-22.32840164445,-1.446203582489,
    9.616750311247));
#2505 = CARTESIAN_POINT('',(-22.32383186269,-1.454508412958,
    9.229792518934));
#2506 = CARTESIAN_POINT('',(-22.31465376555,-1.47118965767,
    8.843582029735));
#2507 = CARTESIAN_POINT('',(-22.301131761,-1.495420289369,8.458585317456
    ));
#2508 = CARTESIAN_POINT('',(-22.28378868368,-1.525515277584,
    8.075060536074));
#2509 = CARTESIAN_POINT('',(-22.26306078551,-1.560145284113,
    7.693190910908));
#2510 = CARTESIAN_POINT('',(-22.2393445484,-1.598143443795,
    7.313053522525));
#2511 = CARTESIAN_POINT('',(-22.1918826431,-1.670930931342,
    6.632285631569));
#2512 = CARTESIAN_POINT('',(-22.16909912303,-1.704833177818,
    6.331000277894));
#2513 = CARTESIAN_POINT('',(-22.14477303146,-1.739849550121,
    6.030730208363));
#2514 = CARTESIAN_POINT('',(-22.11904031806,-1.775614494904,
    5.731442935999));
#2515 = CARTESIAN_POINT('',(-22.09201493914,-1.8118409803,5.433108347602
    ));
#2516 = CARTESIAN_POINT('',(-22.06379284224,-1.848304029653,
    5.135694687848));
#2517 = CARTESIAN_POINT('',(-22.03445553094,-1.884825732405,
    4.839165077675));
#2518 = CARTESIAN_POINT('',(-21.97243783957,-1.95920045129,
    4.235588978094));
#2519 = CARTESIAN_POINT('',(-21.93967088431,-1.997044672056,
    3.928627126663));
#2520 = CARTESIAN_POINT('',(-21.90585259075,-2.034631269435,
    3.622549364772));
#2521 = CARTESIAN_POINT('',(-21.87105148565,-2.07183602993,3.31732332627
    ));
#2522 = CARTESIAN_POINT('',(-21.8353272735,-2.108562486668,
    3.012920520206));
#2523 = CARTESIAN_POINT('',(-21.79873293034,-2.144733733881,
    2.709313856201));
#2524 = CARTESIAN_POINT('',(-21.76131599373,-2.180287220759,
    2.406476101754));
#2525 = CARTESIAN_POINT('',(-21.69376224217,-2.241984122503,
    1.872198444232));
#2526 = CARTESIAN_POINT('',(-21.66394492545,-2.268400762198,
    1.640456941703));
#2527 = CARTESIAN_POINT('',(-21.63368657797,-2.294399466156,
    1.409143174777));
#2528 = CARTESIAN_POINT('',(-21.60300524496,-2.319960885121,
    1.178246328089));
#2529 = CARTESIAN_POINT('',(-21.57191768328,-2.345068746936,
    0.947756170628));
#2530 = CARTESIAN_POINT('',(-21.54043950721,-2.369709305297,
    0.717662866377));
#2531 = CARTESIAN_POINT('',(-21.50858533417,-2.39387078851,
    0.487956784948));
#2532 = CARTESIAN_POINT('',(-21.47182220161,-2.420883706402,
    0.226262987497));
#2533 = CARTESIAN_POINT('',(-21.46726825784,-2.424214816881,
    0.193905184709));
#2534 = CARTESIAN_POINT('',(-21.46270713842,-2.427536150456,
    0.161554882289));
#2535 = CARTESIAN_POINT('',(-21.45813888209,-2.430847678677,
    0.129212056797));
#2536 = CARTESIAN_POINT('',(-21.45356352698,-2.434149373866,
    9.687668291691E-02));
#2537 = CARTESIAN_POINT('',(-21.44898111063,-2.437441209119,
    6.454873346145E-02));
#2538 = CARTESIAN_POINT('',(-21.44439166996,-2.440723158302,
    3.222817936724E-02));
#2539 = CARTESIAN_POINT('',(-21.4397952413,-2.443995196054,
    -8.501030284523E-05));
#2540 = ORIENTED_EDGE('',*,*,#1606,.F.);
#2541 = ORIENTED_EDGE('',*,*,#1834,.T.);
#2542 = ORIENTED_EDGE('',*,*,#2062,.T.);
#2543 = ORIENTED_EDGE('',*,*,#2071,.T.);
#2544 = ORIENTED_EDGE('',*,*,#1916,.T.);
#2545 = ORIENTED_EDGE('',*,*,#2546,.T.);
#2546 = EDGE_CURVE('',#1919,#2472,#2547,.T.);
#2547 = B_SPLINE_CURVE_WITH_KNOTS('',7,(#2548,#2549,#2550,#2551,#2552,
    #2553,#2554,#2555,#2556,#2557,#2558,#2559,#2560,#2561,#2562,#2563,
    #2564,#2565,#2566,#2567,#2568,#2569,#2570,#2571,#2572,#2573,#2574,
    #2575,#2576,#2577,#2578,#2579),.UNSPECIFIED.,.F.,.F.,(8,6,6,6,6,8),(
    0.,5.175425263712E-02,0.495157248272,0.764891317321,0.981138570636,
    1.),.UNSPECIFIED.);
#2548 = CARTESIAN_POINT('',(-20.60722968046,-2.85953393176,18.));
#2549 = CARTESIAN_POINT('',(-20.61926037586,-2.855717014667,18.));
#2550 = CARTESIAN_POINT('',(-20.63134079785,-2.851819328755,
    17.99986594196));
#2551 = CARTESIAN_POINT('',(-20.64346757013,-2.847840605463,
    17.999596546713));
#2552 = CARTESIAN_POINT('',(-20.6556372483,-2.843780685245,
    17.999190671204));
#2553 = CARTESIAN_POINT('',(-20.66784631985,-2.839639517569,
    17.998647308488));
#2554 = CARTESIAN_POINT('',(-20.6800912042,-2.835417160917,
    17.997965587733));
#2555 = CARTESIAN_POINT('',(-20.79755149447,-2.794244720686,
    17.990112479237));
#2556 = CARTESIAN_POINT('',(-20.90511398312,-2.751422538323,
    17.972869943826));
#2557 = CARTESIAN_POINT('',(-21.01267154847,-2.702784981917,
    17.944953480536));
#2558 = CARTESIAN_POINT('',(-21.11778080566,-2.649036288419,
    17.90670851993));
#2559 = CARTESIAN_POINT('',(-21.21844462604,-2.591447315437,
    17.859056900098));
#2560 = CARTESIAN_POINT('',(-21.31306866751,-2.531641702198,
    17.802995367318));
#2561 = CARTESIAN_POINT('',(-21.45330342816,-2.435173888801,
    17.70083535729));
#2562 = CARTESIAN_POINT('',(-21.50359532793,-2.398621265256,
    17.659434950852));
#2563 = CARTESIAN_POINT('',(-21.55084931968,-2.362447229858,
    17.615468705819));
#2564 = CARTESIAN_POINT('',(-21.59476328288,-2.327169145451,
    17.569143494016));
#2565 = CARTESIAN_POINT('',(-21.63501292796,-2.293404722217,
    17.520681259904));
#2566 = CARTESIAN_POINT('',(-21.671262537,-2.261849704111,
    17.470331614036));
#2567 = CARTESIAN_POINT('',(-21.72879448109,-2.210243341099,
    17.376756847078));
#2568 = CARTESIAN_POINT('',(-21.75161965541,-2.189151522648,
    17.334098220439));
#2569 = CARTESIAN_POINT('',(-21.77148962268,-2.170305798285,
    17.290603104321));
#2570 = CARTESIAN_POINT('',(-21.78823845244,-2.154082946974,
    17.246486332073));
#2571 = CARTESIAN_POINT('',(-21.80174268536,-2.140802920885,
    17.201999826027));
#2572 = CARTESIAN_POINT('',(-21.81195084227,-2.130671350346,
    17.157431071343));
#2573 = CARTESIAN_POINT('',(-21.81952178981,-2.123117547062,
    17.109226483457));
#2574 = CARTESIAN_POINT('',(-21.8201044876,-2.122535764366,
    17.105361008537));
#2575 = CARTESIAN_POINT('',(-21.82066254361,-2.121978221937,
    17.101497432667));
#2576 = CARTESIAN_POINT('',(-21.8211959978,-2.121444934997,
    17.097635949701));
#2577 = CARTESIAN_POINT('',(-21.82170489566,-2.120935909604,
    17.093776752674));
#2578 = CARTESIAN_POINT('',(-21.82218928827,-2.120451142647,
    17.089920033797));
#2579 = CARTESIAN_POINT('',(-21.82264923227,-2.119990621853,
    17.086065984461));
#2580 = CYLINDRICAL_SURFACE('',#2581,3.);
#2581 = AXIS2_PLACEMENT_3D('',#2582,#2583,#2584);
#2582 = CARTESIAN_POINT('',(-19.7,0.,0.));
#2583 = DIRECTION('',(-0.,-0.,-1.));
#2584 = DIRECTION('',(1.,0.,0.));
#2585 = ADVANCED_FACE('',(#2586),#2624,.T.);
#2586 = FACE_BOUND('',#2587,.T.);
#2587 = EDGE_LOOP('',(#2588,#2589,#2590,#2591));
#2588 = ORIENTED_EDGE('',*,*,#2471,.T.);
#2589 = ORIENTED_EDGE('',*,*,#1593,.F.);
#2590 = ORIENTED_EDGE('',*,*,#2419,.T.);
#2591 = ORIENTED_EDGE('',*,*,#2592,.F.);
#2592 = EDGE_CURVE('',#2472,#2420,#2593,.T.);
#2593 = B_SPLINE_CURVE_WITH_KNOTS('',8,(#2594,#2595,#2596,#2597,#2598,
    #2599,#2600,#2601,#2602,#2603,#2604,#2605,#2606,#2607,#2608,#2609,
    #2610,#2611,#2612,#2613,#2614,#2615,#2616,#2617,#2618,#2619,#2620,
    #2621,#2622,#2623),.UNSPECIFIED.,.F.,.F.,(9,7,7,7,9),(
    -1.298179363788,-0.909772287382,0.127895068223,2.2169990058,
    2.49021092724),.UNSPECIFIED.);
#2594 = CARTESIAN_POINT('',(-22.11162612467,-0.972844887356,
    17.090685024192));
#2595 = CARTESIAN_POINT('',(-22.09962288451,-1.020567699952,
    17.090488679042));
#2596 = CARTESIAN_POINT('',(-22.08761995683,-1.068289270212,
    17.090292339003));
#2597 = CARTESIAN_POINT('',(-22.07561734162,-1.116009598136,
    17.090096004076));
#2598 = CARTESIAN_POINT('',(-22.06361503888,-1.163728683722,
    17.089899674259));
#2599 = CARTESIAN_POINT('',(-22.05161304861,-1.211446526973,
    17.089703349554));
#2600 = CARTESIAN_POINT('',(-22.03961137082,-1.259163127887,
    17.089507029961));
#2601 = CARTESIAN_POINT('',(-22.0276100055,-1.306878486464,
    17.089310715479));
#2602 = CARTESIAN_POINT('',(-21.98354697044,-1.482065514071,
    17.088589946493));
#2603 = CARTESIAN_POINT('',(-21.95147250368,-1.609471679166,
    17.088072324699));
#2604 = CARTESIAN_POINT('',(-21.91938590142,-1.73681240606,
    17.087561402539));
#2605 = CARTESIAN_POINT('',(-21.88728751268,-1.864089002818,
    17.087057041821));
#2606 = CARTESIAN_POINT('',(-21.85517768649,-1.991302777509,
    17.086559104357));
#2607 = CARTESIAN_POINT('',(-21.82305677189,-2.1184550382,
    17.086067451955));
#2608 = CARTESIAN_POINT('',(-21.7909251179,-2.245547092959,
    17.085581946429));
#2609 = CARTESIAN_POINT('',(-21.69407247914,-2.628332217801,
    17.084137093265));
#2610 = CARTESIAN_POINT('',(-21.62930804809,-2.883889265478,
    17.083198814851));
#2611 = CARTESIAN_POINT('',(-21.56459117872,-3.138881749952,
    17.082266015911));
#2612 = CARTESIAN_POINT('',(-21.49963969716,-3.394401765597,
    17.081417612231));
#2613 = CARTESIAN_POINT('',(-21.43523121986,-3.647494590118,
    17.080457363715));
#2614 = CARTESIAN_POINT('',(-21.37000218771,-3.903387596697,
    17.079758077041));
#2615 = CARTESIAN_POINT('',(-21.30523087183,-4.157283912759,
    17.078733499492));
#2616 = CARTESIAN_POINT('',(-21.23060862989,-4.449309867638,
    17.077966611687));
#2617 = CARTESIAN_POINT('',(-21.22177843059,-4.483850402327,
    17.077908234919));
#2618 = CARTESIAN_POINT('',(-21.2128058535,-4.518926981272,
    17.077897532592));
#2619 = CARTESIAN_POINT('',(-21.20371359824,-4.554439311471,
    17.077970900818));
#2620 = CARTESIAN_POINT('',(-21.19449993673,-4.590385572612,
    17.078155654426));
#2621 = CARTESIAN_POINT('',(-21.18514768465,-4.626830655431,
    17.078459041546));
#2622 = CARTESIAN_POINT('',(-21.17563183104,-4.663874313813,
    17.07887439269));
#2623 = CARTESIAN_POINT('',(-21.16592582628,-4.70161923071,
    17.079404404453));
#2624 = SURFACE_OF_REVOLUTION('',#2625,#2629);
#2625 = LINE('',#2626,#2627);
#2626 = CARTESIAN_POINT('',(-21.16592582628,-2.816385741437,
    -1.496067461598));
#2627 = VECTOR('',#2628,1.);
#2628 = DIRECTION('',(-0.258819045103,0.864440212705,0.430993991316));
#2629 = AXIS1_PLACEMENT('',#2630,#2631);
#2630 = CARTESIAN_POINT('',(0.,18.,10.));
#2631 = DIRECTION('',(-1.,-0.,-0.));
#2632 = ADVANCED_FACE('',(#2633),#2647,.F.);
#2633 = FACE_BOUND('',#2634,.T.);
#2634 = EDGE_LOOP('',(#2635,#2636,#2637,#2642,#2643,#2644,#2645,#2646));
#2635 = ORIENTED_EDGE('',*,*,#1651,.T.);
#2636 = ORIENTED_EDGE('',*,*,#1642,.F.);
#2637 = ORIENTED_EDGE('',*,*,#2638,.F.);
#2638 = EDGE_CURVE('',#2083,#1634,#2639,.T.);
#2639 = B_SPLINE_CURVE_WITH_KNOTS('',1,(#2640,#2641),.UNSPECIFIED.,.F.,
  .F.,(2,2),(-18.,0.),.PIECEWISE_BEZIER_KNOTS.);
#2640 = CARTESIAN_POINT('',(-17.95,-4.3E-16,18.));
#2641 = CARTESIAN_POINT('',(-17.95,-4.3E-16,0.));
#2642 = ORIENTED_EDGE('',*,*,#2100,.T.);
#2643 = ORIENTED_EDGE('',*,*,#2091,.F.);
#2644 = ORIENTED_EDGE('',*,*,#2080,.T.);
#2645 = ORIENTED_EDGE('',*,*,#2638,.T.);
#2646 = ORIENTED_EDGE('',*,*,#1631,.F.);
#2647 = CYLINDRICAL_SURFACE('',#2648,1.75);
#2648 = AXIS2_PLACEMENT_3D('',#2649,#2650,#2651);
#2649 = CARTESIAN_POINT('',(-19.7,0.,0.));
#2650 = DIRECTION('',(-0.,-0.,-1.));
#2651 = DIRECTION('',(1.,0.,0.));
#2652 = ADVANCED_FACE('',(#2653),#2659,.F.);
#2653 = FACE_BOUND('',#2654,.F.);
#2654 = EDGE_LOOP('',(#2655,#2656,#2657,#2658));
#2655 = ORIENTED_EDGE('',*,*,#1685,.F.);
#2656 = ORIENTED_EDGE('',*,*,#1864,.F.);
#2657 = ORIENTED_EDGE('',*,*,#2401,.F.);
#2658 = ORIENTED_EDGE('',*,*,#2378,.F.);
#2659 = PLANE('',#2660);
#2660 = AXIS2_PLACEMENT_3D('',#2661,#2662,#2663);
#2661 = CARTESIAN_POINT('',(-9.85,9.397371967664,1.003605276815));
#2662 = DIRECTION('',(0.,0.939692457849,-0.342020590991));
#2663 = DIRECTION('',(0.,0.342020590991,0.939692457849));
#2664 = ADVANCED_FACE('',(#2665,#2668),#2671,.T.);
#2665 = FACE_BOUND('',#2666,.T.);
#2666 = EDGE_LOOP('',(#2667));
#2667 = ORIENTED_EDGE('',*,*,#2123,.T.);
#2668 = FACE_BOUND('',#2669,.T.);
#2669 = EDGE_LOOP('',(#2670));
#2670 = ORIENTED_EDGE('',*,*,#1784,.F.);
#2671 = PLANE('',#2672);
#2672 = AXIS2_PLACEMENT_3D('',#2673,#2674,#2675);
#2673 = CARTESIAN_POINT('',(-1.7,4.75,10.03));
#2674 = DIRECTION('',(1.,0.,0.));
#2675 = DIRECTION('',(0.,0.,1.));
#2676 = ADVANCED_FACE('',(#2677),#2696,.F.);
#2677 = FACE_BOUND('',#2678,.F.);
#2678 = EDGE_LOOP('',(#2679,#2687,#2694,#2695));
#2679 = ORIENTED_EDGE('',*,*,#2680,.T.);
#2680 = EDGE_CURVE('',#1843,#2681,#2683,.T.);
#2681 = VERTEX_POINT('',#2682);
#2682 = CARTESIAN_POINT('',(-18.00000000007,3.,10.03));
#2683 = LINE('',#2684,#2685);
#2684 = CARTESIAN_POINT('',(-18.90000000007,3.,10.03));
#2685 = VECTOR('',#2686,1.);
#2686 = DIRECTION('',(1.,0.,0.));
#2687 = ORIENTED_EDGE('',*,*,#2688,.T.);
#2688 = EDGE_CURVE('',#2681,#2681,#2689,.T.);
#2689 = CIRCLE('',#2690,1.75);
#2690 = AXIS2_PLACEMENT_3D('',#2691,#2692,#2693);
#2691 = CARTESIAN_POINT('',(-18.00000000007,4.75,10.03));
#2692 = DIRECTION('',(-1.,0.,0.));
#2693 = DIRECTION('',(0.,-1.,0.));
#2694 = ORIENTED_EDGE('',*,*,#2680,.F.);
#2695 = ORIENTED_EDGE('',*,*,#1842,.F.);
#2696 = CYLINDRICAL_SURFACE('',#2697,1.75);
#2697 = AXIS2_PLACEMENT_3D('',#2698,#2699,#2700);
#2698 = CARTESIAN_POINT('',(-18.90000000007,4.75,10.03));
#2699 = DIRECTION('',(-1.,0.,0.));
#2700 = DIRECTION('',(0.,-1.,0.));
#2701 = ADVANCED_FACE('',(#2702),#2721,.F.);
#2702 = FACE_BOUND('',#2703,.F.);
#2703 = EDGE_LOOP('',(#2704,#2712,#2713,#2714));
#2704 = ORIENTED_EDGE('',*,*,#2705,.F.);
#2705 = EDGE_CURVE('',#1900,#2706,#2708,.T.);
#2706 = VERTEX_POINT('',#2707);
#2707 = CARTESIAN_POINT('',(-18.00000000007,5.55,10.03));
#2708 = LINE('',#2709,#2710);
#2709 = CARTESIAN_POINT('',(-0.8,5.55,10.03));
#2710 = VECTOR('',#2711,1.);
#2711 = DIRECTION('',(-1.,-0.,-0.));
#2712 = ORIENTED_EDGE('',*,*,#1899,.F.);
#2713 = ORIENTED_EDGE('',*,*,#2705,.T.);
#2714 = ORIENTED_EDGE('',*,*,#2715,.T.);
#2715 = EDGE_CURVE('',#2706,#2706,#2716,.T.);
#2716 = CIRCLE('',#2717,0.8);
#2717 = AXIS2_PLACEMENT_3D('',#2718,#2719,#2720);
#2718 = CARTESIAN_POINT('',(-18.00000000007,4.75,10.03));
#2719 = DIRECTION('',(1.,0.,0.));
#2720 = DIRECTION('',(0.,1.,0.));
#2721 = CYLINDRICAL_SURFACE('',#2722,0.8);
#2722 = AXIS2_PLACEMENT_3D('',#2723,#2724,#2725);
#2723 = CARTESIAN_POINT('',(-0.8,4.75,10.03));
#2724 = DIRECTION('',(1.,0.,0.));
#2725 = DIRECTION('',(0.,1.,0.));
#2726 = ADVANCED_FACE('',(#2727),#2738,.T.);
#2727 = FACE_BOUND('',#2728,.T.);
#2728 = EDGE_LOOP('',(#2729,#2730,#2731,#2737));
#2729 = ORIENTED_EDGE('',*,*,#2546,.T.);
#2730 = ORIENTED_EDGE('',*,*,#2592,.T.);
#2731 = ORIENTED_EDGE('',*,*,#2732,.F.);
#2732 = EDGE_CURVE('',#1928,#2420,#2733,.T.);
#2733 = ( BOUNDED_CURVE() B_SPLINE_CURVE(2,(#2734,#2735,#2736),
.UNSPECIFIED.,.F.,.F.) B_SPLINE_CURVE_WITH_KNOTS((3,3),(0.,
3.399983214623),.PIECEWISE_BEZIER_KNOTS.) CURVE() 
GEOMETRIC_REPRESENTATION_ITEM() RATIONAL_B_SPLINE_CURVE((1.,
0.734644269171,1.)) REPRESENTATION_ITEM('') );
#2734 = CARTESIAN_POINT('',(-20.28734619321,-4.230670434244,18.));
#2735 = CARTESIAN_POINT('',(-21.10129472765,-4.666974746624,18.));
#2736 = CARTESIAN_POINT('',(-21.16592582628,-4.70161923071,
    17.079404404453));
#2737 = ORIENTED_EDGE('',*,*,#1927,.F.);
#2738 = ( BOUNDED_SURFACE() B_SPLINE_SURFACE(2,8,(
    (#2739,#2740,#2741,#2742,#2743,#2744,#2745,#2746,#2747,#2748,#2749
      ,#2750,#2751,#2752,#2753,#2754,#2755,#2756,#2757,#2758,#2759,#2760
      ,#2761,#2762,#2763,#2764,#2765,#2766,#2767,#2768)
    ,(#2769,#2770,#2771,#2772,#2773,#2774,#2775,#2776,#2777,#2778,#2779
      ,#2780,#2781,#2782,#2783,#2784,#2785,#2786,#2787,#2788,#2789,#2790
      ,#2791,#2792,#2793,#2794,#2795,#2796,#2797,#2798)
    ,(#2799,#2800,#2801,#2802,#2803,#2804,#2805,#2806,#2807,#2808,#2809
      ,#2810,#2811,#2812,#2813,#2814,#2815,#2816,#2817,#2818,#2819,#2820
      ,#2821,#2822,#2823,#2824,#2825,#2826,#2827,#2828
)),.UNSPECIFIED.,.F.,.F.,.F.) B_SPLINE_SURFACE_WITH_KNOTS((3,3),(9,7,7,7
    ,9),(0.,3.399983214623),(-1.298179363788,-0.909772287382,
    0.127895068223,2.2169990058,2.49021092724),.UNSPECIFIED.) 
GEOMETRIC_REPRESENTATION_ITEM() RATIONAL_B_SPLINE_SURFACE((
    (1.,1.,1.,1.,1.,1.,1.,1.,1.,1.,1.,1.,1.,1.,1.,1.,1.,1.,1.,1.,1.,1.
      ,1.,1.,1.,1.,1.,1.,1.,1.)
    ,(0.737941192138,0.738007697902,0.738055202019,0.738083704489
      ,0.738093205313,0.738083704489,0.738055202019,0.738007697902
      ,0.737763515508,0.737588106763,0.737414921011,0.737243913362
      ,0.737075038924,0.736908252806,0.736743510117,0.73625311815
      ,0.735934499677,0.735617552095,0.735329228378,0.735002570352
      ,0.734764757382,0.734415960527,0.734154824785,0.734134945658
      ,0.734131298987,0.734156284834,0.734219204185,0.734322511068
      ,0.734463905768,0.734644269171)
    ,(1.,1.,1.,1.,1.,1.,1.,1.,1.,1.,1.,1.,1.,1.,1.,1.,1.,1.,1.,1.,1.,1.
,1.,1.,1.,1.,1.,1.,1.,1.))) REPRESENTATION_ITEM('') SURFACE() );
#2739 = CARTESIAN_POINT('',(-21.14500287143,-0.733234269221,18.));
#2740 = CARTESIAN_POINT('',(-21.13296216625,-0.781032626228,18.));
#2741 = CARTESIAN_POINT('',(-21.12092749789,-0.828807018662,18.));
#2742 = CARTESIAN_POINT('',(-21.10889886636,-0.876557446523,18.));
#2743 = CARTESIAN_POINT('',(-21.09687627165,-0.924283909811,18.));
#2744 = CARTESIAN_POINT('',(-21.08485971378,-0.971986408527,18.));
#2745 = CARTESIAN_POINT('',(-21.07284919272,-1.01966494267,18.));
#2746 = CARTESIAN_POINT('',(-21.06084470849,-1.067319512239,18.));
#2747 = CARTESIAN_POINT('',(-21.01679123959,-1.242199920176,18.));
#2748 = CARTESIAN_POINT('',(-20.9847240014,-1.369385984988,18.));
#2749 = CARTESIAN_POINT('',(-20.95264478665,-1.496509940041,18.));
#2750 = CARTESIAN_POINT('',(-20.92055383546,-1.623573413703,18.));
#2751 = CARTESIAN_POINT('',(-20.88845138794,-1.750578034344,18.));
#2752 = CARTESIAN_POINT('',(-20.8563376842,-1.877525430332,18.));
#2753 = CARTESIAN_POINT('',(-20.82421296438,-2.004417230036,18.));
#2754 = CARTESIAN_POINT('',(-20.72738005814,-2.386613787714,18.));
#2755 = CARTESIAN_POINT('',(-20.66265048585,-2.6418615383,18.));
#2756 = CARTESIAN_POINT('',(-20.59765856189,-2.896733696834,18.));
#2757 = CARTESIAN_POINT('',(-20.53247529761,-3.155501575368,18.));
#2758 = CARTESIAN_POINT('',(-20.46523103573,-3.414425295754,18.));
#2759 = CARTESIAN_POINT('',(-20.40037332806,-3.676941454773,18.));
#2760 = CARTESIAN_POINT('',(-20.33527876161,-3.921695654049,18.));
#2761 = CARTESIAN_POINT('',(-20.27670683797,-4.159421144302,18.));
#2762 = CARTESIAN_POINT('',(-20.27260148759,-4.178146542294,
    18.000000000001));
#2763 = CARTESIAN_POINT('',(-20.27065245348,-4.190956105067,
    17.999999999999));
#2764 = CARTESIAN_POINT('',(-20.27074866083,-4.200170529664,
    18.000000000001));
#2765 = CARTESIAN_POINT('',(-20.2727746771,-4.207605273024,
    17.999999999999));
#2766 = CARTESIAN_POINT('',(-20.27644265275,-4.21460807478,
    18.000000000001));
#2767 = CARTESIAN_POINT('',(-20.28136191191,-4.222107204619,18.));
#2768 = CARTESIAN_POINT('',(-20.28734619321,-4.230670434244,18.));
#2769 = CARTESIAN_POINT('',(-22.03125525658,-0.952916839661,18.));
#2770 = CARTESIAN_POINT('',(-22.01940124056,-1.000716906493,18.));
#2771 = CARTESIAN_POINT('',(-22.00755200449,-1.048497698671,18.));
#2772 = CARTESIAN_POINT('',(-21.99570663229,-1.096262910206,18.));
#2773 = CARTESIAN_POINT('',(-21.98386420866,-1.144016231938,18.));
#2774 = CARTESIAN_POINT('',(-21.97202381885,-1.191761352495,18.));
#2775 = CARTESIAN_POINT('',(-21.96018454844,-1.239501959233,18.));
#2776 = CARTESIAN_POINT('',(-21.94834548305,-1.287241739194,18.));
#2777 = CARTESIAN_POINT('',(-21.90486412669,-1.462575713466,18.));
#2778 = CARTESIAN_POINT('',(-21.87320730173,-1.590090060917,18.));
#2779 = CARTESIAN_POINT('',(-21.84153559965,-1.717529061253,18.));
#2780 = CARTESIAN_POINT('',(-21.80984937967,-1.844894387291,18.));
#2781 = CARTESIAN_POINT('',(-21.77814899391,-1.972187745749,18.));
#2782 = CARTESIAN_POINT('',(-21.7464347873,-2.0994108772,18.));
#2783 = CARTESIAN_POINT('',(-21.71470709764,-2.226565556012,18.));
#2784 = CARTESIAN_POINT('',(-21.61902082573,-2.609686462073,18.));
#2785 = CARTESIAN_POINT('',(-21.55501091674,-2.865491060783,18.));
#2786 = CARTESIAN_POINT('',(-21.49103748905,-3.120692968691,18.));
#2787 = CARTESIAN_POINT('',(-21.4267502864,-3.376688422687,18.));
#2788 = CARTESIAN_POINT('',(-21.36295417398,-3.630330505489,18.));
#2789 = CARTESIAN_POINT('',(-21.29832412304,-3.886858379731,18.));
#2790 = CARTESIAN_POINT('',(-21.23442467192,-4.140141094241,18.));
#2791 = CARTESIAN_POINT('',(-21.16161510351,-4.428343836446,18.));
#2792 = CARTESIAN_POINT('',(-21.15317469287,-4.461754485234,18.));
#2793 = CARTESIAN_POINT('',(-21.14471859892,-4.495224675336,18.));
#2794 = CARTESIAN_POINT('',(-21.13623032215,-4.528816337238,18.));
#2795 = CARTESIAN_POINT('',(-21.12768060901,-4.56264271205,18.));
#2796 = CARTESIAN_POINT('',(-21.11903272411,-4.596847697514,18.));
#2797 = CARTESIAN_POINT('',(-21.11024837051,-4.631582072907,18.));
#2798 = CARTESIAN_POINT('',(-21.10129472765,-4.666974746624,18.));
#2799 = CARTESIAN_POINT('',(-22.11162612467,-0.972844887356,
    17.090685024192));
#2800 = CARTESIAN_POINT('',(-22.09962288451,-1.020567699952,
    17.090488679042));
#2801 = CARTESIAN_POINT('',(-22.08761995683,-1.068289270212,
    17.090292339003));
#2802 = CARTESIAN_POINT('',(-22.07561734162,-1.116009598136,
    17.090096004076));
#2803 = CARTESIAN_POINT('',(-22.06361503888,-1.163728683722,
    17.089899674259));
#2804 = CARTESIAN_POINT('',(-22.05161304861,-1.211446526973,
    17.089703349554));
#2805 = CARTESIAN_POINT('',(-22.03961137082,-1.259163127887,
    17.089507029961));
#2806 = CARTESIAN_POINT('',(-22.0276100055,-1.306878486464,
    17.089310715479));
#2807 = CARTESIAN_POINT('',(-21.98354697044,-1.482065514071,
    17.088589946493));
#2808 = CARTESIAN_POINT('',(-21.95147250368,-1.609471679166,
    17.088072324699));
#2809 = CARTESIAN_POINT('',(-21.91938590142,-1.73681240606,
    17.087561402539));
#2810 = CARTESIAN_POINT('',(-21.88728751268,-1.864089002818,
    17.087057041821));
#2811 = CARTESIAN_POINT('',(-21.85517768649,-1.991302777509,
    17.086559104357));
#2812 = CARTESIAN_POINT('',(-21.82305677189,-2.1184550382,
    17.086067451955));
#2813 = CARTESIAN_POINT('',(-21.7909251179,-2.245547092959,
    17.085581946429));
#2814 = CARTESIAN_POINT('',(-21.69407247914,-2.628332217801,
    17.084137093265));
#2815 = CARTESIAN_POINT('',(-21.62930804809,-2.883889265478,
    17.083198814851));
#2816 = CARTESIAN_POINT('',(-21.56459117872,-3.138881749952,
    17.082266015911));
#2817 = CARTESIAN_POINT('',(-21.49963969716,-3.394401765597,
    17.081417612231));
#2818 = CARTESIAN_POINT('',(-21.43523121986,-3.647494590118,
    17.080457363715));
#2819 = CARTESIAN_POINT('',(-21.37000218771,-3.903387596697,
    17.079758077041));
#2820 = CARTESIAN_POINT('',(-21.30523087183,-4.157283912759,
    17.078733499492));
#2821 = CARTESIAN_POINT('',(-21.23060862989,-4.449309867638,
    17.077966611687));
#2822 = CARTESIAN_POINT('',(-21.22177843059,-4.483850402327,
    17.077908234919));
#2823 = CARTESIAN_POINT('',(-21.2128058535,-4.518926981272,
    17.077897532592));
#2824 = CARTESIAN_POINT('',(-21.20371359824,-4.554439311471,
    17.077970900818));
#2825 = CARTESIAN_POINT('',(-21.19449993673,-4.590385572612,
    17.078155654426));
#2826 = CARTESIAN_POINT('',(-21.18514768465,-4.626830655431,
    17.078459041546));
#2827 = CARTESIAN_POINT('',(-21.17563183104,-4.663874313813,
    17.07887439269));
#2828 = CARTESIAN_POINT('',(-21.16592582628,-4.70161923071,
    17.079404404453));
#2829 = ADVANCED_FACE('',(#2830),#2841,.T.);
#2830 = FACE_BOUND('',#2831,.T.);
#2831 = EDGE_LOOP('',(#2832,#2833,#2834,#2840));
#2832 = ORIENTED_EDGE('',*,*,#2732,.T.);
#2833 = ORIENTED_EDGE('',*,*,#2428,.T.);
#2834 = ORIENTED_EDGE('',*,*,#2835,.F.);
#2835 = EDGE_CURVE('',#1963,#2316,#2836,.T.);
#2836 = ( BOUNDED_CURVE() B_SPLINE_CURVE(2,(#2837,#2838,#2839),
.UNSPECIFIED.,.F.,.F.) B_SPLINE_CURVE_WITH_KNOTS((3,3),(0.,
2.162267991809),.PIECEWISE_BEZIER_KNOTS.) CURVE() 
GEOMETRIC_REPRESENTATION_ITEM() RATIONAL_B_SPLINE_CURVE((1.,
0.734638040246,1.)) REPRESENTATION_ITEM('') );
#2837 = CARTESIAN_POINT('',(-20.11309435685,-4.231495845099,18.));
#2838 = CARTESIAN_POINT('',(-19.29872387083,-4.667048140525,18.));
#2839 = CARTESIAN_POINT('',(-19.23407417371,-4.701624938758,
    17.079386100353));
#2840 = ORIENTED_EDGE('',*,*,#1962,.F.);
#2841 = ( BOUNDED_SURFACE() B_SPLINE_SURFACE(2,14,(
    (#2842,#2843,#2844,#2845,#2846,#2847,#2848,#2849,#2850,#2851,#2852
      ,#2853,#2854,#2855,#2856,#2857,#2858,#2859,#2860,#2861,#2862,#2863
      ,#2864,#2865,#2866,#2867,#2868,#2869)
    ,(#2870,#2871,#2872,#2873,#2874,#2875,#2876,#2877,#2878,#2879,#2880
      ,#2881,#2882,#2883,#2884,#2885,#2886,#2887,#2888,#2889,#2890,#2891
      ,#2892,#2893,#2894,#2895,#2896,#2897)
    ,(#2898,#2899,#2900,#2901,#2902,#2903,#2904,#2905,#2906,#2907,#2908
      ,#2909,#2910,#2911,#2912,#2913,#2914,#2915,#2916,#2917,#2918,#2919
      ,#2920,#2921,#2922,#2923,#2924,#2925
)),.UNSPECIFIED.,.F.,.F.,.F.) B_SPLINE_SURFACE_WITH_KNOTS((3,3),(15,13,
    15),(0.,2.162267991809),(2.49021092724,3.571357173023,4.652478919049
),.UNSPECIFIED.) GEOMETRIC_REPRESENTATION_ITEM() 
RATIONAL_B_SPLINE_SURFACE((
    (1.,1.,1.000000000001,0.999999999996,1.000000000007,0.99999999999
      ,1.000000000012,0.999999999988,1.000000000009,0.999999999994
      ,1.000000000003,0.999999999999,1.,1.,1.,1.000000000001
      ,0.999999999998,1.000000000005,0.999999999992,1.000000000009
      ,0.999999999991,1.000000000008,0.999999999995,1.000000000003
      ,0.999999999999,1.,1.,1.)
    ,(0.734644269171,0.743811226862,0.7526390964,0.760980583119
      ,0.768610982689,0.775578488142,0.782672776916,0.787355130502
      ,0.793378874261,0.796781195193,0.80053850492,0.802921626662
      ,0.804644922645,0.80548558275,0.805485546928,0.804641223367
      ,0.80294993672,0.80042751891,0.797061259724,0.792892307884
      ,0.787944156679,0.782213908309,0.775750033636,0.768653180332
      ,0.760949209973,0.752585175803,0.743773647487,0.734638040246)
    ,(1.,1.,1.000000000001,0.999999999996,1.000000000007,0.99999999999
      ,1.000000000012,0.999999999988,1.000000000009,0.999999999994
      ,1.000000000003,0.999999999999,1.,1.,1.,1.000000000001
      ,0.999999999998,1.000000000005,0.999999999992,1.000000000009
      ,0.999999999991,1.000000000008,0.999999999995,1.000000000003
,0.999999999999,1.,1.,1.))) REPRESENTATION_ITEM('') SURFACE() );
#2842 = CARTESIAN_POINT('',(-20.28734619321,-4.230670434244,18.));
#2843 = CARTESIAN_POINT('',(-20.30087809229,-4.250033955659,18.));
#2844 = CARTESIAN_POINT('',(-20.3117763064,-4.270577111785,18.));
#2845 = CARTESIAN_POINT('',(-20.31847934353,-4.294277430412,
    17.999999999999));
#2846 = CARTESIAN_POINT('',(-20.31863852668,-4.323437376286,
    18.000000000001));
#2847 = CARTESIAN_POINT('',(-20.31351926274,-4.342747900217,
    17.999999999998));
#2848 = CARTESIAN_POINT('',(-20.32474565159,-4.361093950321,
    18.000000000003));
#2849 = CARTESIAN_POINT('',(-20.29250610564,-4.394772984354,
    17.999999999996));
#2850 = CARTESIAN_POINT('',(-20.30785448861,-4.396925051865,
    18.000000000004));
#2851 = CARTESIAN_POINT('',(-20.27651538171,-4.426264458177,
    17.999999999997));
#2852 = CARTESIAN_POINT('',(-20.27168804575,-4.432108042814,
    18.000000000002));
#2853 = CARTESIAN_POINT('',(-20.25192955825,-4.445010537187,
    17.999999999999));
#2854 = CARTESIAN_POINT('',(-20.23556243399,-4.451125715882,18.));
#2855 = CARTESIAN_POINT('',(-20.21773466036,-4.45460292356,18.));
#2856 = CARTESIAN_POINT('',(-20.18227103359,-4.454603288945,18.));
#2857 = CARTESIAN_POINT('',(-20.16454109528,-4.451179426428,18.));
#2858 = CARTESIAN_POINT('',(-20.14731646854,-4.444532825974,18.));
#2859 = CARTESIAN_POINT('',(-20.13111037627,-4.434112580294,
    18.000000000001));
#2860 = CARTESIAN_POINT('',(-20.11662237434,-4.421190014432,
    17.999999999999));
#2861 = CARTESIAN_POINT('',(-20.10388296265,-4.405228732112,
    18.000000000002));
#2862 = CARTESIAN_POINT('',(-20.09345062498,-4.386182250955,
    17.999999999998));
#2863 = CARTESIAN_POINT('',(-20.08625332885,-4.365531027391,
    18.000000000002));
#2864 = CARTESIAN_POINT('',(-20.08222078263,-4.343922871806,
    17.999999999999));
#2865 = CARTESIAN_POINT('',(-20.08057128104,-4.320204908406,
    18.000000000001));
#2866 = CARTESIAN_POINT('',(-20.0822227391,-4.294900394071,18.));
#2867 = CARTESIAN_POINT('',(-20.08962498711,-4.272228419053,18.));
#2868 = CARTESIAN_POINT('',(-20.10030154257,-4.251996798322,18.));
#2869 = CARTESIAN_POINT('',(-20.11309435685,-4.231495845099,18.));
#2870 = CARTESIAN_POINT('',(-21.10129472765,-4.666974746624,18.));
#2871 = CARTESIAN_POINT('',(-21.06047923786,-4.73483820209,18.));
#2872 = CARTESIAN_POINT('',(-21.01455243664,-4.799453137555,18.));
#2873 = CARTESIAN_POINT('',(-20.96391074946,-4.860328539885,18.));
#2874 = CARTESIAN_POINT('',(-20.90885495902,-4.917424270365,
    18.000000000001));
#2875 = CARTESIAN_POINT('',(-20.84999361095,-4.969744233178,
    17.999999999998));
#2876 = CARTESIAN_POINT('',(-20.7858431426,-5.017307991926,
    18.000000000003));
#2877 = CARTESIAN_POINT('',(-20.72074775639,-5.059974171466,
    17.999999999997));
#2878 = CARTESIAN_POINT('',(-20.65015113985,-5.096381477754,
    18.000000000002));
#2879 = CARTESIAN_POINT('',(-20.57888774072,-5.127843267979,
    17.999999999999));
#2880 = CARTESIAN_POINT('',(-20.50469020212,-5.152600047611,
    18.000000000001));
#2881 = CARTESIAN_POINT('',(-20.42941824926,-5.171533597084,18.));
#2882 = CARTESIAN_POINT('',(-20.35312981797,-5.184065321052,18.));
#2883 = CARTESIAN_POINT('',(-20.27648555834,-5.19032754721,18.));
#2884 = CARTESIAN_POINT('',(-20.12351500003,-5.190327489591,18.));
#2885 = CARTESIAN_POINT('',(-20.0468706526,-5.184068546415,18.));
#2886 = CARTESIAN_POINT('',(-19.97058973925,-5.171512858061,
    17.999999999999));
#2887 = CARTESIAN_POINT('',(-19.89524451326,-5.152672858883,
    18.000000000002));
#2888 = CARTESIAN_POINT('',(-19.82133452801,-5.127676356287,
    17.999999999997));
#2889 = CARTESIAN_POINT('',(-19.7493969617,-5.096633473735,
    18.000000000004));
#2890 = CARTESIAN_POINT('',(-19.6799590375,-5.059761361339,
    17.999999999995));
#2891 = CARTESIAN_POINT('',(-19.61347495507,-5.017387223529,
    18.000000000004));
#2892 = CARTESIAN_POINT('',(-19.55037887077,-4.969814656089,
    17.999999999997));
#2893 = CARTESIAN_POINT('',(-19.49112710134,-4.917328489682,
    18.000000000002));
#2894 = CARTESIAN_POINT('',(-19.43607260286,-4.860374629241,
    17.999999999999));
#2895 = CARTESIAN_POINT('',(-19.38539052725,-4.799505209684,18.));
#2896 = CARTESIAN_POINT('',(-19.33948858346,-4.734889463644,18.));
#2897 = CARTESIAN_POINT('',(-19.29872387083,-4.667048140525,18.));
#2898 = CARTESIAN_POINT('',(-21.16592582628,-4.70161923071,
    17.079404404453));
#2899 = CARTESIAN_POINT('',(-21.14217116683,-4.786000924473,
    17.106342216186));
#2900 = CARTESIAN_POINT('',(-21.10941154761,-4.869045587305,
    17.132645686641));
#2901 = CARTESIAN_POINT('',(-21.06783247027,-4.949341006385,
    17.157836307691));
#2902 = CARTESIAN_POINT('',(-21.01734450442,-5.025288458399,
    17.181202974579));
#2903 = CARTESIAN_POINT('',(-20.96152331646,-5.095679205989,
    17.202680884971));
#2904 = CARTESIAN_POINT('',(-20.89117702865,-5.16578880642,
    17.224897918067));
#2905 = CARTESIAN_POINT('',(-20.82456223786,-5.218916520808,
    17.239664144715));
#2906 = CARTESIAN_POINT('',(-20.74073415007,-5.277382276448,
    17.258726990657));
#2907 = CARTESIAN_POINT('',(-20.66070235273,-5.317218991853,
    17.269664482482));
#2908 = CARTESIAN_POINT('',(-20.57121014134,-5.35544261945,
    17.281670966979));
#2909 = CARTESIAN_POINT('',(-20.48099486381,-5.381805287888,
    17.289357377456));
#2910 = CARTESIAN_POINT('',(-20.38792613237,-5.400207194947,
    17.294904913616));
#2911 = CARTESIAN_POINT('',(-20.29397064973,-5.409289530693,
    17.297614048036));
#2912 = CARTESIAN_POINT('',(-20.10602838463,-5.409289262269,
    17.29761393262));
#2913 = CARTESIAN_POINT('',(-20.01205190013,-5.400185328182,
    17.294893167156));
#2914 = CARTESIAN_POINT('',(-19.91915389174,-5.381970495247,
    17.289445986607));
#2915 = CARTESIAN_POINT('',(-19.82826578792,-5.354800716952,
    17.28132646819));
#2916 = CARTESIAN_POINT('',(-19.74056915695,-5.318836044238,
    17.270531248101));
#2917 = CARTESIAN_POINT('',(-19.6570223706,-5.274551154935,
    17.257218415549));
#2918 = CARTESIAN_POINT('',(-19.57848127806,-5.222426844633,
    17.241503350221));
#2919 = CARTESIAN_POINT('',(-19.50591116498,-5.162939841835,
    17.223442488887));
#2920 = CARTESIAN_POINT('',(-19.44026413006,-5.096897045536,
    17.203254160386));
#2921 = CARTESIAN_POINT('',(-19.38220522348,-5.0253900012,
    17.181306327269));
#2922 = CARTESIAN_POINT('',(-19.33211926394,-4.94919491704,
    17.157742708955));
#2923 = CARTESIAN_POINT('',(-19.29045040277,-4.868772219204,
    17.132483574416));
#2924 = CARTESIAN_POINT('',(-19.25777563423,-4.78582764597,
    17.106231558753));
#2925 = CARTESIAN_POINT('',(-19.23407417371,-4.701624938758,
    17.079386100353));
#2926 = ADVANCED_FACE('',(#2927),#2933,.T.);
#2927 = FACE_BOUND('',#2928,.T.);
#2928 = EDGE_LOOP('',(#2929,#2930,#2931,#2932));
#2929 = ORIENTED_EDGE('',*,*,#2835,.T.);
#2930 = ORIENTED_EDGE('',*,*,#2324,.T.);
#2931 = ORIENTED_EDGE('',*,*,#2239,.F.);
#2932 = ORIENTED_EDGE('',*,*,#1995,.F.);
#2933 = ( BOUNDED_SURFACE() B_SPLINE_SURFACE(2,7,(
    (#2934,#2935,#2936,#2937,#2938,#2939,#2940,#2941,#2942,#2943,#2944
      ,#2945,#2946,#2947,#2948,#2949,#2950,#2951,#2952,#2953,#2954,#2955
      ,#2956,#2957,#2958,#2959)
    ,(#2960,#2961,#2962,#2963,#2964,#2965,#2966,#2967,#2968,#2969,#2970
      ,#2971,#2972,#2973,#2974,#2975,#2976,#2977,#2978,#2979,#2980,#2981
      ,#2982,#2983,#2984,#2985)
    ,(#2986,#2987,#2988,#2989,#2990,#2991,#2992,#2993,#2994,#2995,#2996
      ,#2997,#2998,#2999,#3000,#3001,#3002,#3003,#3004,#3005,#3006,#3007
      ,#3008,#3009,#3010,#3011
)),.UNSPECIFIED.,.F.,.F.,.F.) B_SPLINE_SURFACE_WITH_KNOTS((3,3),(8,6,6,6
    ,8),(0.,2.762702109457),(4.652478919049,4.925714953582,
    5.763605552447,7.415181028507,7.804276231045),.UNSPECIFIED.) 
GEOMETRIC_REPRESENTATION_ITEM() RATIONAL_B_SPLINE_SURFACE((
    (1.,1.,1.,1.,1.,1.,1.,1.,1.,1.,1.,1.,1.,1.,1.,1.,1.,1.,1.,1.,1.,1.
      ,1.,1.,1.,1.)
    ,(0.734638040246,0.734438033088,0.734289628128,0.734193152547
      ,0.734144259626,0.734134527356,0.734152057054,0.734274114079
      ,0.734446449226,0.73454524072,0.734692461195,0.734817824206
      ,0.734953079297,0.735355806205,0.7356292981,0.735908617881
      ,0.736194221144,0.736486480117,0.736785471326,0.737163689559
      ,0.737211766204,0.737235804527,0.737235804527,0.737211766204
      ,0.737163689559,0.737091574591)
    ,(1.,1.,1.,1.,1.,1.,1.,1.,1.,1.,1.,1.,1.,1.,1.,1.,1.,1.,1.,1.,1.,1.
,1.,1.,1.,1.))) REPRESENTATION_ITEM('') SURFACE() );
#2934 = CARTESIAN_POINT('',(-20.11309435685,-4.231495845099,18.));
#2935 = CARTESIAN_POINT('',(-20.11956071062,-4.221133276436,18.));
#2936 = CARTESIAN_POINT('',(-20.1245182561,-4.211812432345,18.));
#2937 = CARTESIAN_POINT('',(-20.12759355181,-4.202645403528,18.));
#2938 = CARTESIAN_POINT('',(-20.12855133687,-4.192336778389,18.));
#2939 = CARTESIAN_POINT('',(-20.12724457953,-4.179152951815,18.));
#2940 = CARTESIAN_POINT('',(-20.1235645257,-4.160891433956,18.));
#2941 = CARTESIAN_POINT('',(-20.09845857901,-4.054993417176,18.));
#2942 = CARTESIAN_POINT('',(-20.06919176584,-3.947117414152,18.));
#2943 = CARTESIAN_POINT('',(-20.0397590915,-3.827129747855,18.));
#2944 = CARTESIAN_POINT('',(-20.00857273051,-3.707524957208,18.));
#2945 = CARTESIAN_POINT('',(-19.97850356652,-3.588569287336,18.));
#2946 = CARTESIAN_POINT('',(-19.94842023646,-3.47078948201,18.));
#2947 = CARTESIAN_POINT('',(-19.85957908671,-3.122170616255,18.));
#2948 = CARTESIAN_POINT('',(-19.80118807582,-2.89280462322,18.));
#2949 = CARTESIAN_POINT('',(-19.74261738176,-2.662425849206,18.));
#2950 = CARTESIAN_POINT('',(-19.68405624469,-2.431784411237,18.));
#2951 = CARTESIAN_POINT('',(-19.6256305957,-2.201370978089,18.));
#2952 = CARTESIAN_POINT('',(-19.56717787527,-1.970515139729,18.));
#2953 = CARTESIAN_POINT('',(-19.4950187919,-1.685101229173,18.));
#2954 = CARTESIAN_POINT('',(-19.48125185459,-1.630648272896,18.));
#2955 = CARTESIAN_POINT('',(-19.46747657095,-1.576162303991,18.));
#2956 = CARTESIAN_POINT('',(-19.45369294097,-1.521643322458,18.));
#2957 = CARTESIAN_POINT('',(-19.43990096466,-1.467091328297,18.));
#2958 = CARTESIAN_POINT('',(-19.426100642,-1.412506321508,18.));
#2959 = CARTESIAN_POINT('',(-19.41229197301,-1.35788830209,18.));
#2960 = CARTESIAN_POINT('',(-19.29872387083,-4.667048140525,18.));
#2961 = CARTESIAN_POINT('',(-19.28849863322,-4.626629004544,18.));
#2962 = CARTESIAN_POINT('',(-19.27849575888,-4.587074702912,18.));
#2963 = CARTESIAN_POINT('',(-19.2686572427,-4.54815704838,18.));
#2964 = CARTESIAN_POINT('',(-19.25892360882,-4.509642420561,18.));
#2965 = CARTESIAN_POINT('',(-19.24924454661,-4.471334064138,18.));
#2966 = CARTESIAN_POINT('',(-19.23958959317,-4.43311456924,18.));
#2967 = CARTESIAN_POINT('',(-19.20043063293,-4.278092500709,18.));
#2968 = CARTESIAN_POINT('',(-19.17108060373,-4.161840404629,18.));
#2969 = CARTESIAN_POINT('',(-19.14151089147,-4.044657329681,18.));
#2970 = CARTESIAN_POINT('',(-19.1121489034,-3.928209495694,18.));
#2971 = CARTESIAN_POINT('',(-19.08268742108,-3.811285666277,18.));
#2972 = CARTESIAN_POINT('',(-19.0532742434,-3.694465096602,18.));
#2973 = CARTESIAN_POINT('',(-18.96592330417,-3.347270837155,18.));
#2974 = CARTESIAN_POINT('',(-18.9080195409,-3.116777125,18.));
#2975 = CARTESIAN_POINT('',(-18.85015367567,-2.886079095252,18.));
#2976 = CARTESIAN_POINT('',(-18.79232751442,-2.655167563786,18.));
#2977 = CARTESIAN_POINT('',(-18.73454267839,-2.424031645522,18.));
#2978 = CARTESIAN_POINT('',(-18.67680068508,-2.192659839012,18.));
#2979 = CARTESIAN_POINT('',(-18.60551824931,-1.906503293983,18.));
#2980 = CARTESIAN_POINT('',(-18.59193234395,-1.851963971672,18.));
#2981 = CARTESIAN_POINT('',(-18.57834500031,-1.797418875556,18.));
#2982 = CARTESIAN_POINT('',(-18.56475488946,-1.742862670705,18.));
#2983 = CARTESIAN_POINT('',(-18.55116068199,-1.688290020364,18.));
#2984 = CARTESIAN_POINT('',(-18.5375610476,-1.633695584211,18.));
#2985 = CARTESIAN_POINT('',(-18.5239546547,-1.579074016617,18.));
#2986 = CARTESIAN_POINT('',(-19.23407417371,-4.701624938758,
    17.079386100353));
#2987 = CARTESIAN_POINT('',(-19.22300549175,-4.658575619117,
    17.078798368886));
#2988 = CARTESIAN_POINT('',(-19.21219353529,-4.616474109722,
    17.078362464079));
#2989 = CARTESIAN_POINT('',(-19.20158956816,-4.575130101466,
    17.078079156592));
#2990 = CARTESIAN_POINT('',(-19.19114849402,-4.534371441617,
    17.077935590853));
#2991 = CARTESIAN_POINT('',(-19.18084273791,-4.494098086982,
    17.077907010525));
#2992 = CARTESIAN_POINT('',(-19.17067612784,-4.454336057064,
    17.077958483952));
#2993 = CARTESIAN_POINT('',(-19.13009871247,-4.29555914968,
    17.078316932271));
#2994 = CARTESIAN_POINT('',(-19.1002765959,-4.178723053075,
    17.07882307685));
#2995 = CARTESIAN_POINT('',(-19.07043799932,-4.061825999787,
    17.079113394563));
#2996 = CARTESIAN_POINT('',(-19.04082825702,-3.945713053243,
    17.079545932725));
#2997 = CARTESIAN_POINT('',(-19.01108922005,-3.829046141634,
    17.079914416612));
#2998 = CARTESIAN_POINT('',(-18.98137720321,-3.712405467489,
    17.080312020789));
#2999 = CARTESIAN_POINT('',(-18.89307022703,-3.365524409438,
    17.081496180668));
#3000 = CARTESIAN_POINT('',(-18.83447152715,-3.135056529892,
    17.0823006771));
#3001 = CARTESIAN_POINT('',(-18.77592063451,-2.904479226505,
    17.083122670235));
#3002 = CARTESIAN_POINT('',(-18.71740418072,-2.673726715136,
    17.08396352776));
#3003 = CARTESIAN_POINT('',(-18.6589135905,-2.442750913403,
    17.084824375554));
#3004 = CARTESIAN_POINT('',(-18.60046381488,-2.211594900676,
    17.085705474115));
#3005 = CARTESIAN_POINT('',(-18.52828979744,-1.925719781317,
    17.086820600007));
#3006 = CARTESIAN_POINT('',(-18.51452707023,-1.871206794188,
    17.08703324126));
#3007 = CARTESIAN_POINT('',(-18.50076305426,-1.81668870238,
    17.087245902424));
#3008 = CARTESIAN_POINT('',(-18.48699774952,-1.762165505894,
    17.087458583501));
#3009 = CARTESIAN_POINT('',(-18.47323115602,-1.707637204728,
    17.087671284489));
#3010 = CARTESIAN_POINT('',(-18.45946327376,-1.653103798884,
    17.08788400539));
#3011 = CARTESIAN_POINT('',(-18.44569410274,-1.598565288361,
    17.088096746203));
#3012 = ADVANCED_FACE('',(#3013,#3016),#3019,.F.);
#3013 = FACE_BOUND('',#3014,.F.);
#3014 = EDGE_LOOP('',(#3015));
#3015 = ORIENTED_EDGE('',*,*,#2688,.F.);
#3016 = FACE_BOUND('',#3017,.F.);
#3017 = EDGE_LOOP('',(#3018));
#3018 = ORIENTED_EDGE('',*,*,#2715,.F.);
#3019 = PLANE('',#3020);
#3020 = AXIS2_PLACEMENT_3D('',#3021,#3022,#3023);
#3021 = CARTESIAN_POINT('',(-18.00000000007,4.75,10.03));
#3022 = DIRECTION('',(1.,0.,0.));
#3023 = DIRECTION('',(0.,0.,1.));
#3024 = ( GEOMETRIC_REPRESENTATION_CONTEXT(3) 
GLOBAL_UNCERTAINTY_ASSIGNED_CONTEXT((#3028)) 
GLOBAL_UNIT_ASSIGNED_CONTEXT((#3025,#3026,#3027)) REPRESENTATION_CONTEXT
('Context #1','3D Context with UNIT and UNCERTAINTY') );
#3025 = ( LENGTH_UNIT() NAMED_UNIT(*) SI_UNIT(.MILLI.,.METRE.) );
#3026 = ( NAMED_UNIT(*) PLANE_ANGLE_UNIT() SI_UNIT($,.RADIAN.) );
#3027 = ( NAMED_UNIT(*) SI_UNIT($,.STERADIAN.) SOLID_ANGLE_UNIT() );
#3028 = UNCERTAINTY_MEASURE_WITH_UNIT(LENGTH_MEASURE(1.E-04),#3025,
  'distance_accuracy_value','confusion accuracy');
#3029 = PRODUCT_RELATED_PRODUCT_CATEGORY('part',$,(#7));
#3030 = MECHANICAL_DESIGN_GEOMETRIC_PRESENTATION_REPRESENTATION('',(
    #3031),#3024);
#3031 = STYLED_ITEM('color',(#3032),#15);
#3032 = PRESENTATION_STYLE_ASSIGNMENT((#3033,#3039));
#3033 = SURFACE_STYLE_USAGE(.BOTH.,#3034);
#3034 = SURFACE_SIDE_STYLE('',(#3035));
#3035 = SURFACE_STYLE_FILL_AREA(#3036);
#3036 = FILL_AREA_STYLE('',(#3037));
#3037 = FILL_AREA_STYLE_COLOUR('',#3038);
#3038 = COLOUR_RGB('',0.447058818107,0.474509808674,0.501960817233);
#3039 = CURVE_STYLE('',#3040,POSITIVE_LENGTH_MEASURE(0.1),#3041);
#3040 = DRAUGHTING_PRE_DEFINED_CURVE_FONT('continuous');
#3041 = COLOUR_RGB('',9.803921802644E-02,9.803921802644E-02,
  9.803921802644E-02);
ENDSEC;
END-ISO-10303-21;
