ISO-10303-21;
HEADER;
FILE_DESCRIPTION(('FreeCAD Model'),'2;1');
FILE_NAME('Open CASCADE Shape Model','2026-05-02T22:13:28',(''),(''),
  'Open CASCADE STEP processor 7.8','FreeCAD','Unknown');
FILE_SCHEMA(('AUTOMOTIVE_DESIGN { 1 0 10303 214 1 1 1 1 }'));
ENDSEC;
DATA;
#1 = APPLICATION_PROTOCOL_DEFINITION('international standard',
  'automotive_design',2000,#2);
#2 = APPLICATION_CONTEXT(
  'core data for automotive mechanical design processes');
#3 = SHAPE_DEFINITION_REPRESENTATION(#4,#10);
#4 = PRODUCT_DEFINITION_SHAPE('','',#5);
#5 = PRODUCT_DEFINITION('design','',#6,#9);
#6 = PRODUCT_DEFINITION_FORMATION('','',#7);
#7 = PRODUCT('Frame','Frame','',(#8));
#8 = PRODUCT_CONTEXT('',#2,'mechanical');
#9 = PRODUCT_DEFINITION_CONTEXT('part definition',#2,'design');
#10 = ADVANCED_BREP_SHAPE_REPRESENTATION('',(#11,#15),#9533);
#11 = AXIS2_PLACEMENT_3D('',#12,#13,#14);
#12 = CARTESIAN_POINT('',(0.,0.,0.));
#13 = DIRECTION('',(0.,0.,1.));
#14 = DIRECTION('',(1.,0.,-0.));
#15 = MANIFOLD_SOLID_BREP('',#16);
#16 = CLOSED_SHELL('',(#17,#2463,#2494,#2519,#2544,#2568,#2592,#2617,
    #2642,#2659,#2690,#2715,#2740,#2765,#2789,#2814,#2839,#2863,#2888,
    #2913,#2938,#2962,#2986,#3011,#3036,#3060,#3084,#3109,#3134,#3158,
    #3183,#3208,#3233,#3258,#3282,#3307,#3332,#3356,#3380,#3405,#3430,
    #3454,#3478,#3503,#3528,#3552,#3576,#3601,#3626,#3650,#3675,#3700,
    #3725,#3749,#3773,#3798,#3823,#3848,#3872,#3897,#3922,#3946,#3970,
    #3995,#4020,#4044,#4068,#4093,#4118,#4142,#4166,#4191,#4216,#4240,
    #4264,#4289,#4314,#4339,#4363,#4388,#4413,#4437,#4462,#4487,#4512,
    #4536,#4560,#4585,#4610,#4635,#4659,#4684,#4709,#4733,#4757,#4782,
    #4807,#4831,#4855,#4880,#4905,#4923,#4954,#4979,#5004,#5028,#5052,
    #5070,#5095,#5120,#5145,#5170,#5195,#5220,#5245,#5270,#5295,#5320,
    #5345,#5370,#5395,#5420,#5445,#5470,#5495,#5520,#5545,#5570,#5595,
    #5620,#5645,#5670,#5695,#5720,#5745,#5770,#5801,#5826,#5851,#5875,
    #5899,#5917,#5948,#5973,#5998,#6022,#6046,#6064,#6096,#6121,#6146,
    #6170,#6194,#6219,#6244,#6269,#6293,#6311,#6342,#6367,#6392,#6416,
    #6440,#6458,#6489,#6514,#6539,#6563,#6587,#6612,#6637,#6662,#6686,
    #6704,#6735,#6760,#6785,#6809,#6833,#6851,#6882,#6907,#6932,#6956,
    #6980,#6998,#7029,#7054,#7079,#7103,#7127,#7145,#7176,#7201,#7226,
    #7250,#7274,#7292,#7323,#7348,#7373,#7397,#7421,#7446,#7471,#7496,
    #7520,#7538,#7569,#7594,#7619,#7643,#7667,#7685,#7716,#7741,#7766,
    #7790,#7814,#7832,#7864,#7889,#7914,#7938,#7962,#7987,#8012,#8036,
    #8060,#8078,#8109,#8134,#8159,#8183,#8207,#8232,#8257,#8282,#8306,
    #8324,#8355,#8380,#8405,#8429,#8453,#8478,#8503,#8527,#8551,#8569,
    #8600,#8625,#8650,#8674,#8698,#8723,#8748,#8765,#8796,#8821,#8846,
    #8870,#8894,#8919,#8944,#8961,#8992,#9017,#9042,#9066,#9090,#9115,
    #9140,#9157));
#17 = ADVANCED_FACE('',(#18,#88,#882,#935,#946,#957,#968,#979,#990,#1001
    ,#1012,#1023,#1034,#1045,#1056,#1067,#1078,#1089,#1100,#1111,#1122,
    #1133,#1144,#1155,#1166,#1177,#1188,#1199,#1210,#1221,#1232,#1243,
    #1296,#1349,#1438,#1491,#1579,#1632,#1685,#1738,#1791,#1879,#1932,
    #1985,#2073,#2161,#2248,#2318,#2388),#2458,.F.);
#18 = FACE_BOUND('',#19,.F.);
#19 = EDGE_LOOP('',(#20,#30,#39,#47,#56,#64,#73,#81));
#20 = ORIENTED_EDGE('',*,*,#21,.T.);
#21 = EDGE_CURVE('',#22,#24,#26,.T.);
#22 = VERTEX_POINT('',#23);
#23 = CARTESIAN_POINT('',(-52.53192008048,-39.02522118004,0.));
#24 = VERTEX_POINT('',#25);
#25 = CARTESIAN_POINT('',(-52.44201989096,-37.20600043013,0.));
#26 = LINE('',#27,#28);
#27 = CARTESIAN_POINT('',(-52.57333521761,-39.86329813203,0.));
#28 = VECTOR('',#29,1.);
#29 = DIRECTION('',(4.935663845666E-02,0.998781218406,0.));
#30 = ORIENTED_EDGE('',*,*,#31,.T.);
#31 = EDGE_CURVE('',#24,#32,#34,.T.);
#32 = VERTEX_POINT('',#33);
#33 = CARTESIAN_POINT('',(-51.39388189241,-36.25657585718,0.));
#34 = CIRCLE('',#35,1.);
#35 = AXIS2_PLACEMENT_3D('',#36,#37,#38);
#36 = CARTESIAN_POINT('',(-51.44323867255,-37.25535706858,0.));
#37 = DIRECTION('',(-0.,-0.,-1.));
#38 = DIRECTION('',(0.,-1.,0.));
#39 = ORIENTED_EDGE('',*,*,#40,.T.);
#40 = EDGE_CURVE('',#32,#41,#43,.T.);
#41 = VERTEX_POINT('',#42);
#42 = CARTESIAN_POINT('',(-49.22581958117,-36.36371501199,0.));
#43 = LINE('',#44,#45);
#44 = CARTESIAN_POINT('',(-52.3926632455,-36.20721907003,0.));
#45 = VECTOR('',#46,1.);
#46 = DIRECTION('',(0.998781211404,-4.935678014257E-02,0.));
#47 = ORIENTED_EDGE('',*,*,#48,.T.);
#48 = EDGE_CURVE('',#41,#49,#51,.T.);
#49 = VERTEX_POINT('',#50);
#50 = CARTESIAN_POINT('',(-48.30013956419,-37.58453956207,0.));
#51 = CIRCLE('',#52,1.);
#52 = AXIS2_PLACEMENT_3D('',#53,#54,#55);
#53 = CARTESIAN_POINT('',(-49.27517636131,-37.36249622339,0.));
#54 = DIRECTION('',(-0.,-0.,-1.));
#55 = DIRECTION('',(0.,-1.,0.));
#56 = ORIENTED_EDGE('',*,*,#57,.T.);
#57 = EDGE_CURVE('',#49,#58,#60,.T.);
#58 = VERTEX_POINT('',#59);
#59 = CARTESIAN_POINT('',(-48.78213083516,-39.7010598229,0.));
#60 = LINE('',#61,#62);
#61 = CARTESIAN_POINT('',(-48.03551865572,-36.42253612357,0.));
#62 = VECTOR('',#63,1.);
#63 = DIRECTION('',(-0.222043338679,-0.975036797125,0.));
#64 = ORIENTED_EDGE('',*,*,#65,.F.);
#65 = EDGE_CURVE('',#66,#58,#68,.T.);
#66 = VERTEX_POINT('',#67);
#67 = CARTESIAN_POINT('',(-49.97921097097,-40.45405328134,0.));
#68 = CIRCLE('',#69,1.);
#69 = AXIS2_PLACEMENT_3D('',#70,#71,#72);
#70 = CARTESIAN_POINT('',(-49.75716763229,-39.47901648422,0.));
#71 = DIRECTION('',(-0.,0.,1.));
#72 = DIRECTION('',(0.,-1.,0.));
#73 = ORIENTED_EDGE('',*,*,#74,.T.);
#74 = EDGE_CURVE('',#66,#75,#77,.T.);
#75 = VERTEX_POINT('',#76);
#76 = CARTESIAN_POINT('',(-51.75518220075,-40.04961461562,0.));
#77 = LINE('',#78,#79);
#78 = CARTESIAN_POINT('',(-49.00417417384,-40.67609662002,0.));
#79 = VECTOR('',#80,1.);
#80 = DIRECTION('',(-0.975036797125,0.222043338679,0.));
#81 = ORIENTED_EDGE('',*,*,#82,.F.);
#82 = EDGE_CURVE('',#22,#75,#83,.T.);
#83 = CIRCLE('',#84,1.);
#84 = AXIS2_PLACEMENT_3D('',#85,#86,#87);
#85 = CARTESIAN_POINT('',(-51.53313886208,-39.0745778185,0.));
#86 = DIRECTION('',(-0.,0.,1.));
#87 = DIRECTION('',(0.,-1.,0.));
#88 = FACE_BOUND('',#89,.F.);
#89 = EDGE_LOOP('',(#90,#100,#109,#117,#126,#135,#144,#152,#161,#169,
    #178,#187,#196,#204,#213,#221,#230,#238,#247,#255,#264,#273,#282,
    #290,#299,#307,#316,#324,#333,#341,#350,#358,#367,#375,#384,#392,
    #401,#410,#419,#427,#436,#444,#453,#461,#470,#478,#487,#496,#505,
    #513,#522,#530,#539,#548,#557,#565,#574,#582,#591,#600,#609,#617,
    #626,#634,#643,#651,#660,#668,#677,#686,#695,#703,#712,#720,#729,
    #737,#746,#754,#763,#771,#780,#789,#798,#806,#815,#823,#832,#840,
    #849,#857,#866,#875));
#90 = ORIENTED_EDGE('',*,*,#91,.T.);
#91 = EDGE_CURVE('',#92,#94,#96,.T.);
#92 = VERTEX_POINT('',#93);
#93 = CARTESIAN_POINT('',(39.572221597542,-27.43831501204,0.));
#94 = VERTEX_POINT('',#95);
#95 = CARTESIAN_POINT('',(19.732384839107,-11.67976777067,0.));
#96 = LINE('',#97,#98);
#97 = CARTESIAN_POINT('',(41.155490138745,-28.69588645308,0.));
#98 = VECTOR('',#99,1.);
#99 = DIRECTION('',(-0.783045822587,0.621964018033,0.));
#100 = ORIENTED_EDGE('',*,*,#101,.T.);
#101 = EDGE_CURVE('',#94,#102,#104,.T.);
#102 = VERTEX_POINT('',#103);
#103 = CARTESIAN_POINT('',(18.031222920257,-8.15606156903,0.));
#104 = CIRCLE('',#105,4.5);
#105 = AXIS2_PLACEMENT_3D('',#106,#107,#108);
#106 = CARTESIAN_POINT('',(22.531222920257,-8.15606156903,0.));
#107 = DIRECTION('',(-0.,-0.,-1.));
#108 = DIRECTION('',(0.,-1.,0.));
#109 = ORIENTED_EDGE('',*,*,#110,.F.);
#110 = EDGE_CURVE('',#111,#102,#113,.T.);
#111 = VERTEX_POINT('',#112);
#112 = CARTESIAN_POINT('',(18.031222920257,-3.919183588453,0.));
#113 = LINE('',#114,#115);
#114 = CARTESIAN_POINT('',(18.031222920257,-2.4,0.));
#115 = VECTOR('',#116,1.);
#116 = DIRECTION('',(0.,-1.,0.));
#117 = ORIENTED_EDGE('',*,*,#118,.T.);
#118 = EDGE_CURVE('',#111,#119,#121,.T.);
#119 = VERTEX_POINT('',#120);
#120 = CARTESIAN_POINT('',(19.122132011166,-2.137736502793,0.));
#121 = CIRCLE('',#122,2.);
#122 = AXIS2_PLACEMENT_3D('',#123,#124,#125);
#123 = CARTESIAN_POINT('',(20.031222920257,-3.919183588453,0.));
#124 = DIRECTION('',(-0.,-0.,-1.));
#125 = DIRECTION('',(0.,-1.,0.));
#126 = ORIENTED_EDGE('',*,*,#127,.T.);
#127 = EDGE_CURVE('',#119,#128,#130,.T.);
#128 = VERTEX_POINT('',#129);
#129 = CARTESIAN_POINT('',(19.122132011166,2.137736502793,0.));
#130 = CIRCLE('',#131,2.4);
#131 = AXIS2_PLACEMENT_3D('',#132,#133,#134);
#132 = CARTESIAN_POINT('',(18.031222920257,0.,0.));
#133 = DIRECTION('',(0.,0.,1.));
#134 = DIRECTION('',(1.,0.,0.));
#135 = ORIENTED_EDGE('',*,*,#136,.T.);
#136 = EDGE_CURVE('',#128,#137,#139,.T.);
#137 = VERTEX_POINT('',#138);
#138 = CARTESIAN_POINT('',(18.031222920257,3.919183588453,0.));
#139 = CIRCLE('',#140,2.);
#140 = AXIS2_PLACEMENT_3D('',#141,#142,#143);
#141 = CARTESIAN_POINT('',(20.031222920257,3.919183588453,0.));
#142 = DIRECTION('',(-0.,-0.,-1.));
#143 = DIRECTION('',(0.,-1.,0.));
#144 = ORIENTED_EDGE('',*,*,#145,.F.);
#145 = EDGE_CURVE('',#146,#137,#148,.T.);
#146 = VERTEX_POINT('',#147);
#147 = CARTESIAN_POINT('',(18.031222920257,8.156061568164,0.));
#148 = LINE('',#149,#150);
#149 = CARTESIAN_POINT('',(18.031222920257,10.328555015833,0.));
#150 = VECTOR('',#151,1.);
#151 = DIRECTION('',(0.,-1.,0.));
#152 = ORIENTED_EDGE('',*,*,#153,.T.);
#153 = EDGE_CURVE('',#146,#154,#156,.T.);
#154 = VERTEX_POINT('',#155);
#155 = CARTESIAN_POINT('',(19.732384839019,11.679767769739,0.));
#156 = CIRCLE('',#157,4.5);
#157 = AXIS2_PLACEMENT_3D('',#158,#159,#160);
#158 = CARTESIAN_POINT('',(22.531222920257,8.156061568164,0.));
#159 = DIRECTION('',(-0.,-0.,-1.));
#160 = DIRECTION('',(0.,-1.,0.));
#161 = ORIENTED_EDGE('',*,*,#162,.T.);
#162 = EDGE_CURVE('',#154,#163,#165,.T.);
#163 = VERTEX_POINT('',#164);
#164 = CARTESIAN_POINT('',(39.572221597536,27.438315011977,0.));
#165 = LINE('',#166,#167);
#166 = CARTESIAN_POINT('',(18.031222920257,10.328555015833,0.));
#167 = VECTOR('',#168,1.);
#168 = DIRECTION('',(0.783045822572,0.621964018053,0.));
#169 = ORIENTED_EDGE('',*,*,#170,.T.);
#170 = EDGE_CURVE('',#163,#171,#173,.T.);
#171 = VERTEX_POINT('',#172);
#172 = CARTESIAN_POINT('',(42.626958436564,27.843564604477,0.));
#173 = CIRCLE('',#174,3.);
#174 = AXIS2_PLACEMENT_3D('',#175,#176,#177);
#175 = CARTESIAN_POINT('',(41.438113651694,25.089177544261,0.));
#176 = DIRECTION('',(-0.,-0.,-1.));
#177 = DIRECTION('',(0.,-1.,0.));
#178 = ORIENTED_EDGE('',*,*,#179,.T.);
#179 = EDGE_CURVE('',#171,#180,#182,.T.);
#180 = VERTEX_POINT('',#181);
#181 = CARTESIAN_POINT('',(44.457155535137,27.32539370961,0.));
#182 = CIRCLE('',#183,7.25);
#183 = AXIS2_PLACEMENT_3D('',#184,#185,#186);
#184 = CARTESIAN_POINT('',(45.5,34.5,0.));
#185 = DIRECTION('',(0.,0.,1.));
#186 = DIRECTION('',(1.,0.,0.));
#187 = ORIENTED_EDGE('',*,*,#188,.T.);
#188 = EDGE_CURVE('',#180,#189,#191,.T.);
#189 = VERTEX_POINT('',#190);
#190 = CARTESIAN_POINT('',(46.701261822741,27.903686398809,0.));
#191 = CIRCLE('',#192,3.);
#192 = AXIS2_PLACEMENT_3D('',#193,#194,#195);
#193 = CARTESIAN_POINT('',(44.888677382666,30.29419631253,0.));
#194 = DIRECTION('',(-0.,0.,1.));
#195 = DIRECTION('',(0.,-1.,0.));
#196 = ORIENTED_EDGE('',*,*,#197,.T.);
#197 = EDGE_CURVE('',#189,#198,#200,.T.);
#198 = VERTEX_POINT('',#199);
#199 = CARTESIAN_POINT('',(53.092478458998,32.749773738388,0.));
#200 = LINE('',#201,#202);
#201 = CARTESIAN_POINT('',(45.850322679849,27.258468806945,0.));
#202 = VECTOR('',#203,1.);
#203 = DIRECTION('',(0.796836637907,0.604194813358,0.));
#204 = ORIENTED_EDGE('',*,*,#205,.T.);
#205 = EDGE_CURVE('',#198,#206,#208,.T.);
#206 = VERTEX_POINT('',#207);
#207 = CARTESIAN_POINT('',(54.277740825365,35.253925744269,0.));
#208 = CIRCLE('',#209,3.);
#209 = AXIS2_PLACEMENT_3D('',#210,#211,#212);
#210 = CARTESIAN_POINT('',(51.279894018924,35.14028365211,0.));
#211 = DIRECTION('',(-0.,0.,1.));
#212 = DIRECTION('',(0.,-1.,0.));
#213 = ORIENTED_EDGE('',*,*,#214,.T.);
#214 = EDGE_CURVE('',#206,#215,#217,.T.);
#215 = VERTEX_POINT('',#216);
#216 = CARTESIAN_POINT('',(54.139842736358,38.891639006052,0.));
#217 = LINE('',#218,#219);
#218 = CARTESIAN_POINT('',(54.336899154099,33.693345474234,0.));
#219 = VECTOR('',#220,1.);
#220 = DIRECTION('',(-3.788069738642E-02,0.999282268814,0.));
#221 = ORIENTED_EDGE('',*,*,#222,.T.);
#222 = EDGE_CURVE('',#215,#223,#225,.T.);
#223 = VERTEX_POINT('',#224);
#224 = CARTESIAN_POINT('',(52.060531288911,41.6339193208,0.));
#225 = CIRCLE('',#226,3.);
#226 = AXIS2_PLACEMENT_3D('',#227,#228,#229);
#227 = CARTESIAN_POINT('',(51.141995929917,38.777996913893,0.));
#228 = DIRECTION('',(-0.,0.,1.));
#229 = DIRECTION('',(0.,-1.,0.));
#230 = ORIENTED_EDGE('',*,*,#231,.F.);
#231 = EDGE_CURVE('',#232,#223,#234,.T.);
#232 = VERTEX_POINT('',#233);
#233 = CARTESIAN_POINT('',(48.595035056112,42.748508715312,0.));
#234 = LINE('',#235,#236);
#235 = CARTESIAN_POINT('',(47.108335952144,43.226667957972,0.));
#236 = VECTOR('',#237,1.);
#237 = DIRECTION('',(0.951974135636,-0.306178452998,0.));
#238 = ORIENTED_EDGE('',*,*,#239,.T.);
#239 = EDGE_CURVE('',#232,#240,#242,.T.);
#240 = VERTEX_POINT('',#241);
#241 = CARTESIAN_POINT('',(45.863915257043,42.283096222126,0.));
#242 = CIRCLE('',#243,3.);
#243 = AXIS2_PLACEMENT_3D('',#244,#245,#246);
#244 = CARTESIAN_POINT('',(47.676499697117,39.892586308405,0.));
#245 = DIRECTION('',(-0.,0.,1.));
#246 = DIRECTION('',(0.,-1.,0.));
#247 = ORIENTED_EDGE('',*,*,#248,.F.);
#248 = EDGE_CURVE('',#249,#240,#251,.T.);
#249 = VERTEX_POINT('',#250);
#250 = CARTESIAN_POINT('',(39.472698620786,37.437008882547,0.));
#251 = LINE('',#252,#253);
#252 = CARTESIAN_POINT('',(38.621759477893,36.791791290683,0.));
#253 = VECTOR('',#254,1.);
#254 = DIRECTION('',(0.796836637907,0.604194813358,0.));
#255 = ORIENTED_EDGE('',*,*,#256,.T.);
#256 = EDGE_CURVE('',#249,#257,#259,.T.);
#257 = VERTEX_POINT('',#258);
#258 = CARTESIAN_POINT('',(38.310188750879,35.432262946819,0.));
#259 = CIRCLE('',#260,3.);
#260 = AXIS2_PLACEMENT_3D('',#261,#262,#263);
#261 = CARTESIAN_POINT('',(41.28528306086,35.046498968825,0.));
#262 = DIRECTION('',(-0.,0.,1.));
#263 = DIRECTION('',(0.,-1.,0.));
#264 = ORIENTED_EDGE('',*,*,#265,.T.);
#265 = EDGE_CURVE('',#257,#266,#268,.T.);
#266 = VERTEX_POINT('',#267);
#267 = CARTESIAN_POINT('',(38.315272999788,33.529331193237,0.));
#268 = CIRCLE('',#269,7.25);
#269 = AXIS2_PLACEMENT_3D('',#270,#271,#272);
#270 = CARTESIAN_POINT('',(45.5,34.5,0.));
#271 = DIRECTION('',(0.,0.,1.));
#272 = DIRECTION('',(1.,0.,0.));
#273 = ORIENTED_EDGE('',*,*,#274,.T.);
#274 = EDGE_CURVE('',#266,#275,#277,.T.);
#275 = VERTEX_POINT('',#276);
#276 = CARTESIAN_POINT('',(37.101854437466,30.697879535529,0.));
#277 = CIRCLE('',#278,3.);
#278 = AXIS2_PLACEMENT_3D('',#279,#280,#281);
#279 = CARTESIAN_POINT('',(35.342282516941,33.127675135266,0.));
#280 = DIRECTION('',(-0.,-0.,-1.));
#281 = DIRECTION('',(0.,-1.,0.));
#282 = ORIENTED_EDGE('',*,*,#283,.T.);
#283 = EDGE_CURVE('',#275,#284,#286,.T.);
#284 = VERTEX_POINT('',#285);
#285 = CARTESIAN_POINT('',(18.139357880787,16.965911098433,0.));
#286 = LINE('',#287,#288);
#287 = CARTESIAN_POINT('',(38.738710885313,31.883233004715,0.));
#288 = VECTOR('',#289,1.);
#289 = DIRECTION('',(-0.809931866579,-0.586523973508,0.));
#290 = ORIENTED_EDGE('',*,*,#291,.T.);
#291 = EDGE_CURVE('',#284,#292,#294,.T.);
#292 = VERTEX_POINT('',#293);
#293 = CARTESIAN_POINT('',(11.,20.610604498038,0.));
#294 = CIRCLE('',#295,4.5);
#295 = AXIS2_PLACEMENT_3D('',#296,#297,#298);
#296 = CARTESIAN_POINT('',(15.5,20.610604498038,0.));
#297 = DIRECTION('',(-0.,-0.,-1.));
#298 = DIRECTION('',(0.,-1.,0.));
#299 = ORIENTED_EDGE('',*,*,#300,.T.);
#300 = EDGE_CURVE('',#292,#301,#303,.T.);
#301 = VERTEX_POINT('',#302);
#302 = CARTESIAN_POINT('',(11.,30.647650044578,0.));
#303 = LINE('',#304,#305);
#304 = CARTESIAN_POINT('',(11.,11.795840966208,0.));
#305 = VECTOR('',#306,1.);
#306 = DIRECTION('',(-9.E-17,1.,0.));
#307 = ORIENTED_EDGE('',*,*,#308,.T.);
#308 = EDGE_CURVE('',#301,#309,#311,.T.);
#309 = VERTEX_POINT('',#310);
#310 = CARTESIAN_POINT('',(10.879586846978,31.331136170748,0.));
#311 = CIRCLE('',#312,2.);
#312 = AXIS2_PLACEMENT_3D('',#313,#314,#315);
#313 = CARTESIAN_POINT('',(9.,30.647650044578,0.));
#314 = DIRECTION('',(-0.,0.,1.));
#315 = DIRECTION('',(0.,-1.,0.));
#316 = ORIENTED_EDGE('',*,*,#317,.F.);
#317 = EDGE_CURVE('',#318,#309,#320,.T.);
#318 = VERTEX_POINT('',#319);
#319 = CARTESIAN_POINT('',(7.478732317754,40.68348612617,0.));
#320 = LINE('',#321,#322);
#321 = CARTESIAN_POINT('',(7.,42.,0.));
#322 = VECTOR('',#323,1.);
#323 = DIRECTION('',(0.341743063085,-0.939793423489,0.));
#324 = ORIENTED_EDGE('',*,*,#325,.T.);
#325 = EDGE_CURVE('',#318,#326,#328,.T.);
#326 = VERTEX_POINT('',#327);
#327 = CARTESIAN_POINT('',(5.599145470775,42.,0.));
#328 = CIRCLE('',#329,2.);
#329 = AXIS2_PLACEMENT_3D('',#330,#331,#332);
#330 = CARTESIAN_POINT('',(5.599145470775,40.,0.));
#331 = DIRECTION('',(-0.,0.,1.));
#332 = DIRECTION('',(0.,-1.,0.));
#333 = ORIENTED_EDGE('',*,*,#334,.F.);
#334 = EDGE_CURVE('',#335,#326,#337,.T.);
#335 = VERTEX_POINT('',#336);
#336 = CARTESIAN_POINT('',(-5.599145470778,42.,0.));
#337 = LINE('',#338,#339);
#338 = CARTESIAN_POINT('',(-7.,42.,0.));
#339 = VECTOR('',#340,1.);
#340 = DIRECTION('',(1.,0.,0.));
#341 = ORIENTED_EDGE('',*,*,#342,.T.);
#342 = EDGE_CURVE('',#335,#343,#345,.T.);
#343 = VERTEX_POINT('',#344);
#344 = CARTESIAN_POINT('',(-7.478732317755,40.683486126173,0.));
#345 = CIRCLE('',#346,2.);
#346 = AXIS2_PLACEMENT_3D('',#347,#348,#349);
#347 = CARTESIAN_POINT('',(-5.599145470778,40.,0.));
#348 = DIRECTION('',(-0.,0.,1.));
#349 = DIRECTION('',(0.,-1.,0.));
#350 = ORIENTED_EDGE('',*,*,#351,.T.);
#351 = EDGE_CURVE('',#343,#352,#354,.T.);
#352 = VERTEX_POINT('',#353);
#353 = CARTESIAN_POINT('',(-10.87958684697,31.331136170814,0.));
#354 = LINE('',#355,#356);
#355 = CARTESIAN_POINT('',(-7.,42.,0.));
#356 = VECTOR('',#357,1.);
#357 = DIRECTION('',(-0.341743063087,-0.939793423488,0.));
#358 = ORIENTED_EDGE('',*,*,#359,.T.);
#359 = EDGE_CURVE('',#352,#360,#362,.T.);
#360 = VERTEX_POINT('',#361);
#361 = CARTESIAN_POINT('',(-11.,30.64765004464,0.));
#362 = CIRCLE('',#363,2.);
#363 = AXIS2_PLACEMENT_3D('',#364,#365,#366);
#364 = CARTESIAN_POINT('',(-9.,30.64765004464,0.));
#365 = DIRECTION('',(-0.,0.,1.));
#366 = DIRECTION('',(0.,-1.,0.));
#367 = ORIENTED_EDGE('',*,*,#368,.T.);
#368 = EDGE_CURVE('',#360,#369,#371,.T.);
#369 = VERTEX_POINT('',#370);
#370 = CARTESIAN_POINT('',(-11.,20.610604498038,0.));
#371 = LINE('',#372,#373);
#372 = CARTESIAN_POINT('',(-11.,31.,0.));
#373 = VECTOR('',#374,1.);
#374 = DIRECTION('',(0.,-1.,0.));
#375 = ORIENTED_EDGE('',*,*,#376,.T.);
#376 = EDGE_CURVE('',#369,#377,#379,.T.);
#377 = VERTEX_POINT('',#378);
#378 = CARTESIAN_POINT('',(-18.13935788078,16.965911098433,0.));
#379 = CIRCLE('',#380,4.5);
#380 = AXIS2_PLACEMENT_3D('',#381,#382,#383);
#381 = CARTESIAN_POINT('',(-15.5,20.610604498038,0.));
#382 = DIRECTION('',(-0.,-0.,-1.));
#383 = DIRECTION('',(0.,-1.,0.));
#384 = ORIENTED_EDGE('',*,*,#385,.F.);
#385 = EDGE_CURVE('',#386,#377,#388,.T.);
#386 = VERTEX_POINT('',#387);
#387 = CARTESIAN_POINT('',(-37.10185443746,30.697879535529,0.));
#388 = LINE('',#389,#390);
#389 = CARTESIAN_POINT('',(-38.73871088531,31.883233004715,0.));
#390 = VECTOR('',#391,1.);
#391 = DIRECTION('',(0.809931866579,-0.586523973508,0.));
#392 = ORIENTED_EDGE('',*,*,#393,.T.);
#393 = EDGE_CURVE('',#386,#394,#396,.T.);
#394 = VERTEX_POINT('',#395);
#395 = CARTESIAN_POINT('',(-38.31527299978,33.529331193237,0.));
#396 = CIRCLE('',#397,3.);
#397 = AXIS2_PLACEMENT_3D('',#398,#399,#400);
#398 = CARTESIAN_POINT('',(-35.34228251694,33.127675135266,0.));
#399 = DIRECTION('',(-0.,-0.,-1.));
#400 = DIRECTION('',(0.,-1.,0.));
#401 = ORIENTED_EDGE('',*,*,#402,.T.);
#402 = EDGE_CURVE('',#394,#403,#405,.T.);
#403 = VERTEX_POINT('',#404);
#404 = CARTESIAN_POINT('',(-38.31980573517,35.503648503925,0.));
#405 = CIRCLE('',#406,7.25);
#406 = AXIS2_PLACEMENT_3D('',#407,#408,#409);
#407 = CARTESIAN_POINT('',(-45.5,34.5,0.));
#408 = DIRECTION('',(0.,0.,1.));
#409 = DIRECTION('',(1.,0.,0.));
#410 = ORIENTED_EDGE('',*,*,#411,.T.);
#411 = EDGE_CURVE('',#403,#412,#414,.T.);
#412 = VERTEX_POINT('',#413);
#413 = CARTESIAN_POINT('',(-39.4783361633,37.478855588436,0.));
#414 = CIRCLE('',#415,3.);
#415 = AXIS2_PLACEMENT_3D('',#416,#417,#418);
#416 = CARTESIAN_POINT('',(-41.29092060338,35.088345674714,0.));
#417 = DIRECTION('',(-0.,0.,1.));
#418 = DIRECTION('',(0.,-1.,0.));
#419 = ORIENTED_EDGE('',*,*,#420,.T.);
#420 = EDGE_CURVE('',#412,#421,#423,.T.);
#421 = VERTEX_POINT('',#422);
#422 = CARTESIAN_POINT('',(-45.82912198852,42.294286598767,0.));
#423 = LINE('',#424,#425);
#424 = CARTESIAN_POINT('',(-38.63878631017,36.842273831662,0.));
#425 = VECTOR('',#426,1.);
#426 = DIRECTION('',(-0.796836637907,0.604194813358,0.));
#427 = ORIENTED_EDGE('',*,*,#428,.T.);
#428 = EDGE_CURVE('',#421,#429,#431,.T.);
#429 = VERTEX_POINT('',#430);
#430 = CARTESIAN_POINT('',(-48.56024178759,42.759699091953,0.));
#431 = CIRCLE('',#432,3.);
#432 = AXIS2_PLACEMENT_3D('',#433,#434,#435);
#433 = CARTESIAN_POINT('',(-47.6417064286,39.903776685045,0.));
#434 = DIRECTION('',(-0.,0.,1.));
#435 = DIRECTION('',(0.,-1.,0.));
#436 = ORIENTED_EDGE('',*,*,#437,.T.);
#437 = EDGE_CURVE('',#429,#438,#440,.T.);
#438 = VERTEX_POINT('',#439);
#439 = CARTESIAN_POINT('',(-52.06053128891,41.6339193208,0.));
#440 = LINE('',#441,#442);
#441 = CARTESIAN_POINT('',(-47.07354268362,43.237858334612,0.));
#442 = VECTOR('',#443,1.);
#443 = DIRECTION('',(-0.951974135636,-0.306178452998,0.));
#444 = ORIENTED_EDGE('',*,*,#445,.T.);
#445 = EDGE_CURVE('',#438,#446,#448,.T.);
#446 = VERTEX_POINT('',#447);
#447 = CARTESIAN_POINT('',(-54.13984273635,38.891639006052,0.));
#448 = CIRCLE('',#449,3.);
#449 = AXIS2_PLACEMENT_3D('',#450,#451,#452);
#450 = CARTESIAN_POINT('',(-51.14199592991,38.777996913893,0.));
#451 = DIRECTION('',(-0.,0.,1.));
#452 = DIRECTION('',(0.,-1.,0.));
#453 = ORIENTED_EDGE('',*,*,#454,.F.);
#454 = EDGE_CURVE('',#455,#446,#457,.T.);
#455 = VERTEX_POINT('',#456);
#456 = CARTESIAN_POINT('',(-54.27912530969,35.217403432367,0.));
#457 = LINE('',#458,#459);
#458 = CARTESIAN_POINT('',(-54.33828363843,33.656823162332,0.));
#459 = VECTOR('',#460,1.);
#460 = DIRECTION('',(3.788069738642E-02,0.999282268814,0.));
#461 = ORIENTED_EDGE('',*,*,#462,.T.);
#462 = EDGE_CURVE('',#455,#463,#465,.T.);
#463 = VERTEX_POINT('',#464);
#464 = CARTESIAN_POINT('',(-53.09386294333,32.713251426487,0.));
#465 = CIRCLE('',#466,3.);
#466 = AXIS2_PLACEMENT_3D('',#467,#468,#469);
#467 = CARTESIAN_POINT('',(-51.28127850325,35.103761340208,0.));
#468 = DIRECTION('',(-0.,0.,1.));
#469 = DIRECTION('',(0.,-1.,0.));
#470 = ORIENTED_EDGE('',*,*,#471,.F.);
#471 = EDGE_CURVE('',#472,#463,#474,.T.);
#472 = VERTEX_POINT('',#473);
#473 = CARTESIAN_POINT('',(-46.74307711811,27.897820416156,0.));
#474 = LINE('',#475,#476);
#475 = CARTESIAN_POINT('',(-45.90352726497,27.261238659382,0.));
#476 = VECTOR('',#477,1.);
#477 = DIRECTION('',(-0.796836637907,0.604194813358,0.));
#478 = ORIENTED_EDGE('',*,*,#479,.T.);
#479 = EDGE_CURVE('',#472,#480,#482,.T.);
#480 = VERTEX_POINT('',#481);
#481 = CARTESIAN_POINT('',(-44.52848750959,27.31538703332,0.));
#482 = CIRCLE('',#483,3.);
#483 = AXIS2_PLACEMENT_3D('',#484,#485,#486);
#484 = CARTESIAN_POINT('',(-44.93049267803,30.288330329877,0.));
#485 = DIRECTION('',(-0.,0.,1.));
#486 = DIRECTION('',(0.,-1.,0.));
#487 = ORIENTED_EDGE('',*,*,#488,.T.);
#488 = EDGE_CURVE('',#480,#489,#491,.T.);
#489 = VERTEX_POINT('',#490);
#490 = CARTESIAN_POINT('',(-42.62695843656,27.843564604477,0.));
#491 = CIRCLE('',#492,7.25);
#492 = AXIS2_PLACEMENT_3D('',#493,#494,#495);
#493 = CARTESIAN_POINT('',(-45.5,34.5,0.));
#494 = DIRECTION('',(0.,0.,1.));
#495 = DIRECTION('',(1.,0.,0.));
#496 = ORIENTED_EDGE('',*,*,#497,.T.);
#497 = EDGE_CURVE('',#489,#498,#500,.T.);
#498 = VERTEX_POINT('',#499);
#499 = CARTESIAN_POINT('',(-39.57222159753,27.438315011977,0.));
#500 = CIRCLE('',#501,3.);
#501 = AXIS2_PLACEMENT_3D('',#502,#503,#504);
#502 = CARTESIAN_POINT('',(-41.43811365169,25.089177544261,0.));
#503 = DIRECTION('',(-0.,-0.,-1.));
#504 = DIRECTION('',(0.,-1.,0.));
#505 = ORIENTED_EDGE('',*,*,#506,.T.);
#506 = EDGE_CURVE('',#498,#507,#509,.T.);
#507 = VERTEX_POINT('',#508);
#508 = CARTESIAN_POINT('',(-19.73238483901,11.679767769739,0.));
#509 = LINE('',#510,#511);
#510 = CARTESIAN_POINT('',(-41.15549013874,28.695886453087,0.));
#511 = VECTOR('',#512,1.);
#512 = DIRECTION('',(0.783045822572,-0.621964018053,0.));
#513 = ORIENTED_EDGE('',*,*,#514,.T.);
#514 = EDGE_CURVE('',#507,#515,#517,.T.);
#515 = VERTEX_POINT('',#516);
#516 = CARTESIAN_POINT('',(-18.03122292025,8.156061568164,0.));
#517 = CIRCLE('',#518,4.5);
#518 = AXIS2_PLACEMENT_3D('',#519,#520,#521);
#519 = CARTESIAN_POINT('',(-22.53122292025,8.156061568164,0.));
#520 = DIRECTION('',(-0.,-0.,-1.));
#521 = DIRECTION('',(0.,-1.,0.));
#522 = ORIENTED_EDGE('',*,*,#523,.F.);
#523 = EDGE_CURVE('',#524,#515,#526,.T.);
#524 = VERTEX_POINT('',#525);
#525 = CARTESIAN_POINT('',(-18.03122292025,3.919183588453,0.));
#526 = LINE('',#527,#528);
#527 = CARTESIAN_POINT('',(-18.03122292025,2.4,0.));
#528 = VECTOR('',#529,1.);
#529 = DIRECTION('',(0.,1.,0.));
#530 = ORIENTED_EDGE('',*,*,#531,.F.);
#531 = EDGE_CURVE('',#532,#524,#534,.T.);
#532 = VERTEX_POINT('',#533);
#533 = CARTESIAN_POINT('',(-19.12213201116,2.137736502793,0.));
#534 = CIRCLE('',#535,2.);
#535 = AXIS2_PLACEMENT_3D('',#536,#537,#538);
#536 = CARTESIAN_POINT('',(-20.03122292025,3.919183588453,0.));
#537 = DIRECTION('',(-0.,0.,1.));
#538 = DIRECTION('',(0.,-1.,0.));
#539 = ORIENTED_EDGE('',*,*,#540,.T.);
#540 = EDGE_CURVE('',#532,#541,#543,.T.);
#541 = VERTEX_POINT('',#542);
#542 = CARTESIAN_POINT('',(-19.12213201116,-2.137736502793,0.));
#543 = CIRCLE('',#544,2.4);
#544 = AXIS2_PLACEMENT_3D('',#545,#546,#547);
#545 = CARTESIAN_POINT('',(-18.03122292025,0.,0.));
#546 = DIRECTION('',(0.,0.,1.));
#547 = DIRECTION('',(1.,0.,0.));
#548 = ORIENTED_EDGE('',*,*,#549,.F.);
#549 = EDGE_CURVE('',#550,#541,#552,.T.);
#550 = VERTEX_POINT('',#551);
#551 = CARTESIAN_POINT('',(-18.03122292025,-3.919183588453,0.));
#552 = CIRCLE('',#553,2.);
#553 = AXIS2_PLACEMENT_3D('',#554,#555,#556);
#554 = CARTESIAN_POINT('',(-20.03122292025,-3.919183588453,0.));
#555 = DIRECTION('',(-0.,0.,1.));
#556 = DIRECTION('',(0.,-1.,0.));
#557 = ORIENTED_EDGE('',*,*,#558,.F.);
#558 = EDGE_CURVE('',#559,#550,#561,.T.);
#559 = VERTEX_POINT('',#560);
#560 = CARTESIAN_POINT('',(-18.03122292025,-8.156061568164,0.));
#561 = LINE('',#562,#563);
#562 = CARTESIAN_POINT('',(-18.03122292025,-10.32855501583,0.));
#563 = VECTOR('',#564,1.);
#564 = DIRECTION('',(0.,1.,0.));
#565 = ORIENTED_EDGE('',*,*,#566,.T.);
#566 = EDGE_CURVE('',#559,#567,#569,.T.);
#567 = VERTEX_POINT('',#568);
#568 = CARTESIAN_POINT('',(-19.73238483901,-11.67976776973,0.));
#569 = CIRCLE('',#570,4.5);
#570 = AXIS2_PLACEMENT_3D('',#571,#572,#573);
#571 = CARTESIAN_POINT('',(-22.53122292025,-8.156061568164,0.));
#572 = DIRECTION('',(-0.,-0.,-1.));
#573 = DIRECTION('',(0.,-1.,0.));
#574 = ORIENTED_EDGE('',*,*,#575,.T.);
#575 = EDGE_CURVE('',#567,#576,#578,.T.);
#576 = VERTEX_POINT('',#577);
#577 = CARTESIAN_POINT('',(-39.57222159753,-27.43831501197,0.));
#578 = LINE('',#579,#580);
#579 = CARTESIAN_POINT('',(-18.03122292025,-10.32855501583,0.));
#580 = VECTOR('',#581,1.);
#581 = DIRECTION('',(-0.783045822572,-0.621964018053,0.));
#582 = ORIENTED_EDGE('',*,*,#583,.F.);
#583 = EDGE_CURVE('',#584,#576,#586,.T.);
#584 = VERTEX_POINT('',#585);
#585 = CARTESIAN_POINT('',(-42.62695843656,-27.84356460447,0.));
#586 = CIRCLE('',#587,3.);
#587 = AXIS2_PLACEMENT_3D('',#588,#589,#590);
#588 = CARTESIAN_POINT('',(-41.43811365169,-25.08917754426,0.));
#589 = DIRECTION('',(-0.,0.,1.));
#590 = DIRECTION('',(0.,-1.,0.));
#591 = ORIENTED_EDGE('',*,*,#592,.T.);
#592 = EDGE_CURVE('',#584,#593,#595,.T.);
#593 = VERTEX_POINT('',#594);
#594 = CARTESIAN_POINT('',(-44.45715553513,-27.32539370961,0.));
#595 = CIRCLE('',#596,7.25);
#596 = AXIS2_PLACEMENT_3D('',#597,#598,#599);
#597 = CARTESIAN_POINT('',(-45.5,-34.5,0.));
#598 = DIRECTION('',(0.,0.,1.));
#599 = DIRECTION('',(1.,0.,0.));
#600 = ORIENTED_EDGE('',*,*,#601,.F.);
#601 = EDGE_CURVE('',#602,#593,#604,.T.);
#602 = VERTEX_POINT('',#603);
#603 = CARTESIAN_POINT('',(-46.70126182274,-27.9036863988,0.));
#604 = CIRCLE('',#605,3.);
#605 = AXIS2_PLACEMENT_3D('',#606,#607,#608);
#606 = CARTESIAN_POINT('',(-44.88867738266,-30.29419631253,0.));
#607 = DIRECTION('',(-0.,-0.,-1.));
#608 = DIRECTION('',(0.,-1.,0.));
#609 = ORIENTED_EDGE('',*,*,#610,.T.);
#610 = EDGE_CURVE('',#602,#611,#613,.T.);
#611 = VERTEX_POINT('',#612);
#612 = CARTESIAN_POINT('',(-53.15359275998,-32.79611315342,0.));
#613 = LINE('',#614,#615);
#614 = CARTESIAN_POINT('',(-45.85032267984,-27.25846880694,0.));
#615 = VECTOR('',#616,1.);
#616 = DIRECTION('',(-0.796836637907,-0.604194813358,0.));
#617 = ORIENTED_EDGE('',*,*,#618,.F.);
#618 = EDGE_CURVE('',#619,#611,#621,.T.);
#619 = VERTEX_POINT('',#620);
#620 = CARTESIAN_POINT('',(-54.33735197513,-35.03855315177,0.));
#621 = CIRCLE('',#622,3.);
#622 = AXIS2_PLACEMENT_3D('',#623,#624,#625);
#623 = CARTESIAN_POINT('',(-51.34100831991,-35.18662306714,0.));
#624 = DIRECTION('',(-0.,-0.,-1.));
#625 = DIRECTION('',(0.,-1.,0.));
#626 = ORIENTED_EDGE('',*,*,#627,.T.);
#627 = EDGE_CURVE('',#619,#628,#630,.T.);
#628 = VERTEX_POINT('',#629);
#629 = CARTESIAN_POINT('',(-54.52948251729,-38.92650790313,0.));
#630 = LINE('',#631,#632);
#631 = CARTESIAN_POINT('',(-54.26830583965,-33.64133515888,0.));
#632 = VECTOR('',#633,1.);
#633 = DIRECTION('',(-4.935663845666E-02,-0.998781218406,0.));
#634 = ORIENTED_EDGE('',*,*,#635,.F.);
#635 = EDGE_CURVE('',#636,#628,#638,.T.);
#636 = VERTEX_POINT('',#637);
#637 = CARTESIAN_POINT('',(-52.19926887811,-41.99968820987,0.));
#638 = CIRCLE('',#639,3.);
#639 = AXIS2_PLACEMENT_3D('',#640,#641,#642);
#640 = CARTESIAN_POINT('',(-51.53313886208,-39.0745778185,0.));
#641 = DIRECTION('',(-0.,-0.,-1.));
#642 = DIRECTION('',(0.,-1.,0.));
#643 = ORIENTED_EDGE('',*,*,#644,.F.);
#644 = EDGE_CURVE('',#645,#636,#647,.T.);
#645 = VERTEX_POINT('',#646);
#646 = CARTESIAN_POINT('',(-48.40374401414,-42.86403611481,0.));
#647 = LINE('',#648,#649);
#648 = CARTESIAN_POINT('',(-47.03974263769,-43.17465764262,0.));
#649 = VECTOR('',#650,1.);
#650 = DIRECTION('',(-0.975036797125,0.222043338679,0.));
#651 = ORIENTED_EDGE('',*,*,#652,.F.);
#652 = EDGE_CURVE('',#653,#645,#655,.T.);
#653 = VERTEX_POINT('',#654);
#654 = CARTESIAN_POINT('',(-45.92502955803,-42.32943563716,0.));
#655 = CIRCLE('',#656,3.);
#656 = AXIS2_PLACEMENT_3D('',#657,#658,#659);
#657 = CARTESIAN_POINT('',(-47.7376139981,-39.93892572344,0.));
#658 = DIRECTION('',(-0.,-0.,-1.));
#659 = DIRECTION('',(0.,-1.,0.));
#660 = ORIENTED_EDGE('',*,*,#661,.F.);
#661 = EDGE_CURVE('',#662,#653,#664,.T.);
#662 = VERTEX_POINT('',#663);
#663 = CARTESIAN_POINT('',(-39.47269862078,-37.43700888254,0.));
#664 = LINE('',#665,#666);
#665 = CARTESIAN_POINT('',(-38.62175947789,-36.79179129068,0.));
#666 = VECTOR('',#667,1.);
#667 = DIRECTION('',(-0.796836637907,-0.604194813358,0.));
#668 = ORIENTED_EDGE('',*,*,#669,.F.);
#669 = EDGE_CURVE('',#670,#662,#672,.T.);
#670 = VERTEX_POINT('',#671);
#671 = CARTESIAN_POINT('',(-38.31018875087,-35.43226294682,0.));
#672 = CIRCLE('',#673,3.);
#673 = AXIS2_PLACEMENT_3D('',#674,#675,#676);
#674 = CARTESIAN_POINT('',(-41.28528306086,-35.04649896882,0.));
#675 = DIRECTION('',(-0.,-0.,-1.));
#676 = DIRECTION('',(0.,-1.,0.));
#677 = ORIENTED_EDGE('',*,*,#678,.T.);
#678 = EDGE_CURVE('',#670,#679,#681,.T.);
#679 = VERTEX_POINT('',#680);
#680 = CARTESIAN_POINT('',(-38.31527299978,-33.52933119323,0.));
#681 = CIRCLE('',#682,7.25);
#682 = AXIS2_PLACEMENT_3D('',#683,#684,#685);
#683 = CARTESIAN_POINT('',(-45.5,-34.5,0.));
#684 = DIRECTION('',(0.,0.,1.));
#685 = DIRECTION('',(1.,0.,0.));
#686 = ORIENTED_EDGE('',*,*,#687,.F.);
#687 = EDGE_CURVE('',#688,#679,#690,.T.);
#688 = VERTEX_POINT('',#689);
#689 = CARTESIAN_POINT('',(-37.10185443746,-30.69787953552,0.));
#690 = CIRCLE('',#691,3.);
#691 = AXIS2_PLACEMENT_3D('',#692,#693,#694);
#692 = CARTESIAN_POINT('',(-35.34228251694,-33.12767513526,0.));
#693 = DIRECTION('',(-0.,0.,1.));
#694 = DIRECTION('',(0.,-1.,0.));
#695 = ORIENTED_EDGE('',*,*,#696,.T.);
#696 = EDGE_CURVE('',#688,#697,#699,.T.);
#697 = VERTEX_POINT('',#698);
#698 = CARTESIAN_POINT('',(-17.59179016197,-16.56938194893,0.));
#699 = LINE('',#700,#701);
#700 = CARTESIAN_POINT('',(-38.73871088531,-31.88323300471,0.));
#701 = VECTOR('',#702,1.);
#702 = DIRECTION('',(0.809931866579,0.586523973508,0.));
#703 = ORIENTED_EDGE('',*,*,#704,.T.);
#704 = EDGE_CURVE('',#697,#705,#707,.T.);
#705 = VERTEX_POINT('',#706);
#706 = CARTESIAN_POINT('',(-10.46226522891,-19.91675423808,0.));
#707 = CIRCLE('',#708,4.5);
#708 = AXIS2_PLACEMENT_3D('',#709,#710,#711);
#709 = CARTESIAN_POINT('',(-14.95243228118,-20.21407534854,0.));
#710 = DIRECTION('',(-0.,-0.,-1.));
#711 = DIRECTION('',(0.,-1.,0.));
#712 = ORIENTED_EDGE('',*,*,#713,.T.);
#713 = EDGE_CURVE('',#705,#714,#716,.T.);
#714 = VERTEX_POINT('',#715);
#715 = CARTESIAN_POINT('',(-9.123682124846,-40.13214271576,0.));
#716 = LINE('',#717,#718);
#717 = CARTESIAN_POINT('',(-11.,-11.7958409662,0.));
#718 = VECTOR('',#719,1.);
#719 = DIRECTION('',(6.607135788072E-02,-0.997814900504,0.));
#720 = ORIENTED_EDGE('',*,*,#721,.F.);
#721 = EDGE_CURVE('',#722,#714,#724,.T.);
#722 = VERTEX_POINT('',#723);
#723 = CARTESIAN_POINT('',(-7.128052323838,-42.,0.));
#724 = CIRCLE('',#725,2.);
#725 = AXIS2_PLACEMENT_3D('',#726,#727,#728);
#726 = CARTESIAN_POINT('',(-7.128052323838,-40.,0.));
#727 = DIRECTION('',(-0.,-0.,-1.));
#728 = DIRECTION('',(0.,-1.,0.));
#729 = ORIENTED_EDGE('',*,*,#730,.T.);
#730 = EDGE_CURVE('',#722,#731,#733,.T.);
#731 = VERTEX_POINT('',#732);
#732 = CARTESIAN_POINT('',(7.128052323838,-42.,0.));
#733 = LINE('',#734,#735);
#734 = CARTESIAN_POINT('',(-9.,-42.,0.));
#735 = VECTOR('',#736,1.);
#736 = DIRECTION('',(1.,0.,0.));
#737 = ORIENTED_EDGE('',*,*,#738,.F.);
#738 = EDGE_CURVE('',#739,#731,#741,.T.);
#739 = VERTEX_POINT('',#740);
#740 = CARTESIAN_POINT('',(9.123682124846,-40.13214271576,0.));
#741 = CIRCLE('',#742,2.);
#742 = AXIS2_PLACEMENT_3D('',#743,#744,#745);
#743 = CARTESIAN_POINT('',(7.128052323838,-40.,0.));
#744 = DIRECTION('',(-0.,-0.,-1.));
#745 = DIRECTION('',(0.,-1.,0.));
#746 = ORIENTED_EDGE('',*,*,#747,.T.);
#747 = EDGE_CURVE('',#739,#748,#750,.T.);
#748 = VERTEX_POINT('',#749);
#749 = CARTESIAN_POINT('',(10.462265228918,-19.91675423816,0.));
#750 = LINE('',#751,#752);
#751 = CARTESIAN_POINT('',(9.,-42.,0.));
#752 = VECTOR('',#753,1.);
#753 = DIRECTION('',(6.607135788096E-02,0.997814900504,0.));
#754 = ORIENTED_EDGE('',*,*,#755,.T.);
#755 = EDGE_CURVE('',#748,#756,#758,.T.);
#756 = VERTEX_POINT('',#757);
#757 = CARTESIAN_POINT('',(17.591790161964,-16.56938194901,0.));
#758 = CIRCLE('',#759,4.5);
#759 = AXIS2_PLACEMENT_3D('',#760,#761,#762);
#760 = CARTESIAN_POINT('',(14.952432281186,-20.21407534862,0.));
#761 = DIRECTION('',(-0.,-0.,-1.));
#762 = DIRECTION('',(0.,-1.,0.));
#763 = ORIENTED_EDGE('',*,*,#764,.F.);
#764 = EDGE_CURVE('',#765,#756,#767,.T.);
#765 = VERTEX_POINT('',#766);
#766 = CARTESIAN_POINT('',(37.101854437459,-30.69787953553,0.));
#767 = LINE('',#768,#769);
#768 = CARTESIAN_POINT('',(38.738710885313,-31.88323300471,0.));
#769 = VECTOR('',#770,1.);
#770 = DIRECTION('',(-0.80993186658,0.586523973506,0.));
#771 = ORIENTED_EDGE('',*,*,#772,.F.);
#772 = EDGE_CURVE('',#773,#765,#775,.T.);
#773 = VERTEX_POINT('',#774);
#774 = CARTESIAN_POINT('',(38.315272999787,-33.52933119324,0.));
#775 = CIRCLE('',#776,3.);
#776 = AXIS2_PLACEMENT_3D('',#777,#778,#779);
#777 = CARTESIAN_POINT('',(35.342282516941,-33.12767513527,0.));
#778 = DIRECTION('',(-0.,0.,1.));
#779 = DIRECTION('',(0.,-1.,0.));
#780 = ORIENTED_EDGE('',*,*,#781,.T.);
#781 = EDGE_CURVE('',#773,#782,#784,.T.);
#782 = VERTEX_POINT('',#783);
#783 = CARTESIAN_POINT('',(38.319805735179,-35.50364850392,0.));
#784 = CIRCLE('',#785,7.25);
#785 = AXIS2_PLACEMENT_3D('',#786,#787,#788);
#786 = CARTESIAN_POINT('',(45.5,-34.5,0.));
#787 = DIRECTION('',(0.,0.,1.));
#788 = DIRECTION('',(1.,0.,0.));
#789 = ORIENTED_EDGE('',*,*,#790,.F.);
#790 = EDGE_CURVE('',#791,#782,#793,.T.);
#791 = VERTEX_POINT('',#792);
#792 = CARTESIAN_POINT('',(39.478336163306,-37.47885558843,0.));
#793 = CIRCLE('',#794,3.);
#794 = AXIS2_PLACEMENT_3D('',#795,#796,#797);
#795 = CARTESIAN_POINT('',(41.290920603381,-35.08834567471,0.));
#796 = DIRECTION('',(-0.,-0.,-1.));
#797 = DIRECTION('',(0.,-1.,0.));
#798 = ORIENTED_EDGE('',*,*,#799,.T.);
#799 = EDGE_CURVE('',#791,#800,#802,.T.);
#800 = VERTEX_POINT('',#801);
#801 = CARTESIAN_POINT('',(45.829121988525,-42.29428659876,0.));
#802 = LINE('',#803,#804);
#803 = CARTESIAN_POINT('',(38.63878631017,-36.84227383166,0.));
#804 = VECTOR('',#805,1.);
#805 = DIRECTION('',(0.796836637907,-0.604194813358,0.));
#806 = ORIENTED_EDGE('',*,*,#807,.F.);
#807 = EDGE_CURVE('',#808,#800,#810,.T.);
#808 = VERTEX_POINT('',#809);
#809 = CARTESIAN_POINT('',(48.560241787594,-42.75969909195,0.));
#810 = CIRCLE('',#811,3.);
#811 = AXIS2_PLACEMENT_3D('',#812,#813,#814);
#812 = CARTESIAN_POINT('',(47.6417064286,-39.90377668504,0.));
#813 = DIRECTION('',(-0.,-0.,-1.));
#814 = DIRECTION('',(0.,-1.,0.));
#815 = ORIENTED_EDGE('',*,*,#816,.T.);
#816 = EDGE_CURVE('',#808,#817,#819,.T.);
#817 = VERTEX_POINT('',#818);
#818 = CARTESIAN_POINT('',(52.060531288911,-41.6339193208,0.));
#819 = LINE('',#820,#821);
#820 = CARTESIAN_POINT('',(47.073542683626,-43.23785833461,0.));
#821 = VECTOR('',#822,1.);
#822 = DIRECTION('',(0.951974135636,0.306178452998,0.));
#823 = ORIENTED_EDGE('',*,*,#824,.F.);
#824 = EDGE_CURVE('',#825,#817,#827,.T.);
#825 = VERTEX_POINT('',#826);
#826 = CARTESIAN_POINT('',(54.139842736358,-38.89163900605,0.));
#827 = CIRCLE('',#828,3.);
#828 = AXIS2_PLACEMENT_3D('',#829,#830,#831);
#829 = CARTESIAN_POINT('',(51.141995929917,-38.77799691389,0.));
#830 = DIRECTION('',(-0.,-0.,-1.));
#831 = DIRECTION('',(0.,-1.,0.));
#832 = ORIENTED_EDGE('',*,*,#833,.F.);
#833 = EDGE_CURVE('',#834,#825,#836,.T.);
#834 = VERTEX_POINT('',#835);
#835 = CARTESIAN_POINT('',(54.279125309697,-35.21740343236,0.));
#836 = LINE('',#837,#838);
#837 = CARTESIAN_POINT('',(54.338283638431,-33.65682316233,0.));
#838 = VECTOR('',#839,1.);
#839 = DIRECTION('',(-3.788069738642E-02,-0.999282268814,0.));
#840 = ORIENTED_EDGE('',*,*,#841,.F.);
#841 = EDGE_CURVE('',#842,#834,#844,.T.);
#842 = VERTEX_POINT('',#843);
#843 = CARTESIAN_POINT('',(53.093862943331,-32.71325142648,0.));
#844 = CIRCLE('',#845,3.);
#845 = AXIS2_PLACEMENT_3D('',#846,#847,#848);
#846 = CARTESIAN_POINT('',(51.281278503256,-35.1037613402,0.));
#847 = DIRECTION('',(-0.,-0.,-1.));
#848 = DIRECTION('',(0.,-1.,0.));
#849 = ORIENTED_EDGE('',*,*,#850,.F.);
#850 = EDGE_CURVE('',#851,#842,#853,.T.);
#851 = VERTEX_POINT('',#852);
#852 = CARTESIAN_POINT('',(46.743077118112,-27.89782041615,0.));
#853 = LINE('',#854,#855);
#854 = CARTESIAN_POINT('',(45.903527264976,-27.26123865938,0.));
#855 = VECTOR('',#856,1.);
#856 = DIRECTION('',(0.796836637907,-0.604194813358,0.));
#857 = ORIENTED_EDGE('',*,*,#858,.F.);
#858 = EDGE_CURVE('',#859,#851,#861,.T.);
#859 = VERTEX_POINT('',#860);
#860 = CARTESIAN_POINT('',(44.528487509593,-27.31538703332,0.));
#861 = CIRCLE('',#862,3.);
#862 = AXIS2_PLACEMENT_3D('',#863,#864,#865);
#863 = CARTESIAN_POINT('',(44.930492678037,-30.28833032987,0.));
#864 = DIRECTION('',(-0.,-0.,-1.));
#865 = DIRECTION('',(0.,-1.,0.));
#866 = ORIENTED_EDGE('',*,*,#867,.T.);
#867 = EDGE_CURVE('',#859,#868,#870,.T.);
#868 = VERTEX_POINT('',#869);
#869 = CARTESIAN_POINT('',(42.626958436527,-27.84356460449,0.));
#870 = CIRCLE('',#871,7.25);
#871 = AXIS2_PLACEMENT_3D('',#872,#873,#874);
#872 = CARTESIAN_POINT('',(45.5,-34.5,0.));
#873 = DIRECTION('',(0.,0.,1.));
#874 = DIRECTION('',(1.,0.,0.));
#875 = ORIENTED_EDGE('',*,*,#876,.F.);
#876 = EDGE_CURVE('',#92,#868,#877,.T.);
#877 = CIRCLE('',#878,3.);
#878 = AXIS2_PLACEMENT_3D('',#879,#880,#881);
#879 = CARTESIAN_POINT('',(41.438113651642,-25.08917754428,0.));
#880 = DIRECTION('',(-0.,0.,1.));
#881 = DIRECTION('',(0.,-1.,0.));
#882 = FACE_BOUND('',#883,.F.);
#883 = EDGE_LOOP('',(#884,#894,#903,#911,#920,#928));
#884 = ORIENTED_EDGE('',*,*,#885,.F.);
#885 = EDGE_CURVE('',#886,#888,#890,.T.);
#886 = VERTEX_POINT('',#887);
#887 = CARTESIAN_POINT('',(-8.175141658684,-21.58051443962,0.));
#888 = VERTEX_POINT('',#889);
#889 = CARTESIAN_POINT('',(-7.262725559355,-35.07971062921,0.));
#890 = LINE('',#891,#892);
#891 = CARTESIAN_POINT('',(-8.306982641668,-19.62992709638,0.));
#892 = VECTOR('',#893,1.);
#893 = DIRECTION('',(6.743653705027E-02,-0.997723565659,0.));
#894 = ORIENTED_EDGE('',*,*,#895,.T.);
#895 = EDGE_CURVE('',#886,#896,#898,.T.);
#896 = VERTEX_POINT('',#897);
#897 = CARTESIAN_POINT('',(-6.318802533806,-21.00045784691,0.));
#898 = CIRCLE('',#899,1.);
#899 = AXIS2_PLACEMENT_3D('',#900,#901,#902);
#900 = CARTESIAN_POINT('',(-7.177418093026,-21.51307790257,0.));
#901 = DIRECTION('',(-0.,-0.,-1.));
#902 = DIRECTION('',(0.,-1.,0.));
#903 = ORIENTED_EDGE('',*,*,#904,.T.);
#904 = EDGE_CURVE('',#896,#905,#907,.T.);
#905 = VERTEX_POINT('',#906);
#906 = CARTESIAN_POINT('',(-1.832875579236,-28.51418392569,0.));
#907 = LINE('',#908,#909);
#908 = CARTESIAN_POINT('',(-7.652828125005,-18.76602492461,1.1E-16));
#909 = VECTOR('',#910,1.);
#910 = DIRECTION('',(0.51262005566,-0.85861555922,0.));
#911 = ORIENTED_EDGE('',*,*,#912,.F.);
#912 = EDGE_CURVE('',#913,#905,#915,.T.);
#913 = VERTEX_POINT('',#914);
#914 = CARTESIAN_POINT('',(-1.832875579236,-29.53942403701,0.));
#915 = CIRCLE('',#916,1.);
#916 = AXIS2_PLACEMENT_3D('',#917,#918,#919);
#917 = CARTESIAN_POINT('',(-2.691491138456,-29.02680398135,0.));
#918 = DIRECTION('',(-0.,0.,1.));
#919 = DIRECTION('',(0.,-1.,0.));
#920 = ORIENTED_EDGE('',*,*,#921,.F.);
#921 = EDGE_CURVE('',#922,#913,#924,.T.);
#922 = VERTEX_POINT('',#923);
#923 = CARTESIAN_POINT('',(-5.406386434476,-35.52489414782,0.));
#924 = LINE('',#925,#926);
#925 = CARTESIAN_POINT('',(3.589771253284,-20.45673425313,0.));
#926 = VECTOR('',#927,1.);
#927 = DIRECTION('',(0.51262005566,0.85861555922,0.));
#928 = ORIENTED_EDGE('',*,*,#929,.F.);
#929 = EDGE_CURVE('',#888,#922,#930,.T.);
#930 = CIRCLE('',#931,1.);
#931 = AXIS2_PLACEMENT_3D('',#932,#933,#934);
#932 = CARTESIAN_POINT('',(-6.265001993696,-35.01227409216,0.));
#933 = DIRECTION('',(-0.,0.,1.));
#934 = DIRECTION('',(0.,-1.,0.));
#935 = FACE_BOUND('',#936,.F.);
#936 = EDGE_LOOP('',(#937));
#937 = ORIENTED_EDGE('',*,*,#938,.F.);
#938 = EDGE_CURVE('',#939,#939,#941,.T.);
#939 = VERTEX_POINT('',#940);
#940 = CARTESIAN_POINT('',(-45.06298253215,-38.9580547793,0.));
#941 = CIRCLE('',#942,1.05);
#942 = AXIS2_PLACEMENT_3D('',#943,#944,#945);
#943 = CARTESIAN_POINT('',(-46.11298253215,-38.9580547793,0.));
#944 = DIRECTION('',(0.,0.,1.));
#945 = DIRECTION('',(1.,0.,0.));
#946 = FACE_BOUND('',#947,.F.);
#947 = EDGE_LOOP('',(#948));
#948 = ORIENTED_EDGE('',*,*,#949,.F.);
#949 = EDGE_CURVE('',#950,#950,#952,.T.);
#950 = VERTEX_POINT('',#951);
#951 = CARTESIAN_POINT('',(-48.9080547793,-33.88701746784,0.));
#952 = CIRCLE('',#953,1.05);
#953 = AXIS2_PLACEMENT_3D('',#954,#955,#956);
#954 = CARTESIAN_POINT('',(-49.9580547793,-33.88701746784,0.));
#955 = DIRECTION('',(0.,0.,1.));
#956 = DIRECTION('',(1.,0.,0.));
#957 = FACE_BOUND('',#958,.F.);
#958 = EDGE_LOOP('',(#959));
#959 = ORIENTED_EDGE('',*,*,#960,.F.);
#960 = EDGE_CURVE('',#961,#961,#963,.T.);
#961 = VERTEX_POINT('',#962);
#962 = CARTESIAN_POINT('',(-43.125,-34.5,0.));
#963 = CIRCLE('',#964,2.375);
#964 = AXIS2_PLACEMENT_3D('',#965,#966,#967);
#965 = CARTESIAN_POINT('',(-45.5,-34.5,0.));
#966 = DIRECTION('',(0.,0.,1.));
#967 = DIRECTION('',(1.,0.,0.));
#968 = FACE_BOUND('',#969,.F.);
#969 = EDGE_LOOP('',(#970));
#970 = ORIENTED_EDGE('',*,*,#971,.F.);
#971 = EDGE_CURVE('',#972,#972,#974,.T.);
#972 = VERTEX_POINT('',#973);
#973 = CARTESIAN_POINT('',(-39.99194522069,-35.11298253215,0.));
#974 = CIRCLE('',#975,1.05);
#975 = AXIS2_PLACEMENT_3D('',#976,#977,#978);
#976 = CARTESIAN_POINT('',(-41.04194522069,-35.11298253215,0.));
#977 = DIRECTION('',(0.,0.,1.));
#978 = DIRECTION('',(1.,0.,0.));
#979 = FACE_BOUND('',#980,.F.);
#980 = EDGE_LOOP('',(#981));
#981 = ORIENTED_EDGE('',*,*,#982,.F.);
#982 = EDGE_CURVE('',#983,#983,#985,.T.);
#983 = VERTEX_POINT('',#984);
#984 = CARTESIAN_POINT('',(-43.83701746784,-30.04194522069,0.));
#985 = CIRCLE('',#986,1.05);
#986 = AXIS2_PLACEMENT_3D('',#987,#988,#989);
#987 = CARTESIAN_POINT('',(-44.88701746784,-30.04194522069,0.));
#988 = DIRECTION('',(0.,0.,1.));
#989 = DIRECTION('',(1.,0.,0.));
#990 = FACE_BOUND('',#991,.F.);
#991 = EDGE_LOOP('',(#992));
#992 = ORIENTED_EDGE('',*,*,#993,.F.);
#993 = EDGE_CURVE('',#994,#994,#996,.T.);
#994 = VERTEX_POINT('',#995);
#995 = CARTESIAN_POINT('',(-5.15,-39.,0.));
#996 = CIRCLE('',#997,1.05);
#997 = AXIS2_PLACEMENT_3D('',#998,#999,#1000);
#998 = CARTESIAN_POINT('',(-6.2,-39.,0.));
#999 = DIRECTION('',(0.,0.,1.));
#1000 = DIRECTION('',(1.,0.,0.));
#1001 = FACE_BOUND('',#1002,.F.);
#1002 = EDGE_LOOP('',(#1003));
#1003 = ORIENTED_EDGE('',*,*,#1004,.F.);
#1004 = EDGE_CURVE('',#1005,#1005,#1007,.T.);
#1005 = VERTEX_POINT('',#1006);
#1006 = CARTESIAN_POINT('',(7.25,-39.,0.));
#1007 = CIRCLE('',#1008,1.05);
#1008 = AXIS2_PLACEMENT_3D('',#1009,#1010,#1011);
#1009 = CARTESIAN_POINT('',(6.2,-39.,0.));
#1010 = DIRECTION('',(0.,0.,1.));
#1011 = DIRECTION('',(1.,0.,0.));
#1012 = FACE_BOUND('',#1013,.F.);
#1013 = EDGE_LOOP('',(#1014));
#1014 = ORIENTED_EDGE('',*,*,#1015,.F.);
#1015 = EDGE_CURVE('',#1016,#1016,#1018,.T.);
#1016 = VERTEX_POINT('',#1017);
#1017 = CARTESIAN_POINT('',(47.16875,-39.,0.));
#1018 = CIRCLE('',#1019,1.05);
#1019 = AXIS2_PLACEMENT_3D('',#1020,#1021,#1022);
#1020 = CARTESIAN_POINT('',(46.11875,-39.,0.));
#1021 = DIRECTION('',(0.,0.,1.));
#1022 = DIRECTION('',(1.,0.,0.));
#1023 = FACE_BOUND('',#1024,.F.);
#1024 = EDGE_LOOP('',(#1025));
#1025 = ORIENTED_EDGE('',*,*,#1026,.F.);
#1026 = EDGE_CURVE('',#1027,#1027,#1029,.T.);
#1027 = VERTEX_POINT('',#1028);
#1028 = CARTESIAN_POINT('',(42.05,-35.11875,0.));
#1029 = CIRCLE('',#1030,1.05);
#1030 = AXIS2_PLACEMENT_3D('',#1031,#1032,#1033);
#1031 = CARTESIAN_POINT('',(41.,-35.11875,0.));
#1032 = DIRECTION('',(0.,0.,1.));
#1033 = DIRECTION('',(1.,0.,0.));
#1034 = FACE_BOUND('',#1035,.F.);
#1035 = EDGE_LOOP('',(#1036));
#1036 = ORIENTED_EDGE('',*,*,#1037,.F.);
#1037 = EDGE_CURVE('',#1038,#1038,#1040,.T.);
#1038 = VERTEX_POINT('',#1039);
#1039 = CARTESIAN_POINT('',(47.875,-34.5,0.));
#1040 = CIRCLE('',#1041,2.375);
#1041 = AXIS2_PLACEMENT_3D('',#1042,#1043,#1044);
#1042 = CARTESIAN_POINT('',(45.5,-34.5,0.));
#1043 = DIRECTION('',(0.,0.,1.));
#1044 = DIRECTION('',(1.,0.,0.));
#1045 = FACE_BOUND('',#1046,.F.);
#1046 = EDGE_LOOP('',(#1047));
#1047 = ORIENTED_EDGE('',*,*,#1048,.F.);
#1048 = EDGE_CURVE('',#1049,#1049,#1051,.T.);
#1049 = VERTEX_POINT('',#1050);
#1050 = CARTESIAN_POINT('',(51.05,-33.88125,0.));
#1051 = CIRCLE('',#1052,1.05);
#1052 = AXIS2_PLACEMENT_3D('',#1053,#1054,#1055);
#1053 = CARTESIAN_POINT('',(50.,-33.88125,0.));
#1054 = DIRECTION('',(0.,0.,1.));
#1055 = DIRECTION('',(1.,0.,0.));
#1056 = FACE_BOUND('',#1057,.F.);
#1057 = EDGE_LOOP('',(#1058));
#1058 = ORIENTED_EDGE('',*,*,#1059,.F.);
#1059 = EDGE_CURVE('',#1060,#1060,#1062,.T.);
#1060 = VERTEX_POINT('',#1061);
#1061 = CARTESIAN_POINT('',(45.93125,-30.,0.));
#1062 = CIRCLE('',#1063,1.05);
#1063 = AXIS2_PLACEMENT_3D('',#1064,#1065,#1066);
#1064 = CARTESIAN_POINT('',(44.88125,-30.,0.));
#1065 = DIRECTION('',(0.,0.,1.));
#1066 = DIRECTION('',(1.,0.,0.));
#1067 = FACE_BOUND('',#1068,.F.);
#1068 = EDGE_LOOP('',(#1069));
#1069 = ORIENTED_EDGE('',*,*,#1070,.F.);
#1070 = EDGE_CURVE('',#1071,#1071,#1073,.T.);
#1071 = VERTEX_POINT('',#1072);
#1072 = CARTESIAN_POINT('',(1.05,-18.03122292025,0.));
#1073 = CIRCLE('',#1074,1.05);
#1074 = AXIS2_PLACEMENT_3D('',#1075,#1076,#1077);
#1075 = CARTESIAN_POINT('',(0.,-18.03122292025,0.));
#1076 = DIRECTION('',(0.,0.,1.));
#1077 = DIRECTION('',(1.,0.,0.));
#1078 = FACE_BOUND('',#1079,.F.);
#1079 = EDGE_LOOP('',(#1080));
#1080 = ORIENTED_EDGE('',*,*,#1081,.F.);
#1081 = EDGE_CURVE('',#1082,#1082,#1084,.T.);
#1082 = VERTEX_POINT('',#1083);
#1083 = CARTESIAN_POINT('',(-16.98122292025,0.,0.));
#1084 = CIRCLE('',#1085,1.05);
#1085 = AXIS2_PLACEMENT_3D('',#1086,#1087,#1088);
#1086 = CARTESIAN_POINT('',(-18.03122292025,0.,0.));
#1087 = DIRECTION('',(0.,0.,1.));
#1088 = DIRECTION('',(1.,0.,0.));
#1089 = FACE_BOUND('',#1090,.F.);
#1090 = EDGE_LOOP('',(#1091));
#1091 = ORIENTED_EDGE('',*,*,#1092,.F.);
#1092 = EDGE_CURVE('',#1093,#1093,#1095,.T.);
#1093 = VERTEX_POINT('',#1094);
#1094 = CARTESIAN_POINT('',(-43.83125,30.,0.));
#1095 = CIRCLE('',#1096,1.05);
#1096 = AXIS2_PLACEMENT_3D('',#1097,#1098,#1099);
#1097 = CARTESIAN_POINT('',(-44.88125,30.,0.));
#1098 = DIRECTION('',(0.,0.,1.));
#1099 = DIRECTION('',(1.,0.,0.));
#1100 = FACE_BOUND('',#1101,.F.);
#1101 = EDGE_LOOP('',(#1102));
#1102 = ORIENTED_EDGE('',*,*,#1103,.F.);
#1103 = EDGE_CURVE('',#1104,#1104,#1106,.T.);
#1104 = VERTEX_POINT('',#1105);
#1105 = CARTESIAN_POINT('',(-48.95,33.88125,0.));
#1106 = CIRCLE('',#1107,1.05);
#1107 = AXIS2_PLACEMENT_3D('',#1108,#1109,#1110);
#1108 = CARTESIAN_POINT('',(-50.,33.88125,0.));
#1109 = DIRECTION('',(0.,0.,1.));
#1110 = DIRECTION('',(1.,0.,0.));
#1111 = FACE_BOUND('',#1112,.F.);
#1112 = EDGE_LOOP('',(#1113));
#1113 = ORIENTED_EDGE('',*,*,#1114,.F.);
#1114 = EDGE_CURVE('',#1115,#1115,#1117,.T.);
#1115 = VERTEX_POINT('',#1116);
#1116 = CARTESIAN_POINT('',(-43.125,34.5,0.));
#1117 = CIRCLE('',#1118,2.375);
#1118 = AXIS2_PLACEMENT_3D('',#1119,#1120,#1121);
#1119 = CARTESIAN_POINT('',(-45.5,34.5,0.));
#1120 = DIRECTION('',(0.,0.,1.));
#1121 = DIRECTION('',(1.,0.,0.));
#1122 = FACE_BOUND('',#1123,.F.);
#1123 = EDGE_LOOP('',(#1124));
#1124 = ORIENTED_EDGE('',*,*,#1125,.F.);
#1125 = EDGE_CURVE('',#1126,#1126,#1128,.T.);
#1126 = VERTEX_POINT('',#1127);
#1127 = CARTESIAN_POINT('',(-39.95,35.11875,0.));
#1128 = CIRCLE('',#1129,1.05);
#1129 = AXIS2_PLACEMENT_3D('',#1130,#1131,#1132);
#1130 = CARTESIAN_POINT('',(-41.,35.11875,0.));
#1131 = DIRECTION('',(0.,0.,1.));
#1132 = DIRECTION('',(1.,0.,0.));
#1133 = FACE_BOUND('',#1134,.F.);
#1134 = EDGE_LOOP('',(#1135));
#1135 = ORIENTED_EDGE('',*,*,#1136,.F.);
#1136 = EDGE_CURVE('',#1137,#1137,#1139,.T.);
#1137 = VERTEX_POINT('',#1138);
#1138 = CARTESIAN_POINT('',(-45.06875,39.,0.));
#1139 = CIRCLE('',#1140,1.05);
#1140 = AXIS2_PLACEMENT_3D('',#1141,#1142,#1143);
#1141 = CARTESIAN_POINT('',(-46.11875,39.,0.));
#1142 = DIRECTION('',(0.,0.,1.));
#1143 = DIRECTION('',(1.,0.,0.));
#1144 = FACE_BOUND('',#1145,.F.);
#1145 = EDGE_LOOP('',(#1146));
#1146 = ORIENTED_EDGE('',*,*,#1147,.F.);
#1147 = EDGE_CURVE('',#1148,#1148,#1150,.T.);
#1148 = VERTEX_POINT('',#1149);
#1149 = CARTESIAN_POINT('',(-6.8,29.,0.));
#1150 = CIRCLE('',#1151,1.05);
#1151 = AXIS2_PLACEMENT_3D('',#1152,#1153,#1154);
#1152 = CARTESIAN_POINT('',(-7.85,29.,0.));
#1153 = DIRECTION('',(0.,0.,1.));
#1154 = DIRECTION('',(1.,0.,0.));
#1155 = FACE_BOUND('',#1156,.F.);
#1156 = EDGE_LOOP('',(#1157));
#1157 = ORIENTED_EDGE('',*,*,#1158,.F.);
#1158 = EDGE_CURVE('',#1159,#1159,#1161,.T.);
#1159 = VERTEX_POINT('',#1160);
#1160 = CARTESIAN_POINT('',(19.081222920257,0.,0.));
#1161 = CIRCLE('',#1162,1.05);
#1162 = AXIS2_PLACEMENT_3D('',#1163,#1164,#1165);
#1163 = CARTESIAN_POINT('',(18.031222920257,0.,0.));
#1164 = DIRECTION('',(0.,0.,1.));
#1165 = DIRECTION('',(1.,0.,0.));
#1166 = FACE_BOUND('',#1167,.F.);
#1167 = EDGE_LOOP('',(#1168));
#1168 = ORIENTED_EDGE('',*,*,#1169,.F.);
#1169 = EDGE_CURVE('',#1170,#1170,#1172,.T.);
#1170 = VERTEX_POINT('',#1171);
#1171 = CARTESIAN_POINT('',(1.05,18.031222920257,0.));
#1172 = CIRCLE('',#1173,1.05);
#1173 = AXIS2_PLACEMENT_3D('',#1174,#1175,#1176);
#1174 = CARTESIAN_POINT('',(0.,18.031222920257,0.));
#1175 = DIRECTION('',(0.,0.,1.));
#1176 = DIRECTION('',(1.,0.,0.));
#1177 = FACE_BOUND('',#1178,.F.);
#1178 = EDGE_LOOP('',(#1179));
#1179 = ORIENTED_EDGE('',*,*,#1180,.F.);
#1180 = EDGE_CURVE('',#1181,#1181,#1183,.T.);
#1181 = VERTEX_POINT('',#1182);
#1182 = CARTESIAN_POINT('',(8.9,29.,0.));
#1183 = CIRCLE('',#1184,1.05);
#1184 = AXIS2_PLACEMENT_3D('',#1185,#1186,#1187);
#1185 = CARTESIAN_POINT('',(7.85,29.,0.));
#1186 = DIRECTION('',(0.,0.,1.));
#1187 = DIRECTION('',(1.,0.,0.));
#1188 = FACE_BOUND('',#1189,.F.);
#1189 = EDGE_LOOP('',(#1190));
#1190 = ORIENTED_EDGE('',*,*,#1191,.F.);
#1191 = EDGE_CURVE('',#1192,#1192,#1194,.T.);
#1192 = VERTEX_POINT('',#1193);
#1193 = CARTESIAN_POINT('',(45.937017467846,30.041945220696,0.));
#1194 = CIRCLE('',#1195,1.05);
#1195 = AXIS2_PLACEMENT_3D('',#1196,#1197,#1198);
#1196 = CARTESIAN_POINT('',(44.887017467846,30.041945220696,0.));
#1197 = DIRECTION('',(0.,0.,1.));
#1198 = DIRECTION('',(1.,0.,0.));
#1199 = FACE_BOUND('',#1200,.F.);
#1200 = EDGE_LOOP('',(#1201));
#1201 = ORIENTED_EDGE('',*,*,#1202,.F.);
#1202 = EDGE_CURVE('',#1203,#1203,#1205,.T.);
#1203 = VERTEX_POINT('',#1204);
#1204 = CARTESIAN_POINT('',(42.091945220696,35.112982532154,0.));
#1205 = CIRCLE('',#1206,1.05);
#1206 = AXIS2_PLACEMENT_3D('',#1207,#1208,#1209);
#1207 = CARTESIAN_POINT('',(41.041945220696,35.112982532154,0.));
#1208 = DIRECTION('',(0.,0.,1.));
#1209 = DIRECTION('',(1.,0.,0.));
#1210 = FACE_BOUND('',#1211,.F.);
#1211 = EDGE_LOOP('',(#1212));
#1212 = ORIENTED_EDGE('',*,*,#1213,.F.);
#1213 = EDGE_CURVE('',#1214,#1214,#1216,.T.);
#1214 = VERTEX_POINT('',#1215);
#1215 = CARTESIAN_POINT('',(47.875,34.5,0.));
#1216 = CIRCLE('',#1217,2.375);
#1217 = AXIS2_PLACEMENT_3D('',#1218,#1219,#1220);
#1218 = CARTESIAN_POINT('',(45.5,34.5,0.));
#1219 = DIRECTION('',(0.,0.,1.));
#1220 = DIRECTION('',(1.,0.,0.));
#1221 = FACE_BOUND('',#1222,.F.);
#1222 = EDGE_LOOP('',(#1223));
#1223 = ORIENTED_EDGE('',*,*,#1224,.F.);
#1224 = EDGE_CURVE('',#1225,#1225,#1227,.T.);
#1225 = VERTEX_POINT('',#1226);
#1226 = CARTESIAN_POINT('',(51.008054779304,33.887017467846,0.));
#1227 = CIRCLE('',#1228,1.05);
#1228 = AXIS2_PLACEMENT_3D('',#1229,#1230,#1231);
#1229 = CARTESIAN_POINT('',(49.958054779304,33.887017467846,0.));
#1230 = DIRECTION('',(0.,0.,1.));
#1231 = DIRECTION('',(1.,0.,0.));
#1232 = FACE_BOUND('',#1233,.F.);
#1233 = EDGE_LOOP('',(#1234));
#1234 = ORIENTED_EDGE('',*,*,#1235,.F.);
#1235 = EDGE_CURVE('',#1236,#1236,#1238,.T.);
#1236 = VERTEX_POINT('',#1237);
#1237 = CARTESIAN_POINT('',(47.162982532154,38.958054779304,0.));
#1238 = CIRCLE('',#1239,1.05);
#1239 = AXIS2_PLACEMENT_3D('',#1240,#1241,#1242);
#1240 = CARTESIAN_POINT('',(46.112982532154,38.958054779304,0.));
#1241 = DIRECTION('',(0.,0.,1.));
#1242 = DIRECTION('',(1.,0.,0.));
#1243 = FACE_BOUND('',#1244,.F.);
#1244 = EDGE_LOOP('',(#1245,#1255,#1264,#1272,#1281,#1289));
#1245 = ORIENTED_EDGE('',*,*,#1246,.F.);
#1246 = EDGE_CURVE('',#1247,#1249,#1251,.T.);
#1247 = VERTEX_POINT('',#1248);
#1248 = CARTESIAN_POINT('',(-2.604194813358,-3.17595929007,0.));
#1249 = VERTEX_POINT('',#1250);
#1250 = CARTESIAN_POINT('',(-11.54398868877,-9.954484316486,0.));
#1251 = LINE('',#1252,#1253);
#1252 = CARTESIAN_POINT('',(-6.458050361099,-6.098113496598,0.));
#1253 = VECTOR('',#1254,1.);
#1254 = DIRECTION('',(-0.796836637907,-0.604194813358,0.));
#1255 = ORIENTED_EDGE('',*,*,#1256,.T.);
#1256 = EDGE_CURVE('',#1247,#1257,#1259,.T.);
#1257 = VERTEX_POINT('',#1258);
#1258 = CARTESIAN_POINT('',(-1.,-3.972795927977,0.));
#1259 = CIRCLE('',#1260,1.);
#1260 = AXIS2_PLACEMENT_3D('',#1261,#1262,#1263);
#1261 = CARTESIAN_POINT('',(-2.,-3.972795927977,0.));
#1262 = DIRECTION('',(-0.,-0.,-1.));
#1263 = DIRECTION('',(0.,-1.,0.));
#1264 = ORIENTED_EDGE('',*,*,#1265,.T.);
#1265 = EDGE_CURVE('',#1257,#1266,#1268,.T.);
#1266 = VERTEX_POINT('',#1267);
#1267 = CARTESIAN_POINT('',(-1.,-12.78716379135,0.));
#1268 = LINE('',#1269,#1270);
#1269 = CARTESIAN_POINT('',(-1.,-7.194440482554,0.));
#1270 = VECTOR('',#1271,1.);
#1271 = DIRECTION('',(-1.2E-16,-1.,0.));
#1272 = ORIENTED_EDGE('',*,*,#1273,.F.);
#1273 = EDGE_CURVE('',#1274,#1266,#1276,.T.);
#1274 = VERTEX_POINT('',#1275);
#1275 = CARTESIAN_POINT('',(-2.222043338679,-13.76220058847,0.));
#1276 = CIRCLE('',#1277,1.);
#1277 = AXIS2_PLACEMENT_3D('',#1278,#1279,#1280);
#1278 = CARTESIAN_POINT('',(-2.,-12.78716379135,0.));
#1279 = DIRECTION('',(-0.,0.,1.));
#1280 = DIRECTION('',(0.,-1.,0.));
#1281 = ORIENTED_EDGE('',*,*,#1282,.F.);
#1282 = EDGE_CURVE('',#1283,#1274,#1285,.T.);
#1283 = VERTEX_POINT('',#1284);
#1284 = CARTESIAN_POINT('',(-11.16183721409,-11.72635775151,0.));
#1285 = LINE('',#1286,#1287);
#1286 = CARTESIAN_POINT('',(-5.125385947237,-13.10102770963,0.));
#1287 = VECTOR('',#1288,1.);
#1288 = DIRECTION('',(0.975036797125,-0.222043338679,0.));
#1289 = ORIENTED_EDGE('',*,*,#1290,.F.);
#1290 = EDGE_CURVE('',#1249,#1283,#1291,.T.);
#1291 = CIRCLE('',#1292,1.);
#1292 = AXIS2_PLACEMENT_3D('',#1293,#1294,#1295);
#1293 = CARTESIAN_POINT('',(-10.93979387541,-10.75132095439,0.));
#1294 = DIRECTION('',(-0.,0.,1.));
#1295 = DIRECTION('',(0.,-1.,0.));
#1296 = FACE_BOUND('',#1297,.F.);
#1297 = EDGE_LOOP('',(#1298,#1308,#1317,#1325,#1334,#1342));
#1298 = ORIENTED_EDGE('',*,*,#1299,.F.);
#1299 = EDGE_CURVE('',#1300,#1302,#1304,.T.);
#1300 = VERTEX_POINT('',#1301);
#1301 = CARTESIAN_POINT('',(-6.018577902017,-1.,0.));
#1302 = VERTEX_POINT('',#1303);
#1303 = CARTESIAN_POINT('',(-13.4612,-1.,0.));
#1304 = LINE('',#1305,#1306);
#1305 = CARTESIAN_POINT('',(-7.288829052498,-1.,0.));
#1306 = VECTOR('',#1307,1.);
#1307 = DIRECTION('',(-1.,1.2E-16,0.));
#1308 = ORIENTED_EDGE('',*,*,#1309,.T.);
#1309 = EDGE_CURVE('',#1300,#1310,#1312,.T.);
#1310 = VERTEX_POINT('',#1311);
#1311 = CARTESIAN_POINT('',(-5.414383088659,-2.796836637907,0.));
#1312 = CIRCLE('',#1313,1.);
#1313 = AXIS2_PLACEMENT_3D('',#1314,#1315,#1316);
#1314 = CARTESIAN_POINT('',(-6.018577902017,-2.,0.));
#1315 = DIRECTION('',(-0.,-0.,-1.));
#1316 = DIRECTION('',(0.,-1.,0.));
#1317 = ORIENTED_EDGE('',*,*,#1318,.T.);
#1318 = EDGE_CURVE('',#1310,#1319,#1321,.T.);
#1319 = VERTEX_POINT('',#1320);
#1320 = CARTESIAN_POINT('',(-12.85700518664,-8.440143503411,0.));
#1321 = LINE('',#1322,#1323);
#1322 = CARTESIAN_POINT('',(-7.666439987815,-4.504440220784,0.));
#1323 = VECTOR('',#1324,1.);
#1324 = DIRECTION('',(-0.796836637907,-0.604194813358,0.));
#1325 = ORIENTED_EDGE('',*,*,#1326,.F.);
#1326 = EDGE_CURVE('',#1327,#1319,#1329,.T.);
#1327 = VERTEX_POINT('',#1328);
#1328 = CARTESIAN_POINT('',(-14.4612,-7.643306865504,0.));
#1329 = CIRCLE('',#1330,1.);
#1330 = AXIS2_PLACEMENT_3D('',#1331,#1332,#1333);
#1331 = CARTESIAN_POINT('',(-13.4612,-7.643306865504,0.));
#1332 = DIRECTION('',(-0.,0.,1.));
#1333 = DIRECTION('',(0.,-1.,0.));
#1334 = ORIENTED_EDGE('',*,*,#1335,.F.);
#1335 = EDGE_CURVE('',#1336,#1327,#1338,.T.);
#1336 = VERTEX_POINT('',#1337);
#1337 = CARTESIAN_POINT('',(-14.4612,-2.,0.));
#1338 = LINE('',#1339,#1340);
#1339 = CARTESIAN_POINT('',(-14.4612,-5.002448845623,0.));
#1340 = VECTOR('',#1341,1.);
#1341 = DIRECTION('',(-1.2E-16,-1.,0.));
#1342 = ORIENTED_EDGE('',*,*,#1343,.F.);
#1343 = EDGE_CURVE('',#1302,#1336,#1344,.T.);
#1344 = CIRCLE('',#1345,1.);
#1345 = AXIS2_PLACEMENT_3D('',#1346,#1347,#1348);
#1346 = CARTESIAN_POINT('',(-13.4612,-2.,0.));
#1347 = DIRECTION('',(-0.,0.,1.));
#1348 = DIRECTION('',(0.,-1.,0.));
#1349 = FACE_BOUND('',#1350,.F.);
#1350 = EDGE_LOOP('',(#1351,#1362,#1371,#1379,#1388,#1397,#1406,#1414,
    #1423,#1431));
#1351 = ORIENTED_EDGE('',*,*,#1352,.F.);
#1352 = EDGE_CURVE('',#1353,#1355,#1357,.T.);
#1353 = VERTEX_POINT('',#1354);
#1354 = CARTESIAN_POINT('',(3.8,-39.,0.));
#1355 = VERTEX_POINT('',#1356);
#1356 = CARTESIAN_POINT('',(3.959661942866,-38.13925300479,0.));
#1357 = CIRCLE('',#1358,2.4);
#1358 = AXIS2_PLACEMENT_3D('',#1359,#1360,#1361);
#1359 = CARTESIAN_POINT('',(6.2,-39.,0.));
#1360 = DIRECTION('',(0.,0.,-1.));
#1361 = DIRECTION('',(-1.,1.2E-16,0.));
#1362 = ORIENTED_EDGE('',*,*,#1363,.T.);
#1363 = EDGE_CURVE('',#1353,#1364,#1366,.T.);
#1364 = VERTEX_POINT('',#1365);
#1365 = CARTESIAN_POINT('',(2.8,-40.,0.));
#1366 = CIRCLE('',#1367,1.);
#1367 = AXIS2_PLACEMENT_3D('',#1368,#1369,#1370);
#1368 = CARTESIAN_POINT('',(2.8,-39.,0.));
#1369 = DIRECTION('',(-0.,-0.,-1.));
#1370 = DIRECTION('',(0.,-1.,0.));
#1371 = ORIENTED_EDGE('',*,*,#1372,.F.);
#1372 = EDGE_CURVE('',#1373,#1364,#1375,.T.);
#1373 = VERTEX_POINT('',#1374);
#1374 = CARTESIAN_POINT('',(-2.8,-40.,0.));
#1375 = LINE('',#1376,#1377);
#1376 = CARTESIAN_POINT('',(1.950899736039,-40.,0.));
#1377 = VECTOR('',#1378,1.);
#1378 = DIRECTION('',(1.,-1.2E-16,0.));
#1379 = ORIENTED_EDGE('',*,*,#1380,.F.);
#1380 = EDGE_CURVE('',#1381,#1373,#1383,.T.);
#1381 = VERTEX_POINT('',#1382);
#1382 = CARTESIAN_POINT('',(-3.8,-39.,0.));
#1383 = CIRCLE('',#1384,1.);
#1384 = AXIS2_PLACEMENT_3D('',#1385,#1386,#1387);
#1385 = CARTESIAN_POINT('',(-2.8,-39.,0.));
#1386 = DIRECTION('',(-0.,0.,1.));
#1387 = DIRECTION('',(0.,-1.,0.));
#1388 = ORIENTED_EDGE('',*,*,#1389,.F.);
#1389 = EDGE_CURVE('',#1390,#1381,#1392,.T.);
#1390 = VERTEX_POINT('',#1391);
#1391 = CARTESIAN_POINT('',(-3.959661942866,-38.13925300479,0.));
#1392 = CIRCLE('',#1393,2.4);
#1393 = AXIS2_PLACEMENT_3D('',#1394,#1395,#1396);
#1394 = CARTESIAN_POINT('',(-6.2,-39.,0.));
#1395 = DIRECTION('',(0.,0.,-1.));
#1396 = DIRECTION('',(-1.,1.2E-16,0.));
#1397 = ORIENTED_EDGE('',*,*,#1398,.F.);
#1398 = EDGE_CURVE('',#1399,#1390,#1401,.T.);
#1399 = VERTEX_POINT('',#1400);
#1400 = CARTESIAN_POINT('',(-3.884803311614,-37.26798836779,0.));
#1401 = CIRCLE('',#1402,1.);
#1402 = AXIS2_PLACEMENT_3D('',#1403,#1404,#1405);
#1403 = CARTESIAN_POINT('',(-3.026187752394,-37.78060842345,0.));
#1404 = DIRECTION('',(-0.,0.,1.));
#1405 = DIRECTION('',(0.,-1.,0.));
#1406 = ORIENTED_EDGE('',*,*,#1407,.T.);
#1407 = EDGE_CURVE('',#1399,#1408,#1410,.T.);
#1408 = VERTEX_POINT('',#1409);
#1409 = CARTESIAN_POINT('',(-0.85861555922,-32.1992598609,0.));
#1410 = LINE('',#1411,#1412);
#1411 = CARTESIAN_POINT('',(6.677682321793,-19.57629954534,0.));
#1412 = VECTOR('',#1413,1.);
#1413 = DIRECTION('',(0.51262005566,0.85861555922,0.));
#1414 = ORIENTED_EDGE('',*,*,#1415,.F.);
#1415 = EDGE_CURVE('',#1416,#1408,#1418,.T.);
#1416 = VERTEX_POINT('',#1417);
#1417 = CARTESIAN_POINT('',(0.85861555922,-32.1992598609,0.));
#1418 = CIRCLE('',#1419,1.);
#1419 = AXIS2_PLACEMENT_3D('',#1420,#1421,#1422);
#1420 = CARTESIAN_POINT('',(-3.78E-15,-32.71187991656,0.));
#1421 = DIRECTION('',(-0.,0.,1.));
#1422 = DIRECTION('',(0.,-1.,0.));
#1423 = ORIENTED_EDGE('',*,*,#1424,.T.);
#1424 = EDGE_CURVE('',#1416,#1425,#1427,.T.);
#1425 = VERTEX_POINT('',#1426);
#1426 = CARTESIAN_POINT('',(3.884803311614,-37.26798836779,0.));
#1427 = LINE('',#1428,#1429);
#1428 = CARTESIAN_POINT('',(-4.627251635734,-23.01067881068,0.));
#1429 = VECTOR('',#1430,1.);
#1430 = DIRECTION('',(0.51262005566,-0.85861555922,0.));
#1431 = ORIENTED_EDGE('',*,*,#1432,.F.);
#1432 = EDGE_CURVE('',#1355,#1425,#1433,.T.);
#1433 = CIRCLE('',#1434,1.);
#1434 = AXIS2_PLACEMENT_3D('',#1435,#1436,#1437);
#1435 = CARTESIAN_POINT('',(3.026187752394,-37.78060842345,0.));
#1436 = DIRECTION('',(-0.,0.,1.));
#1437 = DIRECTION('',(0.,-1.,0.));
#1438 = FACE_BOUND('',#1439,.F.);
#1439 = EDGE_LOOP('',(#1440,#1450,#1459,#1467,#1476,#1484));
#1440 = ORIENTED_EDGE('',*,*,#1441,.F.);
#1441 = EDGE_CURVE('',#1442,#1444,#1446,.T.);
#1442 = VERTEX_POINT('',#1443);
#1443 = CARTESIAN_POINT('',(6.544849879919,-20.62183869936,0.));
#1444 = VERTEX_POINT('',#1445);
#1445 = CARTESIAN_POINT('',(1.832875579236,-28.51418392569,0.));
#1446 = LINE('',#1447,#1448);
#1447 = CARTESIAN_POINT('',(7.622225343195,-18.81728320904,0.));
#1448 = VECTOR('',#1449,1.);
#1449 = DIRECTION('',(-0.51262005566,-0.85861555922,0.));
#1450 = ORIENTED_EDGE('',*,*,#1451,.T.);
#1451 = EDGE_CURVE('',#1442,#1452,#1454,.T.);
#1452 = VERTEX_POINT('',#1453);
#1453 = CARTESIAN_POINT('',(8.401189004798,-21.20189529207,0.));
#1454 = CIRCLE('',#1455,1.);
#1455 = AXIS2_PLACEMENT_3D('',#1456,#1457,#1458);
#1456 = CARTESIAN_POINT('',(7.403465439139,-21.13445875502,0.));
#1457 = DIRECTION('',(-0.,-0.,-1.));
#1458 = DIRECTION('',(0.,-1.,0.));
#1459 = ORIENTED_EDGE('',*,*,#1460,.T.);
#1460 = EDGE_CURVE('',#1452,#1461,#1463,.T.);
#1461 = VERTEX_POINT('',#1462);
#1462 = CARTESIAN_POINT('',(7.4427959558,-35.38132045199,0.));
#1463 = LINE('',#1464,#1465);
#1464 = CARTESIAN_POINT('',(8.496260581501,-19.79531131475,1.1E-16));
#1465 = VECTOR('',#1466,1.);
#1466 = DIRECTION('',(-6.743653705027E-02,-0.997723565659,0.));
#1467 = ORIENTED_EDGE('',*,*,#1468,.F.);
#1468 = EDGE_CURVE('',#1469,#1461,#1471,.T.);
#1469 = VERTEX_POINT('',#1470);
#1470 = CARTESIAN_POINT('',(5.586456830921,-35.8265039706,0.));
#1471 = CIRCLE('',#1472,1.);
#1472 = AXIS2_PLACEMENT_3D('',#1473,#1474,#1475);
#1473 = CARTESIAN_POINT('',(6.445072390141,-35.31388391494,0.));
#1474 = DIRECTION('',(-0.,0.,1.));
#1475 = DIRECTION('',(0.,-1.,0.));
#1476 = ORIENTED_EDGE('',*,*,#1477,.F.);
#1477 = EDGE_CURVE('',#1478,#1469,#1480,.T.);
#1478 = VERTEX_POINT('',#1479);
#1479 = CARTESIAN_POINT('',(1.832875579236,-29.53942403701,0.));
#1480 = LINE('',#1481,#1482);
#1481 = CARTESIAN_POINT('',(-3.575356435983,-20.4808784244,-2.2E-16));
#1482 = VECTOR('',#1483,1.);
#1483 = DIRECTION('',(0.51262005566,-0.85861555922,0.));
#1484 = ORIENTED_EDGE('',*,*,#1485,.F.);
#1485 = EDGE_CURVE('',#1444,#1478,#1486,.T.);
#1486 = CIRCLE('',#1487,1.);
#1487 = AXIS2_PLACEMENT_3D('',#1488,#1489,#1490);
#1488 = CARTESIAN_POINT('',(2.691491138456,-29.02680398135,0.));
#1489 = DIRECTION('',(-0.,0.,1.));
#1490 = DIRECTION('',(0.,-1.,0.));
#1491 = FACE_BOUND('',#1492,.F.);
#1492 = EDGE_LOOP('',(#1493,#1503,#1512,#1520,#1529,#1538,#1547,#1555,
    #1564,#1572));
#1493 = ORIENTED_EDGE('',*,*,#1494,.F.);
#1494 = EDGE_CURVE('',#1495,#1497,#1499,.T.);
#1495 = VERTEX_POINT('',#1496);
#1496 = CARTESIAN_POINT('',(-5.541126301717,-18.4015055188,0.));
#1497 = VERTEX_POINT('',#1498);
#1498 = CARTESIAN_POINT('',(-0.85861555922,-26.24450060909,0.));
#1499 = LINE('',#1500,#1501);
#1500 = CARTESIAN_POINT('',(-6.030799793384,-17.58132442319,0.));
#1501 = VECTOR('',#1502,1.);
#1502 = DIRECTION('',(0.51262005566,-0.85861555922,0.));
#1503 = ORIENTED_EDGE('',*,*,#1504,.T.);
#1504 = EDGE_CURVE('',#1495,#1505,#1507,.T.);
#1505 = VERTEX_POINT('',#1506);
#1506 = CARTESIAN_POINT('',(-4.460467403818,-16.91384866602,0.));
#1507 = CIRCLE('',#1508,1.);
#1508 = AXIS2_PLACEMENT_3D('',#1509,#1510,#1511);
#1509 = CARTESIAN_POINT('',(-4.682510742497,-17.88888546314,0.));
#1510 = DIRECTION('',(-0.,-0.,-1.));
#1511 = DIRECTION('',(0.,-1.,0.));
#1512 = ORIENTED_EDGE('',*,*,#1513,.T.);
#1513 = EDGE_CURVE('',#1505,#1514,#1516,.T.);
#1514 = VERTEX_POINT('',#1515);
#1515 = CARTESIAN_POINT('',(-3.174623742183,-17.206671481,0.));
#1516 = LINE('',#1517,#1518);
#1517 = CARTESIAN_POINT('',(-3.116582394436,-17.21988913051,1.1E-16));
#1518 = VECTOR('',#1519,1.);
#1519 = DIRECTION('',(0.975036797125,-0.222043338679,0.));
#1520 = ORIENTED_EDGE('',*,*,#1521,.F.);
#1521 = EDGE_CURVE('',#1522,#1514,#1524,.T.);
#1522 = VERTEX_POINT('',#1523);
#1523 = CARTESIAN_POINT('',(-2.397647351197,-18.1374411375,0.));
#1524 = CIRCLE('',#1525,1.);
#1525 = AXIS2_PLACEMENT_3D('',#1526,#1527,#1528);
#1526 = CARTESIAN_POINT('',(-3.396667080862,-18.18170827813,0.));
#1527 = DIRECTION('',(-0.,0.,1.));
#1528 = DIRECTION('',(0.,-1.,0.));
#1529 = ORIENTED_EDGE('',*,*,#1530,.F.);
#1530 = EDGE_CURVE('',#1531,#1522,#1533,.T.);
#1531 = VERTEX_POINT('',#1532);
#1532 = CARTESIAN_POINT('',(2.397647351197,-18.1374411375,0.));
#1533 = CIRCLE('',#1534,2.4);
#1534 = AXIS2_PLACEMENT_3D('',#1535,#1536,#1537);
#1535 = CARTESIAN_POINT('',(-2.21E-15,-18.0312,0.));
#1536 = DIRECTION('',(0.,0.,-1.));
#1537 = DIRECTION('',(-1.,1.2E-16,0.));
#1538 = ORIENTED_EDGE('',*,*,#1539,.F.);
#1539 = EDGE_CURVE('',#1540,#1531,#1542,.T.);
#1540 = VERTEX_POINT('',#1541);
#1541 = CARTESIAN_POINT('',(3.174623742183,-17.206671481,0.));
#1542 = CIRCLE('',#1543,1.);
#1543 = AXIS2_PLACEMENT_3D('',#1544,#1545,#1546);
#1544 = CARTESIAN_POINT('',(3.396667080862,-18.18170827813,0.));
#1545 = DIRECTION('',(-0.,0.,1.));
#1546 = DIRECTION('',(0.,-1.,0.));
#1547 = ORIENTED_EDGE('',*,*,#1548,.T.);
#1548 = EDGE_CURVE('',#1540,#1549,#1551,.T.);
#1549 = VERTEX_POINT('',#1550);
#1550 = CARTESIAN_POINT('',(4.460467403818,-16.91384866602,0.));
#1551 = LINE('',#1552,#1553);
#1552 = CARTESIAN_POINT('',(5.217369053289,-16.7414808438,0.));
#1553 = VECTOR('',#1554,1.);
#1554 = DIRECTION('',(0.975036797125,0.222043338679,0.));
#1555 = ORIENTED_EDGE('',*,*,#1556,.F.);
#1556 = EDGE_CURVE('',#1557,#1549,#1559,.T.);
#1557 = VERTEX_POINT('',#1558);
#1558 = CARTESIAN_POINT('',(5.541126301717,-18.4015055188,0.));
#1559 = CIRCLE('',#1560,1.);
#1560 = AXIS2_PLACEMENT_3D('',#1561,#1562,#1563);
#1561 = CARTESIAN_POINT('',(4.682510742497,-17.88888546314,0.));
#1562 = DIRECTION('',(-0.,0.,1.));
#1563 = DIRECTION('',(0.,-1.,0.));
#1564 = ORIENTED_EDGE('',*,*,#1565,.T.);
#1565 = EDGE_CURVE('',#1557,#1566,#1568,.T.);
#1566 = VERTEX_POINT('',#1567);
#1567 = CARTESIAN_POINT('',(0.85861555922,-26.24450060909,0.));
#1568 = LINE('',#1569,#1570);
#1569 = CARTESIAN_POINT('',(6.000197011574,-17.63258270762,0.));
#1570 = VECTOR('',#1571,1.);
#1571 = DIRECTION('',(-0.51262005566,-0.85861555922,0.));
#1572 = ORIENTED_EDGE('',*,*,#1573,.F.);
#1573 = EDGE_CURVE('',#1497,#1566,#1574,.T.);
#1574 = CIRCLE('',#1575,1.);
#1575 = AXIS2_PLACEMENT_3D('',#1576,#1577,#1578);
#1576 = CARTESIAN_POINT('',(-2.76E-15,-25.73188055343,0.));
#1577 = DIRECTION('',(-0.,0.,1.));
#1578 = DIRECTION('',(0.,-1.,0.));
#1579 = FACE_BOUND('',#1580,.F.);
#1580 = EDGE_LOOP('',(#1581,#1591,#1600,#1608,#1617,#1625));
#1581 = ORIENTED_EDGE('',*,*,#1582,.F.);
#1582 = EDGE_CURVE('',#1583,#1585,#1587,.T.);
#1583 = VERTEX_POINT('',#1584);
#1584 = CARTESIAN_POINT('',(1.,-3.972795927977,0.));
#1585 = VERTEX_POINT('',#1586);
#1586 = CARTESIAN_POINT('',(1.,-12.78716379135,0.));
#1587 = LINE('',#1588,#1589);
#1588 = CARTESIAN_POINT('',(1.,-7.194440482554,0.));
#1589 = VECTOR('',#1590,1.);
#1590 = DIRECTION('',(-1.2E-16,-1.,0.));
#1591 = ORIENTED_EDGE('',*,*,#1592,.T.);
#1592 = EDGE_CURVE('',#1583,#1593,#1595,.T.);
#1593 = VERTEX_POINT('',#1594);
#1594 = CARTESIAN_POINT('',(2.604194813358,-3.17595929007,0.));
#1595 = CIRCLE('',#1596,1.);
#1596 = AXIS2_PLACEMENT_3D('',#1597,#1598,#1599);
#1597 = CARTESIAN_POINT('',(2.,-3.972795927977,0.));
#1598 = DIRECTION('',(-0.,-0.,-1.));
#1599 = DIRECTION('',(0.,-1.,0.));
#1600 = ORIENTED_EDGE('',*,*,#1601,.T.);
#1601 = EDGE_CURVE('',#1593,#1602,#1604,.T.);
#1602 = VERTEX_POINT('',#1603);
#1603 = CARTESIAN_POINT('',(11.543988688776,-9.954484316486,0.));
#1604 = LINE('',#1605,#1606);
#1605 = CARTESIAN_POINT('',(6.38410544717,-6.042045375047,0.));
#1606 = VECTOR('',#1607,1.);
#1607 = DIRECTION('',(0.796836637907,-0.604194813358,0.));
#1608 = ORIENTED_EDGE('',*,*,#1609,.F.);
#1609 = EDGE_CURVE('',#1610,#1602,#1612,.T.);
#1610 = VERTEX_POINT('',#1611);
#1611 = CARTESIAN_POINT('',(11.161837214097,-11.72635775151,0.));
#1612 = CIRCLE('',#1613,1.);
#1613 = AXIS2_PLACEMENT_3D('',#1614,#1615,#1616);
#1614 = CARTESIAN_POINT('',(10.939793875418,-10.75132095439,0.));
#1615 = DIRECTION('',(-0.,0.,1.));
#1616 = DIRECTION('',(0.,-1.,0.));
#1617 = ORIENTED_EDGE('',*,*,#1618,.F.);
#1618 = EDGE_CURVE('',#1619,#1610,#1621,.T.);
#1619 = VERTEX_POINT('',#1620);
#1620 = CARTESIAN_POINT('',(2.222043338679,-13.76220058847,0.));
#1621 = LINE('',#1622,#1623);
#1622 = CARTESIAN_POINT('',(5.014669604637,-13.12624093895,0.));
#1623 = VECTOR('',#1624,1.);
#1624 = DIRECTION('',(0.975036797125,0.222043338679,0.));
#1625 = ORIENTED_EDGE('',*,*,#1626,.F.);
#1626 = EDGE_CURVE('',#1585,#1619,#1627,.T.);
#1627 = CIRCLE('',#1628,1.);
#1628 = AXIS2_PLACEMENT_3D('',#1629,#1630,#1631);
#1629 = CARTESIAN_POINT('',(2.,-12.78716379135,0.));
#1630 = DIRECTION('',(-0.,0.,1.));
#1631 = DIRECTION('',(0.,-1.,0.));
#1632 = FACE_BOUND('',#1633,.F.);
#1633 = EDGE_LOOP('',(#1634,#1644,#1653,#1661,#1670,#1678));
#1634 = ORIENTED_EDGE('',*,*,#1635,.F.);
#1635 = EDGE_CURVE('',#1636,#1638,#1640,.T.);
#1636 = VERTEX_POINT('',#1637);
#1637 = CARTESIAN_POINT('',(5.414383088659,-2.796836637907,0.));
#1638 = VERTEX_POINT('',#1639);
#1639 = CARTESIAN_POINT('',(12.857005186642,-8.440143503411,0.));
#1640 = LINE('',#1641,#1642);
#1641 = CARTESIAN_POINT('',(7.592495073886,-4.448372099233,1.1E-16));
#1642 = VECTOR('',#1643,1.);
#1643 = DIRECTION('',(0.796836637907,-0.604194813358,0.));
#1644 = ORIENTED_EDGE('',*,*,#1645,.T.);
#1645 = EDGE_CURVE('',#1636,#1646,#1648,.T.);
#1646 = VERTEX_POINT('',#1647);
#1647 = CARTESIAN_POINT('',(6.018577902017,-1.,0.));
#1648 = CIRCLE('',#1649,1.);
#1649 = AXIS2_PLACEMENT_3D('',#1650,#1651,#1652);
#1650 = CARTESIAN_POINT('',(6.018577902017,-2.,0.));
#1651 = DIRECTION('',(-0.,-0.,-1.));
#1652 = DIRECTION('',(0.,-1.,0.));
#1653 = ORIENTED_EDGE('',*,*,#1654,.T.);
#1654 = EDGE_CURVE('',#1646,#1655,#1657,.T.);
#1655 = VERTEX_POINT('',#1656);
#1656 = CARTESIAN_POINT('',(13.4612,-1.,0.));
#1657 = LINE('',#1658,#1659);
#1658 = CARTESIAN_POINT('',(7.172370947502,-1.,0.));
#1659 = VECTOR('',#1660,1.);
#1660 = DIRECTION('',(1.,-1.2E-16,0.));
#1661 = ORIENTED_EDGE('',*,*,#1662,.F.);
#1662 = EDGE_CURVE('',#1663,#1655,#1665,.T.);
#1663 = VERTEX_POINT('',#1664);
#1664 = CARTESIAN_POINT('',(14.4612,-2.,0.));
#1665 = CIRCLE('',#1666,1.);
#1666 = AXIS2_PLACEMENT_3D('',#1667,#1668,#1669);
#1667 = CARTESIAN_POINT('',(13.4612,-2.,0.));
#1668 = DIRECTION('',(-0.,0.,1.));
#1669 = DIRECTION('',(0.,-1.,0.));
#1670 = ORIENTED_EDGE('',*,*,#1671,.F.);
#1671 = EDGE_CURVE('',#1672,#1663,#1674,.T.);
#1672 = VERTEX_POINT('',#1673);
#1673 = CARTESIAN_POINT('',(14.4612,-7.643306865504,0.));
#1674 = LINE('',#1675,#1676);
#1675 = CARTESIAN_POINT('',(14.4612,-0.674193345996,0.));
#1676 = VECTOR('',#1677,1.);
#1677 = DIRECTION('',(1.2E-16,1.,0.));
#1678 = ORIENTED_EDGE('',*,*,#1679,.F.);
#1679 = EDGE_CURVE('',#1638,#1672,#1680,.T.);
#1680 = CIRCLE('',#1681,1.);
#1681 = AXIS2_PLACEMENT_3D('',#1682,#1683,#1684);
#1682 = CARTESIAN_POINT('',(13.4612,-7.643306865504,0.));
#1683 = DIRECTION('',(-0.,0.,1.));
#1684 = DIRECTION('',(0.,-1.,0.));
#1685 = FACE_BOUND('',#1686,.F.);
#1686 = EDGE_LOOP('',(#1687,#1697,#1706,#1714,#1723,#1731));
#1687 = ORIENTED_EDGE('',*,*,#1688,.T.);
#1688 = EDGE_CURVE('',#1689,#1691,#1693,.T.);
#1689 = VERTEX_POINT('',#1690);
#1690 = CARTESIAN_POINT('',(-12.85700518664,8.440143503411,0.));
#1691 = VERTEX_POINT('',#1692);
#1692 = CARTESIAN_POINT('',(-5.414383088659,2.796836637907,0.));
#1693 = LINE('',#1694,#1695);
#1694 = CARTESIAN_POINT('',(-1.790432116622,4.900568108841E-02,0.));
#1695 = VECTOR('',#1696,1.);
#1696 = DIRECTION('',(0.796836637907,-0.604194813358,0.));
#1697 = ORIENTED_EDGE('',*,*,#1698,.T.);
#1698 = EDGE_CURVE('',#1691,#1699,#1701,.T.);
#1699 = VERTEX_POINT('',#1700);
#1700 = CARTESIAN_POINT('',(-6.018577902017,1.,0.));
#1701 = CIRCLE('',#1702,1.);
#1702 = AXIS2_PLACEMENT_3D('',#1703,#1704,#1705);
#1703 = CARTESIAN_POINT('',(-6.018577902017,2.,0.));
#1704 = DIRECTION('',(-0.,-0.,-1.));
#1705 = DIRECTION('',(0.,-1.,0.));
#1706 = ORIENTED_EDGE('',*,*,#1707,.T.);
#1707 = EDGE_CURVE('',#1699,#1708,#1710,.T.);
#1708 = VERTEX_POINT('',#1709);
#1709 = CARTESIAN_POINT('',(-13.4612,1.,0.));
#1710 = LINE('',#1711,#1712);
#1711 = CARTESIAN_POINT('',(-7.288829052498,1.,0.));
#1712 = VECTOR('',#1713,1.);
#1713 = DIRECTION('',(-1.,1.2E-16,0.));
#1714 = ORIENTED_EDGE('',*,*,#1715,.F.);
#1715 = EDGE_CURVE('',#1716,#1708,#1718,.T.);
#1716 = VERTEX_POINT('',#1717);
#1717 = CARTESIAN_POINT('',(-14.4612,2.,0.));
#1718 = CIRCLE('',#1719,1.);
#1719 = AXIS2_PLACEMENT_3D('',#1720,#1721,#1722);
#1720 = CARTESIAN_POINT('',(-13.4612,2.,0.));
#1721 = DIRECTION('',(-0.,0.,1.));
#1722 = DIRECTION('',(0.,-1.,0.));
#1723 = ORIENTED_EDGE('',*,*,#1724,.F.);
#1724 = EDGE_CURVE('',#1725,#1716,#1727,.T.);
#1725 = VERTEX_POINT('',#1726);
#1726 = CARTESIAN_POINT('',(-14.4612,7.643306865504,0.));
#1727 = LINE('',#1728,#1729);
#1728 = CARTESIAN_POINT('',(-14.4612,0.325806654004,0.));
#1729 = VECTOR('',#1730,1.);
#1730 = DIRECTION('',(-1.2E-16,-1.,0.));
#1731 = ORIENTED_EDGE('',*,*,#1732,.F.);
#1732 = EDGE_CURVE('',#1689,#1725,#1733,.T.);
#1733 = CIRCLE('',#1734,1.);
#1734 = AXIS2_PLACEMENT_3D('',#1735,#1736,#1737);
#1735 = CARTESIAN_POINT('',(-13.4612,7.643306865504,0.));
#1736 = DIRECTION('',(-0.,0.,1.));
#1737 = DIRECTION('',(0.,-1.,0.));
#1738 = FACE_BOUND('',#1739,.F.);
#1739 = EDGE_LOOP('',(#1740,#1750,#1759,#1767,#1776,#1784));
#1740 = ORIENTED_EDGE('',*,*,#1741,.F.);
#1741 = EDGE_CURVE('',#1742,#1744,#1746,.T.);
#1742 = VERTEX_POINT('',#1743);
#1743 = CARTESIAN_POINT('',(-11.54398868877,9.954484316486,0.));
#1744 = VERTEX_POINT('',#1745);
#1745 = CARTESIAN_POINT('',(-2.604194813358,3.17595929007,0.));
#1746 = LINE('',#1747,#1748);
#1747 = CARTESIAN_POINT('',(-0.163916295526,1.325638216109,1.1E-16));
#1748 = VECTOR('',#1749,1.);
#1749 = DIRECTION('',(0.796836637907,-0.604194813358,0.));
#1750 = ORIENTED_EDGE('',*,*,#1751,.T.);
#1751 = EDGE_CURVE('',#1742,#1752,#1754,.T.);
#1752 = VERTEX_POINT('',#1753);
#1753 = CARTESIAN_POINT('',(-11.16183721409,11.726357751518,0.));
#1754 = CIRCLE('',#1755,1.);
#1755 = AXIS2_PLACEMENT_3D('',#1756,#1757,#1758);
#1756 = CARTESIAN_POINT('',(-10.93979387541,10.751320954393,0.));
#1757 = DIRECTION('',(-0.,-0.,-1.));
#1758 = DIRECTION('',(0.,-1.,0.));
#1759 = ORIENTED_EDGE('',*,*,#1760,.T.);
#1760 = EDGE_CURVE('',#1752,#1761,#1763,.T.);
#1761 = VERTEX_POINT('',#1762);
#1762 = CARTESIAN_POINT('',(-2.222043338679,13.762200588477,0.));
#1763 = LINE('',#1764,#1765);
#1764 = CARTESIAN_POINT('',(-2.137609221065,13.781428614977,1.1E-16));
#1765 = VECTOR('',#1766,1.);
#1766 = DIRECTION('',(0.975036797125,0.222043338679,0.));
#1767 = ORIENTED_EDGE('',*,*,#1768,.F.);
#1768 = EDGE_CURVE('',#1769,#1761,#1771,.T.);
#1769 = VERTEX_POINT('',#1770);
#1770 = CARTESIAN_POINT('',(-1.,12.787163791351,0.));
#1771 = CIRCLE('',#1772,1.);
#1772 = AXIS2_PLACEMENT_3D('',#1773,#1774,#1775);
#1773 = CARTESIAN_POINT('',(-2.,12.787163791351,0.));
#1774 = DIRECTION('',(-0.,0.,1.));
#1775 = DIRECTION('',(0.,-1.,0.));
#1776 = ORIENTED_EDGE('',*,*,#1777,.T.);
#1777 = EDGE_CURVE('',#1769,#1778,#1780,.T.);
#1778 = VERTEX_POINT('',#1779);
#1779 = CARTESIAN_POINT('',(-1.,3.972795927977,0.));
#1780 = LINE('',#1781,#1782);
#1781 = CARTESIAN_POINT('',(-1.,0.805602551117,0.));
#1782 = VECTOR('',#1783,1.);
#1783 = DIRECTION('',(-1.2E-16,-1.,0.));
#1784 = ORIENTED_EDGE('',*,*,#1785,.F.);
#1785 = EDGE_CURVE('',#1744,#1778,#1786,.T.);
#1786 = CIRCLE('',#1787,1.);
#1787 = AXIS2_PLACEMENT_3D('',#1788,#1789,#1790);
#1788 = CARTESIAN_POINT('',(-2.,3.972795927977,0.));
#1789 = DIRECTION('',(-0.,0.,1.));
#1790 = DIRECTION('',(0.,-1.,0.));
#1791 = FACE_BOUND('',#1792,.F.);
#1792 = EDGE_LOOP('',(#1793,#1803,#1812,#1820,#1829,#1838,#1847,#1855,
    #1864,#1872));
#1793 = ORIENTED_EDGE('',*,*,#1794,.F.);
#1794 = EDGE_CURVE('',#1795,#1797,#1799,.T.);
#1795 = VERTEX_POINT('',#1796);
#1796 = CARTESIAN_POINT('',(-7.206646659711,21.502572085858,0.));
#1797 = VERTEX_POINT('',#1798);
#1798 = CARTESIAN_POINT('',(-1.893535829174,28.426752928884,0.));
#1799 = LINE('',#1800,#1801);
#1800 = CARTESIAN_POINT('',(-8.279354879908,20.10459151565,0.));
#1801 = VECTOR('',#1802,1.);
#1802 = DIRECTION('',(0.608761429011,0.793353340289,0.));
#1803 = ORIENTED_EDGE('',*,*,#1804,.T.);
#1804 = EDGE_CURVE('',#1795,#1805,#1807,.T.);
#1805 = VERTEX_POINT('',#1806);
#1806 = CARTESIAN_POINT('',(-9.,22.111333514869,0.));
#1807 = CIRCLE('',#1808,1.);
#1808 = AXIS2_PLACEMENT_3D('',#1809,#1810,#1811);
#1809 = CARTESIAN_POINT('',(-8.,22.111333514869,0.));
#1810 = DIRECTION('',(-0.,-0.,-1.));
#1811 = DIRECTION('',(0.,-1.,0.));
#1812 = ORIENTED_EDGE('',*,*,#1813,.F.);
#1813 = EDGE_CURVE('',#1814,#1805,#1816,.T.);
#1814 = VERTEX_POINT('',#1815);
#1815 = CARTESIAN_POINT('',(-9.,25.603310435144,0.));
#1816 = LINE('',#1817,#1818);
#1817 = CARTESIAN_POINT('',(-9.,9.408520909173,0.));
#1818 = VECTOR('',#1819,1.);
#1819 = DIRECTION('',(-1.2E-16,-1.,0.));
#1820 = ORIENTED_EDGE('',*,*,#1821,.F.);
#1821 = EDGE_CURVE('',#1822,#1814,#1824,.T.);
#1822 = VERTEX_POINT('',#1823);
#1823 = CARTESIAN_POINT('',(-7.955882352941,26.602336777749,0.));
#1824 = CIRCLE('',#1825,1.);
#1825 = AXIS2_PLACEMENT_3D('',#1826,#1827,#1828);
#1826 = CARTESIAN_POINT('',(-8.,25.603310435144,0.));
#1827 = DIRECTION('',(-0.,0.,1.));
#1828 = DIRECTION('',(0.,-1.,0.));
#1829 = ORIENTED_EDGE('',*,*,#1830,.F.);
#1830 = EDGE_CURVE('',#1831,#1822,#1833,.T.);
#1831 = VERTEX_POINT('',#1832);
#1832 = CARTESIAN_POINT('',(-7.47176600571,31.370008237446,0.));
#1833 = CIRCLE('',#1834,2.4);
#1834 = AXIS2_PLACEMENT_3D('',#1835,#1836,#1837);
#1835 = CARTESIAN_POINT('',(-7.85,29.,0.));
#1836 = DIRECTION('',(0.,0.,-1.));
#1837 = DIRECTION('',(-1.,1.2E-16,0.));
#1838 = ORIENTED_EDGE('',*,*,#1839,.F.);
#1839 = EDGE_CURVE('',#1840,#1831,#1842,.T.);
#1840 = VERTEX_POINT('',#1841);
#1841 = CARTESIAN_POINT('',(-8.253961931577,32.699254732802,0.));
#1842 = CIRCLE('',#1843,1.);
#1843 = AXIS2_PLACEMENT_3D('',#1844,#1845,#1846);
#1844 = CARTESIAN_POINT('',(-7.314168508089,32.357511669716,0.));
#1845 = DIRECTION('',(-0.,0.,1.));
#1846 = DIRECTION('',(0.,-1.,0.));
#1847 = ORIENTED_EDGE('',*,*,#1848,.T.);
#1848 = EDGE_CURVE('',#1840,#1849,#1851,.T.);
#1849 = VERTEX_POINT('',#1850);
#1850 = CARTESIAN_POINT('',(-7.585755680906,34.536821922148,0.));
#1851 = LINE('',#1852,#1853);
#1852 = CARTESIAN_POINT('',(-12.44003003335,21.187567452924,0.));
#1853 = VECTOR('',#1854,1.);
#1854 = DIRECTION('',(0.341743063087,0.939793423488,0.));
#1855 = ORIENTED_EDGE('',*,*,#1856,.F.);
#1856 = EDGE_CURVE('',#1857,#1849,#1859,.T.);
#1857 = VERTEX_POINT('',#1858);
#1858 = CARTESIAN_POINT('',(-5.852608917126,34.80384028807,0.));
#1859 = CIRCLE('',#1860,1.);
#1860 = AXIS2_PLACEMENT_3D('',#1861,#1862,#1863);
#1861 = CARTESIAN_POINT('',(-6.645962257418,34.195078859062,0.));
#1862 = DIRECTION('',(-0.,0.,1.));
#1863 = DIRECTION('',(0.,-1.,0.));
#1864 = ORIENTED_EDGE('',*,*,#1865,.T.);
#1865 = EDGE_CURVE('',#1857,#1866,#1868,.T.);
#1866 = VERTEX_POINT('',#1867);
#1867 = CARTESIAN_POINT('',(-1.893535829171,29.644275786903,0.));
#1868 = LINE('',#1869,#1870);
#1869 = CARTESIAN_POINT('',(5.911979570701,19.471930069665,0.));
#1870 = VECTOR('',#1871,1.);
#1871 = DIRECTION('',(0.608761429008,-0.793353340292,0.));
#1872 = ORIENTED_EDGE('',*,*,#1873,.F.);
#1873 = EDGE_CURVE('',#1797,#1866,#1874,.T.);
#1874 = CIRCLE('',#1875,1.);
#1875 = AXIS2_PLACEMENT_3D('',#1876,#1877,#1878);
#1876 = CARTESIAN_POINT('',(-2.686889169463,29.035514357895,0.));
#1877 = DIRECTION('',(-0.,0.,1.));
#1878 = DIRECTION('',(0.,-1.,0.));
#1879 = FACE_BOUND('',#1880,.F.);
#1880 = EDGE_LOOP('',(#1881,#1891,#1900,#1908,#1917,#1925));
#1881 = ORIENTED_EDGE('',*,*,#1882,.F.);
#1882 = EDGE_CURVE('',#1883,#1885,#1887,.T.);
#1883 = VERTEX_POINT('',#1884);
#1884 = CARTESIAN_POINT('',(12.857005186642,8.440143503411,0.));
#1885 = VERTEX_POINT('',#1886);
#1886 = CARTESIAN_POINT('',(5.414383088659,2.796836637907,0.));
#1887 = LINE('',#1888,#1889);
#1888 = CARTESIAN_POINT('',(1.716487202693,-7.062440462575E-03,0.));
#1889 = VECTOR('',#1890,1.);
#1890 = DIRECTION('',(-0.796836637907,-0.604194813358,0.));
#1891 = ORIENTED_EDGE('',*,*,#1892,.T.);
#1892 = EDGE_CURVE('',#1883,#1893,#1895,.T.);
#1893 = VERTEX_POINT('',#1894);
#1894 = CARTESIAN_POINT('',(14.4612,7.643306865504,0.));
#1895 = CIRCLE('',#1896,1.);
#1896 = AXIS2_PLACEMENT_3D('',#1897,#1898,#1899);
#1897 = CARTESIAN_POINT('',(13.4612,7.643306865504,0.));
#1898 = DIRECTION('',(-0.,-0.,-1.));
#1899 = DIRECTION('',(0.,-1.,0.));
#1900 = ORIENTED_EDGE('',*,*,#1901,.T.);
#1901 = EDGE_CURVE('',#1893,#1902,#1904,.T.);
#1902 = VERTEX_POINT('',#1903);
#1903 = CARTESIAN_POINT('',(14.4612,2.,0.));
#1904 = LINE('',#1905,#1906);
#1905 = CARTESIAN_POINT('',(14.4612,0.325806654004,0.));
#1906 = VECTOR('',#1907,1.);
#1907 = DIRECTION('',(-1.2E-16,-1.,0.));
#1908 = ORIENTED_EDGE('',*,*,#1909,.F.);
#1909 = EDGE_CURVE('',#1910,#1902,#1912,.T.);
#1910 = VERTEX_POINT('',#1911);
#1911 = CARTESIAN_POINT('',(13.4612,1.,0.));
#1912 = CIRCLE('',#1913,1.);
#1913 = AXIS2_PLACEMENT_3D('',#1914,#1915,#1916);
#1914 = CARTESIAN_POINT('',(13.4612,2.,0.));
#1915 = DIRECTION('',(-0.,0.,1.));
#1916 = DIRECTION('',(0.,-1.,0.));
#1917 = ORIENTED_EDGE('',*,*,#1918,.F.);
#1918 = EDGE_CURVE('',#1919,#1910,#1921,.T.);
#1919 = VERTEX_POINT('',#1920);
#1920 = CARTESIAN_POINT('',(6.018577902017,1.,0.));
#1921 = LINE('',#1922,#1923);
#1922 = CARTESIAN_POINT('',(7.172370947502,1.,0.));
#1923 = VECTOR('',#1924,1.);
#1924 = DIRECTION('',(1.,-1.2E-16,0.));
#1925 = ORIENTED_EDGE('',*,*,#1926,.F.);
#1926 = EDGE_CURVE('',#1885,#1919,#1927,.T.);
#1927 = CIRCLE('',#1928,1.);
#1928 = AXIS2_PLACEMENT_3D('',#1929,#1930,#1931);
#1929 = CARTESIAN_POINT('',(6.018577902017,2.,0.));
#1930 = DIRECTION('',(-0.,0.,1.));
#1931 = DIRECTION('',(0.,-1.,0.));
#1932 = FACE_BOUND('',#1933,.F.);
#1933 = EDGE_LOOP('',(#1934,#1944,#1953,#1961,#1970,#1978));
#1934 = ORIENTED_EDGE('',*,*,#1935,.F.);
#1935 = EDGE_CURVE('',#1936,#1938,#1940,.T.);
#1936 = VERTEX_POINT('',#1937);
#1937 = CARTESIAN_POINT('',(1.,12.787163791351,0.));
#1938 = VERTEX_POINT('',#1939);
#1939 = CARTESIAN_POINT('',(1.,3.972795927977,0.));
#1940 = LINE('',#1941,#1942);
#1941 = CARTESIAN_POINT('',(1.,0.805602551117,0.));
#1942 = VECTOR('',#1943,1.);
#1943 = DIRECTION('',(-1.2E-16,-1.,0.));
#1944 = ORIENTED_EDGE('',*,*,#1945,.T.);
#1945 = EDGE_CURVE('',#1936,#1946,#1948,.T.);
#1946 = VERTEX_POINT('',#1947);
#1947 = CARTESIAN_POINT('',(2.222043338679,13.762200588477,0.));
#1948 = CIRCLE('',#1949,1.);
#1949 = AXIS2_PLACEMENT_3D('',#1950,#1951,#1952);
#1950 = CARTESIAN_POINT('',(2.,12.787163791351,0.));
#1951 = DIRECTION('',(-0.,-0.,-1.));
#1952 = DIRECTION('',(0.,-1.,0.));
#1953 = ORIENTED_EDGE('',*,*,#1954,.F.);
#1954 = EDGE_CURVE('',#1955,#1946,#1957,.T.);
#1955 = VERTEX_POINT('',#1956);
#1956 = CARTESIAN_POINT('',(11.161837214097,11.726357751518,0.));
#1957 = LINE('',#1958,#1959);
#1958 = CARTESIAN_POINT('',(2.026892878465,13.806641844292,0.));
#1959 = VECTOR('',#1960,1.);
#1960 = DIRECTION('',(-0.975036797125,0.222043338679,0.));
#1961 = ORIENTED_EDGE('',*,*,#1962,.F.);
#1962 = EDGE_CURVE('',#1963,#1955,#1965,.T.);
#1963 = VERTEX_POINT('',#1964);
#1964 = CARTESIAN_POINT('',(11.543988688776,9.954484316486,0.));
#1965 = CIRCLE('',#1966,1.);
#1966 = AXIS2_PLACEMENT_3D('',#1967,#1968,#1969);
#1967 = CARTESIAN_POINT('',(10.939793875418,10.751320954393,0.));
#1968 = DIRECTION('',(-0.,0.,1.));
#1969 = DIRECTION('',(0.,-1.,0.));
#1970 = ORIENTED_EDGE('',*,*,#1971,.T.);
#1971 = EDGE_CURVE('',#1963,#1972,#1974,.T.);
#1972 = VERTEX_POINT('',#1973);
#1973 = CARTESIAN_POINT('',(2.604194813358,3.17595929007,0.));
#1974 = LINE('',#1975,#1976);
#1975 = CARTESIAN_POINT('',(8.997138159631E-02,1.269570094558,1.1E-16));
#1976 = VECTOR('',#1977,1.);
#1977 = DIRECTION('',(-0.796836637907,-0.604194813358,0.));
#1978 = ORIENTED_EDGE('',*,*,#1979,.F.);
#1979 = EDGE_CURVE('',#1938,#1972,#1980,.T.);
#1980 = CIRCLE('',#1981,1.);
#1981 = AXIS2_PLACEMENT_3D('',#1982,#1983,#1984);
#1982 = CARTESIAN_POINT('',(2.,3.972795927977,0.));
#1983 = DIRECTION('',(-0.,0.,1.));
#1984 = DIRECTION('',(0.,-1.,0.));
#1985 = FACE_BOUND('',#1986,.F.);
#1986 = EDGE_LOOP('',(#1987,#1998,#2007,#2015,#2024,#2032,#2041,#2049,
    #2058,#2066));
#1987 = ORIENTED_EDGE('',*,*,#1988,.F.);
#1988 = EDGE_CURVE('',#1989,#1991,#1993,.T.);
#1989 = VERTEX_POINT('',#1990);
#1990 = CARTESIAN_POINT('',(-2.397647351197,18.137441137506,0.));
#1991 = VERTEX_POINT('',#1992);
#1992 = CARTESIAN_POINT('',(2.397647351197,18.137441137506,0.));
#1993 = CIRCLE('',#1994,2.4);
#1994 = AXIS2_PLACEMENT_3D('',#1995,#1996,#1997);
#1995 = CARTESIAN_POINT('',(2.21E-15,18.0312,0.));
#1996 = DIRECTION('',(0.,0.,-1.));
#1997 = DIRECTION('',(-1.,1.2E-16,0.));
#1998 = ORIENTED_EDGE('',*,*,#1999,.T.);
#1999 = EDGE_CURVE('',#1989,#2000,#2002,.T.);
#2000 = VERTEX_POINT('',#2001);
#2001 = CARTESIAN_POINT('',(-3.174623742183,17.206671481009,0.));
#2002 = CIRCLE('',#2003,1.);
#2003 = AXIS2_PLACEMENT_3D('',#2004,#2005,#2006);
#2004 = CARTESIAN_POINT('',(-3.396667080862,18.181708278134,0.));
#2005 = DIRECTION('',(-0.,-0.,-1.));
#2006 = DIRECTION('',(0.,-1.,0.));
#2007 = ORIENTED_EDGE('',*,*,#2008,.F.);
#2008 = EDGE_CURVE('',#2009,#2000,#2011,.T.);
#2009 = VERTEX_POINT('',#2010);
#2010 = CARTESIAN_POINT('',(-6.296981419278,16.495622702936,0.));
#2011 = LINE('',#2012,#2013);
#2012 = CARTESIAN_POINT('',(-3.192008261584,17.202712536341,1.1E-16));
#2013 = VECTOR('',#2014,1.);
#2014 = DIRECTION('',(0.975036797125,0.222043338679,0.));
#2015 = ORIENTED_EDGE('',*,*,#2016,.F.);
#2016 = EDGE_CURVE('',#2017,#2009,#2019,.T.);
#2017 = VERTEX_POINT('',#2018);
#2018 = CARTESIAN_POINT('',(-7.312378098246,18.079420929073,0.));
#2019 = CIRCLE('',#2020,1.);
#2020 = AXIS2_PLACEMENT_3D('',#2021,#2022,#2023);
#2021 = CARTESIAN_POINT('',(-6.519024757957,17.470659500062,0.));
#2022 = DIRECTION('',(-0.,0.,1.));
#2023 = DIRECTION('',(0.,-1.,0.));
#2024 = ORIENTED_EDGE('',*,*,#2025,.F.);
#2025 = EDGE_CURVE('',#2026,#2017,#2028,.T.);
#2026 = VERTEX_POINT('',#2027);
#2027 = CARTESIAN_POINT('',(-0.793353340289,26.575179399762,0.));
#2028 = LINE('',#2029,#2030);
#2029 = CARTESIAN_POINT('',(-11.27279316189,12.918107531177,0.));
#2030 = VECTOR('',#2031,1.);
#2031 = DIRECTION('',(-0.608761429011,-0.793353340289,0.));
#2032 = ORIENTED_EDGE('',*,*,#2033,.F.);
#2033 = EDGE_CURVE('',#2034,#2026,#2036,.T.);
#2034 = VERTEX_POINT('',#2035);
#2035 = CARTESIAN_POINT('',(0.793353340289,26.575179399762,0.));
#2036 = CIRCLE('',#2037,1.);
#2037 = AXIS2_PLACEMENT_3D('',#2038,#2039,#2040);
#2038 = CARTESIAN_POINT('',(2.81E-15,25.96641797075,0.));
#2039 = DIRECTION('',(-0.,0.,1.));
#2040 = DIRECTION('',(0.,-1.,0.));
#2041 = ORIENTED_EDGE('',*,*,#2042,.T.);
#2042 = EDGE_CURVE('',#2034,#2043,#2045,.T.);
#2043 = VERTEX_POINT('',#2044);
#2044 = CARTESIAN_POINT('',(7.312378098246,18.079420929073,0.));
#2045 = LINE('',#2046,#2047);
#2046 = CARTESIAN_POINT('',(11.229634897163,12.974352476825,0.));
#2047 = VECTOR('',#2048,1.);
#2048 = DIRECTION('',(0.608761429011,-0.793353340289,0.));
#2049 = ORIENTED_EDGE('',*,*,#2050,.F.);
#2050 = EDGE_CURVE('',#2051,#2043,#2053,.T.);
#2051 = VERTEX_POINT('',#2052);
#2052 = CARTESIAN_POINT('',(6.296981419278,16.495622702936,0.));
#2053 = CIRCLE('',#2054,1.);
#2054 = AXIS2_PLACEMENT_3D('',#2055,#2056,#2057);
#2055 = CARTESIAN_POINT('',(6.519024757957,17.470659500062,0.));
#2056 = DIRECTION('',(-0.,0.,1.));
#2057 = DIRECTION('',(0.,-1.,0.));
#2058 = ORIENTED_EDGE('',*,*,#2059,.T.);
#2059 = EDGE_CURVE('',#2051,#2060,#2062,.T.);
#2060 = VERTEX_POINT('',#2061);
#2061 = CARTESIAN_POINT('',(3.174623742183,17.206671481009,0.));
#2062 = LINE('',#2063,#2064);
#2063 = CARTESIAN_POINT('',(3.081291918984,17.227925765657,0.));
#2064 = VECTOR('',#2065,1.);
#2065 = DIRECTION('',(-0.975036797125,0.222043338679,0.));
#2066 = ORIENTED_EDGE('',*,*,#2067,.F.);
#2067 = EDGE_CURVE('',#1991,#2060,#2068,.T.);
#2068 = CIRCLE('',#2069,1.);
#2069 = AXIS2_PLACEMENT_3D('',#2070,#2071,#2072);
#2070 = CARTESIAN_POINT('',(3.396667080862,18.181708278134,0.));
#2071 = DIRECTION('',(-0.,0.,1.));
#2072 = DIRECTION('',(0.,-1.,0.));
#2073 = FACE_BOUND('',#2074,.F.);
#2074 = EDGE_LOOP('',(#2075,#2085,#2094,#2102,#2111,#2120,#2129,#2137,
    #2146,#2154));
#2075 = ORIENTED_EDGE('',*,*,#2076,.F.);
#2076 = EDGE_CURVE('',#2077,#2079,#2081,.T.);
#2077 = VERTEX_POINT('',#2078);
#2078 = CARTESIAN_POINT('',(5.852608917125,34.80384028807,0.));
#2079 = VERTEX_POINT('',#2080);
#2080 = CARTESIAN_POINT('',(1.893535829171,29.644275786902,0.));
#2081 = LINE('',#2082,#2083);
#2082 = CARTESIAN_POINT('',(-5.955137835433,19.415685124015,1.1E-16));
#2083 = VECTOR('',#2084,1.);
#2084 = DIRECTION('',(-0.608761429008,-0.793353340292,0.));
#2085 = ORIENTED_EDGE('',*,*,#2086,.T.);
#2086 = EDGE_CURVE('',#2077,#2087,#2089,.T.);
#2087 = VERTEX_POINT('',#2088);
#2088 = CARTESIAN_POINT('',(7.585755680906,34.536821922149,0.));
#2089 = CIRCLE('',#2090,1.);
#2090 = AXIS2_PLACEMENT_3D('',#2091,#2092,#2093);
#2091 = CARTESIAN_POINT('',(6.645962257417,34.195078859062,0.));
#2092 = DIRECTION('',(-0.,-0.,-1.));
#2093 = DIRECTION('',(0.,-1.,0.));
#2094 = ORIENTED_EDGE('',*,*,#2095,.F.);
#2095 = EDGE_CURVE('',#2096,#2087,#2098,.T.);
#2096 = VERTEX_POINT('',#2097);
#2097 = CARTESIAN_POINT('',(8.253961931577,32.699254732802,0.));
#2098 = LINE('',#2099,#2100);
#2099 = CARTESIAN_POINT('',(12.426429086782,21.224970055989,0.));
#2100 = VECTOR('',#2101,1.);
#2101 = DIRECTION('',(-0.341743063087,0.939793423488,0.));
#2102 = ORIENTED_EDGE('',*,*,#2103,.F.);
#2103 = EDGE_CURVE('',#2104,#2096,#2106,.T.);
#2104 = VERTEX_POINT('',#2105);
#2105 = CARTESIAN_POINT('',(7.47176600571,31.370008237446,0.));
#2106 = CIRCLE('',#2107,1.);
#2107 = AXIS2_PLACEMENT_3D('',#2108,#2109,#2110);
#2108 = CARTESIAN_POINT('',(7.314168508089,32.357511669716,0.));
#2109 = DIRECTION('',(-0.,0.,1.));
#2110 = DIRECTION('',(0.,-1.,0.));
#2111 = ORIENTED_EDGE('',*,*,#2112,.F.);
#2112 = EDGE_CURVE('',#2113,#2104,#2115,.T.);
#2113 = VERTEX_POINT('',#2114);
#2114 = CARTESIAN_POINT('',(7.955882352941,26.602336777749,0.));
#2115 = CIRCLE('',#2116,2.4);
#2116 = AXIS2_PLACEMENT_3D('',#2117,#2118,#2119);
#2117 = CARTESIAN_POINT('',(7.85,29.,0.));
#2118 = DIRECTION('',(0.,0.,-1.));
#2119 = DIRECTION('',(-1.,1.2E-16,0.));
#2120 = ORIENTED_EDGE('',*,*,#2121,.F.);
#2121 = EDGE_CURVE('',#2122,#2113,#2124,.T.);
#2122 = VERTEX_POINT('',#2123);
#2123 = CARTESIAN_POINT('',(9.,25.603310435144,0.));
#2124 = CIRCLE('',#2125,1.);
#2125 = AXIS2_PLACEMENT_3D('',#2126,#2127,#2128);
#2126 = CARTESIAN_POINT('',(8.,25.603310435144,0.));
#2127 = DIRECTION('',(-0.,0.,1.));
#2128 = DIRECTION('',(0.,-1.,0.));
#2129 = ORIENTED_EDGE('',*,*,#2130,.T.);
#2130 = EDGE_CURVE('',#2122,#2131,#2133,.T.);
#2131 = VERTEX_POINT('',#2132);
#2132 = CARTESIAN_POINT('',(9.,22.111333514868,0.));
#2133 = LINE('',#2134,#2135);
#2134 = CARTESIAN_POINT('',(9.,9.408520909173,0.));
#2135 = VECTOR('',#2136,1.);
#2136 = DIRECTION('',(-1.2E-16,-1.,0.));
#2137 = ORIENTED_EDGE('',*,*,#2138,.F.);
#2138 = EDGE_CURVE('',#2139,#2131,#2141,.T.);
#2139 = VERTEX_POINT('',#2140);
#2140 = CARTESIAN_POINT('',(7.206646659711,21.502572085857,0.));
#2141 = CIRCLE('',#2142,1.);
#2142 = AXIS2_PLACEMENT_3D('',#2143,#2144,#2145);
#2143 = CARTESIAN_POINT('',(8.,22.111333514868,0.));
#2144 = DIRECTION('',(-0.,0.,1.));
#2145 = DIRECTION('',(0.,-1.,0.));
#2146 = ORIENTED_EDGE('',*,*,#2147,.T.);
#2147 = EDGE_CURVE('',#2139,#2148,#2150,.T.);
#2148 = VERTEX_POINT('',#2149);
#2149 = CARTESIAN_POINT('',(1.893535829173,28.426752928883,0.));
#2150 = LINE('',#2151,#2152);
#2151 = CARTESIAN_POINT('',(8.236196615175,20.160836461298,1.1E-16));
#2152 = VECTOR('',#2153,1.);
#2153 = DIRECTION('',(-0.608761429011,0.793353340289,0.));
#2154 = ORIENTED_EDGE('',*,*,#2155,.F.);
#2155 = EDGE_CURVE('',#2079,#2148,#2156,.T.);
#2156 = CIRCLE('',#2157,1.);
#2157 = AXIS2_PLACEMENT_3D('',#2158,#2159,#2160);
#2158 = CARTESIAN_POINT('',(2.686889169463,29.035514357894,0.));
#2159 = DIRECTION('',(-0.,0.,1.));
#2160 = DIRECTION('',(0.,-1.,0.));
#2161 = FACE_BOUND('',#2162,.F.);
#2162 = EDGE_LOOP('',(#2163,#2173,#2182,#2190,#2199,#2207,#2216,#2224,
    #2233,#2241));
#2163 = ORIENTED_EDGE('',*,*,#2164,.F.);
#2164 = EDGE_CURVE('',#2165,#2167,#2169,.T.);
#2165 = VERTEX_POINT('',#2166);
#2166 = CARTESIAN_POINT('',(0.793353340291,31.495849316048,0.));
#2167 = VERTEX_POINT('',#2168);
#2168 = CARTESIAN_POINT('',(5.818206993473,38.044366091703,0.));
#2169 = LINE('',#2170,#2171);
#2170 = CARTESIAN_POINT('',(-4.385665452515,24.746420618826,0.));
#2171 = VECTOR('',#2172,1.);
#2172 = DIRECTION('',(0.608761429008,0.793353340292,0.));
#2173 = ORIENTED_EDGE('',*,*,#2174,.T.);
#2174 = EDGE_CURVE('',#2165,#2175,#2177,.T.);
#2175 = VERTEX_POINT('',#2176);
#2176 = CARTESIAN_POINT('',(-0.793353340292,31.495849316047,0.));
#2177 = CIRCLE('',#2178,1.);
#2178 = AXIS2_PLACEMENT_3D('',#2179,#2180,#2181);
#2179 = CARTESIAN_POINT('',(-7.8507E-13,32.104610745056,0.));
#2180 = DIRECTION('',(-0.,-0.,-1.));
#2181 = DIRECTION('',(0.,-1.,0.));
#2182 = ORIENTED_EDGE('',*,*,#2183,.T.);
#2183 = EDGE_CURVE('',#2175,#2184,#2186,.T.);
#2184 = VERTEX_POINT('',#2185);
#2185 = CARTESIAN_POINT('',(-5.818206993477,38.044366091692,0.));
#2186 = LINE('',#2187,#2188);
#2187 = CARTESIAN_POINT('',(4.342507187784,24.802665564483,0.));
#2188 = VECTOR('',#2189,1.);
#2189 = DIRECTION('',(-0.608761429009,0.793353340291,0.));
#2190 = ORIENTED_EDGE('',*,*,#2191,.F.);
#2191 = EDGE_CURVE('',#2192,#2184,#2194,.T.);
#2192 = VERTEX_POINT('',#2193);
#2193 = CARTESIAN_POINT('',(-5.964647076674,38.994870583788,0.));
#2194 = CIRCLE('',#2195,1.);
#2195 = AXIS2_PLACEMENT_3D('',#2196,#2197,#2198);
#2196 = CARTESIAN_POINT('',(-5.024853653185,38.653127520701,0.));
#2197 = DIRECTION('',(-0.,0.,1.));
#2198 = DIRECTION('',(0.,-1.,0.));
#2199 = ORIENTED_EDGE('',*,*,#2200,.T.);
#2200 = EDGE_CURVE('',#2192,#2201,#2203,.T.);
#2201 = VERTEX_POINT('',#2202);
#2202 = CARTESIAN_POINT('',(-5.838511629656,39.341743063087,0.));
#2203 = LINE('',#2204,#2205);
#2204 = CARTESIAN_POINT('',(-11.75829151674,23.062348373589,0.));
#2205 = VECTOR('',#2206,1.);
#2206 = DIRECTION('',(0.341743063087,0.939793423488,0.));
#2207 = ORIENTED_EDGE('',*,*,#2208,.F.);
#2208 = EDGE_CURVE('',#2209,#2201,#2211,.T.);
#2209 = VERTEX_POINT('',#2210);
#2210 = CARTESIAN_POINT('',(-4.898718206167,40.,0.));
#2211 = CIRCLE('',#2212,1.);
#2212 = AXIS2_PLACEMENT_3D('',#2213,#2214,#2215);
#2213 = CARTESIAN_POINT('',(-4.898718206167,39.,0.));
#2214 = DIRECTION('',(-0.,0.,1.));
#2215 = DIRECTION('',(0.,-1.,0.));
#2216 = ORIENTED_EDGE('',*,*,#2217,.F.);
#2217 = EDGE_CURVE('',#2218,#2209,#2220,.T.);
#2218 = VERTEX_POINT('',#2219);
#2219 = CARTESIAN_POINT('',(4.898718206167,40.,0.));
#2220 = LINE('',#2221,#2222);
#2221 = CARTESIAN_POINT('',(-2.857801787887,40.,0.));
#2222 = VECTOR('',#2223,1.);
#2223 = DIRECTION('',(-1.,1.2E-16,0.));
#2224 = ORIENTED_EDGE('',*,*,#2225,.F.);
#2225 = EDGE_CURVE('',#2226,#2218,#2228,.T.);
#2226 = VERTEX_POINT('',#2227);
#2227 = CARTESIAN_POINT('',(5.838511629656,39.341743063087,0.));
#2228 = CIRCLE('',#2229,1.);
#2229 = AXIS2_PLACEMENT_3D('',#2230,#2231,#2232);
#2230 = CARTESIAN_POINT('',(4.898718206167,39.,0.));
#2231 = DIRECTION('',(-0.,0.,1.));
#2232 = DIRECTION('',(0.,-1.,0.));
#2233 = ORIENTED_EDGE('',*,*,#2234,.T.);
#2234 = EDGE_CURVE('',#2226,#2235,#2237,.T.);
#2235 = VERTEX_POINT('',#2236);
#2236 = CARTESIAN_POINT('',(5.96464707667,38.994870583798,0.));
#2237 = LINE('',#2238,#2239);
#2238 = CARTESIAN_POINT('',(12.021151935723,22.339482221401,1.1E-16));
#2239 = VECTOR('',#2240,1.);
#2240 = DIRECTION('',(0.341743063087,-0.939793423488,0.));
#2241 = ORIENTED_EDGE('',*,*,#2242,.F.);
#2242 = EDGE_CURVE('',#2167,#2235,#2243,.T.);
#2243 = CIRCLE('',#2244,1.);
#2244 = AXIS2_PLACEMENT_3D('',#2245,#2246,#2247);
#2245 = CARTESIAN_POINT('',(5.024853653181,38.653127520711,0.));
#2246 = DIRECTION('',(-0.,0.,1.));
#2247 = DIRECTION('',(0.,-1.,0.));
#2248 = FACE_BOUND('',#2249,.F.);
#2249 = EDGE_LOOP('',(#2250,#2260,#2269,#2277,#2286,#2294,#2303,#2311));
#2250 = ORIENTED_EDGE('',*,*,#2251,.F.);
#2251 = EDGE_CURVE('',#2252,#2254,#2256,.T.);
#2252 = VERTEX_POINT('',#2253);
#2253 = CARTESIAN_POINT('',(48.323995946582,-37.60262860588,0.));
#2254 = VERTEX_POINT('',#2255);
#2255 = CARTESIAN_POINT('',(48.74628070629,-39.45696561067,0.));
#2256 = LINE('',#2257,#2258);
#2257 = CARTESIAN_POINT('',(48.059375,-36.440625,0.));
#2258 = VECTOR('',#2259,1.);
#2259 = DIRECTION('',(0.222043338679,-0.975036797125,0.));
#2260 = ORIENTED_EDGE('',*,*,#2261,.T.);
#2261 = EDGE_CURVE('',#2252,#2262,#2264,.T.);
#2262 = VERTEX_POINT('',#2263);
#2263 = CARTESIAN_POINT('',(49.249676105251,-36.3818040488,0.));
#2264 = CIRCLE('',#2265,1.);
#2265 = AXIS2_PLACEMENT_3D('',#2266,#2267,#2268);
#2266 = CARTESIAN_POINT('',(49.299032743707,-37.3805852672,0.));
#2267 = DIRECTION('',(-0.,-0.,-1.));
#2268 = DIRECTION('',(0.,-1.,0.));
#2269 = ORIENTED_EDGE('',*,*,#2270,.F.);
#2270 = EDGE_CURVE('',#2271,#2262,#2273,.T.);
#2271 = VERTEX_POINT('',#2272);
#2272 = CARTESIAN_POINT('',(51.149170543248,-36.28793698512,0.));
#2273 = LINE('',#2274,#2275);
#2274 = CARTESIAN_POINT('',(52.239148977603,-36.23407366599,0.));
#2275 = VECTOR('',#2276,1.);
#2276 = DIRECTION('',(-0.998781218406,-4.935663845666E-02,0.));
#2277 = ORIENTED_EDGE('',*,*,#2278,.T.);
#2278 = EDGE_CURVE('',#2271,#2279,#2281,.T.);
#2279 = VERTEX_POINT('',#2280);
#2280 = CARTESIAN_POINT('',(52.197809450519,-37.32459890091,0.));
#2281 = CIRCLE('',#2282,1.);
#2282 = AXIS2_PLACEMENT_3D('',#2283,#2284,#2285);
#2283 = CARTESIAN_POINT('',(51.198527181705,-37.28671820353,0.));
#2284 = DIRECTION('',(-0.,-0.,-1.));
#2285 = DIRECTION('',(0.,-1.,0.));
#2286 = ORIENTED_EDGE('',*,*,#2287,.F.);
#2287 = EDGE_CURVE('',#2288,#2279,#2290,.T.);
#2288 = VERTEX_POINT('',#2289);
#2289 = CARTESIAN_POINT('',(52.14127819873,-38.81587761127,0.));
#2290 = LINE('',#2291,#2292);
#2291 = CARTESIAN_POINT('',(52.114753848868,-39.5155825887,0.));
#2292 = VECTOR('',#2293,1.);
#2293 = DIRECTION('',(3.788069738642E-02,0.999282268814,0.));
#2294 = ORIENTED_EDGE('',*,*,#2295,.F.);
#2295 = EDGE_CURVE('',#2296,#2288,#2298,.T.);
#2296 = VERTEX_POINT('',#2297);
#2297 = CARTESIAN_POINT('',(51.448174382915,-39.72997104952,0.));
#2298 = CIRCLE('',#2299,1.);
#2299 = AXIS2_PLACEMENT_3D('',#2300,#2301,#2302);
#2300 = CARTESIAN_POINT('',(51.141995929917,-38.77799691389,0.));
#2301 = DIRECTION('',(-0.,0.,1.));
#2302 = DIRECTION('',(0.,-1.,0.));
#2303 = ORIENTED_EDGE('',*,*,#2304,.F.);
#2304 = EDGE_CURVE('',#2305,#2296,#2307,.T.);
#2305 = VERTEX_POINT('',#2306);
#2306 = CARTESIAN_POINT('',(50.027495956413,-40.18689640763,0.));
#2307 = LINE('',#2308,#2309);
#2308 = CARTESIAN_POINT('',(48.988598489396,-40.52103155623,0.));
#2309 = VECTOR('',#2310,1.);
#2310 = DIRECTION('',(0.951974135636,0.306178452998,0.));
#2311 = ORIENTED_EDGE('',*,*,#2312,.F.);
#2312 = EDGE_CURVE('',#2254,#2305,#2313,.T.);
#2313 = CIRCLE('',#2314,1.);
#2314 = AXIS2_PLACEMENT_3D('',#2315,#2316,#2317);
#2315 = CARTESIAN_POINT('',(49.721317503415,-39.234922272,0.));
#2316 = DIRECTION('',(-0.,0.,1.));
#2317 = DIRECTION('',(0.,-1.,0.));
#2318 = FACE_BOUND('',#2319,.F.);
#2319 = EDGE_LOOP('',(#2320,#2330,#2339,#2347,#2356,#2364,#2373,#2381));
#2320 = ORIENTED_EDGE('',*,*,#2321,.F.);
#2321 = EDGE_CURVE('',#2322,#2324,#2326,.T.);
#2322 = VERTEX_POINT('',#2323);
#2323 = CARTESIAN_POINT('',(-48.32399594658,37.602628605886,0.));
#2324 = VERTEX_POINT('',#2325);
#2325 = CARTESIAN_POINT('',(-48.74628070629,39.456965610679,0.));
#2326 = LINE('',#2327,#2328);
#2327 = CARTESIAN_POINT('',(-48.059375,36.440625,0.));
#2328 = VECTOR('',#2329,1.);
#2329 = DIRECTION('',(-0.222043338679,0.975036797125,0.));
#2330 = ORIENTED_EDGE('',*,*,#2331,.T.);
#2331 = EDGE_CURVE('',#2322,#2332,#2334,.T.);
#2332 = VERTEX_POINT('',#2333);
#2333 = CARTESIAN_POINT('',(-49.24967610525,36.381804048801,0.));
#2334 = CIRCLE('',#2335,1.);
#2335 = AXIS2_PLACEMENT_3D('',#2336,#2337,#2338);
#2336 = CARTESIAN_POINT('',(-49.2990327437,37.380585267207,0.));
#2337 = DIRECTION('',(-0.,-0.,-1.));
#2338 = DIRECTION('',(0.,-1.,0.));
#2339 = ORIENTED_EDGE('',*,*,#2340,.F.);
#2340 = EDGE_CURVE('',#2341,#2332,#2343,.T.);
#2341 = VERTEX_POINT('',#2342);
#2342 = CARTESIAN_POINT('',(-51.14917054324,36.287936985125,0.));
#2343 = LINE('',#2344,#2345);
#2344 = CARTESIAN_POINT('',(-52.2391489776,36.234073665993,0.));
#2345 = VECTOR('',#2346,1.);
#2346 = DIRECTION('',(0.998781218406,4.935663845666E-02,0.));
#2347 = ORIENTED_EDGE('',*,*,#2348,.T.);
#2348 = EDGE_CURVE('',#2341,#2349,#2351,.T.);
#2349 = VERTEX_POINT('',#2350);
#2350 = CARTESIAN_POINT('',(-52.19780945051,37.324598900917,0.));
#2351 = CIRCLE('',#2352,1.);
#2352 = AXIS2_PLACEMENT_3D('',#2353,#2354,#2355);
#2353 = CARTESIAN_POINT('',(-51.1985271817,37.286718203531,0.));
#2354 = DIRECTION('',(-0.,-0.,-1.));
#2355 = DIRECTION('',(0.,-1.,0.));
#2356 = ORIENTED_EDGE('',*,*,#2357,.F.);
#2357 = EDGE_CURVE('',#2358,#2349,#2360,.T.);
#2358 = VERTEX_POINT('',#2359);
#2359 = CARTESIAN_POINT('',(-52.14127819873,38.815877611279,0.));
#2360 = LINE('',#2361,#2362);
#2361 = CARTESIAN_POINT('',(-52.11475384886,39.515582588702,0.));
#2362 = VECTOR('',#2363,1.);
#2363 = DIRECTION('',(-3.788069738642E-02,-0.999282268814,0.));
#2364 = ORIENTED_EDGE('',*,*,#2365,.F.);
#2365 = EDGE_CURVE('',#2366,#2358,#2368,.T.);
#2366 = VERTEX_POINT('',#2367);
#2367 = CARTESIAN_POINT('',(-51.44817438291,39.729971049529,0.));
#2368 = CIRCLE('',#2369,1.);
#2369 = AXIS2_PLACEMENT_3D('',#2370,#2371,#2372);
#2370 = CARTESIAN_POINT('',(-51.14199592991,38.777996913893,0.));
#2371 = DIRECTION('',(-0.,0.,1.));
#2372 = DIRECTION('',(0.,-1.,0.));
#2373 = ORIENTED_EDGE('',*,*,#2374,.F.);
#2374 = EDGE_CURVE('',#2375,#2366,#2377,.T.);
#2375 = VERTEX_POINT('',#2376);
#2376 = CARTESIAN_POINT('',(-50.02749595641,40.186896407636,0.));
#2377 = LINE('',#2378,#2379);
#2378 = CARTESIAN_POINT('',(-48.98859848939,40.521031556237,0.));
#2379 = VECTOR('',#2380,1.);
#2380 = DIRECTION('',(-0.951974135636,-0.306178452998,0.));
#2381 = ORIENTED_EDGE('',*,*,#2382,.F.);
#2382 = EDGE_CURVE('',#2324,#2375,#2383,.T.);
#2383 = CIRCLE('',#2384,1.);
#2384 = AXIS2_PLACEMENT_3D('',#2385,#2386,#2387);
#2385 = CARTESIAN_POINT('',(-49.72131750341,39.234922272,0.));
#2386 = DIRECTION('',(-0.,0.,1.));
#2387 = DIRECTION('',(0.,-1.,0.));
#2388 = FACE_BOUND('',#2389,.F.);
#2389 = EDGE_LOOP('',(#2390,#2400,#2409,#2417,#2426,#2434,#2443,#2451));
#2390 = ORIENTED_EDGE('',*,*,#2391,.T.);
#2391 = EDGE_CURVE('',#2392,#2394,#2396,.T.);
#2392 = VERTEX_POINT('',#2393);
#2393 = CARTESIAN_POINT('',(51.149902315329,36.268633041028,0.));
#2394 = VERTEX_POINT('',#2395);
#2395 = CARTESIAN_POINT('',(49.22581976098,36.363715172376,0.));
#2396 = LINE('',#2397,#2398);
#2397 = CARTESIAN_POINT('',(52.239880749683,36.214769721896,0.));
#2398 = VECTOR('',#2399,1.);
#2399 = DIRECTION('',(-0.998781218406,4.935663845666E-02,0.));
#2400 = ORIENTED_EDGE('',*,*,#2401,.T.);
#2401 = EDGE_CURVE('',#2394,#2402,#2404,.T.);
#2402 = VERTEX_POINT('',#2403);
#2403 = CARTESIAN_POINT('',(48.300139602311,37.58453972946,0.));
#2404 = CIRCLE('',#2405,1.);
#2405 = AXIS2_PLACEMENT_3D('',#2406,#2407,#2408);
#2406 = CARTESIAN_POINT('',(49.275176399436,37.362496390782,0.));
#2407 = DIRECTION('',(-0.,-0.,-1.));
#2408 = DIRECTION('',(0.,-1.,0.));
#2409 = ORIENTED_EDGE('',*,*,#2410,.T.);
#2410 = EDGE_CURVE('',#2402,#2411,#2413,.T.);
#2411 = VERTEX_POINT('',#2412);
#2412 = CARTESIAN_POINT('',(48.727890651678,39.462880307581,0.));
#2413 = LINE('',#2414,#2415);
#2414 = CARTESIAN_POINT('',(48.035518655729,36.422536123575,0.));
#2415 = VECTOR('',#2416,1.);
#2416 = DIRECTION('',(0.222043338679,0.975036797125,0.));
#2417 = ORIENTED_EDGE('',*,*,#2418,.T.);
#2418 = EDGE_CURVE('',#2411,#2419,#2421,.T.);
#2419 = VERTEX_POINT('',#2420);
#2420 = CARTESIAN_POINT('',(50.009105901802,40.192811104538,0.));
#2421 = CIRCLE('',#2422,1.);
#2422 = AXIS2_PLACEMENT_3D('',#2423,#2424,#2425);
#2423 = CARTESIAN_POINT('',(49.702927448804,39.240836968903,0.));
#2424 = DIRECTION('',(-0.,-0.,-1.));
#2425 = DIRECTION('',(0.,-1.,0.));
#2426 = ORIENTED_EDGE('',*,*,#2427,.T.);
#2427 = EDGE_CURVE('',#2419,#2428,#2430,.T.);
#2428 = VERTEX_POINT('',#2429);
#2429 = CARTESIAN_POINT('',(51.448174382915,39.729971049529,0.));
#2430 = LINE('',#2431,#2432);
#2431 = CARTESIAN_POINT('',(48.970208434784,40.52694625314,0.));
#2432 = VECTOR('',#2433,1.);
#2433 = DIRECTION('',(0.951974135636,-0.306178452998,0.));
#2434 = ORIENTED_EDGE('',*,*,#2435,.F.);
#2435 = EDGE_CURVE('',#2436,#2428,#2438,.T.);
#2436 = VERTEX_POINT('',#2437);
#2437 = CARTESIAN_POINT('',(52.14127819873,38.815877611279,0.));
#2438 = CIRCLE('',#2439,1.);
#2439 = AXIS2_PLACEMENT_3D('',#2440,#2441,#2442);
#2440 = CARTESIAN_POINT('',(51.141995929917,38.777996913893,0.));
#2441 = DIRECTION('',(-0.,0.,1.));
#2442 = DIRECTION('',(0.,-1.,0.));
#2443 = ORIENTED_EDGE('',*,*,#2444,.T.);
#2444 = EDGE_CURVE('',#2436,#2445,#2447,.T.);
#2445 = VERTEX_POINT('',#2446);
#2446 = CARTESIAN_POINT('',(52.198541222599,37.305294956821,0.));
#2447 = LINE('',#2448,#2449);
#2448 = CARTESIAN_POINT('',(52.114753848868,39.515582588702,0.));
#2449 = VECTOR('',#2450,1.);
#2450 = DIRECTION('',(3.788069738642E-02,-0.999282268814,0.));
#2451 = ORIENTED_EDGE('',*,*,#2452,.F.);
#2452 = EDGE_CURVE('',#2392,#2445,#2453,.T.);
#2453 = CIRCLE('',#2454,1.);
#2454 = AXIS2_PLACEMENT_3D('',#2455,#2456,#2457);
#2455 = CARTESIAN_POINT('',(51.199258953785,37.267414259434,0.));
#2456 = DIRECTION('',(-0.,0.,1.));
#2457 = DIRECTION('',(0.,-1.,0.));
#2458 = PLANE('',#2459);
#2459 = AXIS2_PLACEMENT_3D('',#2460,#2461,#2462);
#2460 = CARTESIAN_POINT('',(-0.116458104996,-0.348386691993,0.));
#2461 = DIRECTION('',(0.,0.,1.));
#2462 = DIRECTION('',(1.,0.,0.));
#2463 = ADVANCED_FACE('',(#2464),#2489,.F.);
#2464 = FACE_BOUND('',#2465,.F.);
#2465 = EDGE_LOOP('',(#2466,#2467,#2475,#2483));
#2466 = ORIENTED_EDGE('',*,*,#21,.F.);
#2467 = ORIENTED_EDGE('',*,*,#2468,.T.);
#2468 = EDGE_CURVE('',#22,#2469,#2471,.T.);
#2469 = VERTEX_POINT('',#2470);
#2470 = CARTESIAN_POINT('',(-52.53192008048,-39.02522118004,3.));
#2471 = LINE('',#2472,#2473);
#2472 = CARTESIAN_POINT('',(-52.53192008048,-39.02522118004,0.));
#2473 = VECTOR('',#2474,1.);
#2474 = DIRECTION('',(0.,0.,1.));
#2475 = ORIENTED_EDGE('',*,*,#2476,.T.);
#2476 = EDGE_CURVE('',#2469,#2477,#2479,.T.);
#2477 = VERTEX_POINT('',#2478);
#2478 = CARTESIAN_POINT('',(-52.44201989096,-37.20600043013,3.));
#2479 = LINE('',#2480,#2481);
#2480 = CARTESIAN_POINT('',(-52.57333521761,-39.86329813203,3.));
#2481 = VECTOR('',#2482,1.);
#2482 = DIRECTION('',(4.935663845666E-02,0.998781218406,0.));
#2483 = ORIENTED_EDGE('',*,*,#2484,.F.);
#2484 = EDGE_CURVE('',#24,#2477,#2485,.T.);
#2485 = LINE('',#2486,#2487);
#2486 = CARTESIAN_POINT('',(-52.44201989096,-37.20600043013,0.));
#2487 = VECTOR('',#2488,1.);
#2488 = DIRECTION('',(0.,0.,1.));
#2489 = PLANE('',#2490);
#2490 = AXIS2_PLACEMENT_3D('',#2491,#2492,#2493);
#2491 = CARTESIAN_POINT('',(-52.57333521761,-39.86329813203,0.));
#2492 = DIRECTION('',(-0.998781218406,4.935663845666E-02,0.));
#2493 = DIRECTION('',(4.935663845666E-02,0.998781218406,0.));
#2494 = ADVANCED_FACE('',(#2495),#2514,.F.);
#2495 = FACE_BOUND('',#2496,.F.);
#2496 = EDGE_LOOP('',(#2497,#2498,#2506,#2513));
#2497 = ORIENTED_EDGE('',*,*,#82,.T.);
#2498 = ORIENTED_EDGE('',*,*,#2499,.T.);
#2499 = EDGE_CURVE('',#75,#2500,#2502,.T.);
#2500 = VERTEX_POINT('',#2501);
#2501 = CARTESIAN_POINT('',(-51.75518220075,-40.04961461562,3.));
#2502 = LINE('',#2503,#2504);
#2503 = CARTESIAN_POINT('',(-51.75518220075,-40.04961461562,0.));
#2504 = VECTOR('',#2505,1.);
#2505 = DIRECTION('',(0.,0.,1.));
#2506 = ORIENTED_EDGE('',*,*,#2507,.F.);
#2507 = EDGE_CURVE('',#2469,#2500,#2508,.T.);
#2508 = CIRCLE('',#2509,1.);
#2509 = AXIS2_PLACEMENT_3D('',#2510,#2511,#2512);
#2510 = CARTESIAN_POINT('',(-51.53313886208,-39.0745778185,3.));
#2511 = DIRECTION('',(-0.,0.,1.));
#2512 = DIRECTION('',(0.,-1.,0.));
#2513 = ORIENTED_EDGE('',*,*,#2468,.F.);
#2514 = CYLINDRICAL_SURFACE('',#2515,1.);
#2515 = AXIS2_PLACEMENT_3D('',#2516,#2517,#2518);
#2516 = CARTESIAN_POINT('',(-51.53313886208,-39.0745778185,0.));
#2517 = DIRECTION('',(0.,0.,1.));
#2518 = DIRECTION('',(-0.998781218406,4.935663845666E-02,0.));
#2519 = ADVANCED_FACE('',(#2520),#2539,.F.);
#2520 = FACE_BOUND('',#2521,.T.);
#2521 = EDGE_LOOP('',(#2522,#2523,#2531,#2538));
#2522 = ORIENTED_EDGE('',*,*,#31,.T.);
#2523 = ORIENTED_EDGE('',*,*,#2524,.T.);
#2524 = EDGE_CURVE('',#32,#2525,#2527,.T.);
#2525 = VERTEX_POINT('',#2526);
#2526 = CARTESIAN_POINT('',(-51.39388189241,-36.25657585718,3.));
#2527 = LINE('',#2528,#2529);
#2528 = CARTESIAN_POINT('',(-51.39388189241,-36.25657585718,0.));
#2529 = VECTOR('',#2530,1.);
#2530 = DIRECTION('',(0.,0.,1.));
#2531 = ORIENTED_EDGE('',*,*,#2532,.F.);
#2532 = EDGE_CURVE('',#2477,#2525,#2533,.T.);
#2533 = CIRCLE('',#2534,1.);
#2534 = AXIS2_PLACEMENT_3D('',#2535,#2536,#2537);
#2535 = CARTESIAN_POINT('',(-51.44323867255,-37.25535706858,3.));
#2536 = DIRECTION('',(-0.,-0.,-1.));
#2537 = DIRECTION('',(0.,-1.,0.));
#2538 = ORIENTED_EDGE('',*,*,#2484,.F.);
#2539 = CYLINDRICAL_SURFACE('',#2540,1.);
#2540 = AXIS2_PLACEMENT_3D('',#2541,#2542,#2543);
#2541 = CARTESIAN_POINT('',(-51.44323867255,-37.25535706858,0.));
#2542 = DIRECTION('',(0.,0.,1.));
#2543 = DIRECTION('',(-0.998781218406,4.935663845666E-02,0.));
#2544 = ADVANCED_FACE('',(#2545),#2563,.F.);
#2545 = FACE_BOUND('',#2546,.F.);
#2546 = EDGE_LOOP('',(#2547,#2548,#2556,#2562));
#2547 = ORIENTED_EDGE('',*,*,#74,.F.);
#2548 = ORIENTED_EDGE('',*,*,#2549,.T.);
#2549 = EDGE_CURVE('',#66,#2550,#2552,.T.);
#2550 = VERTEX_POINT('',#2551);
#2551 = CARTESIAN_POINT('',(-49.97921097097,-40.45405328134,3.));
#2552 = LINE('',#2553,#2554);
#2553 = CARTESIAN_POINT('',(-49.97921097097,-40.45405328134,0.));
#2554 = VECTOR('',#2555,1.);
#2555 = DIRECTION('',(0.,0.,1.));
#2556 = ORIENTED_EDGE('',*,*,#2557,.T.);
#2557 = EDGE_CURVE('',#2550,#2500,#2558,.T.);
#2558 = LINE('',#2559,#2560);
#2559 = CARTESIAN_POINT('',(-49.00417417384,-40.67609662002,3.));
#2560 = VECTOR('',#2561,1.);
#2561 = DIRECTION('',(-0.975036797125,0.222043338679,0.));
#2562 = ORIENTED_EDGE('',*,*,#2499,.F.);
#2563 = PLANE('',#2564);
#2564 = AXIS2_PLACEMENT_3D('',#2565,#2566,#2567);
#2565 = CARTESIAN_POINT('',(-49.00417417384,-40.67609662002,0.));
#2566 = DIRECTION('',(-0.222043338679,-0.975036797125,0.));
#2567 = DIRECTION('',(-0.975036797125,0.222043338679,0.));
#2568 = ADVANCED_FACE('',(#2569),#2587,.F.);
#2569 = FACE_BOUND('',#2570,.F.);
#2570 = EDGE_LOOP('',(#2571,#2572,#2573,#2581));
#2571 = ORIENTED_EDGE('',*,*,#40,.F.);
#2572 = ORIENTED_EDGE('',*,*,#2524,.T.);
#2573 = ORIENTED_EDGE('',*,*,#2574,.T.);
#2574 = EDGE_CURVE('',#2525,#2575,#2577,.T.);
#2575 = VERTEX_POINT('',#2576);
#2576 = CARTESIAN_POINT('',(-49.22581958117,-36.36371501199,3.));
#2577 = LINE('',#2578,#2579);
#2578 = CARTESIAN_POINT('',(-52.3926632455,-36.20721907003,3.));
#2579 = VECTOR('',#2580,1.);
#2580 = DIRECTION('',(0.998781211404,-4.935678014257E-02,0.));
#2581 = ORIENTED_EDGE('',*,*,#2582,.F.);
#2582 = EDGE_CURVE('',#41,#2575,#2583,.T.);
#2583 = LINE('',#2584,#2585);
#2584 = CARTESIAN_POINT('',(-49.22581958117,-36.36371501199,0.));
#2585 = VECTOR('',#2586,1.);
#2586 = DIRECTION('',(0.,0.,1.));
#2587 = PLANE('',#2588);
#2588 = AXIS2_PLACEMENT_3D('',#2589,#2590,#2591);
#2589 = CARTESIAN_POINT('',(-52.3926632455,-36.20721907003,0.));
#2590 = DIRECTION('',(4.935678014257E-02,0.998781211404,0.));
#2591 = DIRECTION('',(0.998781211404,-4.935678014257E-02,0.));
#2592 = ADVANCED_FACE('',(#2593),#2612,.F.);
#2593 = FACE_BOUND('',#2594,.F.);
#2594 = EDGE_LOOP('',(#2595,#2596,#2604,#2611));
#2595 = ORIENTED_EDGE('',*,*,#65,.T.);
#2596 = ORIENTED_EDGE('',*,*,#2597,.T.);
#2597 = EDGE_CURVE('',#58,#2598,#2600,.T.);
#2598 = VERTEX_POINT('',#2599);
#2599 = CARTESIAN_POINT('',(-48.78213083516,-39.7010598229,3.));
#2600 = LINE('',#2601,#2602);
#2601 = CARTESIAN_POINT('',(-48.78213083516,-39.7010598229,0.));
#2602 = VECTOR('',#2603,1.);
#2603 = DIRECTION('',(0.,0.,1.));
#2604 = ORIENTED_EDGE('',*,*,#2605,.F.);
#2605 = EDGE_CURVE('',#2550,#2598,#2606,.T.);
#2606 = CIRCLE('',#2607,1.);
#2607 = AXIS2_PLACEMENT_3D('',#2608,#2609,#2610);
#2608 = CARTESIAN_POINT('',(-49.75716763229,-39.47901648422,3.));
#2609 = DIRECTION('',(-0.,0.,1.));
#2610 = DIRECTION('',(0.,-1.,0.));
#2611 = ORIENTED_EDGE('',*,*,#2549,.F.);
#2612 = CYLINDRICAL_SURFACE('',#2613,1.);
#2613 = AXIS2_PLACEMENT_3D('',#2614,#2615,#2616);
#2614 = CARTESIAN_POINT('',(-49.75716763229,-39.47901648422,0.));
#2615 = DIRECTION('',(0.,0.,1.));
#2616 = DIRECTION('',(-0.222043338679,-0.975036797125,0.));
#2617 = ADVANCED_FACE('',(#2618),#2637,.F.);
#2618 = FACE_BOUND('',#2619,.T.);
#2619 = EDGE_LOOP('',(#2620,#2621,#2629,#2636));
#2620 = ORIENTED_EDGE('',*,*,#48,.T.);
#2621 = ORIENTED_EDGE('',*,*,#2622,.T.);
#2622 = EDGE_CURVE('',#49,#2623,#2625,.T.);
#2623 = VERTEX_POINT('',#2624);
#2624 = CARTESIAN_POINT('',(-48.30013956419,-37.58453956207,3.));
#2625 = LINE('',#2626,#2627);
#2626 = CARTESIAN_POINT('',(-48.30013956419,-37.58453956207,0.));
#2627 = VECTOR('',#2628,1.);
#2628 = DIRECTION('',(0.,0.,1.));
#2629 = ORIENTED_EDGE('',*,*,#2630,.F.);
#2630 = EDGE_CURVE('',#2575,#2623,#2631,.T.);
#2631 = CIRCLE('',#2632,1.);
#2632 = AXIS2_PLACEMENT_3D('',#2633,#2634,#2635);
#2633 = CARTESIAN_POINT('',(-49.27517636131,-37.36249622339,3.));
#2634 = DIRECTION('',(-0.,-0.,-1.));
#2635 = DIRECTION('',(0.,-1.,0.));
#2636 = ORIENTED_EDGE('',*,*,#2582,.F.);
#2637 = CYLINDRICAL_SURFACE('',#2638,1.);
#2638 = AXIS2_PLACEMENT_3D('',#2639,#2640,#2641);
#2639 = CARTESIAN_POINT('',(-49.27517636131,-37.36249622339,0.));
#2640 = DIRECTION('',(0.,0.,1.));
#2641 = DIRECTION('',(4.935678014257E-02,0.998781211404,-0.));
#2642 = ADVANCED_FACE('',(#2643),#2654,.F.);
#2643 = FACE_BOUND('',#2644,.F.);
#2644 = EDGE_LOOP('',(#2645,#2646,#2647,#2653));
#2645 = ORIENTED_EDGE('',*,*,#57,.F.);
#2646 = ORIENTED_EDGE('',*,*,#2622,.T.);
#2647 = ORIENTED_EDGE('',*,*,#2648,.T.);
#2648 = EDGE_CURVE('',#2623,#2598,#2649,.T.);
#2649 = LINE('',#2650,#2651);
#2650 = CARTESIAN_POINT('',(-48.03551865572,-36.42253612357,3.));
#2651 = VECTOR('',#2652,1.);
#2652 = DIRECTION('',(-0.222043338679,-0.975036797125,0.));
#2653 = ORIENTED_EDGE('',*,*,#2597,.F.);
#2654 = PLANE('',#2655);
#2655 = AXIS2_PLACEMENT_3D('',#2656,#2657,#2658);
#2656 = CARTESIAN_POINT('',(-48.03551865572,-36.42253612357,0.));
#2657 = DIRECTION('',(0.975036797125,-0.222043338679,0.));
#2658 = DIRECTION('',(-0.222043338679,-0.975036797125,0.));
#2659 = ADVANCED_FACE('',(#2660),#2685,.F.);
#2660 = FACE_BOUND('',#2661,.F.);
#2661 = EDGE_LOOP('',(#2662,#2663,#2671,#2679));
#2662 = ORIENTED_EDGE('',*,*,#91,.F.);
#2663 = ORIENTED_EDGE('',*,*,#2664,.T.);
#2664 = EDGE_CURVE('',#92,#2665,#2667,.T.);
#2665 = VERTEX_POINT('',#2666);
#2666 = CARTESIAN_POINT('',(39.572221597542,-27.43831501204,3.));
#2667 = LINE('',#2668,#2669);
#2668 = CARTESIAN_POINT('',(39.572221597542,-27.43831501204,0.));
#2669 = VECTOR('',#2670,1.);
#2670 = DIRECTION('',(0.,0.,1.));
#2671 = ORIENTED_EDGE('',*,*,#2672,.T.);
#2672 = EDGE_CURVE('',#2665,#2673,#2675,.T.);
#2673 = VERTEX_POINT('',#2674);
#2674 = CARTESIAN_POINT('',(19.732384839107,-11.67976777067,3.));
#2675 = LINE('',#2676,#2677);
#2676 = CARTESIAN_POINT('',(41.155490138745,-28.69588645308,3.));
#2677 = VECTOR('',#2678,1.);
#2678 = DIRECTION('',(-0.783045822587,0.621964018033,0.));
#2679 = ORIENTED_EDGE('',*,*,#2680,.F.);
#2680 = EDGE_CURVE('',#94,#2673,#2681,.T.);
#2681 = LINE('',#2682,#2683);
#2682 = CARTESIAN_POINT('',(19.732384839107,-11.67976777067,0.));
#2683 = VECTOR('',#2684,1.);
#2684 = DIRECTION('',(0.,0.,1.));
#2685 = PLANE('',#2686);
#2686 = AXIS2_PLACEMENT_3D('',#2687,#2688,#2689);
#2687 = CARTESIAN_POINT('',(41.155490138745,-28.69588645308,0.));
#2688 = DIRECTION('',(-0.621964018033,-0.783045822587,0.));
#2689 = DIRECTION('',(-0.783045822587,0.621964018033,0.));
#2690 = ADVANCED_FACE('',(#2691),#2710,.F.);
#2691 = FACE_BOUND('',#2692,.F.);
#2692 = EDGE_LOOP('',(#2693,#2694,#2702,#2709));
#2693 = ORIENTED_EDGE('',*,*,#876,.T.);
#2694 = ORIENTED_EDGE('',*,*,#2695,.T.);
#2695 = EDGE_CURVE('',#868,#2696,#2698,.T.);
#2696 = VERTEX_POINT('',#2697);
#2697 = CARTESIAN_POINT('',(42.626958436527,-27.84356460449,3.));
#2698 = LINE('',#2699,#2700);
#2699 = CARTESIAN_POINT('',(42.626958436527,-27.84356460449,0.));
#2700 = VECTOR('',#2701,1.);
#2701 = DIRECTION('',(0.,0.,1.));
#2702 = ORIENTED_EDGE('',*,*,#2703,.F.);
#2703 = EDGE_CURVE('',#2665,#2696,#2704,.T.);
#2704 = CIRCLE('',#2705,3.);
#2705 = AXIS2_PLACEMENT_3D('',#2706,#2707,#2708);
#2706 = CARTESIAN_POINT('',(41.438113651642,-25.08917754428,3.));
#2707 = DIRECTION('',(-0.,0.,1.));
#2708 = DIRECTION('',(0.,-1.,0.));
#2709 = ORIENTED_EDGE('',*,*,#2664,.F.);
#2710 = CYLINDRICAL_SURFACE('',#2711,3.);
#2711 = AXIS2_PLACEMENT_3D('',#2712,#2713,#2714);
#2712 = CARTESIAN_POINT('',(41.438113651642,-25.08917754428,0.));
#2713 = DIRECTION('',(0.,0.,1.));
#2714 = DIRECTION('',(-0.621964018033,-0.783045822587,0.));
#2715 = ADVANCED_FACE('',(#2716),#2735,.F.);
#2716 = FACE_BOUND('',#2717,.T.);
#2717 = EDGE_LOOP('',(#2718,#2719,#2727,#2734));
#2718 = ORIENTED_EDGE('',*,*,#101,.T.);
#2719 = ORIENTED_EDGE('',*,*,#2720,.T.);
#2720 = EDGE_CURVE('',#102,#2721,#2723,.T.);
#2721 = VERTEX_POINT('',#2722);
#2722 = CARTESIAN_POINT('',(18.031222920257,-8.15606156903,3.));
#2723 = LINE('',#2724,#2725);
#2724 = CARTESIAN_POINT('',(18.031222920257,-8.15606156903,0.));
#2725 = VECTOR('',#2726,1.);
#2726 = DIRECTION('',(0.,0.,1.));
#2727 = ORIENTED_EDGE('',*,*,#2728,.F.);
#2728 = EDGE_CURVE('',#2673,#2721,#2729,.T.);
#2729 = CIRCLE('',#2730,4.5);
#2730 = AXIS2_PLACEMENT_3D('',#2731,#2732,#2733);
#2731 = CARTESIAN_POINT('',(22.531222920257,-8.15606156903,3.));
#2732 = DIRECTION('',(-0.,-0.,-1.));
#2733 = DIRECTION('',(0.,-1.,0.));
#2734 = ORIENTED_EDGE('',*,*,#2680,.F.);
#2735 = CYLINDRICAL_SURFACE('',#2736,4.5);
#2736 = AXIS2_PLACEMENT_3D('',#2737,#2738,#2739);
#2737 = CARTESIAN_POINT('',(22.531222920257,-8.15606156903,0.));
#2738 = DIRECTION('',(0.,0.,1.));
#2739 = DIRECTION('',(-0.621964018033,-0.783045822587,0.));
#2740 = ADVANCED_FACE('',(#2741),#2760,.T.);
#2741 = FACE_BOUND('',#2742,.F.);
#2742 = EDGE_LOOP('',(#2743,#2744,#2752,#2759));
#2743 = ORIENTED_EDGE('',*,*,#867,.F.);
#2744 = ORIENTED_EDGE('',*,*,#2745,.T.);
#2745 = EDGE_CURVE('',#859,#2746,#2748,.T.);
#2746 = VERTEX_POINT('',#2747);
#2747 = CARTESIAN_POINT('',(44.528487509593,-27.31538703332,3.));
#2748 = LINE('',#2749,#2750);
#2749 = CARTESIAN_POINT('',(44.528487509593,-27.31538703332,0.));
#2750 = VECTOR('',#2751,1.);
#2751 = DIRECTION('',(0.,0.,1.));
#2752 = ORIENTED_EDGE('',*,*,#2753,.T.);
#2753 = EDGE_CURVE('',#2746,#2696,#2754,.T.);
#2754 = CIRCLE('',#2755,7.25);
#2755 = AXIS2_PLACEMENT_3D('',#2756,#2757,#2758);
#2756 = CARTESIAN_POINT('',(45.5,-34.5,3.));
#2757 = DIRECTION('',(0.,0.,1.));
#2758 = DIRECTION('',(1.,0.,0.));
#2759 = ORIENTED_EDGE('',*,*,#2695,.F.);
#2760 = CYLINDRICAL_SURFACE('',#2761,7.25);
#2761 = AXIS2_PLACEMENT_3D('',#2762,#2763,#2764);
#2762 = CARTESIAN_POINT('',(45.5,-34.5,0.));
#2763 = DIRECTION('',(-0.,-0.,-1.));
#2764 = DIRECTION('',(1.,0.,0.));
#2765 = ADVANCED_FACE('',(#2766),#2784,.T.);
#2766 = FACE_BOUND('',#2767,.T.);
#2767 = EDGE_LOOP('',(#2768,#2769,#2777,#2783));
#2768 = ORIENTED_EDGE('',*,*,#110,.F.);
#2769 = ORIENTED_EDGE('',*,*,#2770,.T.);
#2770 = EDGE_CURVE('',#111,#2771,#2773,.T.);
#2771 = VERTEX_POINT('',#2772);
#2772 = CARTESIAN_POINT('',(18.031222920257,-3.919183588453,3.));
#2773 = LINE('',#2774,#2775);
#2774 = CARTESIAN_POINT('',(18.031222920257,-3.919183588453,0.));
#2775 = VECTOR('',#2776,1.);
#2776 = DIRECTION('',(0.,0.,1.));
#2777 = ORIENTED_EDGE('',*,*,#2778,.T.);
#2778 = EDGE_CURVE('',#2771,#2721,#2779,.T.);
#2779 = LINE('',#2780,#2781);
#2780 = CARTESIAN_POINT('',(18.031222920257,-2.4,3.));
#2781 = VECTOR('',#2782,1.);
#2782 = DIRECTION('',(0.,-1.,0.));
#2783 = ORIENTED_EDGE('',*,*,#2720,.F.);
#2784 = PLANE('',#2785);
#2785 = AXIS2_PLACEMENT_3D('',#2786,#2787,#2788);
#2786 = CARTESIAN_POINT('',(18.031222920257,-2.4,0.));
#2787 = DIRECTION('',(1.,0.,0.));
#2788 = DIRECTION('',(0.,-1.,0.));
#2789 = ADVANCED_FACE('',(#2790),#2809,.T.);
#2790 = FACE_BOUND('',#2791,.F.);
#2791 = EDGE_LOOP('',(#2792,#2793,#2801,#2808));
#2792 = ORIENTED_EDGE('',*,*,#858,.T.);
#2793 = ORIENTED_EDGE('',*,*,#2794,.T.);
#2794 = EDGE_CURVE('',#851,#2795,#2797,.T.);
#2795 = VERTEX_POINT('',#2796);
#2796 = CARTESIAN_POINT('',(46.743077118112,-27.89782041615,3.));
#2797 = LINE('',#2798,#2799);
#2798 = CARTESIAN_POINT('',(46.743077118112,-27.89782041615,0.));
#2799 = VECTOR('',#2800,1.);
#2800 = DIRECTION('',(0.,0.,1.));
#2801 = ORIENTED_EDGE('',*,*,#2802,.F.);
#2802 = EDGE_CURVE('',#2746,#2795,#2803,.T.);
#2803 = CIRCLE('',#2804,3.);
#2804 = AXIS2_PLACEMENT_3D('',#2805,#2806,#2807);
#2805 = CARTESIAN_POINT('',(44.930492678037,-30.28833032987,3.));
#2806 = DIRECTION('',(-0.,-0.,-1.));
#2807 = DIRECTION('',(0.,-1.,0.));
#2808 = ORIENTED_EDGE('',*,*,#2745,.F.);
#2809 = CYLINDRICAL_SURFACE('',#2810,3.);
#2810 = AXIS2_PLACEMENT_3D('',#2811,#2812,#2813);
#2811 = CARTESIAN_POINT('',(44.930492678037,-30.28833032987,0.));
#2812 = DIRECTION('',(0.,0.,1.));
#2813 = DIRECTION('',(-0.134001722815,0.990981098852,0.));
#2814 = ADVANCED_FACE('',(#2815),#2834,.F.);
#2815 = FACE_BOUND('',#2816,.T.);
#2816 = EDGE_LOOP('',(#2817,#2818,#2826,#2833));
#2817 = ORIENTED_EDGE('',*,*,#118,.T.);
#2818 = ORIENTED_EDGE('',*,*,#2819,.T.);
#2819 = EDGE_CURVE('',#119,#2820,#2822,.T.);
#2820 = VERTEX_POINT('',#2821);
#2821 = CARTESIAN_POINT('',(19.122132011166,-2.137736502793,3.));
#2822 = LINE('',#2823,#2824);
#2823 = CARTESIAN_POINT('',(19.122132011166,-2.137736502793,0.));
#2824 = VECTOR('',#2825,1.);
#2825 = DIRECTION('',(0.,0.,1.));
#2826 = ORIENTED_EDGE('',*,*,#2827,.F.);
#2827 = EDGE_CURVE('',#2771,#2820,#2828,.T.);
#2828 = CIRCLE('',#2829,2.);
#2829 = AXIS2_PLACEMENT_3D('',#2830,#2831,#2832);
#2830 = CARTESIAN_POINT('',(20.031222920257,-3.919183588453,3.));
#2831 = DIRECTION('',(-0.,-0.,-1.));
#2832 = DIRECTION('',(0.,-1.,0.));
#2833 = ORIENTED_EDGE('',*,*,#2770,.F.);
#2834 = CYLINDRICAL_SURFACE('',#2835,2.);
#2835 = AXIS2_PLACEMENT_3D('',#2836,#2837,#2838);
#2836 = CARTESIAN_POINT('',(20.031222920257,-3.919183588453,0.));
#2837 = DIRECTION('',(0.,0.,1.));
#2838 = DIRECTION('',(-1.,0.,0.));
#2839 = ADVANCED_FACE('',(#2840),#2858,.T.);
#2840 = FACE_BOUND('',#2841,.T.);
#2841 = EDGE_LOOP('',(#2842,#2843,#2844,#2852));
#2842 = ORIENTED_EDGE('',*,*,#850,.F.);
#2843 = ORIENTED_EDGE('',*,*,#2794,.T.);
#2844 = ORIENTED_EDGE('',*,*,#2845,.T.);
#2845 = EDGE_CURVE('',#2795,#2846,#2848,.T.);
#2846 = VERTEX_POINT('',#2847);
#2847 = CARTESIAN_POINT('',(53.093862943331,-32.71325142648,3.));
#2848 = LINE('',#2849,#2850);
#2849 = CARTESIAN_POINT('',(45.903527264976,-27.26123865938,3.));
#2850 = VECTOR('',#2851,1.);
#2851 = DIRECTION('',(0.796836637907,-0.604194813358,0.));
#2852 = ORIENTED_EDGE('',*,*,#2853,.F.);
#2853 = EDGE_CURVE('',#842,#2846,#2854,.T.);
#2854 = LINE('',#2855,#2856);
#2855 = CARTESIAN_POINT('',(53.093862943331,-32.71325142648,0.));
#2856 = VECTOR('',#2857,1.);
#2857 = DIRECTION('',(0.,0.,1.));
#2858 = PLANE('',#2859);
#2859 = AXIS2_PLACEMENT_3D('',#2860,#2861,#2862);
#2860 = CARTESIAN_POINT('',(45.903527264976,-27.26123865938,0.));
#2861 = DIRECTION('',(0.604194813358,0.796836637907,0.));
#2862 = DIRECTION('',(0.796836637907,-0.604194813358,0.));
#2863 = ADVANCED_FACE('',(#2864),#2883,.T.);
#2864 = FACE_BOUND('',#2865,.F.);
#2865 = EDGE_LOOP('',(#2866,#2867,#2868,#2877));
#2866 = ORIENTED_EDGE('',*,*,#127,.F.);
#2867 = ORIENTED_EDGE('',*,*,#2819,.T.);
#2868 = ORIENTED_EDGE('',*,*,#2869,.T.);
#2869 = EDGE_CURVE('',#2820,#2870,#2872,.T.);
#2870 = VERTEX_POINT('',#2871);
#2871 = CARTESIAN_POINT('',(19.122132011166,2.137736502793,3.));
#2872 = CIRCLE('',#2873,2.4);
#2873 = AXIS2_PLACEMENT_3D('',#2874,#2875,#2876);
#2874 = CARTESIAN_POINT('',(18.031222920257,0.,3.));
#2875 = DIRECTION('',(0.,0.,1.));
#2876 = DIRECTION('',(1.,0.,0.));
#2877 = ORIENTED_EDGE('',*,*,#2878,.F.);
#2878 = EDGE_CURVE('',#128,#2870,#2879,.T.);
#2879 = LINE('',#2880,#2881);
#2880 = CARTESIAN_POINT('',(19.122132011166,2.137736502793,0.));
#2881 = VECTOR('',#2882,1.);
#2882 = DIRECTION('',(0.,0.,1.));
#2883 = CYLINDRICAL_SURFACE('',#2884,2.4);
#2884 = AXIS2_PLACEMENT_3D('',#2885,#2886,#2887);
#2885 = CARTESIAN_POINT('',(18.031222920257,0.,0.));
#2886 = DIRECTION('',(-0.,-0.,-1.));
#2887 = DIRECTION('',(1.,0.,0.));
#2888 = ADVANCED_FACE('',(#2889),#2908,.T.);
#2889 = FACE_BOUND('',#2890,.F.);
#2890 = EDGE_LOOP('',(#2891,#2892,#2900,#2907));
#2891 = ORIENTED_EDGE('',*,*,#841,.T.);
#2892 = ORIENTED_EDGE('',*,*,#2893,.T.);
#2893 = EDGE_CURVE('',#834,#2894,#2896,.T.);
#2894 = VERTEX_POINT('',#2895);
#2895 = CARTESIAN_POINT('',(54.279125309697,-35.21740343236,3.));
#2896 = LINE('',#2897,#2898);
#2897 = CARTESIAN_POINT('',(54.279125309697,-35.21740343236,0.));
#2898 = VECTOR('',#2899,1.);
#2899 = DIRECTION('',(0.,0.,1.));
#2900 = ORIENTED_EDGE('',*,*,#2901,.F.);
#2901 = EDGE_CURVE('',#2846,#2894,#2902,.T.);
#2902 = CIRCLE('',#2903,3.);
#2903 = AXIS2_PLACEMENT_3D('',#2904,#2905,#2906);
#2904 = CARTESIAN_POINT('',(51.281278503256,-35.1037613402,3.));
#2905 = DIRECTION('',(-0.,-0.,-1.));
#2906 = DIRECTION('',(0.,-1.,0.));
#2907 = ORIENTED_EDGE('',*,*,#2853,.F.);
#2908 = CYLINDRICAL_SURFACE('',#2909,3.);
#2909 = AXIS2_PLACEMENT_3D('',#2910,#2911,#2912);
#2910 = CARTESIAN_POINT('',(51.281278503256,-35.1037613402,0.));
#2911 = DIRECTION('',(0.,0.,1.));
#2912 = DIRECTION('',(0.604194813358,0.796836637907,0.));
#2913 = ADVANCED_FACE('',(#2914),#2933,.F.);
#2914 = FACE_BOUND('',#2915,.T.);
#2915 = EDGE_LOOP('',(#2916,#2917,#2925,#2932));
#2916 = ORIENTED_EDGE('',*,*,#136,.T.);
#2917 = ORIENTED_EDGE('',*,*,#2918,.T.);
#2918 = EDGE_CURVE('',#137,#2919,#2921,.T.);
#2919 = VERTEX_POINT('',#2920);
#2920 = CARTESIAN_POINT('',(18.031222920257,3.919183588453,3.));
#2921 = LINE('',#2922,#2923);
#2922 = CARTESIAN_POINT('',(18.031222920257,3.919183588453,0.));
#2923 = VECTOR('',#2924,1.);
#2924 = DIRECTION('',(0.,0.,1.));
#2925 = ORIENTED_EDGE('',*,*,#2926,.F.);
#2926 = EDGE_CURVE('',#2870,#2919,#2927,.T.);
#2927 = CIRCLE('',#2928,2.);
#2928 = AXIS2_PLACEMENT_3D('',#2929,#2930,#2931);
#2929 = CARTESIAN_POINT('',(20.031222920257,3.919183588453,3.));
#2930 = DIRECTION('',(-0.,-0.,-1.));
#2931 = DIRECTION('',(0.,-1.,0.));
#2932 = ORIENTED_EDGE('',*,*,#2878,.F.);
#2933 = CYLINDRICAL_SURFACE('',#2934,2.);
#2934 = AXIS2_PLACEMENT_3D('',#2935,#2936,#2937);
#2935 = CARTESIAN_POINT('',(20.031222920257,3.919183588453,0.));
#2936 = DIRECTION('',(0.,0.,1.));
#2937 = DIRECTION('',(-0.454545454545,-0.89072354283,0.));
#2938 = ADVANCED_FACE('',(#2939),#2957,.T.);
#2939 = FACE_BOUND('',#2940,.T.);
#2940 = EDGE_LOOP('',(#2941,#2942,#2943,#2951));
#2941 = ORIENTED_EDGE('',*,*,#833,.F.);
#2942 = ORIENTED_EDGE('',*,*,#2893,.T.);
#2943 = ORIENTED_EDGE('',*,*,#2944,.T.);
#2944 = EDGE_CURVE('',#2894,#2945,#2947,.T.);
#2945 = VERTEX_POINT('',#2946);
#2946 = CARTESIAN_POINT('',(54.139842736358,-38.89163900605,3.));
#2947 = LINE('',#2948,#2949);
#2948 = CARTESIAN_POINT('',(54.338283638431,-33.65682316233,3.));
#2949 = VECTOR('',#2950,1.);
#2950 = DIRECTION('',(-3.788069738642E-02,-0.999282268814,0.));
#2951 = ORIENTED_EDGE('',*,*,#2952,.F.);
#2952 = EDGE_CURVE('',#825,#2945,#2953,.T.);
#2953 = LINE('',#2954,#2955);
#2954 = CARTESIAN_POINT('',(54.139842736358,-38.89163900605,0.));
#2955 = VECTOR('',#2956,1.);
#2956 = DIRECTION('',(0.,0.,1.));
#2957 = PLANE('',#2958);
#2958 = AXIS2_PLACEMENT_3D('',#2959,#2960,#2961);
#2959 = CARTESIAN_POINT('',(54.338283638431,-33.65682316233,0.));
#2960 = DIRECTION('',(0.999282268814,-3.788069738642E-02,0.));
#2961 = DIRECTION('',(-3.788069738642E-02,-0.999282268814,0.));
#2962 = ADVANCED_FACE('',(#2963),#2981,.T.);
#2963 = FACE_BOUND('',#2964,.T.);
#2964 = EDGE_LOOP('',(#2965,#2966,#2974,#2980));
#2965 = ORIENTED_EDGE('',*,*,#145,.F.);
#2966 = ORIENTED_EDGE('',*,*,#2967,.T.);
#2967 = EDGE_CURVE('',#146,#2968,#2970,.T.);
#2968 = VERTEX_POINT('',#2969);
#2969 = CARTESIAN_POINT('',(18.031222920257,8.156061568164,3.));
#2970 = LINE('',#2971,#2972);
#2971 = CARTESIAN_POINT('',(18.031222920257,8.156061568164,0.));
#2972 = VECTOR('',#2973,1.);
#2973 = DIRECTION('',(0.,0.,1.));
#2974 = ORIENTED_EDGE('',*,*,#2975,.T.);
#2975 = EDGE_CURVE('',#2968,#2919,#2976,.T.);
#2976 = LINE('',#2977,#2978);
#2977 = CARTESIAN_POINT('',(18.031222920257,10.328555015833,3.));
#2978 = VECTOR('',#2979,1.);
#2979 = DIRECTION('',(0.,-1.,0.));
#2980 = ORIENTED_EDGE('',*,*,#2918,.F.);
#2981 = PLANE('',#2982);
#2982 = AXIS2_PLACEMENT_3D('',#2983,#2984,#2985);
#2983 = CARTESIAN_POINT('',(18.031222920257,10.328555015833,0.));
#2984 = DIRECTION('',(1.,0.,0.));
#2985 = DIRECTION('',(0.,-1.,0.));
#2986 = ADVANCED_FACE('',(#2987),#3006,.T.);
#2987 = FACE_BOUND('',#2988,.F.);
#2988 = EDGE_LOOP('',(#2989,#2990,#2998,#3005));
#2989 = ORIENTED_EDGE('',*,*,#824,.T.);
#2990 = ORIENTED_EDGE('',*,*,#2991,.T.);
#2991 = EDGE_CURVE('',#817,#2992,#2994,.T.);
#2992 = VERTEX_POINT('',#2993);
#2993 = CARTESIAN_POINT('',(52.060531288911,-41.6339193208,3.));
#2994 = LINE('',#2995,#2996);
#2995 = CARTESIAN_POINT('',(52.060531288911,-41.6339193208,0.));
#2996 = VECTOR('',#2997,1.);
#2997 = DIRECTION('',(0.,0.,1.));
#2998 = ORIENTED_EDGE('',*,*,#2999,.F.);
#2999 = EDGE_CURVE('',#2945,#2992,#3000,.T.);
#3000 = CIRCLE('',#3001,3.);
#3001 = AXIS2_PLACEMENT_3D('',#3002,#3003,#3004);
#3002 = CARTESIAN_POINT('',(51.141995929917,-38.77799691389,3.));
#3003 = DIRECTION('',(-0.,-0.,-1.));
#3004 = DIRECTION('',(0.,-1.,0.));
#3005 = ORIENTED_EDGE('',*,*,#2952,.F.);
#3006 = CYLINDRICAL_SURFACE('',#3007,3.);
#3007 = AXIS2_PLACEMENT_3D('',#3008,#3009,#3010);
#3008 = CARTESIAN_POINT('',(51.141995929917,-38.77799691389,0.));
#3009 = DIRECTION('',(0.,0.,1.));
#3010 = DIRECTION('',(0.999282268814,-3.788069738642E-02,0.));
#3011 = ADVANCED_FACE('',(#3012),#3031,.F.);
#3012 = FACE_BOUND('',#3013,.T.);
#3013 = EDGE_LOOP('',(#3014,#3015,#3023,#3030));
#3014 = ORIENTED_EDGE('',*,*,#153,.T.);
#3015 = ORIENTED_EDGE('',*,*,#3016,.T.);
#3016 = EDGE_CURVE('',#154,#3017,#3019,.T.);
#3017 = VERTEX_POINT('',#3018);
#3018 = CARTESIAN_POINT('',(19.732384839019,11.679767769739,3.));
#3019 = LINE('',#3020,#3021);
#3020 = CARTESIAN_POINT('',(19.732384839019,11.679767769739,0.));
#3021 = VECTOR('',#3022,1.);
#3022 = DIRECTION('',(0.,0.,1.));
#3023 = ORIENTED_EDGE('',*,*,#3024,.F.);
#3024 = EDGE_CURVE('',#2968,#3017,#3025,.T.);
#3025 = CIRCLE('',#3026,4.5);
#3026 = AXIS2_PLACEMENT_3D('',#3027,#3028,#3029);
#3027 = CARTESIAN_POINT('',(22.531222920257,8.156061568164,3.));
#3028 = DIRECTION('',(-0.,-0.,-1.));
#3029 = DIRECTION('',(0.,-1.,0.));
#3030 = ORIENTED_EDGE('',*,*,#2967,.F.);
#3031 = CYLINDRICAL_SURFACE('',#3032,4.5);
#3032 = AXIS2_PLACEMENT_3D('',#3033,#3034,#3035);
#3033 = CARTESIAN_POINT('',(22.531222920257,8.156061568164,0.));
#3034 = DIRECTION('',(0.,0.,1.));
#3035 = DIRECTION('',(-1.,0.,0.));
#3036 = ADVANCED_FACE('',(#3037),#3055,.F.);
#3037 = FACE_BOUND('',#3038,.F.);
#3038 = EDGE_LOOP('',(#3039,#3040,#3048,#3054));
#3039 = ORIENTED_EDGE('',*,*,#816,.F.);
#3040 = ORIENTED_EDGE('',*,*,#3041,.T.);
#3041 = EDGE_CURVE('',#808,#3042,#3044,.T.);
#3042 = VERTEX_POINT('',#3043);
#3043 = CARTESIAN_POINT('',(48.560241787594,-42.75969909195,3.));
#3044 = LINE('',#3045,#3046);
#3045 = CARTESIAN_POINT('',(48.560241787594,-42.75969909195,0.));
#3046 = VECTOR('',#3047,1.);
#3047 = DIRECTION('',(0.,0.,1.));
#3048 = ORIENTED_EDGE('',*,*,#3049,.T.);
#3049 = EDGE_CURVE('',#3042,#2992,#3050,.T.);
#3050 = LINE('',#3051,#3052);
#3051 = CARTESIAN_POINT('',(47.073542683626,-43.23785833461,3.));
#3052 = VECTOR('',#3053,1.);
#3053 = DIRECTION('',(0.951974135636,0.306178452998,0.));
#3054 = ORIENTED_EDGE('',*,*,#2991,.F.);
#3055 = PLANE('',#3056);
#3056 = AXIS2_PLACEMENT_3D('',#3057,#3058,#3059);
#3057 = CARTESIAN_POINT('',(47.073542683626,-43.23785833461,0.));
#3058 = DIRECTION('',(-0.306178452998,0.951974135636,0.));
#3059 = DIRECTION('',(0.951974135636,0.306178452998,0.));
#3060 = ADVANCED_FACE('',(#3061),#3079,.F.);
#3061 = FACE_BOUND('',#3062,.F.);
#3062 = EDGE_LOOP('',(#3063,#3064,#3065,#3073));
#3063 = ORIENTED_EDGE('',*,*,#162,.F.);
#3064 = ORIENTED_EDGE('',*,*,#3016,.T.);
#3065 = ORIENTED_EDGE('',*,*,#3066,.T.);
#3066 = EDGE_CURVE('',#3017,#3067,#3069,.T.);
#3067 = VERTEX_POINT('',#3068);
#3068 = CARTESIAN_POINT('',(39.572221597536,27.438315011977,3.));
#3069 = LINE('',#3070,#3071);
#3070 = CARTESIAN_POINT('',(18.031222920257,10.328555015833,3.));
#3071 = VECTOR('',#3072,1.);
#3072 = DIRECTION('',(0.783045822572,0.621964018053,0.));
#3073 = ORIENTED_EDGE('',*,*,#3074,.F.);
#3074 = EDGE_CURVE('',#163,#3067,#3075,.T.);
#3075 = LINE('',#3076,#3077);
#3076 = CARTESIAN_POINT('',(39.572221597536,27.438315011977,0.));
#3077 = VECTOR('',#3078,1.);
#3078 = DIRECTION('',(0.,0.,1.));
#3079 = PLANE('',#3080);
#3080 = AXIS2_PLACEMENT_3D('',#3081,#3082,#3083);
#3081 = CARTESIAN_POINT('',(18.031222920257,10.328555015833,0.));
#3082 = DIRECTION('',(-0.621964018053,0.783045822572,0.));
#3083 = DIRECTION('',(0.783045822572,0.621964018053,0.));
#3084 = ADVANCED_FACE('',(#3085),#3104,.T.);
#3085 = FACE_BOUND('',#3086,.F.);
#3086 = EDGE_LOOP('',(#3087,#3088,#3096,#3103));
#3087 = ORIENTED_EDGE('',*,*,#807,.T.);
#3088 = ORIENTED_EDGE('',*,*,#3089,.T.);
#3089 = EDGE_CURVE('',#800,#3090,#3092,.T.);
#3090 = VERTEX_POINT('',#3091);
#3091 = CARTESIAN_POINT('',(45.829121988525,-42.29428659876,3.));
#3092 = LINE('',#3093,#3094);
#3093 = CARTESIAN_POINT('',(45.829121988525,-42.29428659876,0.));
#3094 = VECTOR('',#3095,1.);
#3095 = DIRECTION('',(0.,0.,1.));
#3096 = ORIENTED_EDGE('',*,*,#3097,.F.);
#3097 = EDGE_CURVE('',#3042,#3090,#3098,.T.);
#3098 = CIRCLE('',#3099,3.);
#3099 = AXIS2_PLACEMENT_3D('',#3100,#3101,#3102);
#3100 = CARTESIAN_POINT('',(47.6417064286,-39.90377668504,3.));
#3101 = DIRECTION('',(-0.,-0.,-1.));
#3102 = DIRECTION('',(0.,-1.,0.));
#3103 = ORIENTED_EDGE('',*,*,#3041,.F.);
#3104 = CYLINDRICAL_SURFACE('',#3105,3.);
#3105 = AXIS2_PLACEMENT_3D('',#3106,#3107,#3108);
#3106 = CARTESIAN_POINT('',(47.6417064286,-39.90377668504,0.));
#3107 = DIRECTION('',(0.,0.,1.));
#3108 = DIRECTION('',(0.306178452998,-0.951974135636,0.));
#3109 = ADVANCED_FACE('',(#3110),#3129,.F.);
#3110 = FACE_BOUND('',#3111,.T.);
#3111 = EDGE_LOOP('',(#3112,#3113,#3121,#3128));
#3112 = ORIENTED_EDGE('',*,*,#170,.T.);
#3113 = ORIENTED_EDGE('',*,*,#3114,.T.);
#3114 = EDGE_CURVE('',#171,#3115,#3117,.T.);
#3115 = VERTEX_POINT('',#3116);
#3116 = CARTESIAN_POINT('',(42.626958436564,27.843564604477,3.));
#3117 = LINE('',#3118,#3119);
#3118 = CARTESIAN_POINT('',(42.626958436564,27.843564604477,0.));
#3119 = VECTOR('',#3120,1.);
#3120 = DIRECTION('',(0.,0.,1.));
#3121 = ORIENTED_EDGE('',*,*,#3122,.F.);
#3122 = EDGE_CURVE('',#3067,#3115,#3123,.T.);
#3123 = CIRCLE('',#3124,3.);
#3124 = AXIS2_PLACEMENT_3D('',#3125,#3126,#3127);
#3125 = CARTESIAN_POINT('',(41.438113651694,25.089177544261,3.));
#3126 = DIRECTION('',(-0.,-0.,-1.));
#3127 = DIRECTION('',(0.,-1.,0.));
#3128 = ORIENTED_EDGE('',*,*,#3074,.F.);
#3129 = CYLINDRICAL_SURFACE('',#3130,3.);
#3130 = AXIS2_PLACEMENT_3D('',#3131,#3132,#3133);
#3131 = CARTESIAN_POINT('',(41.438113651694,25.089177544261,0.));
#3132 = DIRECTION('',(0.,0.,1.));
#3133 = DIRECTION('',(-0.621964018053,0.783045822572,0.));
#3134 = ADVANCED_FACE('',(#3135),#3153,.F.);
#3135 = FACE_BOUND('',#3136,.F.);
#3136 = EDGE_LOOP('',(#3137,#3138,#3146,#3152));
#3137 = ORIENTED_EDGE('',*,*,#799,.F.);
#3138 = ORIENTED_EDGE('',*,*,#3139,.T.);
#3139 = EDGE_CURVE('',#791,#3140,#3142,.T.);
#3140 = VERTEX_POINT('',#3141);
#3141 = CARTESIAN_POINT('',(39.478336163306,-37.47885558843,3.));
#3142 = LINE('',#3143,#3144);
#3143 = CARTESIAN_POINT('',(39.478336163306,-37.47885558843,0.));
#3144 = VECTOR('',#3145,1.);
#3145 = DIRECTION('',(0.,0.,1.));
#3146 = ORIENTED_EDGE('',*,*,#3147,.T.);
#3147 = EDGE_CURVE('',#3140,#3090,#3148,.T.);
#3148 = LINE('',#3149,#3150);
#3149 = CARTESIAN_POINT('',(38.63878631017,-36.84227383166,3.));
#3150 = VECTOR('',#3151,1.);
#3151 = DIRECTION('',(0.796836637907,-0.604194813358,0.));
#3152 = ORIENTED_EDGE('',*,*,#3089,.F.);
#3153 = PLANE('',#3154);
#3154 = AXIS2_PLACEMENT_3D('',#3155,#3156,#3157);
#3155 = CARTESIAN_POINT('',(38.63878631017,-36.84227383166,0.));
#3156 = DIRECTION('',(0.604194813358,0.796836637907,0.));
#3157 = DIRECTION('',(0.796836637907,-0.604194813358,0.));
#3158 = ADVANCED_FACE('',(#3159),#3178,.T.);
#3159 = FACE_BOUND('',#3160,.F.);
#3160 = EDGE_LOOP('',(#3161,#3162,#3163,#3172));
#3161 = ORIENTED_EDGE('',*,*,#179,.F.);
#3162 = ORIENTED_EDGE('',*,*,#3114,.T.);
#3163 = ORIENTED_EDGE('',*,*,#3164,.T.);
#3164 = EDGE_CURVE('',#3115,#3165,#3167,.T.);
#3165 = VERTEX_POINT('',#3166);
#3166 = CARTESIAN_POINT('',(44.457155535137,27.32539370961,3.));
#3167 = CIRCLE('',#3168,7.25);
#3168 = AXIS2_PLACEMENT_3D('',#3169,#3170,#3171);
#3169 = CARTESIAN_POINT('',(45.5,34.5,3.));
#3170 = DIRECTION('',(0.,0.,1.));
#3171 = DIRECTION('',(1.,0.,0.));
#3172 = ORIENTED_EDGE('',*,*,#3173,.F.);
#3173 = EDGE_CURVE('',#180,#3165,#3174,.T.);
#3174 = LINE('',#3175,#3176);
#3175 = CARTESIAN_POINT('',(44.457155535137,27.32539370961,0.));
#3176 = VECTOR('',#3177,1.);
#3177 = DIRECTION('',(0.,0.,1.));
#3178 = CYLINDRICAL_SURFACE('',#3179,7.25);
#3179 = AXIS2_PLACEMENT_3D('',#3180,#3181,#3182);
#3180 = CARTESIAN_POINT('',(45.5,34.5,0.));
#3181 = DIRECTION('',(-0.,-0.,-1.));
#3182 = DIRECTION('',(1.,0.,0.));
#3183 = ADVANCED_FACE('',(#3184),#3203,.T.);
#3184 = FACE_BOUND('',#3185,.F.);
#3185 = EDGE_LOOP('',(#3186,#3187,#3195,#3202));
#3186 = ORIENTED_EDGE('',*,*,#790,.T.);
#3187 = ORIENTED_EDGE('',*,*,#3188,.T.);
#3188 = EDGE_CURVE('',#782,#3189,#3191,.T.);
#3189 = VERTEX_POINT('',#3190);
#3190 = CARTESIAN_POINT('',(38.319805735179,-35.50364850392,3.));
#3191 = LINE('',#3192,#3193);
#3192 = CARTESIAN_POINT('',(38.319805735179,-35.50364850392,0.));
#3193 = VECTOR('',#3194,1.);
#3194 = DIRECTION('',(0.,0.,1.));
#3195 = ORIENTED_EDGE('',*,*,#3196,.F.);
#3196 = EDGE_CURVE('',#3140,#3189,#3197,.T.);
#3197 = CIRCLE('',#3198,3.);
#3198 = AXIS2_PLACEMENT_3D('',#3199,#3200,#3201);
#3199 = CARTESIAN_POINT('',(41.290920603381,-35.08834567471,3.));
#3200 = DIRECTION('',(-0.,-0.,-1.));
#3201 = DIRECTION('',(0.,-1.,0.));
#3202 = ORIENTED_EDGE('',*,*,#3139,.F.);
#3203 = CYLINDRICAL_SURFACE('',#3204,3.);
#3204 = AXIS2_PLACEMENT_3D('',#3205,#3206,#3207);
#3205 = CARTESIAN_POINT('',(41.290920603381,-35.08834567471,0.));
#3206 = DIRECTION('',(0.,0.,1.));
#3207 = DIRECTION('',(-0.604194813358,-0.796836637907,0.));
#3208 = ADVANCED_FACE('',(#3209),#3228,.T.);
#3209 = FACE_BOUND('',#3210,.T.);
#3210 = EDGE_LOOP('',(#3211,#3212,#3220,#3227));
#3211 = ORIENTED_EDGE('',*,*,#188,.T.);
#3212 = ORIENTED_EDGE('',*,*,#3213,.T.);
#3213 = EDGE_CURVE('',#189,#3214,#3216,.T.);
#3214 = VERTEX_POINT('',#3215);
#3215 = CARTESIAN_POINT('',(46.701261822741,27.903686398809,3.));
#3216 = LINE('',#3217,#3218);
#3217 = CARTESIAN_POINT('',(46.701261822741,27.903686398809,0.));
#3218 = VECTOR('',#3219,1.);
#3219 = DIRECTION('',(0.,0.,1.));
#3220 = ORIENTED_EDGE('',*,*,#3221,.F.);
#3221 = EDGE_CURVE('',#3165,#3214,#3222,.T.);
#3222 = CIRCLE('',#3223,3.);
#3223 = AXIS2_PLACEMENT_3D('',#3224,#3225,#3226);
#3224 = CARTESIAN_POINT('',(44.888677382666,30.29419631253,3.));
#3225 = DIRECTION('',(-0.,0.,1.));
#3226 = DIRECTION('',(0.,-1.,0.));
#3227 = ORIENTED_EDGE('',*,*,#3173,.F.);
#3228 = CYLINDRICAL_SURFACE('',#3229,3.);
#3229 = AXIS2_PLACEMENT_3D('',#3230,#3231,#3232);
#3230 = CARTESIAN_POINT('',(44.888677382666,30.29419631253,0.));
#3231 = DIRECTION('',(0.,0.,1.));
#3232 = DIRECTION('',(-0.143840615843,-0.98960086764,0.));
#3233 = ADVANCED_FACE('',(#3234),#3253,.T.);
#3234 = FACE_BOUND('',#3235,.F.);
#3235 = EDGE_LOOP('',(#3236,#3237,#3245,#3252));
#3236 = ORIENTED_EDGE('',*,*,#781,.F.);
#3237 = ORIENTED_EDGE('',*,*,#3238,.T.);
#3238 = EDGE_CURVE('',#773,#3239,#3241,.T.);
#3239 = VERTEX_POINT('',#3240);
#3240 = CARTESIAN_POINT('',(38.315272999787,-33.52933119324,3.));
#3241 = LINE('',#3242,#3243);
#3242 = CARTESIAN_POINT('',(38.315272999787,-33.52933119324,0.));
#3243 = VECTOR('',#3244,1.);
#3244 = DIRECTION('',(0.,0.,1.));
#3245 = ORIENTED_EDGE('',*,*,#3246,.T.);
#3246 = EDGE_CURVE('',#3239,#3189,#3247,.T.);
#3247 = CIRCLE('',#3248,7.25);
#3248 = AXIS2_PLACEMENT_3D('',#3249,#3250,#3251);
#3249 = CARTESIAN_POINT('',(45.5,-34.5,3.));
#3250 = DIRECTION('',(0.,0.,1.));
#3251 = DIRECTION('',(1.,0.,0.));
#3252 = ORIENTED_EDGE('',*,*,#3188,.F.);
#3253 = CYLINDRICAL_SURFACE('',#3254,7.25);
#3254 = AXIS2_PLACEMENT_3D('',#3255,#3256,#3257);
#3255 = CARTESIAN_POINT('',(45.5,-34.5,0.));
#3256 = DIRECTION('',(-0.,-0.,-1.));
#3257 = DIRECTION('',(1.,0.,0.));
#3258 = ADVANCED_FACE('',(#3259),#3277,.F.);
#3259 = FACE_BOUND('',#3260,.F.);
#3260 = EDGE_LOOP('',(#3261,#3262,#3263,#3271));
#3261 = ORIENTED_EDGE('',*,*,#197,.F.);
#3262 = ORIENTED_EDGE('',*,*,#3213,.T.);
#3263 = ORIENTED_EDGE('',*,*,#3264,.T.);
#3264 = EDGE_CURVE('',#3214,#3265,#3267,.T.);
#3265 = VERTEX_POINT('',#3266);
#3266 = CARTESIAN_POINT('',(53.092478458998,32.749773738388,3.));
#3267 = LINE('',#3268,#3269);
#3268 = CARTESIAN_POINT('',(45.850322679849,27.258468806945,3.));
#3269 = VECTOR('',#3270,1.);
#3270 = DIRECTION('',(0.796836637907,0.604194813358,0.));
#3271 = ORIENTED_EDGE('',*,*,#3272,.F.);
#3272 = EDGE_CURVE('',#198,#3265,#3273,.T.);
#3273 = LINE('',#3274,#3275);
#3274 = CARTESIAN_POINT('',(53.092478458998,32.749773738388,0.));
#3275 = VECTOR('',#3276,1.);
#3276 = DIRECTION('',(0.,0.,1.));
#3277 = PLANE('',#3278);
#3278 = AXIS2_PLACEMENT_3D('',#3279,#3280,#3281);
#3279 = CARTESIAN_POINT('',(45.850322679849,27.258468806945,0.));
#3280 = DIRECTION('',(-0.604194813358,0.796836637907,0.));
#3281 = DIRECTION('',(0.796836637907,0.604194813358,0.));
#3282 = ADVANCED_FACE('',(#3283),#3302,.F.);
#3283 = FACE_BOUND('',#3284,.F.);
#3284 = EDGE_LOOP('',(#3285,#3286,#3294,#3301));
#3285 = ORIENTED_EDGE('',*,*,#772,.T.);
#3286 = ORIENTED_EDGE('',*,*,#3287,.T.);
#3287 = EDGE_CURVE('',#765,#3288,#3290,.T.);
#3288 = VERTEX_POINT('',#3289);
#3289 = CARTESIAN_POINT('',(37.101854437459,-30.69787953553,3.));
#3290 = LINE('',#3291,#3292);
#3291 = CARTESIAN_POINT('',(37.101854437459,-30.69787953553,0.));
#3292 = VECTOR('',#3293,1.);
#3293 = DIRECTION('',(0.,0.,1.));
#3294 = ORIENTED_EDGE('',*,*,#3295,.F.);
#3295 = EDGE_CURVE('',#3239,#3288,#3296,.T.);
#3296 = CIRCLE('',#3297,3.);
#3297 = AXIS2_PLACEMENT_3D('',#3298,#3299,#3300);
#3298 = CARTESIAN_POINT('',(35.342282516941,-33.12767513527,3.));
#3299 = DIRECTION('',(-0.,0.,1.));
#3300 = DIRECTION('',(0.,-1.,0.));
#3301 = ORIENTED_EDGE('',*,*,#3238,.F.);
#3302 = CYLINDRICAL_SURFACE('',#3303,3.);
#3303 = AXIS2_PLACEMENT_3D('',#3304,#3305,#3306);
#3304 = CARTESIAN_POINT('',(35.342282516941,-33.12767513527,0.));
#3305 = DIRECTION('',(0.,0.,1.));
#3306 = DIRECTION('',(0.990996827616,-0.133885352656,0.));
#3307 = ADVANCED_FACE('',(#3308),#3327,.T.);
#3308 = FACE_BOUND('',#3309,.T.);
#3309 = EDGE_LOOP('',(#3310,#3311,#3319,#3326));
#3310 = ORIENTED_EDGE('',*,*,#205,.T.);
#3311 = ORIENTED_EDGE('',*,*,#3312,.T.);
#3312 = EDGE_CURVE('',#206,#3313,#3315,.T.);
#3313 = VERTEX_POINT('',#3314);
#3314 = CARTESIAN_POINT('',(54.277740825365,35.253925744269,3.));
#3315 = LINE('',#3316,#3317);
#3316 = CARTESIAN_POINT('',(54.277740825365,35.253925744269,0.));
#3317 = VECTOR('',#3318,1.);
#3318 = DIRECTION('',(0.,0.,1.));
#3319 = ORIENTED_EDGE('',*,*,#3320,.F.);
#3320 = EDGE_CURVE('',#3265,#3313,#3321,.T.);
#3321 = CIRCLE('',#3322,3.);
#3322 = AXIS2_PLACEMENT_3D('',#3323,#3324,#3325);
#3323 = CARTESIAN_POINT('',(51.279894018924,35.14028365211,3.));
#3324 = DIRECTION('',(-0.,0.,1.));
#3325 = DIRECTION('',(0.,-1.,0.));
#3326 = ORIENTED_EDGE('',*,*,#3272,.F.);
#3327 = CYLINDRICAL_SURFACE('',#3328,3.);
#3328 = AXIS2_PLACEMENT_3D('',#3329,#3330,#3331);
#3329 = CARTESIAN_POINT('',(51.279894018924,35.14028365211,0.));
#3330 = DIRECTION('',(0.,0.,1.));
#3331 = DIRECTION('',(0.604194813358,-0.796836637907,0.));
#3332 = ADVANCED_FACE('',(#3333),#3351,.T.);
#3333 = FACE_BOUND('',#3334,.T.);
#3334 = EDGE_LOOP('',(#3335,#3336,#3337,#3345));
#3335 = ORIENTED_EDGE('',*,*,#764,.F.);
#3336 = ORIENTED_EDGE('',*,*,#3287,.T.);
#3337 = ORIENTED_EDGE('',*,*,#3338,.T.);
#3338 = EDGE_CURVE('',#3288,#3339,#3341,.T.);
#3339 = VERTEX_POINT('',#3340);
#3340 = CARTESIAN_POINT('',(17.591790161964,-16.56938194901,3.));
#3341 = LINE('',#3342,#3343);
#3342 = CARTESIAN_POINT('',(38.738710885313,-31.88323300471,3.));
#3343 = VECTOR('',#3344,1.);
#3344 = DIRECTION('',(-0.80993186658,0.586523973506,0.));
#3345 = ORIENTED_EDGE('',*,*,#3346,.F.);
#3346 = EDGE_CURVE('',#756,#3339,#3347,.T.);
#3347 = LINE('',#3348,#3349);
#3348 = CARTESIAN_POINT('',(17.591790161964,-16.56938194901,0.));
#3349 = VECTOR('',#3350,1.);
#3350 = DIRECTION('',(0.,0.,1.));
#3351 = PLANE('',#3352);
#3352 = AXIS2_PLACEMENT_3D('',#3353,#3354,#3355);
#3353 = CARTESIAN_POINT('',(38.738710885313,-31.88323300471,0.));
#3354 = DIRECTION('',(-0.586523973506,-0.80993186658,0.));
#3355 = DIRECTION('',(-0.80993186658,0.586523973506,0.));
#3356 = ADVANCED_FACE('',(#3357),#3375,.F.);
#3357 = FACE_BOUND('',#3358,.F.);
#3358 = EDGE_LOOP('',(#3359,#3360,#3361,#3369));
#3359 = ORIENTED_EDGE('',*,*,#214,.F.);
#3360 = ORIENTED_EDGE('',*,*,#3312,.T.);
#3361 = ORIENTED_EDGE('',*,*,#3362,.T.);
#3362 = EDGE_CURVE('',#3313,#3363,#3365,.T.);
#3363 = VERTEX_POINT('',#3364);
#3364 = CARTESIAN_POINT('',(54.139842736358,38.891639006052,3.));
#3365 = LINE('',#3366,#3367);
#3366 = CARTESIAN_POINT('',(54.336899154099,33.693345474234,3.));
#3367 = VECTOR('',#3368,1.);
#3368 = DIRECTION('',(-3.788069738642E-02,0.999282268814,0.));
#3369 = ORIENTED_EDGE('',*,*,#3370,.F.);
#3370 = EDGE_CURVE('',#215,#3363,#3371,.T.);
#3371 = LINE('',#3372,#3373);
#3372 = CARTESIAN_POINT('',(54.139842736358,38.891639006052,0.));
#3373 = VECTOR('',#3374,1.);
#3374 = DIRECTION('',(0.,0.,1.));
#3375 = PLANE('',#3376);
#3376 = AXIS2_PLACEMENT_3D('',#3377,#3378,#3379);
#3377 = CARTESIAN_POINT('',(54.336899154099,33.693345474234,0.));
#3378 = DIRECTION('',(-0.999282268814,-3.788069738642E-02,0.));
#3379 = DIRECTION('',(-3.788069738642E-02,0.999282268814,0.));
#3380 = ADVANCED_FACE('',(#3381),#3400,.F.);
#3381 = FACE_BOUND('',#3382,.T.);
#3382 = EDGE_LOOP('',(#3383,#3384,#3385,#3394));
#3383 = ORIENTED_EDGE('',*,*,#755,.T.);
#3384 = ORIENTED_EDGE('',*,*,#3346,.T.);
#3385 = ORIENTED_EDGE('',*,*,#3386,.F.);
#3386 = EDGE_CURVE('',#3387,#3339,#3389,.T.);
#3387 = VERTEX_POINT('',#3388);
#3388 = CARTESIAN_POINT('',(10.462265228918,-19.91675423816,3.));
#3389 = CIRCLE('',#3390,4.5);
#3390 = AXIS2_PLACEMENT_3D('',#3391,#3392,#3393);
#3391 = CARTESIAN_POINT('',(14.952432281186,-20.21407534862,3.));
#3392 = DIRECTION('',(-0.,-0.,-1.));
#3393 = DIRECTION('',(0.,-1.,0.));
#3394 = ORIENTED_EDGE('',*,*,#3395,.F.);
#3395 = EDGE_CURVE('',#748,#3387,#3396,.T.);
#3396 = LINE('',#3397,#3398);
#3397 = CARTESIAN_POINT('',(10.462265228918,-19.91675423816,0.));
#3398 = VECTOR('',#3399,1.);
#3399 = DIRECTION('',(0.,0.,1.));
#3400 = CYLINDRICAL_SURFACE('',#3401,4.5);
#3401 = AXIS2_PLACEMENT_3D('',#3402,#3403,#3404);
#3402 = CARTESIAN_POINT('',(14.952432281186,-20.21407534862,0.));
#3403 = DIRECTION('',(0.,0.,1.));
#3404 = DIRECTION('',(-0.997814900504,6.607135788096E-02,0.));
#3405 = ADVANCED_FACE('',(#3406),#3425,.T.);
#3406 = FACE_BOUND('',#3407,.T.);
#3407 = EDGE_LOOP('',(#3408,#3409,#3417,#3424));
#3408 = ORIENTED_EDGE('',*,*,#222,.T.);
#3409 = ORIENTED_EDGE('',*,*,#3410,.T.);
#3410 = EDGE_CURVE('',#223,#3411,#3413,.T.);
#3411 = VERTEX_POINT('',#3412);
#3412 = CARTESIAN_POINT('',(52.060531288911,41.6339193208,3.));
#3413 = LINE('',#3414,#3415);
#3414 = CARTESIAN_POINT('',(52.060531288911,41.6339193208,0.));
#3415 = VECTOR('',#3416,1.);
#3416 = DIRECTION('',(0.,0.,1.));
#3417 = ORIENTED_EDGE('',*,*,#3418,.F.);
#3418 = EDGE_CURVE('',#3363,#3411,#3419,.T.);
#3419 = CIRCLE('',#3420,3.);
#3420 = AXIS2_PLACEMENT_3D('',#3421,#3422,#3423);
#3421 = CARTESIAN_POINT('',(51.141995929917,38.777996913893,3.));
#3422 = DIRECTION('',(-0.,0.,1.));
#3423 = DIRECTION('',(0.,-1.,0.));
#3424 = ORIENTED_EDGE('',*,*,#3370,.F.);
#3425 = CYLINDRICAL_SURFACE('',#3426,3.);
#3426 = AXIS2_PLACEMENT_3D('',#3427,#3428,#3429);
#3427 = CARTESIAN_POINT('',(51.141995929917,38.777996913893,0.));
#3428 = DIRECTION('',(0.,0.,1.));
#3429 = DIRECTION('',(0.999282268814,3.788069738642E-02,0.));
#3430 = ADVANCED_FACE('',(#3431),#3449,.F.);
#3431 = FACE_BOUND('',#3432,.F.);
#3432 = EDGE_LOOP('',(#3433,#3434,#3442,#3448));
#3433 = ORIENTED_EDGE('',*,*,#747,.F.);
#3434 = ORIENTED_EDGE('',*,*,#3435,.T.);
#3435 = EDGE_CURVE('',#739,#3436,#3438,.T.);
#3436 = VERTEX_POINT('',#3437);
#3437 = CARTESIAN_POINT('',(9.123682124846,-40.13214271576,3.));
#3438 = LINE('',#3439,#3440);
#3439 = CARTESIAN_POINT('',(9.123682124846,-40.13214271576,0.));
#3440 = VECTOR('',#3441,1.);
#3441 = DIRECTION('',(0.,0.,1.));
#3442 = ORIENTED_EDGE('',*,*,#3443,.T.);
#3443 = EDGE_CURVE('',#3436,#3387,#3444,.T.);
#3444 = LINE('',#3445,#3446);
#3445 = CARTESIAN_POINT('',(9.,-42.,3.));
#3446 = VECTOR('',#3447,1.);
#3447 = DIRECTION('',(6.607135788096E-02,0.997814900504,0.));
#3448 = ORIENTED_EDGE('',*,*,#3395,.F.);
#3449 = PLANE('',#3450);
#3450 = AXIS2_PLACEMENT_3D('',#3451,#3452,#3453);
#3451 = CARTESIAN_POINT('',(9.,-42.,0.));
#3452 = DIRECTION('',(-0.997814900504,6.607135788096E-02,0.));
#3453 = DIRECTION('',(6.607135788096E-02,0.997814900504,0.));
#3454 = ADVANCED_FACE('',(#3455),#3473,.T.);
#3455 = FACE_BOUND('',#3456,.T.);
#3456 = EDGE_LOOP('',(#3457,#3458,#3466,#3472));
#3457 = ORIENTED_EDGE('',*,*,#231,.F.);
#3458 = ORIENTED_EDGE('',*,*,#3459,.T.);
#3459 = EDGE_CURVE('',#232,#3460,#3462,.T.);
#3460 = VERTEX_POINT('',#3461);
#3461 = CARTESIAN_POINT('',(48.595035056112,42.748508715312,3.));
#3462 = LINE('',#3463,#3464);
#3463 = CARTESIAN_POINT('',(48.595035056112,42.748508715312,0.));
#3464 = VECTOR('',#3465,1.);
#3465 = DIRECTION('',(0.,0.,1.));
#3466 = ORIENTED_EDGE('',*,*,#3467,.T.);
#3467 = EDGE_CURVE('',#3460,#3411,#3468,.T.);
#3468 = LINE('',#3469,#3470);
#3469 = CARTESIAN_POINT('',(47.108335952144,43.226667957972,3.));
#3470 = VECTOR('',#3471,1.);
#3471 = DIRECTION('',(0.951974135636,-0.306178452998,0.));
#3472 = ORIENTED_EDGE('',*,*,#3410,.F.);
#3473 = PLANE('',#3474);
#3474 = AXIS2_PLACEMENT_3D('',#3475,#3476,#3477);
#3475 = CARTESIAN_POINT('',(47.108335952144,43.226667957972,0.));
#3476 = DIRECTION('',(0.306178452998,0.951974135636,0.));
#3477 = DIRECTION('',(0.951974135636,-0.306178452998,0.));
#3478 = ADVANCED_FACE('',(#3479),#3498,.T.);
#3479 = FACE_BOUND('',#3480,.F.);
#3480 = EDGE_LOOP('',(#3481,#3482,#3490,#3497));
#3481 = ORIENTED_EDGE('',*,*,#738,.T.);
#3482 = ORIENTED_EDGE('',*,*,#3483,.T.);
#3483 = EDGE_CURVE('',#731,#3484,#3486,.T.);
#3484 = VERTEX_POINT('',#3485);
#3485 = CARTESIAN_POINT('',(7.128052323838,-42.,3.));
#3486 = LINE('',#3487,#3488);
#3487 = CARTESIAN_POINT('',(7.128052323838,-42.,0.));
#3488 = VECTOR('',#3489,1.);
#3489 = DIRECTION('',(0.,0.,1.));
#3490 = ORIENTED_EDGE('',*,*,#3491,.F.);
#3491 = EDGE_CURVE('',#3436,#3484,#3492,.T.);
#3492 = CIRCLE('',#3493,2.);
#3493 = AXIS2_PLACEMENT_3D('',#3494,#3495,#3496);
#3494 = CARTESIAN_POINT('',(7.128052323838,-40.,3.));
#3495 = DIRECTION('',(-0.,-0.,-1.));
#3496 = DIRECTION('',(0.,-1.,0.));
#3497 = ORIENTED_EDGE('',*,*,#3435,.F.);
#3498 = CYLINDRICAL_SURFACE('',#3499,2.);
#3499 = AXIS2_PLACEMENT_3D('',#3500,#3501,#3502);
#3500 = CARTESIAN_POINT('',(7.128052323838,-40.,0.));
#3501 = DIRECTION('',(0.,0.,1.));
#3502 = DIRECTION('',(0.997814900504,-6.607135788096E-02,0.));
#3503 = ADVANCED_FACE('',(#3504),#3523,.T.);
#3504 = FACE_BOUND('',#3505,.T.);
#3505 = EDGE_LOOP('',(#3506,#3507,#3515,#3522));
#3506 = ORIENTED_EDGE('',*,*,#239,.T.);
#3507 = ORIENTED_EDGE('',*,*,#3508,.T.);
#3508 = EDGE_CURVE('',#240,#3509,#3511,.T.);
#3509 = VERTEX_POINT('',#3510);
#3510 = CARTESIAN_POINT('',(45.863915257043,42.283096222126,3.));
#3511 = LINE('',#3512,#3513);
#3512 = CARTESIAN_POINT('',(45.863915257043,42.283096222126,0.));
#3513 = VECTOR('',#3514,1.);
#3514 = DIRECTION('',(0.,0.,1.));
#3515 = ORIENTED_EDGE('',*,*,#3516,.F.);
#3516 = EDGE_CURVE('',#3460,#3509,#3517,.T.);
#3517 = CIRCLE('',#3518,3.);
#3518 = AXIS2_PLACEMENT_3D('',#3519,#3520,#3521);
#3519 = CARTESIAN_POINT('',(47.676499697117,39.892586308405,3.));
#3520 = DIRECTION('',(-0.,0.,1.));
#3521 = DIRECTION('',(0.,-1.,0.));
#3522 = ORIENTED_EDGE('',*,*,#3459,.F.);
#3523 = CYLINDRICAL_SURFACE('',#3524,3.);
#3524 = AXIS2_PLACEMENT_3D('',#3525,#3526,#3527);
#3525 = CARTESIAN_POINT('',(47.676499697117,39.892586308405,0.));
#3526 = DIRECTION('',(0.,0.,1.));
#3527 = DIRECTION('',(0.306178452998,0.951974135636,0.));
#3528 = ADVANCED_FACE('',(#3529),#3547,.F.);
#3529 = FACE_BOUND('',#3530,.F.);
#3530 = EDGE_LOOP('',(#3531,#3532,#3540,#3546));
#3531 = ORIENTED_EDGE('',*,*,#730,.F.);
#3532 = ORIENTED_EDGE('',*,*,#3533,.T.);
#3533 = EDGE_CURVE('',#722,#3534,#3536,.T.);
#3534 = VERTEX_POINT('',#3535);
#3535 = CARTESIAN_POINT('',(-7.128052323838,-42.,3.));
#3536 = LINE('',#3537,#3538);
#3537 = CARTESIAN_POINT('',(-7.128052323838,-42.,0.));
#3538 = VECTOR('',#3539,1.);
#3539 = DIRECTION('',(0.,0.,1.));
#3540 = ORIENTED_EDGE('',*,*,#3541,.T.);
#3541 = EDGE_CURVE('',#3534,#3484,#3542,.T.);
#3542 = LINE('',#3543,#3544);
#3543 = CARTESIAN_POINT('',(-9.,-42.,3.));
#3544 = VECTOR('',#3545,1.);
#3545 = DIRECTION('',(1.,0.,0.));
#3546 = ORIENTED_EDGE('',*,*,#3483,.F.);
#3547 = PLANE('',#3548);
#3548 = AXIS2_PLACEMENT_3D('',#3549,#3550,#3551);
#3549 = CARTESIAN_POINT('',(-9.,-42.,0.));
#3550 = DIRECTION('',(0.,1.,0.));
#3551 = DIRECTION('',(1.,0.,0.));
#3552 = ADVANCED_FACE('',(#3553),#3571,.T.);
#3553 = FACE_BOUND('',#3554,.T.);
#3554 = EDGE_LOOP('',(#3555,#3556,#3564,#3570));
#3555 = ORIENTED_EDGE('',*,*,#248,.F.);
#3556 = ORIENTED_EDGE('',*,*,#3557,.T.);
#3557 = EDGE_CURVE('',#249,#3558,#3560,.T.);
#3558 = VERTEX_POINT('',#3559);
#3559 = CARTESIAN_POINT('',(39.472698620786,37.437008882547,3.));
#3560 = LINE('',#3561,#3562);
#3561 = CARTESIAN_POINT('',(39.472698620786,37.437008882547,0.));
#3562 = VECTOR('',#3563,1.);
#3563 = DIRECTION('',(0.,0.,1.));
#3564 = ORIENTED_EDGE('',*,*,#3565,.T.);
#3565 = EDGE_CURVE('',#3558,#3509,#3566,.T.);
#3566 = LINE('',#3567,#3568);
#3567 = CARTESIAN_POINT('',(38.621759477893,36.791791290683,3.));
#3568 = VECTOR('',#3569,1.);
#3569 = DIRECTION('',(0.796836637907,0.604194813358,0.));
#3570 = ORIENTED_EDGE('',*,*,#3508,.F.);
#3571 = PLANE('',#3572);
#3572 = AXIS2_PLACEMENT_3D('',#3573,#3574,#3575);
#3573 = CARTESIAN_POINT('',(38.621759477893,36.791791290683,0.));
#3574 = DIRECTION('',(-0.604194813358,0.796836637907,0.));
#3575 = DIRECTION('',(0.796836637907,0.604194813358,0.));
#3576 = ADVANCED_FACE('',(#3577),#3596,.T.);
#3577 = FACE_BOUND('',#3578,.F.);
#3578 = EDGE_LOOP('',(#3579,#3580,#3588,#3595));
#3579 = ORIENTED_EDGE('',*,*,#721,.T.);
#3580 = ORIENTED_EDGE('',*,*,#3581,.T.);
#3581 = EDGE_CURVE('',#714,#3582,#3584,.T.);
#3582 = VERTEX_POINT('',#3583);
#3583 = CARTESIAN_POINT('',(-9.123682124846,-40.13214271576,3.));
#3584 = LINE('',#3585,#3586);
#3585 = CARTESIAN_POINT('',(-9.123682124846,-40.13214271576,0.));
#3586 = VECTOR('',#3587,1.);
#3587 = DIRECTION('',(0.,0.,1.));
#3588 = ORIENTED_EDGE('',*,*,#3589,.F.);
#3589 = EDGE_CURVE('',#3534,#3582,#3590,.T.);
#3590 = CIRCLE('',#3591,2.);
#3591 = AXIS2_PLACEMENT_3D('',#3592,#3593,#3594);
#3592 = CARTESIAN_POINT('',(-7.128052323838,-40.,3.));
#3593 = DIRECTION('',(-0.,-0.,-1.));
#3594 = DIRECTION('',(0.,-1.,0.));
#3595 = ORIENTED_EDGE('',*,*,#3533,.F.);
#3596 = CYLINDRICAL_SURFACE('',#3597,2.);
#3597 = AXIS2_PLACEMENT_3D('',#3598,#3599,#3600);
#3598 = CARTESIAN_POINT('',(-7.128052323838,-40.,0.));
#3599 = DIRECTION('',(0.,0.,1.));
#3600 = DIRECTION('',(0.,-1.,0.));
#3601 = ADVANCED_FACE('',(#3602),#3621,.T.);
#3602 = FACE_BOUND('',#3603,.T.);
#3603 = EDGE_LOOP('',(#3604,#3605,#3613,#3620));
#3604 = ORIENTED_EDGE('',*,*,#256,.T.);
#3605 = ORIENTED_EDGE('',*,*,#3606,.T.);
#3606 = EDGE_CURVE('',#257,#3607,#3609,.T.);
#3607 = VERTEX_POINT('',#3608);
#3608 = CARTESIAN_POINT('',(38.310188750879,35.432262946819,3.));
#3609 = LINE('',#3610,#3611);
#3610 = CARTESIAN_POINT('',(38.310188750879,35.432262946819,0.));
#3611 = VECTOR('',#3612,1.);
#3612 = DIRECTION('',(0.,0.,1.));
#3613 = ORIENTED_EDGE('',*,*,#3614,.F.);
#3614 = EDGE_CURVE('',#3558,#3607,#3615,.T.);
#3615 = CIRCLE('',#3616,3.);
#3616 = AXIS2_PLACEMENT_3D('',#3617,#3618,#3619);
#3617 = CARTESIAN_POINT('',(41.28528306086,35.046498968825,3.));
#3618 = DIRECTION('',(-0.,0.,1.));
#3619 = DIRECTION('',(0.,-1.,0.));
#3620 = ORIENTED_EDGE('',*,*,#3557,.F.);
#3621 = CYLINDRICAL_SURFACE('',#3622,3.);
#3622 = AXIS2_PLACEMENT_3D('',#3623,#3624,#3625);
#3623 = CARTESIAN_POINT('',(41.28528306086,35.046498968825,0.));
#3624 = DIRECTION('',(0.,0.,1.));
#3625 = DIRECTION('',(-0.604194813358,0.796836637907,0.));
#3626 = ADVANCED_FACE('',(#3627),#3645,.F.);
#3627 = FACE_BOUND('',#3628,.F.);
#3628 = EDGE_LOOP('',(#3629,#3630,#3638,#3644));
#3629 = ORIENTED_EDGE('',*,*,#713,.F.);
#3630 = ORIENTED_EDGE('',*,*,#3631,.T.);
#3631 = EDGE_CURVE('',#705,#3632,#3634,.T.);
#3632 = VERTEX_POINT('',#3633);
#3633 = CARTESIAN_POINT('',(-10.46226522891,-19.91675423808,3.));
#3634 = LINE('',#3635,#3636);
#3635 = CARTESIAN_POINT('',(-10.46226522891,-19.91675423808,0.));
#3636 = VECTOR('',#3637,1.);
#3637 = DIRECTION('',(0.,0.,1.));
#3638 = ORIENTED_EDGE('',*,*,#3639,.T.);
#3639 = EDGE_CURVE('',#3632,#3582,#3640,.T.);
#3640 = LINE('',#3641,#3642);
#3641 = CARTESIAN_POINT('',(-11.,-11.7958409662,3.));
#3642 = VECTOR('',#3643,1.);
#3643 = DIRECTION('',(6.607135788072E-02,-0.997814900504,0.));
#3644 = ORIENTED_EDGE('',*,*,#3581,.F.);
#3645 = PLANE('',#3646);
#3646 = AXIS2_PLACEMENT_3D('',#3647,#3648,#3649);
#3647 = CARTESIAN_POINT('',(-11.,-11.7958409662,0.));
#3648 = DIRECTION('',(0.997814900504,6.607135788072E-02,0.));
#3649 = DIRECTION('',(6.607135788072E-02,-0.997814900504,0.));
#3650 = ADVANCED_FACE('',(#3651),#3670,.T.);
#3651 = FACE_BOUND('',#3652,.F.);
#3652 = EDGE_LOOP('',(#3653,#3654,#3655,#3664));
#3653 = ORIENTED_EDGE('',*,*,#265,.F.);
#3654 = ORIENTED_EDGE('',*,*,#3606,.T.);
#3655 = ORIENTED_EDGE('',*,*,#3656,.T.);
#3656 = EDGE_CURVE('',#3607,#3657,#3659,.T.);
#3657 = VERTEX_POINT('',#3658);
#3658 = CARTESIAN_POINT('',(38.315272999788,33.529331193237,3.));
#3659 = CIRCLE('',#3660,7.25);
#3660 = AXIS2_PLACEMENT_3D('',#3661,#3662,#3663);
#3661 = CARTESIAN_POINT('',(45.5,34.5,3.));
#3662 = DIRECTION('',(0.,0.,1.));
#3663 = DIRECTION('',(1.,0.,0.));
#3664 = ORIENTED_EDGE('',*,*,#3665,.F.);
#3665 = EDGE_CURVE('',#266,#3657,#3666,.T.);
#3666 = LINE('',#3667,#3668);
#3667 = CARTESIAN_POINT('',(38.315272999788,33.529331193237,0.));
#3668 = VECTOR('',#3669,1.);
#3669 = DIRECTION('',(0.,0.,1.));
#3670 = CYLINDRICAL_SURFACE('',#3671,7.25);
#3671 = AXIS2_PLACEMENT_3D('',#3672,#3673,#3674);
#3672 = CARTESIAN_POINT('',(45.5,34.5,0.));
#3673 = DIRECTION('',(-0.,-0.,-1.));
#3674 = DIRECTION('',(1.,0.,0.));
#3675 = ADVANCED_FACE('',(#3676),#3695,.F.);
#3676 = FACE_BOUND('',#3677,.T.);
#3677 = EDGE_LOOP('',(#3678,#3679,#3680,#3689));
#3678 = ORIENTED_EDGE('',*,*,#704,.T.);
#3679 = ORIENTED_EDGE('',*,*,#3631,.T.);
#3680 = ORIENTED_EDGE('',*,*,#3681,.F.);
#3681 = EDGE_CURVE('',#3682,#3632,#3684,.T.);
#3682 = VERTEX_POINT('',#3683);
#3683 = CARTESIAN_POINT('',(-17.59179016197,-16.56938194893,3.));
#3684 = CIRCLE('',#3685,4.5);
#3685 = AXIS2_PLACEMENT_3D('',#3686,#3687,#3688);
#3686 = CARTESIAN_POINT('',(-14.95243228118,-20.21407534854,3.));
#3687 = DIRECTION('',(-0.,-0.,-1.));
#3688 = DIRECTION('',(0.,-1.,0.));
#3689 = ORIENTED_EDGE('',*,*,#3690,.F.);
#3690 = EDGE_CURVE('',#697,#3682,#3691,.T.);
#3691 = LINE('',#3692,#3693);
#3692 = CARTESIAN_POINT('',(-17.59179016197,-16.56938194893,0.));
#3693 = VECTOR('',#3694,1.);
#3694 = DIRECTION('',(0.,0.,1.));
#3695 = CYLINDRICAL_SURFACE('',#3696,4.5);
#3696 = AXIS2_PLACEMENT_3D('',#3697,#3698,#3699);
#3697 = CARTESIAN_POINT('',(-14.95243228118,-20.21407534854,0.));
#3698 = DIRECTION('',(0.,0.,1.));
#3699 = DIRECTION('',(-0.586523973508,0.809931866579,0.));
#3700 = ADVANCED_FACE('',(#3701),#3720,.F.);
#3701 = FACE_BOUND('',#3702,.T.);
#3702 = EDGE_LOOP('',(#3703,#3704,#3712,#3719));
#3703 = ORIENTED_EDGE('',*,*,#274,.T.);
#3704 = ORIENTED_EDGE('',*,*,#3705,.T.);
#3705 = EDGE_CURVE('',#275,#3706,#3708,.T.);
#3706 = VERTEX_POINT('',#3707);
#3707 = CARTESIAN_POINT('',(37.101854437466,30.697879535529,3.));
#3708 = LINE('',#3709,#3710);
#3709 = CARTESIAN_POINT('',(37.101854437466,30.697879535529,0.));
#3710 = VECTOR('',#3711,1.);
#3711 = DIRECTION('',(0.,0.,1.));
#3712 = ORIENTED_EDGE('',*,*,#3713,.F.);
#3713 = EDGE_CURVE('',#3657,#3706,#3714,.T.);
#3714 = CIRCLE('',#3715,3.);
#3715 = AXIS2_PLACEMENT_3D('',#3716,#3717,#3718);
#3716 = CARTESIAN_POINT('',(35.342282516941,33.127675135266,3.));
#3717 = DIRECTION('',(-0.,-0.,-1.));
#3718 = DIRECTION('',(0.,-1.,0.));
#3719 = ORIENTED_EDGE('',*,*,#3665,.F.);
#3720 = CYLINDRICAL_SURFACE('',#3721,3.);
#3721 = AXIS2_PLACEMENT_3D('',#3722,#3723,#3724);
#3722 = CARTESIAN_POINT('',(35.342282516941,33.127675135266,0.));
#3723 = DIRECTION('',(0.,0.,1.));
#3724 = DIRECTION('',(0.990996827615,0.133885352657,0.));
#3725 = ADVANCED_FACE('',(#3726),#3744,.F.);
#3726 = FACE_BOUND('',#3727,.F.);
#3727 = EDGE_LOOP('',(#3728,#3729,#3737,#3743));
#3728 = ORIENTED_EDGE('',*,*,#696,.F.);
#3729 = ORIENTED_EDGE('',*,*,#3730,.T.);
#3730 = EDGE_CURVE('',#688,#3731,#3733,.T.);
#3731 = VERTEX_POINT('',#3732);
#3732 = CARTESIAN_POINT('',(-37.10185443746,-30.69787953552,3.));
#3733 = LINE('',#3734,#3735);
#3734 = CARTESIAN_POINT('',(-37.10185443746,-30.69787953552,0.));
#3735 = VECTOR('',#3736,1.);
#3736 = DIRECTION('',(0.,0.,1.));
#3737 = ORIENTED_EDGE('',*,*,#3738,.T.);
#3738 = EDGE_CURVE('',#3731,#3682,#3739,.T.);
#3739 = LINE('',#3740,#3741);
#3740 = CARTESIAN_POINT('',(-38.73871088531,-31.88323300471,3.));
#3741 = VECTOR('',#3742,1.);
#3742 = DIRECTION('',(0.809931866579,0.586523973508,0.));
#3743 = ORIENTED_EDGE('',*,*,#3690,.F.);
#3744 = PLANE('',#3745);
#3745 = AXIS2_PLACEMENT_3D('',#3746,#3747,#3748);
#3746 = CARTESIAN_POINT('',(-38.73871088531,-31.88323300471,0.));
#3747 = DIRECTION('',(-0.586523973508,0.809931866579,0.));
#3748 = DIRECTION('',(0.809931866579,0.586523973508,0.));
#3749 = ADVANCED_FACE('',(#3750),#3768,.F.);
#3750 = FACE_BOUND('',#3751,.F.);
#3751 = EDGE_LOOP('',(#3752,#3753,#3754,#3762));
#3752 = ORIENTED_EDGE('',*,*,#283,.F.);
#3753 = ORIENTED_EDGE('',*,*,#3705,.T.);
#3754 = ORIENTED_EDGE('',*,*,#3755,.T.);
#3755 = EDGE_CURVE('',#3706,#3756,#3758,.T.);
#3756 = VERTEX_POINT('',#3757);
#3757 = CARTESIAN_POINT('',(18.139357880787,16.965911098433,3.));
#3758 = LINE('',#3759,#3760);
#3759 = CARTESIAN_POINT('',(38.738710885313,31.883233004715,3.));
#3760 = VECTOR('',#3761,1.);
#3761 = DIRECTION('',(-0.809931866579,-0.586523973508,0.));
#3762 = ORIENTED_EDGE('',*,*,#3763,.F.);
#3763 = EDGE_CURVE('',#284,#3756,#3764,.T.);
#3764 = LINE('',#3765,#3766);
#3765 = CARTESIAN_POINT('',(18.139357880787,16.965911098433,0.));
#3766 = VECTOR('',#3767,1.);
#3767 = DIRECTION('',(0.,0.,1.));
#3768 = PLANE('',#3769);
#3769 = AXIS2_PLACEMENT_3D('',#3770,#3771,#3772);
#3770 = CARTESIAN_POINT('',(38.738710885313,31.883233004715,0.));
#3771 = DIRECTION('',(0.586523973508,-0.809931866579,0.));
#3772 = DIRECTION('',(-0.809931866579,-0.586523973508,0.));
#3773 = ADVANCED_FACE('',(#3774),#3793,.F.);
#3774 = FACE_BOUND('',#3775,.F.);
#3775 = EDGE_LOOP('',(#3776,#3777,#3785,#3792));
#3776 = ORIENTED_EDGE('',*,*,#687,.T.);
#3777 = ORIENTED_EDGE('',*,*,#3778,.T.);
#3778 = EDGE_CURVE('',#679,#3779,#3781,.T.);
#3779 = VERTEX_POINT('',#3780);
#3780 = CARTESIAN_POINT('',(-38.31527299978,-33.52933119323,3.));
#3781 = LINE('',#3782,#3783);
#3782 = CARTESIAN_POINT('',(-38.31527299978,-33.52933119323,0.));
#3783 = VECTOR('',#3784,1.);
#3784 = DIRECTION('',(0.,0.,1.));
#3785 = ORIENTED_EDGE('',*,*,#3786,.F.);
#3786 = EDGE_CURVE('',#3731,#3779,#3787,.T.);
#3787 = CIRCLE('',#3788,3.);
#3788 = AXIS2_PLACEMENT_3D('',#3789,#3790,#3791);
#3789 = CARTESIAN_POINT('',(-35.34228251694,-33.12767513526,3.));
#3790 = DIRECTION('',(-0.,0.,1.));
#3791 = DIRECTION('',(0.,-1.,0.));
#3792 = ORIENTED_EDGE('',*,*,#3730,.F.);
#3793 = CYLINDRICAL_SURFACE('',#3794,3.);
#3794 = AXIS2_PLACEMENT_3D('',#3795,#3796,#3797);
#3795 = CARTESIAN_POINT('',(-35.34228251694,-33.12767513526,0.));
#3796 = DIRECTION('',(0.,0.,1.));
#3797 = DIRECTION('',(-0.586523973508,0.809931866579,0.));
#3798 = ADVANCED_FACE('',(#3799),#3818,.F.);
#3799 = FACE_BOUND('',#3800,.T.);
#3800 = EDGE_LOOP('',(#3801,#3802,#3810,#3817));
#3801 = ORIENTED_EDGE('',*,*,#291,.T.);
#3802 = ORIENTED_EDGE('',*,*,#3803,.T.);
#3803 = EDGE_CURVE('',#292,#3804,#3806,.T.);
#3804 = VERTEX_POINT('',#3805);
#3805 = CARTESIAN_POINT('',(11.,20.610604498038,3.));
#3806 = LINE('',#3807,#3808);
#3807 = CARTESIAN_POINT('',(11.,20.610604498038,0.));
#3808 = VECTOR('',#3809,1.);
#3809 = DIRECTION('',(0.,0.,1.));
#3810 = ORIENTED_EDGE('',*,*,#3811,.F.);
#3811 = EDGE_CURVE('',#3756,#3804,#3812,.T.);
#3812 = CIRCLE('',#3813,4.5);
#3813 = AXIS2_PLACEMENT_3D('',#3814,#3815,#3816);
#3814 = CARTESIAN_POINT('',(15.5,20.610604498038,3.));
#3815 = DIRECTION('',(-0.,-0.,-1.));
#3816 = DIRECTION('',(0.,-1.,0.));
#3817 = ORIENTED_EDGE('',*,*,#3763,.F.);
#3818 = CYLINDRICAL_SURFACE('',#3819,4.5);
#3819 = AXIS2_PLACEMENT_3D('',#3820,#3821,#3822);
#3820 = CARTESIAN_POINT('',(15.5,20.610604498038,0.));
#3821 = DIRECTION('',(0.,0.,1.));
#3822 = DIRECTION('',(0.586523973508,-0.809931866579,0.));
#3823 = ADVANCED_FACE('',(#3824),#3843,.T.);
#3824 = FACE_BOUND('',#3825,.F.);
#3825 = EDGE_LOOP('',(#3826,#3827,#3835,#3842));
#3826 = ORIENTED_EDGE('',*,*,#678,.F.);
#3827 = ORIENTED_EDGE('',*,*,#3828,.T.);
#3828 = EDGE_CURVE('',#670,#3829,#3831,.T.);
#3829 = VERTEX_POINT('',#3830);
#3830 = CARTESIAN_POINT('',(-38.31018875087,-35.43226294682,3.));
#3831 = LINE('',#3832,#3833);
#3832 = CARTESIAN_POINT('',(-38.31018875087,-35.43226294682,0.));
#3833 = VECTOR('',#3834,1.);
#3834 = DIRECTION('',(0.,0.,1.));
#3835 = ORIENTED_EDGE('',*,*,#3836,.T.);
#3836 = EDGE_CURVE('',#3829,#3779,#3837,.T.);
#3837 = CIRCLE('',#3838,7.25);
#3838 = AXIS2_PLACEMENT_3D('',#3839,#3840,#3841);
#3839 = CARTESIAN_POINT('',(-45.5,-34.5,3.));
#3840 = DIRECTION('',(0.,0.,1.));
#3841 = DIRECTION('',(1.,0.,0.));
#3842 = ORIENTED_EDGE('',*,*,#3778,.F.);
#3843 = CYLINDRICAL_SURFACE('',#3844,7.25);
#3844 = AXIS2_PLACEMENT_3D('',#3845,#3846,#3847);
#3845 = CARTESIAN_POINT('',(-45.5,-34.5,0.));
#3846 = DIRECTION('',(-0.,-0.,-1.));
#3847 = DIRECTION('',(1.,0.,0.));
#3848 = ADVANCED_FACE('',(#3849),#3867,.F.);
#3849 = FACE_BOUND('',#3850,.F.);
#3850 = EDGE_LOOP('',(#3851,#3852,#3853,#3861));
#3851 = ORIENTED_EDGE('',*,*,#300,.F.);
#3852 = ORIENTED_EDGE('',*,*,#3803,.T.);
#3853 = ORIENTED_EDGE('',*,*,#3854,.T.);
#3854 = EDGE_CURVE('',#3804,#3855,#3857,.T.);
#3855 = VERTEX_POINT('',#3856);
#3856 = CARTESIAN_POINT('',(11.,30.647650044578,3.));
#3857 = LINE('',#3858,#3859);
#3858 = CARTESIAN_POINT('',(11.,11.795840966208,3.));
#3859 = VECTOR('',#3860,1.);
#3860 = DIRECTION('',(-9.E-17,1.,0.));
#3861 = ORIENTED_EDGE('',*,*,#3862,.F.);
#3862 = EDGE_CURVE('',#301,#3855,#3863,.T.);
#3863 = LINE('',#3864,#3865);
#3864 = CARTESIAN_POINT('',(11.,30.647650044578,0.));
#3865 = VECTOR('',#3866,1.);
#3866 = DIRECTION('',(0.,0.,1.));
#3867 = PLANE('',#3868);
#3868 = AXIS2_PLACEMENT_3D('',#3869,#3870,#3871);
#3869 = CARTESIAN_POINT('',(11.,11.795840966208,0.));
#3870 = DIRECTION('',(-1.,-9.E-17,0.));
#3871 = DIRECTION('',(-9.E-17,1.,0.));
#3872 = ADVANCED_FACE('',(#3873),#3892,.T.);
#3873 = FACE_BOUND('',#3874,.F.);
#3874 = EDGE_LOOP('',(#3875,#3876,#3884,#3891));
#3875 = ORIENTED_EDGE('',*,*,#669,.T.);
#3876 = ORIENTED_EDGE('',*,*,#3877,.T.);
#3877 = EDGE_CURVE('',#662,#3878,#3880,.T.);
#3878 = VERTEX_POINT('',#3879);
#3879 = CARTESIAN_POINT('',(-39.47269862078,-37.43700888254,3.));
#3880 = LINE('',#3881,#3882);
#3881 = CARTESIAN_POINT('',(-39.47269862078,-37.43700888254,0.));
#3882 = VECTOR('',#3883,1.);
#3883 = DIRECTION('',(0.,0.,1.));
#3884 = ORIENTED_EDGE('',*,*,#3885,.F.);
#3885 = EDGE_CURVE('',#3829,#3878,#3886,.T.);
#3886 = CIRCLE('',#3887,3.);
#3887 = AXIS2_PLACEMENT_3D('',#3888,#3889,#3890);
#3888 = CARTESIAN_POINT('',(-41.28528306086,-35.04649896882,3.));
#3889 = DIRECTION('',(-0.,-0.,-1.));
#3890 = DIRECTION('',(0.,-1.,0.));
#3891 = ORIENTED_EDGE('',*,*,#3828,.F.);
#3892 = CYLINDRICAL_SURFACE('',#3893,3.);
#3893 = AXIS2_PLACEMENT_3D('',#3894,#3895,#3896);
#3894 = CARTESIAN_POINT('',(-41.28528306086,-35.04649896882,0.));
#3895 = DIRECTION('',(0.,0.,1.));
#3896 = DIRECTION('',(0.991698103327,-0.128587992665,0.));
#3897 = ADVANCED_FACE('',(#3898),#3917,.T.);
#3898 = FACE_BOUND('',#3899,.T.);
#3899 = EDGE_LOOP('',(#3900,#3901,#3909,#3916));
#3900 = ORIENTED_EDGE('',*,*,#308,.T.);
#3901 = ORIENTED_EDGE('',*,*,#3902,.T.);
#3902 = EDGE_CURVE('',#309,#3903,#3905,.T.);
#3903 = VERTEX_POINT('',#3904);
#3904 = CARTESIAN_POINT('',(10.879586846978,31.331136170748,3.));
#3905 = LINE('',#3906,#3907);
#3906 = CARTESIAN_POINT('',(10.879586846978,31.331136170748,0.));
#3907 = VECTOR('',#3908,1.);
#3908 = DIRECTION('',(0.,0.,1.));
#3909 = ORIENTED_EDGE('',*,*,#3910,.F.);
#3910 = EDGE_CURVE('',#3855,#3903,#3911,.T.);
#3911 = CIRCLE('',#3912,2.);
#3912 = AXIS2_PLACEMENT_3D('',#3913,#3914,#3915);
#3913 = CARTESIAN_POINT('',(9.,30.647650044578,3.));
#3914 = DIRECTION('',(-0.,0.,1.));
#3915 = DIRECTION('',(0.,-1.,0.));
#3916 = ORIENTED_EDGE('',*,*,#3862,.F.);
#3917 = CYLINDRICAL_SURFACE('',#3918,2.);
#3918 = AXIS2_PLACEMENT_3D('',#3919,#3920,#3921);
#3919 = CARTESIAN_POINT('',(9.,30.647650044578,0.));
#3920 = DIRECTION('',(0.,0.,1.));
#3921 = DIRECTION('',(1.,9.E-17,0.));
#3922 = ADVANCED_FACE('',(#3923),#3941,.T.);
#3923 = FACE_BOUND('',#3924,.T.);
#3924 = EDGE_LOOP('',(#3925,#3926,#3927,#3935));
#3925 = ORIENTED_EDGE('',*,*,#661,.F.);
#3926 = ORIENTED_EDGE('',*,*,#3877,.T.);
#3927 = ORIENTED_EDGE('',*,*,#3928,.T.);
#3928 = EDGE_CURVE('',#3878,#3929,#3931,.T.);
#3929 = VERTEX_POINT('',#3930);
#3930 = CARTESIAN_POINT('',(-45.92502955803,-42.32943563716,3.));
#3931 = LINE('',#3932,#3933);
#3932 = CARTESIAN_POINT('',(-38.62175947789,-36.79179129068,3.));
#3933 = VECTOR('',#3934,1.);
#3934 = DIRECTION('',(-0.796836637907,-0.604194813358,0.));
#3935 = ORIENTED_EDGE('',*,*,#3936,.F.);
#3936 = EDGE_CURVE('',#653,#3929,#3937,.T.);
#3937 = LINE('',#3938,#3939);
#3938 = CARTESIAN_POINT('',(-45.92502955803,-42.32943563716,0.));
#3939 = VECTOR('',#3940,1.);
#3940 = DIRECTION('',(0.,0.,1.));
#3941 = PLANE('',#3942);
#3942 = AXIS2_PLACEMENT_3D('',#3943,#3944,#3945);
#3943 = CARTESIAN_POINT('',(-38.62175947789,-36.79179129068,0.));
#3944 = DIRECTION('',(0.604194813358,-0.796836637907,0.));
#3945 = DIRECTION('',(-0.796836637907,-0.604194813358,0.));
#3946 = ADVANCED_FACE('',(#3947),#3965,.T.);
#3947 = FACE_BOUND('',#3948,.T.);
#3948 = EDGE_LOOP('',(#3949,#3950,#3958,#3964));
#3949 = ORIENTED_EDGE('',*,*,#317,.F.);
#3950 = ORIENTED_EDGE('',*,*,#3951,.T.);
#3951 = EDGE_CURVE('',#318,#3952,#3954,.T.);
#3952 = VERTEX_POINT('',#3953);
#3953 = CARTESIAN_POINT('',(7.478732317754,40.68348612617,3.));
#3954 = LINE('',#3955,#3956);
#3955 = CARTESIAN_POINT('',(7.478732317754,40.68348612617,0.));
#3956 = VECTOR('',#3957,1.);
#3957 = DIRECTION('',(0.,0.,1.));
#3958 = ORIENTED_EDGE('',*,*,#3959,.T.);
#3959 = EDGE_CURVE('',#3952,#3903,#3960,.T.);
#3960 = LINE('',#3961,#3962);
#3961 = CARTESIAN_POINT('',(7.,42.,3.));
#3962 = VECTOR('',#3963,1.);
#3963 = DIRECTION('',(0.341743063085,-0.939793423489,0.));
#3964 = ORIENTED_EDGE('',*,*,#3902,.F.);
#3965 = PLANE('',#3966);
#3966 = AXIS2_PLACEMENT_3D('',#3967,#3968,#3969);
#3967 = CARTESIAN_POINT('',(7.,42.,0.));
#3968 = DIRECTION('',(0.939793423489,0.341743063085,0.));
#3969 = DIRECTION('',(0.341743063085,-0.939793423489,0.));
#3970 = ADVANCED_FACE('',(#3971),#3990,.T.);
#3971 = FACE_BOUND('',#3972,.F.);
#3972 = EDGE_LOOP('',(#3973,#3974,#3982,#3989));
#3973 = ORIENTED_EDGE('',*,*,#652,.T.);
#3974 = ORIENTED_EDGE('',*,*,#3975,.T.);
#3975 = EDGE_CURVE('',#645,#3976,#3978,.T.);
#3976 = VERTEX_POINT('',#3977);
#3977 = CARTESIAN_POINT('',(-48.40374401414,-42.86403611481,3.));
#3978 = LINE('',#3979,#3980);
#3979 = CARTESIAN_POINT('',(-48.40374401414,-42.86403611481,0.));
#3980 = VECTOR('',#3981,1.);
#3981 = DIRECTION('',(0.,0.,1.));
#3982 = ORIENTED_EDGE('',*,*,#3983,.F.);
#3983 = EDGE_CURVE('',#3929,#3976,#3984,.T.);
#3984 = CIRCLE('',#3985,3.);
#3985 = AXIS2_PLACEMENT_3D('',#3986,#3987,#3988);
#3986 = CARTESIAN_POINT('',(-47.7376139981,-39.93892572344,3.));
#3987 = DIRECTION('',(-0.,-0.,-1.));
#3988 = DIRECTION('',(0.,-1.,0.));
#3989 = ORIENTED_EDGE('',*,*,#3936,.F.);
#3990 = CYLINDRICAL_SURFACE('',#3991,3.);
#3991 = AXIS2_PLACEMENT_3D('',#3992,#3993,#3994);
#3992 = CARTESIAN_POINT('',(-47.7376139981,-39.93892572344,0.));
#3993 = DIRECTION('',(0.,0.,1.));
#3994 = DIRECTION('',(0.604194813358,-0.796836637907,0.));
#3995 = ADVANCED_FACE('',(#3996),#4015,.T.);
#3996 = FACE_BOUND('',#3997,.T.);
#3997 = EDGE_LOOP('',(#3998,#3999,#4007,#4014));
#3998 = ORIENTED_EDGE('',*,*,#325,.T.);
#3999 = ORIENTED_EDGE('',*,*,#4000,.T.);
#4000 = EDGE_CURVE('',#326,#4001,#4003,.T.);
#4001 = VERTEX_POINT('',#4002);
#4002 = CARTESIAN_POINT('',(5.599145470775,42.,3.));
#4003 = LINE('',#4004,#4005);
#4004 = CARTESIAN_POINT('',(5.599145470775,42.,0.));
#4005 = VECTOR('',#4006,1.);
#4006 = DIRECTION('',(0.,0.,1.));
#4007 = ORIENTED_EDGE('',*,*,#4008,.F.);
#4008 = EDGE_CURVE('',#3952,#4001,#4009,.T.);
#4009 = CIRCLE('',#4010,2.);
#4010 = AXIS2_PLACEMENT_3D('',#4011,#4012,#4013);
#4011 = CARTESIAN_POINT('',(5.599145470775,40.,3.));
#4012 = DIRECTION('',(-0.,0.,1.));
#4013 = DIRECTION('',(0.,-1.,0.));
#4014 = ORIENTED_EDGE('',*,*,#3951,.F.);
#4015 = CYLINDRICAL_SURFACE('',#4016,2.);
#4016 = AXIS2_PLACEMENT_3D('',#4017,#4018,#4019);
#4017 = CARTESIAN_POINT('',(5.599145470775,40.,0.));
#4018 = DIRECTION('',(0.,0.,1.));
#4019 = DIRECTION('',(0.939793423489,0.341743063085,0.));
#4020 = ADVANCED_FACE('',(#4021),#4039,.T.);
#4021 = FACE_BOUND('',#4022,.T.);
#4022 = EDGE_LOOP('',(#4023,#4024,#4025,#4033));
#4023 = ORIENTED_EDGE('',*,*,#644,.F.);
#4024 = ORIENTED_EDGE('',*,*,#3975,.T.);
#4025 = ORIENTED_EDGE('',*,*,#4026,.T.);
#4026 = EDGE_CURVE('',#3976,#4027,#4029,.T.);
#4027 = VERTEX_POINT('',#4028);
#4028 = CARTESIAN_POINT('',(-52.19926887811,-41.99968820987,3.));
#4029 = LINE('',#4030,#4031);
#4030 = CARTESIAN_POINT('',(-47.03974263769,-43.17465764262,3.));
#4031 = VECTOR('',#4032,1.);
#4032 = DIRECTION('',(-0.975036797125,0.222043338679,0.));
#4033 = ORIENTED_EDGE('',*,*,#4034,.F.);
#4034 = EDGE_CURVE('',#636,#4027,#4035,.T.);
#4035 = LINE('',#4036,#4037);
#4036 = CARTESIAN_POINT('',(-52.19926887811,-41.99968820987,0.));
#4037 = VECTOR('',#4038,1.);
#4038 = DIRECTION('',(0.,0.,1.));
#4039 = PLANE('',#4040);
#4040 = AXIS2_PLACEMENT_3D('',#4041,#4042,#4043);
#4041 = CARTESIAN_POINT('',(-47.03974263769,-43.17465764262,0.));
#4042 = DIRECTION('',(-0.222043338679,-0.975036797125,0.));
#4043 = DIRECTION('',(-0.975036797125,0.222043338679,0.));
#4044 = ADVANCED_FACE('',(#4045),#4063,.T.);
#4045 = FACE_BOUND('',#4046,.T.);
#4046 = EDGE_LOOP('',(#4047,#4048,#4056,#4062));
#4047 = ORIENTED_EDGE('',*,*,#334,.F.);
#4048 = ORIENTED_EDGE('',*,*,#4049,.T.);
#4049 = EDGE_CURVE('',#335,#4050,#4052,.T.);
#4050 = VERTEX_POINT('',#4051);
#4051 = CARTESIAN_POINT('',(-5.599145470778,42.,3.));
#4052 = LINE('',#4053,#4054);
#4053 = CARTESIAN_POINT('',(-5.599145470778,42.,0.));
#4054 = VECTOR('',#4055,1.);
#4055 = DIRECTION('',(0.,0.,1.));
#4056 = ORIENTED_EDGE('',*,*,#4057,.T.);
#4057 = EDGE_CURVE('',#4050,#4001,#4058,.T.);
#4058 = LINE('',#4059,#4060);
#4059 = CARTESIAN_POINT('',(-7.,42.,3.));
#4060 = VECTOR('',#4061,1.);
#4061 = DIRECTION('',(1.,0.,0.));
#4062 = ORIENTED_EDGE('',*,*,#4000,.F.);
#4063 = PLANE('',#4064);
#4064 = AXIS2_PLACEMENT_3D('',#4065,#4066,#4067);
#4065 = CARTESIAN_POINT('',(-7.,42.,0.));
#4066 = DIRECTION('',(0.,1.,0.));
#4067 = DIRECTION('',(1.,0.,0.));
#4068 = ADVANCED_FACE('',(#4069),#4088,.T.);
#4069 = FACE_BOUND('',#4070,.F.);
#4070 = EDGE_LOOP('',(#4071,#4072,#4080,#4087));
#4071 = ORIENTED_EDGE('',*,*,#635,.T.);
#4072 = ORIENTED_EDGE('',*,*,#4073,.T.);
#4073 = EDGE_CURVE('',#628,#4074,#4076,.T.);
#4074 = VERTEX_POINT('',#4075);
#4075 = CARTESIAN_POINT('',(-54.52948251729,-38.92650790313,3.));
#4076 = LINE('',#4077,#4078);
#4077 = CARTESIAN_POINT('',(-54.52948251729,-38.92650790313,0.));
#4078 = VECTOR('',#4079,1.);
#4079 = DIRECTION('',(0.,0.,1.));
#4080 = ORIENTED_EDGE('',*,*,#4081,.F.);
#4081 = EDGE_CURVE('',#4027,#4074,#4082,.T.);
#4082 = CIRCLE('',#4083,3.);
#4083 = AXIS2_PLACEMENT_3D('',#4084,#4085,#4086);
#4084 = CARTESIAN_POINT('',(-51.53313886208,-39.0745778185,3.));
#4085 = DIRECTION('',(-0.,-0.,-1.));
#4086 = DIRECTION('',(0.,-1.,0.));
#4087 = ORIENTED_EDGE('',*,*,#4034,.F.);
#4088 = CYLINDRICAL_SURFACE('',#4089,3.);
#4089 = AXIS2_PLACEMENT_3D('',#4090,#4091,#4092);
#4090 = CARTESIAN_POINT('',(-51.53313886208,-39.0745778185,0.));
#4091 = DIRECTION('',(0.,0.,1.));
#4092 = DIRECTION('',(-0.222043338679,-0.975036797125,0.));
#4093 = ADVANCED_FACE('',(#4094),#4113,.T.);
#4094 = FACE_BOUND('',#4095,.T.);
#4095 = EDGE_LOOP('',(#4096,#4097,#4105,#4112));
#4096 = ORIENTED_EDGE('',*,*,#342,.T.);
#4097 = ORIENTED_EDGE('',*,*,#4098,.T.);
#4098 = EDGE_CURVE('',#343,#4099,#4101,.T.);
#4099 = VERTEX_POINT('',#4100);
#4100 = CARTESIAN_POINT('',(-7.478732317755,40.683486126173,3.));
#4101 = LINE('',#4102,#4103);
#4102 = CARTESIAN_POINT('',(-7.478732317755,40.683486126173,0.));
#4103 = VECTOR('',#4104,1.);
#4104 = DIRECTION('',(0.,0.,1.));
#4105 = ORIENTED_EDGE('',*,*,#4106,.F.);
#4106 = EDGE_CURVE('',#4050,#4099,#4107,.T.);
#4107 = CIRCLE('',#4108,2.);
#4108 = AXIS2_PLACEMENT_3D('',#4109,#4110,#4111);
#4109 = CARTESIAN_POINT('',(-5.599145470778,40.,3.));
#4110 = DIRECTION('',(-0.,0.,1.));
#4111 = DIRECTION('',(0.,-1.,0.));
#4112 = ORIENTED_EDGE('',*,*,#4049,.F.);
#4113 = CYLINDRICAL_SURFACE('',#4114,2.);
#4114 = AXIS2_PLACEMENT_3D('',#4115,#4116,#4117);
#4115 = CARTESIAN_POINT('',(-5.599145470778,40.,0.));
#4116 = DIRECTION('',(0.,0.,1.));
#4117 = DIRECTION('',(0.,1.,0.));
#4118 = ADVANCED_FACE('',(#4119),#4137,.F.);
#4119 = FACE_BOUND('',#4120,.F.);
#4120 = EDGE_LOOP('',(#4121,#4122,#4130,#4136));
#4121 = ORIENTED_EDGE('',*,*,#627,.F.);
#4122 = ORIENTED_EDGE('',*,*,#4123,.T.);
#4123 = EDGE_CURVE('',#619,#4124,#4126,.T.);
#4124 = VERTEX_POINT('',#4125);
#4125 = CARTESIAN_POINT('',(-54.33735197513,-35.03855315177,3.));
#4126 = LINE('',#4127,#4128);
#4127 = CARTESIAN_POINT('',(-54.33735197513,-35.03855315177,0.));
#4128 = VECTOR('',#4129,1.);
#4129 = DIRECTION('',(0.,0.,1.));
#4130 = ORIENTED_EDGE('',*,*,#4131,.T.);
#4131 = EDGE_CURVE('',#4124,#4074,#4132,.T.);
#4132 = LINE('',#4133,#4134);
#4133 = CARTESIAN_POINT('',(-54.26830583965,-33.64133515888,3.));
#4134 = VECTOR('',#4135,1.);
#4135 = DIRECTION('',(-4.935663845666E-02,-0.998781218406,0.));
#4136 = ORIENTED_EDGE('',*,*,#4073,.F.);
#4137 = PLANE('',#4138);
#4138 = AXIS2_PLACEMENT_3D('',#4139,#4140,#4141);
#4139 = CARTESIAN_POINT('',(-54.26830583965,-33.64133515888,0.));
#4140 = DIRECTION('',(0.998781218406,-4.935663845666E-02,0.));
#4141 = DIRECTION('',(-4.935663845666E-02,-0.998781218406,0.));
#4142 = ADVANCED_FACE('',(#4143),#4161,.F.);
#4143 = FACE_BOUND('',#4144,.F.);
#4144 = EDGE_LOOP('',(#4145,#4146,#4147,#4155));
#4145 = ORIENTED_EDGE('',*,*,#351,.F.);
#4146 = ORIENTED_EDGE('',*,*,#4098,.T.);
#4147 = ORIENTED_EDGE('',*,*,#4148,.T.);
#4148 = EDGE_CURVE('',#4099,#4149,#4151,.T.);
#4149 = VERTEX_POINT('',#4150);
#4150 = CARTESIAN_POINT('',(-10.87958684697,31.331136170814,3.));
#4151 = LINE('',#4152,#4153);
#4152 = CARTESIAN_POINT('',(-7.,42.,3.));
#4153 = VECTOR('',#4154,1.);
#4154 = DIRECTION('',(-0.341743063087,-0.939793423488,0.));
#4155 = ORIENTED_EDGE('',*,*,#4156,.F.);
#4156 = EDGE_CURVE('',#352,#4149,#4157,.T.);
#4157 = LINE('',#4158,#4159);
#4158 = CARTESIAN_POINT('',(-10.87958684697,31.331136170814,0.));
#4159 = VECTOR('',#4160,1.);
#4160 = DIRECTION('',(0.,0.,1.));
#4161 = PLANE('',#4162);
#4162 = AXIS2_PLACEMENT_3D('',#4163,#4164,#4165);
#4163 = CARTESIAN_POINT('',(-7.,42.,0.));
#4164 = DIRECTION('',(0.939793423488,-0.341743063087,0.));
#4165 = DIRECTION('',(-0.341743063087,-0.939793423488,0.));
#4166 = ADVANCED_FACE('',(#4167),#4186,.T.);
#4167 = FACE_BOUND('',#4168,.F.);
#4168 = EDGE_LOOP('',(#4169,#4170,#4178,#4185));
#4169 = ORIENTED_EDGE('',*,*,#618,.T.);
#4170 = ORIENTED_EDGE('',*,*,#4171,.T.);
#4171 = EDGE_CURVE('',#611,#4172,#4174,.T.);
#4172 = VERTEX_POINT('',#4173);
#4173 = CARTESIAN_POINT('',(-53.15359275998,-32.79611315342,3.));
#4174 = LINE('',#4175,#4176);
#4175 = CARTESIAN_POINT('',(-53.15359275998,-32.79611315342,0.));
#4176 = VECTOR('',#4177,1.);
#4177 = DIRECTION('',(0.,0.,1.));
#4178 = ORIENTED_EDGE('',*,*,#4179,.F.);
#4179 = EDGE_CURVE('',#4124,#4172,#4180,.T.);
#4180 = CIRCLE('',#4181,3.);
#4181 = AXIS2_PLACEMENT_3D('',#4182,#4183,#4184);
#4182 = CARTESIAN_POINT('',(-51.34100831991,-35.18662306714,3.));
#4183 = DIRECTION('',(-0.,-0.,-1.));
#4184 = DIRECTION('',(0.,-1.,0.));
#4185 = ORIENTED_EDGE('',*,*,#4123,.F.);
#4186 = CYLINDRICAL_SURFACE('',#4187,3.);
#4187 = AXIS2_PLACEMENT_3D('',#4188,#4189,#4190);
#4188 = CARTESIAN_POINT('',(-51.34100831991,-35.18662306714,0.));
#4189 = DIRECTION('',(0.,0.,1.));
#4190 = DIRECTION('',(-0.998781218406,4.935663845666E-02,0.));
#4191 = ADVANCED_FACE('',(#4192),#4211,.T.);
#4192 = FACE_BOUND('',#4193,.T.);
#4193 = EDGE_LOOP('',(#4194,#4195,#4203,#4210));
#4194 = ORIENTED_EDGE('',*,*,#359,.T.);
#4195 = ORIENTED_EDGE('',*,*,#4196,.T.);
#4196 = EDGE_CURVE('',#360,#4197,#4199,.T.);
#4197 = VERTEX_POINT('',#4198);
#4198 = CARTESIAN_POINT('',(-11.,30.64765004464,3.));
#4199 = LINE('',#4200,#4201);
#4200 = CARTESIAN_POINT('',(-11.,30.64765004464,0.));
#4201 = VECTOR('',#4202,1.);
#4202 = DIRECTION('',(0.,0.,1.));
#4203 = ORIENTED_EDGE('',*,*,#4204,.F.);
#4204 = EDGE_CURVE('',#4149,#4197,#4205,.T.);
#4205 = CIRCLE('',#4206,2.);
#4206 = AXIS2_PLACEMENT_3D('',#4207,#4208,#4209);
#4207 = CARTESIAN_POINT('',(-9.,30.64765004464,3.));
#4208 = DIRECTION('',(-0.,0.,1.));
#4209 = DIRECTION('',(0.,-1.,0.));
#4210 = ORIENTED_EDGE('',*,*,#4156,.F.);
#4211 = CYLINDRICAL_SURFACE('',#4212,2.);
#4212 = AXIS2_PLACEMENT_3D('',#4213,#4214,#4215);
#4213 = CARTESIAN_POINT('',(-9.,30.64765004464,0.));
#4214 = DIRECTION('',(0.,0.,1.));
#4215 = DIRECTION('',(-0.939793423488,0.341743063087,0.));
#4216 = ADVANCED_FACE('',(#4217),#4235,.F.);
#4217 = FACE_BOUND('',#4218,.F.);
#4218 = EDGE_LOOP('',(#4219,#4220,#4228,#4234));
#4219 = ORIENTED_EDGE('',*,*,#610,.F.);
#4220 = ORIENTED_EDGE('',*,*,#4221,.T.);
#4221 = EDGE_CURVE('',#602,#4222,#4224,.T.);
#4222 = VERTEX_POINT('',#4223);
#4223 = CARTESIAN_POINT('',(-46.70126182274,-27.9036863988,3.));
#4224 = LINE('',#4225,#4226);
#4225 = CARTESIAN_POINT('',(-46.70126182274,-27.9036863988,0.));
#4226 = VECTOR('',#4227,1.);
#4227 = DIRECTION('',(0.,0.,1.));
#4228 = ORIENTED_EDGE('',*,*,#4229,.T.);
#4229 = EDGE_CURVE('',#4222,#4172,#4230,.T.);
#4230 = LINE('',#4231,#4232);
#4231 = CARTESIAN_POINT('',(-45.85032267984,-27.25846880694,3.));
#4232 = VECTOR('',#4233,1.);
#4233 = DIRECTION('',(-0.796836637907,-0.604194813358,0.));
#4234 = ORIENTED_EDGE('',*,*,#4171,.F.);
#4235 = PLANE('',#4236);
#4236 = AXIS2_PLACEMENT_3D('',#4237,#4238,#4239);
#4237 = CARTESIAN_POINT('',(-45.85032267984,-27.25846880694,0.));
#4238 = DIRECTION('',(0.604194813358,-0.796836637907,0.));
#4239 = DIRECTION('',(-0.796836637907,-0.604194813358,0.));
#4240 = ADVANCED_FACE('',(#4241),#4259,.F.);
#4241 = FACE_BOUND('',#4242,.F.);
#4242 = EDGE_LOOP('',(#4243,#4244,#4245,#4253));
#4243 = ORIENTED_EDGE('',*,*,#368,.F.);
#4244 = ORIENTED_EDGE('',*,*,#4196,.T.);
#4245 = ORIENTED_EDGE('',*,*,#4246,.T.);
#4246 = EDGE_CURVE('',#4197,#4247,#4249,.T.);
#4247 = VERTEX_POINT('',#4248);
#4248 = CARTESIAN_POINT('',(-11.,20.610604498038,3.));
#4249 = LINE('',#4250,#4251);
#4250 = CARTESIAN_POINT('',(-11.,31.,3.));
#4251 = VECTOR('',#4252,1.);
#4252 = DIRECTION('',(0.,-1.,0.));
#4253 = ORIENTED_EDGE('',*,*,#4254,.F.);
#4254 = EDGE_CURVE('',#369,#4247,#4255,.T.);
#4255 = LINE('',#4256,#4257);
#4256 = CARTESIAN_POINT('',(-11.,20.610604498038,0.));
#4257 = VECTOR('',#4258,1.);
#4258 = DIRECTION('',(0.,0.,1.));
#4259 = PLANE('',#4260);
#4260 = AXIS2_PLACEMENT_3D('',#4261,#4262,#4263);
#4261 = CARTESIAN_POINT('',(-11.,31.,0.));
#4262 = DIRECTION('',(1.,0.,0.));
#4263 = DIRECTION('',(0.,-1.,0.));
#4264 = ADVANCED_FACE('',(#4265),#4284,.T.);
#4265 = FACE_BOUND('',#4266,.F.);
#4266 = EDGE_LOOP('',(#4267,#4268,#4276,#4283));
#4267 = ORIENTED_EDGE('',*,*,#601,.T.);
#4268 = ORIENTED_EDGE('',*,*,#4269,.T.);
#4269 = EDGE_CURVE('',#593,#4270,#4272,.T.);
#4270 = VERTEX_POINT('',#4271);
#4271 = CARTESIAN_POINT('',(-44.45715553513,-27.32539370961,3.));
#4272 = LINE('',#4273,#4274);
#4273 = CARTESIAN_POINT('',(-44.45715553513,-27.32539370961,0.));
#4274 = VECTOR('',#4275,1.);
#4275 = DIRECTION('',(0.,0.,1.));
#4276 = ORIENTED_EDGE('',*,*,#4277,.F.);
#4277 = EDGE_CURVE('',#4222,#4270,#4278,.T.);
#4278 = CIRCLE('',#4279,3.);
#4279 = AXIS2_PLACEMENT_3D('',#4280,#4281,#4282);
#4280 = CARTESIAN_POINT('',(-44.88867738266,-30.29419631253,3.));
#4281 = DIRECTION('',(-0.,-0.,-1.));
#4282 = DIRECTION('',(0.,-1.,0.));
#4283 = ORIENTED_EDGE('',*,*,#4221,.F.);
#4284 = CYLINDRICAL_SURFACE('',#4285,3.);
#4285 = AXIS2_PLACEMENT_3D('',#4286,#4287,#4288);
#4286 = CARTESIAN_POINT('',(-44.88867738266,-30.29419631253,0.));
#4287 = DIRECTION('',(0.,0.,1.));
#4288 = DIRECTION('',(-0.604194813358,0.796836637907,0.));
#4289 = ADVANCED_FACE('',(#4290),#4309,.F.);
#4290 = FACE_BOUND('',#4291,.T.);
#4291 = EDGE_LOOP('',(#4292,#4293,#4301,#4308));
#4292 = ORIENTED_EDGE('',*,*,#376,.T.);
#4293 = ORIENTED_EDGE('',*,*,#4294,.T.);
#4294 = EDGE_CURVE('',#377,#4295,#4297,.T.);
#4295 = VERTEX_POINT('',#4296);
#4296 = CARTESIAN_POINT('',(-18.13935788078,16.965911098433,3.));
#4297 = LINE('',#4298,#4299);
#4298 = CARTESIAN_POINT('',(-18.13935788078,16.965911098433,0.));
#4299 = VECTOR('',#4300,1.);
#4300 = DIRECTION('',(0.,0.,1.));
#4301 = ORIENTED_EDGE('',*,*,#4302,.F.);
#4302 = EDGE_CURVE('',#4247,#4295,#4303,.T.);
#4303 = CIRCLE('',#4304,4.5);
#4304 = AXIS2_PLACEMENT_3D('',#4305,#4306,#4307);
#4305 = CARTESIAN_POINT('',(-15.5,20.610604498038,3.));
#4306 = DIRECTION('',(-0.,-0.,-1.));
#4307 = DIRECTION('',(0.,-1.,0.));
#4308 = ORIENTED_EDGE('',*,*,#4254,.F.);
#4309 = CYLINDRICAL_SURFACE('',#4310,4.5);
#4310 = AXIS2_PLACEMENT_3D('',#4311,#4312,#4313);
#4311 = CARTESIAN_POINT('',(-15.5,20.610604498038,0.));
#4312 = DIRECTION('',(0.,0.,1.));
#4313 = DIRECTION('',(1.,0.,0.));
#4314 = ADVANCED_FACE('',(#4315),#4334,.T.);
#4315 = FACE_BOUND('',#4316,.F.);
#4316 = EDGE_LOOP('',(#4317,#4318,#4326,#4333));
#4317 = ORIENTED_EDGE('',*,*,#592,.F.);
#4318 = ORIENTED_EDGE('',*,*,#4319,.T.);
#4319 = EDGE_CURVE('',#584,#4320,#4322,.T.);
#4320 = VERTEX_POINT('',#4321);
#4321 = CARTESIAN_POINT('',(-42.62695843656,-27.84356460447,3.));
#4322 = LINE('',#4323,#4324);
#4323 = CARTESIAN_POINT('',(-42.62695843656,-27.84356460447,0.));
#4324 = VECTOR('',#4325,1.);
#4325 = DIRECTION('',(0.,0.,1.));
#4326 = ORIENTED_EDGE('',*,*,#4327,.T.);
#4327 = EDGE_CURVE('',#4320,#4270,#4328,.T.);
#4328 = CIRCLE('',#4329,7.25);
#4329 = AXIS2_PLACEMENT_3D('',#4330,#4331,#4332);
#4330 = CARTESIAN_POINT('',(-45.5,-34.5,3.));
#4331 = DIRECTION('',(0.,0.,1.));
#4332 = DIRECTION('',(1.,0.,0.));
#4333 = ORIENTED_EDGE('',*,*,#4269,.F.);
#4334 = CYLINDRICAL_SURFACE('',#4335,7.25);
#4335 = AXIS2_PLACEMENT_3D('',#4336,#4337,#4338);
#4336 = CARTESIAN_POINT('',(-45.5,-34.5,0.));
#4337 = DIRECTION('',(-0.,-0.,-1.));
#4338 = DIRECTION('',(1.,0.,0.));
#4339 = ADVANCED_FACE('',(#4340),#4358,.T.);
#4340 = FACE_BOUND('',#4341,.T.);
#4341 = EDGE_LOOP('',(#4342,#4343,#4351,#4357));
#4342 = ORIENTED_EDGE('',*,*,#385,.F.);
#4343 = ORIENTED_EDGE('',*,*,#4344,.T.);
#4344 = EDGE_CURVE('',#386,#4345,#4347,.T.);
#4345 = VERTEX_POINT('',#4346);
#4346 = CARTESIAN_POINT('',(-37.10185443746,30.697879535529,3.));
#4347 = LINE('',#4348,#4349);
#4348 = CARTESIAN_POINT('',(-37.10185443746,30.697879535529,0.));
#4349 = VECTOR('',#4350,1.);
#4350 = DIRECTION('',(0.,0.,1.));
#4351 = ORIENTED_EDGE('',*,*,#4352,.T.);
#4352 = EDGE_CURVE('',#4345,#4295,#4353,.T.);
#4353 = LINE('',#4354,#4355);
#4354 = CARTESIAN_POINT('',(-38.73871088531,31.883233004715,3.));
#4355 = VECTOR('',#4356,1.);
#4356 = DIRECTION('',(0.809931866579,-0.586523973508,0.));
#4357 = ORIENTED_EDGE('',*,*,#4294,.F.);
#4358 = PLANE('',#4359);
#4359 = AXIS2_PLACEMENT_3D('',#4360,#4361,#4362);
#4360 = CARTESIAN_POINT('',(-38.73871088531,31.883233004715,0.));
#4361 = DIRECTION('',(0.586523973508,0.809931866579,0.));
#4362 = DIRECTION('',(0.809931866579,-0.586523973508,0.));
#4363 = ADVANCED_FACE('',(#4364),#4383,.F.);
#4364 = FACE_BOUND('',#4365,.F.);
#4365 = EDGE_LOOP('',(#4366,#4367,#4375,#4382));
#4366 = ORIENTED_EDGE('',*,*,#583,.T.);
#4367 = ORIENTED_EDGE('',*,*,#4368,.T.);
#4368 = EDGE_CURVE('',#576,#4369,#4371,.T.);
#4369 = VERTEX_POINT('',#4370);
#4370 = CARTESIAN_POINT('',(-39.57222159753,-27.43831501197,3.));
#4371 = LINE('',#4372,#4373);
#4372 = CARTESIAN_POINT('',(-39.57222159753,-27.43831501197,0.));
#4373 = VECTOR('',#4374,1.);
#4374 = DIRECTION('',(0.,0.,1.));
#4375 = ORIENTED_EDGE('',*,*,#4376,.F.);
#4376 = EDGE_CURVE('',#4320,#4369,#4377,.T.);
#4377 = CIRCLE('',#4378,3.);
#4378 = AXIS2_PLACEMENT_3D('',#4379,#4380,#4381);
#4379 = CARTESIAN_POINT('',(-41.43811365169,-25.08917754426,3.));
#4380 = DIRECTION('',(-0.,0.,1.));
#4381 = DIRECTION('',(0.,-1.,0.));
#4382 = ORIENTED_EDGE('',*,*,#4319,.F.);
#4383 = CYLINDRICAL_SURFACE('',#4384,3.);
#4384 = AXIS2_PLACEMENT_3D('',#4385,#4386,#4387);
#4385 = CARTESIAN_POINT('',(-41.43811365169,-25.08917754426,0.));
#4386 = DIRECTION('',(0.,0.,1.));
#4387 = DIRECTION('',(-0.396281594957,-0.918129020072,0.));
#4388 = ADVANCED_FACE('',(#4389),#4408,.F.);
#4389 = FACE_BOUND('',#4390,.T.);
#4390 = EDGE_LOOP('',(#4391,#4392,#4400,#4407));
#4391 = ORIENTED_EDGE('',*,*,#393,.T.);
#4392 = ORIENTED_EDGE('',*,*,#4393,.T.);
#4393 = EDGE_CURVE('',#394,#4394,#4396,.T.);
#4394 = VERTEX_POINT('',#4395);
#4395 = CARTESIAN_POINT('',(-38.31527299978,33.529331193237,3.));
#4396 = LINE('',#4397,#4398);
#4397 = CARTESIAN_POINT('',(-38.31527299978,33.529331193237,0.));
#4398 = VECTOR('',#4399,1.);
#4399 = DIRECTION('',(0.,0.,1.));
#4400 = ORIENTED_EDGE('',*,*,#4401,.F.);
#4401 = EDGE_CURVE('',#4345,#4394,#4402,.T.);
#4402 = CIRCLE('',#4403,3.);
#4403 = AXIS2_PLACEMENT_3D('',#4404,#4405,#4406);
#4404 = CARTESIAN_POINT('',(-35.34228251694,33.127675135266,3.));
#4405 = DIRECTION('',(-0.,-0.,-1.));
#4406 = DIRECTION('',(0.,-1.,0.));
#4407 = ORIENTED_EDGE('',*,*,#4344,.F.);
#4408 = CYLINDRICAL_SURFACE('',#4409,3.);
#4409 = AXIS2_PLACEMENT_3D('',#4410,#4411,#4412);
#4410 = CARTESIAN_POINT('',(-35.34228251694,33.127675135266,0.));
#4411 = DIRECTION('',(0.,0.,1.));
#4412 = DIRECTION('',(-0.586523973508,-0.809931866579,0.));
#4413 = ADVANCED_FACE('',(#4414),#4432,.F.);
#4414 = FACE_BOUND('',#4415,.F.);
#4415 = EDGE_LOOP('',(#4416,#4417,#4425,#4431));
#4416 = ORIENTED_EDGE('',*,*,#575,.F.);
#4417 = ORIENTED_EDGE('',*,*,#4418,.T.);
#4418 = EDGE_CURVE('',#567,#4419,#4421,.T.);
#4419 = VERTEX_POINT('',#4420);
#4420 = CARTESIAN_POINT('',(-19.73238483901,-11.67976776973,3.));
#4421 = LINE('',#4422,#4423);
#4422 = CARTESIAN_POINT('',(-19.73238483901,-11.67976776973,0.));
#4423 = VECTOR('',#4424,1.);
#4424 = DIRECTION('',(0.,0.,1.));
#4425 = ORIENTED_EDGE('',*,*,#4426,.T.);
#4426 = EDGE_CURVE('',#4419,#4369,#4427,.T.);
#4427 = LINE('',#4428,#4429);
#4428 = CARTESIAN_POINT('',(-18.03122292025,-10.32855501583,3.));
#4429 = VECTOR('',#4430,1.);
#4430 = DIRECTION('',(-0.783045822572,-0.621964018053,0.));
#4431 = ORIENTED_EDGE('',*,*,#4368,.F.);
#4432 = PLANE('',#4433);
#4433 = AXIS2_PLACEMENT_3D('',#4434,#4435,#4436);
#4434 = CARTESIAN_POINT('',(-18.03122292025,-10.32855501583,0.));
#4435 = DIRECTION('',(0.621964018053,-0.783045822572,0.));
#4436 = DIRECTION('',(-0.783045822572,-0.621964018053,0.));
#4437 = ADVANCED_FACE('',(#4438),#4457,.T.);
#4438 = FACE_BOUND('',#4439,.F.);
#4439 = EDGE_LOOP('',(#4440,#4441,#4442,#4451));
#4440 = ORIENTED_EDGE('',*,*,#402,.F.);
#4441 = ORIENTED_EDGE('',*,*,#4393,.T.);
#4442 = ORIENTED_EDGE('',*,*,#4443,.T.);
#4443 = EDGE_CURVE('',#4394,#4444,#4446,.T.);
#4444 = VERTEX_POINT('',#4445);
#4445 = CARTESIAN_POINT('',(-38.31980573517,35.503648503925,3.));
#4446 = CIRCLE('',#4447,7.25);
#4447 = AXIS2_PLACEMENT_3D('',#4448,#4449,#4450);
#4448 = CARTESIAN_POINT('',(-45.5,34.5,3.));
#4449 = DIRECTION('',(0.,0.,1.));
#4450 = DIRECTION('',(1.,0.,0.));
#4451 = ORIENTED_EDGE('',*,*,#4452,.F.);
#4452 = EDGE_CURVE('',#403,#4444,#4453,.T.);
#4453 = LINE('',#4454,#4455);
#4454 = CARTESIAN_POINT('',(-38.31980573517,35.503648503925,0.));
#4455 = VECTOR('',#4456,1.);
#4456 = DIRECTION('',(0.,0.,1.));
#4457 = CYLINDRICAL_SURFACE('',#4458,7.25);
#4458 = AXIS2_PLACEMENT_3D('',#4459,#4460,#4461);
#4459 = CARTESIAN_POINT('',(-45.5,34.5,0.));
#4460 = DIRECTION('',(-0.,-0.,-1.));
#4461 = DIRECTION('',(1.,0.,0.));
#4462 = ADVANCED_FACE('',(#4463),#4482,.F.);
#4463 = FACE_BOUND('',#4464,.T.);
#4464 = EDGE_LOOP('',(#4465,#4466,#4467,#4476));
#4465 = ORIENTED_EDGE('',*,*,#566,.T.);
#4466 = ORIENTED_EDGE('',*,*,#4418,.T.);
#4467 = ORIENTED_EDGE('',*,*,#4468,.F.);
#4468 = EDGE_CURVE('',#4469,#4419,#4471,.T.);
#4469 = VERTEX_POINT('',#4470);
#4470 = CARTESIAN_POINT('',(-18.03122292025,-8.156061568164,3.));
#4471 = CIRCLE('',#4472,4.5);
#4472 = AXIS2_PLACEMENT_3D('',#4473,#4474,#4475);
#4473 = CARTESIAN_POINT('',(-22.53122292025,-8.156061568164,3.));
#4474 = DIRECTION('',(-0.,-0.,-1.));
#4475 = DIRECTION('',(0.,-1.,0.));
#4476 = ORIENTED_EDGE('',*,*,#4477,.F.);
#4477 = EDGE_CURVE('',#559,#4469,#4478,.T.);
#4478 = LINE('',#4479,#4480);
#4479 = CARTESIAN_POINT('',(-18.03122292025,-8.156061568164,0.));
#4480 = VECTOR('',#4481,1.);
#4481 = DIRECTION('',(0.,0.,1.));
#4482 = CYLINDRICAL_SURFACE('',#4483,4.5);
#4483 = AXIS2_PLACEMENT_3D('',#4484,#4485,#4486);
#4484 = CARTESIAN_POINT('',(-22.53122292025,-8.156061568164,0.));
#4485 = DIRECTION('',(0.,0.,1.));
#4486 = DIRECTION('',(1.,0.,0.));
#4487 = ADVANCED_FACE('',(#4488),#4507,.T.);
#4488 = FACE_BOUND('',#4489,.T.);
#4489 = EDGE_LOOP('',(#4490,#4491,#4499,#4506));
#4490 = ORIENTED_EDGE('',*,*,#411,.T.);
#4491 = ORIENTED_EDGE('',*,*,#4492,.T.);
#4492 = EDGE_CURVE('',#412,#4493,#4495,.T.);
#4493 = VERTEX_POINT('',#4494);
#4494 = CARTESIAN_POINT('',(-39.4783361633,37.478855588436,3.));
#4495 = LINE('',#4496,#4497);
#4496 = CARTESIAN_POINT('',(-39.4783361633,37.478855588436,0.));
#4497 = VECTOR('',#4498,1.);
#4498 = DIRECTION('',(0.,0.,1.));
#4499 = ORIENTED_EDGE('',*,*,#4500,.F.);
#4500 = EDGE_CURVE('',#4444,#4493,#4501,.T.);
#4501 = CIRCLE('',#4502,3.);
#4502 = AXIS2_PLACEMENT_3D('',#4503,#4504,#4505);
#4503 = CARTESIAN_POINT('',(-41.29092060338,35.088345674714,3.));
#4504 = DIRECTION('',(-0.,0.,1.));
#4505 = DIRECTION('',(0.,-1.,0.));
#4506 = ORIENTED_EDGE('',*,*,#4452,.F.);
#4507 = CYLINDRICAL_SURFACE('',#4508,3.);
#4508 = AXIS2_PLACEMENT_3D('',#4509,#4510,#4511);
#4509 = CARTESIAN_POINT('',(-41.29092060338,35.088345674714,0.));
#4510 = DIRECTION('',(0.,0.,1.));
#4511 = DIRECTION('',(0.990371622734,0.138434276403,0.));
#4512 = ADVANCED_FACE('',(#4513),#4531,.T.);
#4513 = FACE_BOUND('',#4514,.T.);
#4514 = EDGE_LOOP('',(#4515,#4516,#4517,#4525));
#4515 = ORIENTED_EDGE('',*,*,#558,.F.);
#4516 = ORIENTED_EDGE('',*,*,#4477,.T.);
#4517 = ORIENTED_EDGE('',*,*,#4518,.T.);
#4518 = EDGE_CURVE('',#4469,#4519,#4521,.T.);
#4519 = VERTEX_POINT('',#4520);
#4520 = CARTESIAN_POINT('',(-18.03122292025,-3.919183588453,3.));
#4521 = LINE('',#4522,#4523);
#4522 = CARTESIAN_POINT('',(-18.03122292025,-10.32855501583,3.));
#4523 = VECTOR('',#4524,1.);
#4524 = DIRECTION('',(0.,1.,0.));
#4525 = ORIENTED_EDGE('',*,*,#4526,.F.);
#4526 = EDGE_CURVE('',#550,#4519,#4527,.T.);
#4527 = LINE('',#4528,#4529);
#4528 = CARTESIAN_POINT('',(-18.03122292025,-3.919183588453,0.));
#4529 = VECTOR('',#4530,1.);
#4530 = DIRECTION('',(0.,0.,1.));
#4531 = PLANE('',#4532);
#4532 = AXIS2_PLACEMENT_3D('',#4533,#4534,#4535);
#4533 = CARTESIAN_POINT('',(-18.03122292025,-10.32855501583,0.));
#4534 = DIRECTION('',(-1.,0.,0.));
#4535 = DIRECTION('',(0.,1.,0.));
#4536 = ADVANCED_FACE('',(#4537),#4555,.F.);
#4537 = FACE_BOUND('',#4538,.F.);
#4538 = EDGE_LOOP('',(#4539,#4540,#4541,#4549));
#4539 = ORIENTED_EDGE('',*,*,#420,.F.);
#4540 = ORIENTED_EDGE('',*,*,#4492,.T.);
#4541 = ORIENTED_EDGE('',*,*,#4542,.T.);
#4542 = EDGE_CURVE('',#4493,#4543,#4545,.T.);
#4543 = VERTEX_POINT('',#4544);
#4544 = CARTESIAN_POINT('',(-45.82912198852,42.294286598767,3.));
#4545 = LINE('',#4546,#4547);
#4546 = CARTESIAN_POINT('',(-38.63878631017,36.842273831662,3.));
#4547 = VECTOR('',#4548,1.);
#4548 = DIRECTION('',(-0.796836637907,0.604194813358,0.));
#4549 = ORIENTED_EDGE('',*,*,#4550,.F.);
#4550 = EDGE_CURVE('',#421,#4543,#4551,.T.);
#4551 = LINE('',#4552,#4553);
#4552 = CARTESIAN_POINT('',(-45.82912198852,42.294286598767,0.));
#4553 = VECTOR('',#4554,1.);
#4554 = DIRECTION('',(0.,0.,1.));
#4555 = PLANE('',#4556);
#4556 = AXIS2_PLACEMENT_3D('',#4557,#4558,#4559);
#4557 = CARTESIAN_POINT('',(-38.63878631017,36.842273831662,0.));
#4558 = DIRECTION('',(-0.604194813358,-0.796836637907,0.));
#4559 = DIRECTION('',(-0.796836637907,0.604194813358,0.));
#4560 = ADVANCED_FACE('',(#4561),#4580,.F.);
#4561 = FACE_BOUND('',#4562,.F.);
#4562 = EDGE_LOOP('',(#4563,#4564,#4572,#4579));
#4563 = ORIENTED_EDGE('',*,*,#549,.T.);
#4564 = ORIENTED_EDGE('',*,*,#4565,.T.);
#4565 = EDGE_CURVE('',#541,#4566,#4568,.T.);
#4566 = VERTEX_POINT('',#4567);
#4567 = CARTESIAN_POINT('',(-19.12213201116,-2.137736502793,3.));
#4568 = LINE('',#4569,#4570);
#4569 = CARTESIAN_POINT('',(-19.12213201116,-2.137736502793,0.));
#4570 = VECTOR('',#4571,1.);
#4571 = DIRECTION('',(0.,0.,1.));
#4572 = ORIENTED_EDGE('',*,*,#4573,.F.);
#4573 = EDGE_CURVE('',#4519,#4566,#4574,.T.);
#4574 = CIRCLE('',#4575,2.);
#4575 = AXIS2_PLACEMENT_3D('',#4576,#4577,#4578);
#4576 = CARTESIAN_POINT('',(-20.03122292025,-3.919183588453,3.));
#4577 = DIRECTION('',(-0.,0.,1.));
#4578 = DIRECTION('',(0.,-1.,0.));
#4579 = ORIENTED_EDGE('',*,*,#4526,.F.);
#4580 = CYLINDRICAL_SURFACE('',#4581,2.);
#4581 = AXIS2_PLACEMENT_3D('',#4582,#4583,#4584);
#4582 = CARTESIAN_POINT('',(-20.03122292025,-3.919183588453,0.));
#4583 = DIRECTION('',(0.,0.,1.));
#4584 = DIRECTION('',(1.,0.,0.));
#4585 = ADVANCED_FACE('',(#4586),#4605,.T.);
#4586 = FACE_BOUND('',#4587,.T.);
#4587 = EDGE_LOOP('',(#4588,#4589,#4597,#4604));
#4588 = ORIENTED_EDGE('',*,*,#428,.T.);
#4589 = ORIENTED_EDGE('',*,*,#4590,.T.);
#4590 = EDGE_CURVE('',#429,#4591,#4593,.T.);
#4591 = VERTEX_POINT('',#4592);
#4592 = CARTESIAN_POINT('',(-48.56024178759,42.759699091953,3.));
#4593 = LINE('',#4594,#4595);
#4594 = CARTESIAN_POINT('',(-48.56024178759,42.759699091953,0.));
#4595 = VECTOR('',#4596,1.);
#4596 = DIRECTION('',(0.,0.,1.));
#4597 = ORIENTED_EDGE('',*,*,#4598,.F.);
#4598 = EDGE_CURVE('',#4543,#4591,#4599,.T.);
#4599 = CIRCLE('',#4600,3.);
#4600 = AXIS2_PLACEMENT_3D('',#4601,#4602,#4603);
#4601 = CARTESIAN_POINT('',(-47.6417064286,39.903776685045,3.));
#4602 = DIRECTION('',(-0.,0.,1.));
#4603 = DIRECTION('',(0.,-1.,0.));
#4604 = ORIENTED_EDGE('',*,*,#4550,.F.);
#4605 = CYLINDRICAL_SURFACE('',#4606,3.);
#4606 = AXIS2_PLACEMENT_3D('',#4607,#4608,#4609);
#4607 = CARTESIAN_POINT('',(-47.6417064286,39.903776685045,0.));
#4608 = DIRECTION('',(0.,0.,1.));
#4609 = DIRECTION('',(0.604194813358,0.796836637907,0.));
#4610 = ADVANCED_FACE('',(#4611),#4630,.T.);
#4611 = FACE_BOUND('',#4612,.F.);
#4612 = EDGE_LOOP('',(#4613,#4614,#4622,#4629));
#4613 = ORIENTED_EDGE('',*,*,#540,.F.);
#4614 = ORIENTED_EDGE('',*,*,#4615,.T.);
#4615 = EDGE_CURVE('',#532,#4616,#4618,.T.);
#4616 = VERTEX_POINT('',#4617);
#4617 = CARTESIAN_POINT('',(-19.12213201116,2.137736502793,3.));
#4618 = LINE('',#4619,#4620);
#4619 = CARTESIAN_POINT('',(-19.12213201116,2.137736502793,0.));
#4620 = VECTOR('',#4621,1.);
#4621 = DIRECTION('',(0.,0.,1.));
#4622 = ORIENTED_EDGE('',*,*,#4623,.T.);
#4623 = EDGE_CURVE('',#4616,#4566,#4624,.T.);
#4624 = CIRCLE('',#4625,2.4);
#4625 = AXIS2_PLACEMENT_3D('',#4626,#4627,#4628);
#4626 = CARTESIAN_POINT('',(-18.03122292025,0.,3.));
#4627 = DIRECTION('',(0.,0.,1.));
#4628 = DIRECTION('',(1.,0.,0.));
#4629 = ORIENTED_EDGE('',*,*,#4565,.F.);
#4630 = CYLINDRICAL_SURFACE('',#4631,2.4);
#4631 = AXIS2_PLACEMENT_3D('',#4632,#4633,#4634);
#4632 = CARTESIAN_POINT('',(-18.03122292025,0.,0.));
#4633 = DIRECTION('',(-0.,-0.,-1.));
#4634 = DIRECTION('',(1.,0.,0.));
#4635 = ADVANCED_FACE('',(#4636),#4654,.F.);
#4636 = FACE_BOUND('',#4637,.F.);
#4637 = EDGE_LOOP('',(#4638,#4639,#4640,#4648));
#4638 = ORIENTED_EDGE('',*,*,#437,.F.);
#4639 = ORIENTED_EDGE('',*,*,#4590,.T.);
#4640 = ORIENTED_EDGE('',*,*,#4641,.T.);
#4641 = EDGE_CURVE('',#4591,#4642,#4644,.T.);
#4642 = VERTEX_POINT('',#4643);
#4643 = CARTESIAN_POINT('',(-52.06053128891,41.6339193208,3.));
#4644 = LINE('',#4645,#4646);
#4645 = CARTESIAN_POINT('',(-47.07354268362,43.237858334612,3.));
#4646 = VECTOR('',#4647,1.);
#4647 = DIRECTION('',(-0.951974135636,-0.306178452998,0.));
#4648 = ORIENTED_EDGE('',*,*,#4649,.F.);
#4649 = EDGE_CURVE('',#438,#4642,#4650,.T.);
#4650 = LINE('',#4651,#4652);
#4651 = CARTESIAN_POINT('',(-52.06053128891,41.6339193208,0.));
#4652 = VECTOR('',#4653,1.);
#4653 = DIRECTION('',(0.,0.,1.));
#4654 = PLANE('',#4655);
#4655 = AXIS2_PLACEMENT_3D('',#4656,#4657,#4658);
#4656 = CARTESIAN_POINT('',(-47.07354268362,43.237858334612,0.));
#4657 = DIRECTION('',(0.306178452998,-0.951974135636,0.));
#4658 = DIRECTION('',(-0.951974135636,-0.306178452998,0.));
#4659 = ADVANCED_FACE('',(#4660),#4679,.F.);
#4660 = FACE_BOUND('',#4661,.F.);
#4661 = EDGE_LOOP('',(#4662,#4663,#4671,#4678));
#4662 = ORIENTED_EDGE('',*,*,#531,.T.);
#4663 = ORIENTED_EDGE('',*,*,#4664,.T.);
#4664 = EDGE_CURVE('',#524,#4665,#4667,.T.);
#4665 = VERTEX_POINT('',#4666);
#4666 = CARTESIAN_POINT('',(-18.03122292025,3.919183588453,3.));
#4667 = LINE('',#4668,#4669);
#4668 = CARTESIAN_POINT('',(-18.03122292025,3.919183588453,0.));
#4669 = VECTOR('',#4670,1.);
#4670 = DIRECTION('',(0.,0.,1.));
#4671 = ORIENTED_EDGE('',*,*,#4672,.F.);
#4672 = EDGE_CURVE('',#4616,#4665,#4673,.T.);
#4673 = CIRCLE('',#4674,2.);
#4674 = AXIS2_PLACEMENT_3D('',#4675,#4676,#4677);
#4675 = CARTESIAN_POINT('',(-20.03122292025,3.919183588453,3.));
#4676 = DIRECTION('',(-0.,0.,1.));
#4677 = DIRECTION('',(0.,-1.,0.));
#4678 = ORIENTED_EDGE('',*,*,#4615,.F.);
#4679 = CYLINDRICAL_SURFACE('',#4680,2.);
#4680 = AXIS2_PLACEMENT_3D('',#4681,#4682,#4683);
#4681 = CARTESIAN_POINT('',(-20.03122292025,3.919183588453,0.));
#4682 = DIRECTION('',(0.,0.,1.));
#4683 = DIRECTION('',(0.454545454545,-0.89072354283,0.));
#4684 = ADVANCED_FACE('',(#4685),#4704,.T.);
#4685 = FACE_BOUND('',#4686,.T.);
#4686 = EDGE_LOOP('',(#4687,#4688,#4696,#4703));
#4687 = ORIENTED_EDGE('',*,*,#445,.T.);
#4688 = ORIENTED_EDGE('',*,*,#4689,.T.);
#4689 = EDGE_CURVE('',#446,#4690,#4692,.T.);
#4690 = VERTEX_POINT('',#4691);
#4691 = CARTESIAN_POINT('',(-54.13984273635,38.891639006052,3.));
#4692 = LINE('',#4693,#4694);
#4693 = CARTESIAN_POINT('',(-54.13984273635,38.891639006052,0.));
#4694 = VECTOR('',#4695,1.);
#4695 = DIRECTION('',(0.,0.,1.));
#4696 = ORIENTED_EDGE('',*,*,#4697,.F.);
#4697 = EDGE_CURVE('',#4642,#4690,#4698,.T.);
#4698 = CIRCLE('',#4699,3.);
#4699 = AXIS2_PLACEMENT_3D('',#4700,#4701,#4702);
#4700 = CARTESIAN_POINT('',(-51.14199592991,38.777996913893,3.));
#4701 = DIRECTION('',(-0.,0.,1.));
#4702 = DIRECTION('',(0.,-1.,0.));
#4703 = ORIENTED_EDGE('',*,*,#4649,.F.);
#4704 = CYLINDRICAL_SURFACE('',#4705,3.);
#4705 = AXIS2_PLACEMENT_3D('',#4706,#4707,#4708);
#4706 = CARTESIAN_POINT('',(-51.14199592991,38.777996913893,0.));
#4707 = DIRECTION('',(0.,0.,1.));
#4708 = DIRECTION('',(-0.306178452998,0.951974135636,0.));
#4709 = ADVANCED_FACE('',(#4710),#4728,.T.);
#4710 = FACE_BOUND('',#4711,.T.);
#4711 = EDGE_LOOP('',(#4712,#4713,#4714,#4722));
#4712 = ORIENTED_EDGE('',*,*,#523,.F.);
#4713 = ORIENTED_EDGE('',*,*,#4664,.T.);
#4714 = ORIENTED_EDGE('',*,*,#4715,.T.);
#4715 = EDGE_CURVE('',#4665,#4716,#4718,.T.);
#4716 = VERTEX_POINT('',#4717);
#4717 = CARTESIAN_POINT('',(-18.03122292025,8.156061568164,3.));
#4718 = LINE('',#4719,#4720);
#4719 = CARTESIAN_POINT('',(-18.03122292025,2.4,3.));
#4720 = VECTOR('',#4721,1.);
#4721 = DIRECTION('',(0.,1.,0.));
#4722 = ORIENTED_EDGE('',*,*,#4723,.F.);
#4723 = EDGE_CURVE('',#515,#4716,#4724,.T.);
#4724 = LINE('',#4725,#4726);
#4725 = CARTESIAN_POINT('',(-18.03122292025,8.156061568164,0.));
#4726 = VECTOR('',#4727,1.);
#4727 = DIRECTION('',(0.,0.,1.));
#4728 = PLANE('',#4729);
#4729 = AXIS2_PLACEMENT_3D('',#4730,#4731,#4732);
#4730 = CARTESIAN_POINT('',(-18.03122292025,2.4,0.));
#4731 = DIRECTION('',(-1.,0.,0.));
#4732 = DIRECTION('',(0.,1.,0.));
#4733 = ADVANCED_FACE('',(#4734),#4752,.T.);
#4734 = FACE_BOUND('',#4735,.T.);
#4735 = EDGE_LOOP('',(#4736,#4737,#4745,#4751));
#4736 = ORIENTED_EDGE('',*,*,#454,.F.);
#4737 = ORIENTED_EDGE('',*,*,#4738,.T.);
#4738 = EDGE_CURVE('',#455,#4739,#4741,.T.);
#4739 = VERTEX_POINT('',#4740);
#4740 = CARTESIAN_POINT('',(-54.27912530969,35.217403432367,3.));
#4741 = LINE('',#4742,#4743);
#4742 = CARTESIAN_POINT('',(-54.27912530969,35.217403432367,0.));
#4743 = VECTOR('',#4744,1.);
#4744 = DIRECTION('',(0.,0.,1.));
#4745 = ORIENTED_EDGE('',*,*,#4746,.T.);
#4746 = EDGE_CURVE('',#4739,#4690,#4747,.T.);
#4747 = LINE('',#4748,#4749);
#4748 = CARTESIAN_POINT('',(-54.33828363843,33.656823162332,3.));
#4749 = VECTOR('',#4750,1.);
#4750 = DIRECTION('',(3.788069738642E-02,0.999282268814,0.));
#4751 = ORIENTED_EDGE('',*,*,#4689,.F.);
#4752 = PLANE('',#4753);
#4753 = AXIS2_PLACEMENT_3D('',#4754,#4755,#4756);
#4754 = CARTESIAN_POINT('',(-54.33828363843,33.656823162332,0.));
#4755 = DIRECTION('',(-0.999282268814,3.788069738642E-02,0.));
#4756 = DIRECTION('',(3.788069738642E-02,0.999282268814,0.));
#4757 = ADVANCED_FACE('',(#4758),#4777,.F.);
#4758 = FACE_BOUND('',#4759,.T.);
#4759 = EDGE_LOOP('',(#4760,#4761,#4762,#4771));
#4760 = ORIENTED_EDGE('',*,*,#514,.T.);
#4761 = ORIENTED_EDGE('',*,*,#4723,.T.);
#4762 = ORIENTED_EDGE('',*,*,#4763,.F.);
#4763 = EDGE_CURVE('',#4764,#4716,#4766,.T.);
#4764 = VERTEX_POINT('',#4765);
#4765 = CARTESIAN_POINT('',(-19.73238483901,11.679767769739,3.));
#4766 = CIRCLE('',#4767,4.5);
#4767 = AXIS2_PLACEMENT_3D('',#4768,#4769,#4770);
#4768 = CARTESIAN_POINT('',(-22.53122292025,8.156061568164,3.));
#4769 = DIRECTION('',(-0.,-0.,-1.));
#4770 = DIRECTION('',(0.,-1.,0.));
#4771 = ORIENTED_EDGE('',*,*,#4772,.F.);
#4772 = EDGE_CURVE('',#507,#4764,#4773,.T.);
#4773 = LINE('',#4774,#4775);
#4774 = CARTESIAN_POINT('',(-19.73238483901,11.679767769739,0.));
#4775 = VECTOR('',#4776,1.);
#4776 = DIRECTION('',(0.,0.,1.));
#4777 = CYLINDRICAL_SURFACE('',#4778,4.5);
#4778 = AXIS2_PLACEMENT_3D('',#4779,#4780,#4781);
#4779 = CARTESIAN_POINT('',(-22.53122292025,8.156061568164,0.));
#4780 = DIRECTION('',(0.,0.,1.));
#4781 = DIRECTION('',(0.621964018053,0.783045822572,0.));
#4782 = ADVANCED_FACE('',(#4783),#4802,.T.);
#4783 = FACE_BOUND('',#4784,.T.);
#4784 = EDGE_LOOP('',(#4785,#4786,#4794,#4801));
#4785 = ORIENTED_EDGE('',*,*,#462,.T.);
#4786 = ORIENTED_EDGE('',*,*,#4787,.T.);
#4787 = EDGE_CURVE('',#463,#4788,#4790,.T.);
#4788 = VERTEX_POINT('',#4789);
#4789 = CARTESIAN_POINT('',(-53.09386294333,32.713251426487,3.));
#4790 = LINE('',#4791,#4792);
#4791 = CARTESIAN_POINT('',(-53.09386294333,32.713251426487,0.));
#4792 = VECTOR('',#4793,1.);
#4793 = DIRECTION('',(0.,0.,1.));
#4794 = ORIENTED_EDGE('',*,*,#4795,.F.);
#4795 = EDGE_CURVE('',#4739,#4788,#4796,.T.);
#4796 = CIRCLE('',#4797,3.);
#4797 = AXIS2_PLACEMENT_3D('',#4798,#4799,#4800);
#4798 = CARTESIAN_POINT('',(-51.28127850325,35.103761340208,3.));
#4799 = DIRECTION('',(-0.,0.,1.));
#4800 = DIRECTION('',(0.,-1.,0.));
#4801 = ORIENTED_EDGE('',*,*,#4738,.F.);
#4802 = CYLINDRICAL_SURFACE('',#4803,3.);
#4803 = AXIS2_PLACEMENT_3D('',#4804,#4805,#4806);
#4804 = CARTESIAN_POINT('',(-51.28127850325,35.103761340208,0.));
#4805 = DIRECTION('',(0.,0.,1.));
#4806 = DIRECTION('',(-0.999282268814,3.788069738642E-02,0.));
#4807 = ADVANCED_FACE('',(#4808),#4826,.F.);
#4808 = FACE_BOUND('',#4809,.F.);
#4809 = EDGE_LOOP('',(#4810,#4811,#4819,#4825));
#4810 = ORIENTED_EDGE('',*,*,#506,.F.);
#4811 = ORIENTED_EDGE('',*,*,#4812,.T.);
#4812 = EDGE_CURVE('',#498,#4813,#4815,.T.);
#4813 = VERTEX_POINT('',#4814);
#4814 = CARTESIAN_POINT('',(-39.57222159753,27.438315011977,3.));
#4815 = LINE('',#4816,#4817);
#4816 = CARTESIAN_POINT('',(-39.57222159753,27.438315011977,0.));
#4817 = VECTOR('',#4818,1.);
#4818 = DIRECTION('',(0.,0.,1.));
#4819 = ORIENTED_EDGE('',*,*,#4820,.T.);
#4820 = EDGE_CURVE('',#4813,#4764,#4821,.T.);
#4821 = LINE('',#4822,#4823);
#4822 = CARTESIAN_POINT('',(-41.15549013874,28.695886453087,3.));
#4823 = VECTOR('',#4824,1.);
#4824 = DIRECTION('',(0.783045822572,-0.621964018053,0.));
#4825 = ORIENTED_EDGE('',*,*,#4772,.F.);
#4826 = PLANE('',#4827);
#4827 = AXIS2_PLACEMENT_3D('',#4828,#4829,#4830);
#4828 = CARTESIAN_POINT('',(-41.15549013874,28.695886453087,0.));
#4829 = DIRECTION('',(0.621964018053,0.783045822572,0.));
#4830 = DIRECTION('',(0.783045822572,-0.621964018053,0.));
#4831 = ADVANCED_FACE('',(#4832),#4850,.T.);
#4832 = FACE_BOUND('',#4833,.T.);
#4833 = EDGE_LOOP('',(#4834,#4835,#4843,#4849));
#4834 = ORIENTED_EDGE('',*,*,#471,.F.);
#4835 = ORIENTED_EDGE('',*,*,#4836,.T.);
#4836 = EDGE_CURVE('',#472,#4837,#4839,.T.);
#4837 = VERTEX_POINT('',#4838);
#4838 = CARTESIAN_POINT('',(-46.74307711811,27.897820416156,3.));
#4839 = LINE('',#4840,#4841);
#4840 = CARTESIAN_POINT('',(-46.74307711811,27.897820416156,0.));
#4841 = VECTOR('',#4842,1.);
#4842 = DIRECTION('',(0.,0.,1.));
#4843 = ORIENTED_EDGE('',*,*,#4844,.T.);
#4844 = EDGE_CURVE('',#4837,#4788,#4845,.T.);
#4845 = LINE('',#4846,#4847);
#4846 = CARTESIAN_POINT('',(-45.90352726497,27.261238659382,3.));
#4847 = VECTOR('',#4848,1.);
#4848 = DIRECTION('',(-0.796836637907,0.604194813358,0.));
#4849 = ORIENTED_EDGE('',*,*,#4787,.F.);
#4850 = PLANE('',#4851);
#4851 = AXIS2_PLACEMENT_3D('',#4852,#4853,#4854);
#4852 = CARTESIAN_POINT('',(-45.90352726497,27.261238659382,0.));
#4853 = DIRECTION('',(-0.604194813358,-0.796836637907,0.));
#4854 = DIRECTION('',(-0.796836637907,0.604194813358,0.));
#4855 = ADVANCED_FACE('',(#4856),#4875,.F.);
#4856 = FACE_BOUND('',#4857,.T.);
#4857 = EDGE_LOOP('',(#4858,#4859,#4860,#4869));
#4858 = ORIENTED_EDGE('',*,*,#497,.T.);
#4859 = ORIENTED_EDGE('',*,*,#4812,.T.);
#4860 = ORIENTED_EDGE('',*,*,#4861,.F.);
#4861 = EDGE_CURVE('',#4862,#4813,#4864,.T.);
#4862 = VERTEX_POINT('',#4863);
#4863 = CARTESIAN_POINT('',(-42.62695843656,27.843564604477,3.));
#4864 = CIRCLE('',#4865,3.);
#4865 = AXIS2_PLACEMENT_3D('',#4866,#4867,#4868);
#4866 = CARTESIAN_POINT('',(-41.43811365169,25.089177544261,3.));
#4867 = DIRECTION('',(-0.,-0.,-1.));
#4868 = DIRECTION('',(0.,-1.,0.));
#4869 = ORIENTED_EDGE('',*,*,#4870,.F.);
#4870 = EDGE_CURVE('',#489,#4862,#4871,.T.);
#4871 = LINE('',#4872,#4873);
#4872 = CARTESIAN_POINT('',(-42.62695843656,27.843564604477,0.));
#4873 = VECTOR('',#4874,1.);
#4874 = DIRECTION('',(0.,0.,1.));
#4875 = CYLINDRICAL_SURFACE('',#4876,3.);
#4876 = AXIS2_PLACEMENT_3D('',#4877,#4878,#4879);
#4877 = CARTESIAN_POINT('',(-41.43811365169,25.089177544261,0.));
#4878 = DIRECTION('',(0.,0.,1.));
#4879 = DIRECTION('',(-0.396281594957,0.918129020072,0.));
#4880 = ADVANCED_FACE('',(#4881),#4900,.T.);
#4881 = FACE_BOUND('',#4882,.T.);
#4882 = EDGE_LOOP('',(#4883,#4884,#4892,#4899));
#4883 = ORIENTED_EDGE('',*,*,#479,.T.);
#4884 = ORIENTED_EDGE('',*,*,#4885,.T.);
#4885 = EDGE_CURVE('',#480,#4886,#4888,.T.);
#4886 = VERTEX_POINT('',#4887);
#4887 = CARTESIAN_POINT('',(-44.52848750959,27.31538703332,3.));
#4888 = LINE('',#4889,#4890);
#4889 = CARTESIAN_POINT('',(-44.52848750959,27.31538703332,0.));
#4890 = VECTOR('',#4891,1.);
#4891 = DIRECTION('',(0.,0.,1.));
#4892 = ORIENTED_EDGE('',*,*,#4893,.F.);
#4893 = EDGE_CURVE('',#4837,#4886,#4894,.T.);
#4894 = CIRCLE('',#4895,3.);
#4895 = AXIS2_PLACEMENT_3D('',#4896,#4897,#4898);
#4896 = CARTESIAN_POINT('',(-44.93049267803,30.288330329877,3.));
#4897 = DIRECTION('',(-0.,0.,1.));
#4898 = DIRECTION('',(0.,-1.,0.));
#4899 = ORIENTED_EDGE('',*,*,#4836,.F.);
#4900 = CYLINDRICAL_SURFACE('',#4901,3.);
#4901 = AXIS2_PLACEMENT_3D('',#4902,#4903,#4904);
#4902 = CARTESIAN_POINT('',(-44.93049267803,30.288330329877,0.));
#4903 = DIRECTION('',(0.,0.,1.));
#4904 = DIRECTION('',(-0.604194813358,-0.796836637907,0.));
#4905 = ADVANCED_FACE('',(#4906),#4918,.T.);
#4906 = FACE_BOUND('',#4907,.F.);
#4907 = EDGE_LOOP('',(#4908,#4909,#4910,#4917));
#4908 = ORIENTED_EDGE('',*,*,#488,.F.);
#4909 = ORIENTED_EDGE('',*,*,#4885,.T.);
#4910 = ORIENTED_EDGE('',*,*,#4911,.T.);
#4911 = EDGE_CURVE('',#4886,#4862,#4912,.T.);
#4912 = CIRCLE('',#4913,7.25);
#4913 = AXIS2_PLACEMENT_3D('',#4914,#4915,#4916);
#4914 = CARTESIAN_POINT('',(-45.5,34.5,3.));
#4915 = DIRECTION('',(0.,0.,1.));
#4916 = DIRECTION('',(1.,0.,0.));
#4917 = ORIENTED_EDGE('',*,*,#4870,.F.);
#4918 = CYLINDRICAL_SURFACE('',#4919,7.25);
#4919 = AXIS2_PLACEMENT_3D('',#4920,#4921,#4922);
#4920 = CARTESIAN_POINT('',(-45.5,34.5,0.));
#4921 = DIRECTION('',(-0.,-0.,-1.));
#4922 = DIRECTION('',(1.,0.,0.));
#4923 = ADVANCED_FACE('',(#4924),#4949,.F.);
#4924 = FACE_BOUND('',#4925,.F.);
#4925 = EDGE_LOOP('',(#4926,#4927,#4935,#4943));
#4926 = ORIENTED_EDGE('',*,*,#885,.T.);
#4927 = ORIENTED_EDGE('',*,*,#4928,.T.);
#4928 = EDGE_CURVE('',#888,#4929,#4931,.T.);
#4929 = VERTEX_POINT('',#4930);
#4930 = CARTESIAN_POINT('',(-7.262725559355,-35.07971062921,3.));
#4931 = LINE('',#4932,#4933);
#4932 = CARTESIAN_POINT('',(-7.262725559355,-35.07971062921,0.));
#4933 = VECTOR('',#4934,1.);
#4934 = DIRECTION('',(0.,0.,1.));
#4935 = ORIENTED_EDGE('',*,*,#4936,.F.);
#4936 = EDGE_CURVE('',#4937,#4929,#4939,.T.);
#4937 = VERTEX_POINT('',#4938);
#4938 = CARTESIAN_POINT('',(-8.175141658684,-21.58051443962,3.));
#4939 = LINE('',#4940,#4941);
#4940 = CARTESIAN_POINT('',(-8.306982641668,-19.62992709638,3.));
#4941 = VECTOR('',#4942,1.);
#4942 = DIRECTION('',(6.743653705027E-02,-0.997723565659,0.));
#4943 = ORIENTED_EDGE('',*,*,#4944,.F.);
#4944 = EDGE_CURVE('',#886,#4937,#4945,.T.);
#4945 = LINE('',#4946,#4947);
#4946 = CARTESIAN_POINT('',(-8.175141658684,-21.58051443962,0.));
#4947 = VECTOR('',#4948,1.);
#4948 = DIRECTION('',(0.,0.,1.));
#4949 = PLANE('',#4950);
#4950 = AXIS2_PLACEMENT_3D('',#4951,#4952,#4953);
#4951 = CARTESIAN_POINT('',(-7.046910268664,-38.27269785498,-1.));
#4952 = DIRECTION('',(-0.997723565659,-6.743653705027E-02,0.));
#4953 = DIRECTION('',(-6.743653705027E-02,0.997723565659,0.));
#4954 = ADVANCED_FACE('',(#4955),#4974,.F.);
#4955 = FACE_BOUND('',#4956,.T.);
#4956 = EDGE_LOOP('',(#4957,#4958,#4966,#4973));
#4957 = ORIENTED_EDGE('',*,*,#895,.T.);
#4958 = ORIENTED_EDGE('',*,*,#4959,.T.);
#4959 = EDGE_CURVE('',#896,#4960,#4962,.T.);
#4960 = VERTEX_POINT('',#4961);
#4961 = CARTESIAN_POINT('',(-6.318802533806,-21.00045784691,3.));
#4962 = LINE('',#4963,#4964);
#4963 = CARTESIAN_POINT('',(-6.318802533806,-21.00045784691,0.));
#4964 = VECTOR('',#4965,1.);
#4965 = DIRECTION('',(0.,0.,1.));
#4966 = ORIENTED_EDGE('',*,*,#4967,.F.);
#4967 = EDGE_CURVE('',#4937,#4960,#4968,.T.);
#4968 = CIRCLE('',#4969,1.);
#4969 = AXIS2_PLACEMENT_3D('',#4970,#4971,#4972);
#4970 = CARTESIAN_POINT('',(-7.177418093026,-21.51307790257,3.));
#4971 = DIRECTION('',(-0.,-0.,-1.));
#4972 = DIRECTION('',(0.,-1.,0.));
#4973 = ORIENTED_EDGE('',*,*,#4944,.F.);
#4974 = CYLINDRICAL_SURFACE('',#4975,1.);
#4975 = AXIS2_PLACEMENT_3D('',#4976,#4977,#4978);
#4976 = CARTESIAN_POINT('',(-7.177418093026,-21.51307790257,0.));
#4977 = DIRECTION('',(0.,0.,1.));
#4978 = DIRECTION('',(-0.997723565659,-6.743653705027E-02,0.));
#4979 = ADVANCED_FACE('',(#4980),#4999,.F.);
#4980 = FACE_BOUND('',#4981,.F.);
#4981 = EDGE_LOOP('',(#4982,#4983,#4991,#4998));
#4982 = ORIENTED_EDGE('',*,*,#929,.T.);
#4983 = ORIENTED_EDGE('',*,*,#4984,.T.);
#4984 = EDGE_CURVE('',#922,#4985,#4987,.T.);
#4985 = VERTEX_POINT('',#4986);
#4986 = CARTESIAN_POINT('',(-5.406386434476,-35.52489414782,3.));
#4987 = LINE('',#4988,#4989);
#4988 = CARTESIAN_POINT('',(-5.406386434476,-35.52489414782,0.));
#4989 = VECTOR('',#4990,1.);
#4990 = DIRECTION('',(0.,0.,1.));
#4991 = ORIENTED_EDGE('',*,*,#4992,.F.);
#4992 = EDGE_CURVE('',#4929,#4985,#4993,.T.);
#4993 = CIRCLE('',#4994,1.);
#4994 = AXIS2_PLACEMENT_3D('',#4995,#4996,#4997);
#4995 = CARTESIAN_POINT('',(-6.265001993696,-35.01227409216,3.));
#4996 = DIRECTION('',(-0.,0.,1.));
#4997 = DIRECTION('',(0.,-1.,0.));
#4998 = ORIENTED_EDGE('',*,*,#4928,.F.);
#4999 = CYLINDRICAL_SURFACE('',#5000,1.);
#5000 = AXIS2_PLACEMENT_3D('',#5001,#5002,#5003);
#5001 = CARTESIAN_POINT('',(-6.265001993696,-35.01227409216,0.));
#5002 = DIRECTION('',(0.,0.,1.));
#5003 = DIRECTION('',(-0.997723565659,-6.743653705027E-02,0.));
#5004 = ADVANCED_FACE('',(#5005),#5023,.T.);
#5005 = FACE_BOUND('',#5006,.T.);
#5006 = EDGE_LOOP('',(#5007,#5008,#5016,#5022));
#5007 = ORIENTED_EDGE('',*,*,#904,.T.);
#5008 = ORIENTED_EDGE('',*,*,#5009,.T.);
#5009 = EDGE_CURVE('',#905,#5010,#5012,.T.);
#5010 = VERTEX_POINT('',#5011);
#5011 = CARTESIAN_POINT('',(-1.832875579236,-28.51418392569,3.));
#5012 = LINE('',#5013,#5014);
#5013 = CARTESIAN_POINT('',(-1.832875579236,-28.51418392569,0.));
#5014 = VECTOR('',#5015,1.);
#5015 = DIRECTION('',(0.,0.,1.));
#5016 = ORIENTED_EDGE('',*,*,#5017,.F.);
#5017 = EDGE_CURVE('',#4960,#5010,#5018,.T.);
#5018 = LINE('',#5019,#5020);
#5019 = CARTESIAN_POINT('',(-7.652828125005,-18.76602492461,3.));
#5020 = VECTOR('',#5021,1.);
#5021 = DIRECTION('',(0.51262005566,-0.85861555922,0.));
#5022 = ORIENTED_EDGE('',*,*,#4959,.F.);
#5023 = PLANE('',#5024);
#5024 = AXIS2_PLACEMENT_3D('',#5025,#5026,#5027);
#5025 = CARTESIAN_POINT('',(-1.526825544802,-29.02680398135,-1.));
#5026 = DIRECTION('',(-0.85861555922,-0.51262005566,0.));
#5027 = DIRECTION('',(-0.51262005566,0.85861555922,0.));
#5028 = ADVANCED_FACE('',(#5029),#5047,.F.);
#5029 = FACE_BOUND('',#5030,.F.);
#5030 = EDGE_LOOP('',(#5031,#5032,#5040,#5046));
#5031 = ORIENTED_EDGE('',*,*,#921,.T.);
#5032 = ORIENTED_EDGE('',*,*,#5033,.T.);
#5033 = EDGE_CURVE('',#913,#5034,#5036,.T.);
#5034 = VERTEX_POINT('',#5035);
#5035 = CARTESIAN_POINT('',(-1.832875579236,-29.53942403701,3.));
#5036 = LINE('',#5037,#5038);
#5037 = CARTESIAN_POINT('',(-1.832875579236,-29.53942403701,0.));
#5038 = VECTOR('',#5039,1.);
#5039 = DIRECTION('',(0.,0.,1.));
#5040 = ORIENTED_EDGE('',*,*,#5041,.F.);
#5041 = EDGE_CURVE('',#4985,#5034,#5042,.T.);
#5042 = LINE('',#5043,#5044);
#5043 = CARTESIAN_POINT('',(3.589771253284,-20.45673425313,3.));
#5044 = VECTOR('',#5045,1.);
#5045 = DIRECTION('',(0.51262005566,0.85861555922,0.));
#5046 = ORIENTED_EDGE('',*,*,#4984,.F.);
#5047 = PLANE('',#5048);
#5048 = AXIS2_PLACEMENT_3D('',#5049,#5050,#5051);
#5049 = CARTESIAN_POINT('',(-4.286867906733,-33.64975091817,1.5));
#5050 = DIRECTION('',(0.85861555922,-0.51262005566,0.));
#5051 = DIRECTION('',(0.51262005566,0.85861555922,0.));
#5052 = ADVANCED_FACE('',(#5053),#5065,.F.);
#5053 = FACE_BOUND('',#5054,.F.);
#5054 = EDGE_LOOP('',(#5055,#5056,#5057,#5064));
#5055 = ORIENTED_EDGE('',*,*,#912,.T.);
#5056 = ORIENTED_EDGE('',*,*,#5009,.T.);
#5057 = ORIENTED_EDGE('',*,*,#5058,.F.);
#5058 = EDGE_CURVE('',#5034,#5010,#5059,.T.);
#5059 = CIRCLE('',#5060,1.);
#5060 = AXIS2_PLACEMENT_3D('',#5061,#5062,#5063);
#5061 = CARTESIAN_POINT('',(-2.691491138456,-29.02680398135,3.));
#5062 = DIRECTION('',(-0.,0.,1.));
#5063 = DIRECTION('',(0.,-1.,0.));
#5064 = ORIENTED_EDGE('',*,*,#5033,.F.);
#5065 = CYLINDRICAL_SURFACE('',#5066,1.);
#5066 = AXIS2_PLACEMENT_3D('',#5067,#5068,#5069);
#5067 = CARTESIAN_POINT('',(-2.691491138456,-29.02680398135,0.));
#5068 = DIRECTION('',(0.,0.,1.));
#5069 = DIRECTION('',(0.85861555922,-0.51262005566,0.));
#5070 = ADVANCED_FACE('',(#5071),#5090,.F.);
#5071 = FACE_BOUND('',#5072,.T.);
#5072 = EDGE_LOOP('',(#5073,#5081,#5088,#5089));
#5073 = ORIENTED_EDGE('',*,*,#5074,.T.);
#5074 = EDGE_CURVE('',#939,#5075,#5077,.T.);
#5075 = VERTEX_POINT('',#5076);
#5076 = CARTESIAN_POINT('',(-45.06298253215,-38.9580547793,3.));
#5077 = LINE('',#5078,#5079);
#5078 = CARTESIAN_POINT('',(-45.06298253215,-38.9580547793,0.));
#5079 = VECTOR('',#5080,1.);
#5080 = DIRECTION('',(0.,0.,1.));
#5081 = ORIENTED_EDGE('',*,*,#5082,.T.);
#5082 = EDGE_CURVE('',#5075,#5075,#5083,.T.);
#5083 = CIRCLE('',#5084,1.05);
#5084 = AXIS2_PLACEMENT_3D('',#5085,#5086,#5087);
#5085 = CARTESIAN_POINT('',(-46.11298253215,-38.9580547793,3.));
#5086 = DIRECTION('',(0.,0.,1.));
#5087 = DIRECTION('',(1.,0.,0.));
#5088 = ORIENTED_EDGE('',*,*,#5074,.F.);
#5089 = ORIENTED_EDGE('',*,*,#938,.F.);
#5090 = CYLINDRICAL_SURFACE('',#5091,1.05);
#5091 = AXIS2_PLACEMENT_3D('',#5092,#5093,#5094);
#5092 = CARTESIAN_POINT('',(-46.11298253215,-38.9580547793,0.));
#5093 = DIRECTION('',(-0.,-0.,-1.));
#5094 = DIRECTION('',(1.,0.,0.));
#5095 = ADVANCED_FACE('',(#5096),#5115,.F.);
#5096 = FACE_BOUND('',#5097,.T.);
#5097 = EDGE_LOOP('',(#5098,#5106,#5113,#5114));
#5098 = ORIENTED_EDGE('',*,*,#5099,.T.);
#5099 = EDGE_CURVE('',#950,#5100,#5102,.T.);
#5100 = VERTEX_POINT('',#5101);
#5101 = CARTESIAN_POINT('',(-48.9080547793,-33.88701746784,3.));
#5102 = LINE('',#5103,#5104);
#5103 = CARTESIAN_POINT('',(-48.9080547793,-33.88701746784,0.));
#5104 = VECTOR('',#5105,1.);
#5105 = DIRECTION('',(0.,0.,1.));
#5106 = ORIENTED_EDGE('',*,*,#5107,.T.);
#5107 = EDGE_CURVE('',#5100,#5100,#5108,.T.);
#5108 = CIRCLE('',#5109,1.05);
#5109 = AXIS2_PLACEMENT_3D('',#5110,#5111,#5112);
#5110 = CARTESIAN_POINT('',(-49.9580547793,-33.88701746784,3.));
#5111 = DIRECTION('',(0.,0.,1.));
#5112 = DIRECTION('',(1.,0.,0.));
#5113 = ORIENTED_EDGE('',*,*,#5099,.F.);
#5114 = ORIENTED_EDGE('',*,*,#949,.F.);
#5115 = CYLINDRICAL_SURFACE('',#5116,1.05);
#5116 = AXIS2_PLACEMENT_3D('',#5117,#5118,#5119);
#5117 = CARTESIAN_POINT('',(-49.9580547793,-33.88701746784,0.));
#5118 = DIRECTION('',(-0.,-0.,-1.));
#5119 = DIRECTION('',(1.,0.,0.));
#5120 = ADVANCED_FACE('',(#5121),#5140,.F.);
#5121 = FACE_BOUND('',#5122,.T.);
#5122 = EDGE_LOOP('',(#5123,#5131,#5138,#5139));
#5123 = ORIENTED_EDGE('',*,*,#5124,.T.);
#5124 = EDGE_CURVE('',#961,#5125,#5127,.T.);
#5125 = VERTEX_POINT('',#5126);
#5126 = CARTESIAN_POINT('',(-43.125,-34.5,3.));
#5127 = LINE('',#5128,#5129);
#5128 = CARTESIAN_POINT('',(-43.125,-34.5,0.));
#5129 = VECTOR('',#5130,1.);
#5130 = DIRECTION('',(0.,0.,1.));
#5131 = ORIENTED_EDGE('',*,*,#5132,.T.);
#5132 = EDGE_CURVE('',#5125,#5125,#5133,.T.);
#5133 = CIRCLE('',#5134,2.375);
#5134 = AXIS2_PLACEMENT_3D('',#5135,#5136,#5137);
#5135 = CARTESIAN_POINT('',(-45.5,-34.5,3.));
#5136 = DIRECTION('',(0.,0.,1.));
#5137 = DIRECTION('',(1.,0.,0.));
#5138 = ORIENTED_EDGE('',*,*,#5124,.F.);
#5139 = ORIENTED_EDGE('',*,*,#960,.F.);
#5140 = CYLINDRICAL_SURFACE('',#5141,2.375);
#5141 = AXIS2_PLACEMENT_3D('',#5142,#5143,#5144);
#5142 = CARTESIAN_POINT('',(-45.5,-34.5,0.));
#5143 = DIRECTION('',(-0.,-0.,-1.));
#5144 = DIRECTION('',(1.,0.,0.));
#5145 = ADVANCED_FACE('',(#5146),#5165,.F.);
#5146 = FACE_BOUND('',#5147,.T.);
#5147 = EDGE_LOOP('',(#5148,#5156,#5163,#5164));
#5148 = ORIENTED_EDGE('',*,*,#5149,.T.);
#5149 = EDGE_CURVE('',#972,#5150,#5152,.T.);
#5150 = VERTEX_POINT('',#5151);
#5151 = CARTESIAN_POINT('',(-39.99194522069,-35.11298253215,3.));
#5152 = LINE('',#5153,#5154);
#5153 = CARTESIAN_POINT('',(-39.99194522069,-35.11298253215,0.));
#5154 = VECTOR('',#5155,1.);
#5155 = DIRECTION('',(0.,0.,1.));
#5156 = ORIENTED_EDGE('',*,*,#5157,.T.);
#5157 = EDGE_CURVE('',#5150,#5150,#5158,.T.);
#5158 = CIRCLE('',#5159,1.05);
#5159 = AXIS2_PLACEMENT_3D('',#5160,#5161,#5162);
#5160 = CARTESIAN_POINT('',(-41.04194522069,-35.11298253215,3.));
#5161 = DIRECTION('',(0.,0.,1.));
#5162 = DIRECTION('',(1.,0.,0.));
#5163 = ORIENTED_EDGE('',*,*,#5149,.F.);
#5164 = ORIENTED_EDGE('',*,*,#971,.F.);
#5165 = CYLINDRICAL_SURFACE('',#5166,1.05);
#5166 = AXIS2_PLACEMENT_3D('',#5167,#5168,#5169);
#5167 = CARTESIAN_POINT('',(-41.04194522069,-35.11298253215,0.));
#5168 = DIRECTION('',(-0.,-0.,-1.));
#5169 = DIRECTION('',(1.,0.,0.));
#5170 = ADVANCED_FACE('',(#5171),#5190,.F.);
#5171 = FACE_BOUND('',#5172,.T.);
#5172 = EDGE_LOOP('',(#5173,#5181,#5188,#5189));
#5173 = ORIENTED_EDGE('',*,*,#5174,.T.);
#5174 = EDGE_CURVE('',#983,#5175,#5177,.T.);
#5175 = VERTEX_POINT('',#5176);
#5176 = CARTESIAN_POINT('',(-43.83701746784,-30.04194522069,3.));
#5177 = LINE('',#5178,#5179);
#5178 = CARTESIAN_POINT('',(-43.83701746784,-30.04194522069,0.));
#5179 = VECTOR('',#5180,1.);
#5180 = DIRECTION('',(0.,0.,1.));
#5181 = ORIENTED_EDGE('',*,*,#5182,.T.);
#5182 = EDGE_CURVE('',#5175,#5175,#5183,.T.);
#5183 = CIRCLE('',#5184,1.05);
#5184 = AXIS2_PLACEMENT_3D('',#5185,#5186,#5187);
#5185 = CARTESIAN_POINT('',(-44.88701746784,-30.04194522069,3.));
#5186 = DIRECTION('',(0.,0.,1.));
#5187 = DIRECTION('',(1.,0.,0.));
#5188 = ORIENTED_EDGE('',*,*,#5174,.F.);
#5189 = ORIENTED_EDGE('',*,*,#982,.F.);
#5190 = CYLINDRICAL_SURFACE('',#5191,1.05);
#5191 = AXIS2_PLACEMENT_3D('',#5192,#5193,#5194);
#5192 = CARTESIAN_POINT('',(-44.88701746784,-30.04194522069,0.));
#5193 = DIRECTION('',(-0.,-0.,-1.));
#5194 = DIRECTION('',(1.,0.,0.));
#5195 = ADVANCED_FACE('',(#5196),#5215,.F.);
#5196 = FACE_BOUND('',#5197,.T.);
#5197 = EDGE_LOOP('',(#5198,#5206,#5213,#5214));
#5198 = ORIENTED_EDGE('',*,*,#5199,.T.);
#5199 = EDGE_CURVE('',#994,#5200,#5202,.T.);
#5200 = VERTEX_POINT('',#5201);
#5201 = CARTESIAN_POINT('',(-5.15,-39.,3.));
#5202 = LINE('',#5203,#5204);
#5203 = CARTESIAN_POINT('',(-5.15,-39.,0.));
#5204 = VECTOR('',#5205,1.);
#5205 = DIRECTION('',(0.,0.,1.));
#5206 = ORIENTED_EDGE('',*,*,#5207,.T.);
#5207 = EDGE_CURVE('',#5200,#5200,#5208,.T.);
#5208 = CIRCLE('',#5209,1.05);
#5209 = AXIS2_PLACEMENT_3D('',#5210,#5211,#5212);
#5210 = CARTESIAN_POINT('',(-6.2,-39.,3.));
#5211 = DIRECTION('',(0.,0.,1.));
#5212 = DIRECTION('',(1.,0.,0.));
#5213 = ORIENTED_EDGE('',*,*,#5199,.F.);
#5214 = ORIENTED_EDGE('',*,*,#993,.F.);
#5215 = CYLINDRICAL_SURFACE('',#5216,1.05);
#5216 = AXIS2_PLACEMENT_3D('',#5217,#5218,#5219);
#5217 = CARTESIAN_POINT('',(-6.2,-39.,0.));
#5218 = DIRECTION('',(-0.,-0.,-1.));
#5219 = DIRECTION('',(1.,0.,0.));
#5220 = ADVANCED_FACE('',(#5221),#5240,.F.);
#5221 = FACE_BOUND('',#5222,.T.);
#5222 = EDGE_LOOP('',(#5223,#5231,#5238,#5239));
#5223 = ORIENTED_EDGE('',*,*,#5224,.T.);
#5224 = EDGE_CURVE('',#1005,#5225,#5227,.T.);
#5225 = VERTEX_POINT('',#5226);
#5226 = CARTESIAN_POINT('',(7.25,-39.,3.));
#5227 = LINE('',#5228,#5229);
#5228 = CARTESIAN_POINT('',(7.25,-39.,0.));
#5229 = VECTOR('',#5230,1.);
#5230 = DIRECTION('',(0.,0.,1.));
#5231 = ORIENTED_EDGE('',*,*,#5232,.T.);
#5232 = EDGE_CURVE('',#5225,#5225,#5233,.T.);
#5233 = CIRCLE('',#5234,1.05);
#5234 = AXIS2_PLACEMENT_3D('',#5235,#5236,#5237);
#5235 = CARTESIAN_POINT('',(6.2,-39.,3.));
#5236 = DIRECTION('',(0.,0.,1.));
#5237 = DIRECTION('',(1.,0.,0.));
#5238 = ORIENTED_EDGE('',*,*,#5224,.F.);
#5239 = ORIENTED_EDGE('',*,*,#1004,.F.);
#5240 = CYLINDRICAL_SURFACE('',#5241,1.05);
#5241 = AXIS2_PLACEMENT_3D('',#5242,#5243,#5244);
#5242 = CARTESIAN_POINT('',(6.2,-39.,0.));
#5243 = DIRECTION('',(-0.,-0.,-1.));
#5244 = DIRECTION('',(1.,0.,0.));
#5245 = ADVANCED_FACE('',(#5246),#5265,.F.);
#5246 = FACE_BOUND('',#5247,.T.);
#5247 = EDGE_LOOP('',(#5248,#5256,#5263,#5264));
#5248 = ORIENTED_EDGE('',*,*,#5249,.T.);
#5249 = EDGE_CURVE('',#1016,#5250,#5252,.T.);
#5250 = VERTEX_POINT('',#5251);
#5251 = CARTESIAN_POINT('',(47.16875,-39.,3.));
#5252 = LINE('',#5253,#5254);
#5253 = CARTESIAN_POINT('',(47.16875,-39.,0.));
#5254 = VECTOR('',#5255,1.);
#5255 = DIRECTION('',(0.,0.,1.));
#5256 = ORIENTED_EDGE('',*,*,#5257,.T.);
#5257 = EDGE_CURVE('',#5250,#5250,#5258,.T.);
#5258 = CIRCLE('',#5259,1.05);
#5259 = AXIS2_PLACEMENT_3D('',#5260,#5261,#5262);
#5260 = CARTESIAN_POINT('',(46.11875,-39.,3.));
#5261 = DIRECTION('',(0.,0.,1.));
#5262 = DIRECTION('',(1.,0.,0.));
#5263 = ORIENTED_EDGE('',*,*,#5249,.F.);
#5264 = ORIENTED_EDGE('',*,*,#1015,.F.);
#5265 = CYLINDRICAL_SURFACE('',#5266,1.05);
#5266 = AXIS2_PLACEMENT_3D('',#5267,#5268,#5269);
#5267 = CARTESIAN_POINT('',(46.11875,-39.,0.));
#5268 = DIRECTION('',(-0.,-0.,-1.));
#5269 = DIRECTION('',(1.,0.,0.));
#5270 = ADVANCED_FACE('',(#5271),#5290,.F.);
#5271 = FACE_BOUND('',#5272,.T.);
#5272 = EDGE_LOOP('',(#5273,#5281,#5288,#5289));
#5273 = ORIENTED_EDGE('',*,*,#5274,.T.);
#5274 = EDGE_CURVE('',#1027,#5275,#5277,.T.);
#5275 = VERTEX_POINT('',#5276);
#5276 = CARTESIAN_POINT('',(42.05,-35.11875,3.));
#5277 = LINE('',#5278,#5279);
#5278 = CARTESIAN_POINT('',(42.05,-35.11875,0.));
#5279 = VECTOR('',#5280,1.);
#5280 = DIRECTION('',(0.,0.,1.));
#5281 = ORIENTED_EDGE('',*,*,#5282,.T.);
#5282 = EDGE_CURVE('',#5275,#5275,#5283,.T.);
#5283 = CIRCLE('',#5284,1.05);
#5284 = AXIS2_PLACEMENT_3D('',#5285,#5286,#5287);
#5285 = CARTESIAN_POINT('',(41.,-35.11875,3.));
#5286 = DIRECTION('',(0.,0.,1.));
#5287 = DIRECTION('',(1.,0.,0.));
#5288 = ORIENTED_EDGE('',*,*,#5274,.F.);
#5289 = ORIENTED_EDGE('',*,*,#1026,.F.);
#5290 = CYLINDRICAL_SURFACE('',#5291,1.05);
#5291 = AXIS2_PLACEMENT_3D('',#5292,#5293,#5294);
#5292 = CARTESIAN_POINT('',(41.,-35.11875,0.));
#5293 = DIRECTION('',(-0.,-0.,-1.));
#5294 = DIRECTION('',(1.,0.,0.));
#5295 = ADVANCED_FACE('',(#5296),#5315,.F.);
#5296 = FACE_BOUND('',#5297,.T.);
#5297 = EDGE_LOOP('',(#5298,#5306,#5313,#5314));
#5298 = ORIENTED_EDGE('',*,*,#5299,.T.);
#5299 = EDGE_CURVE('',#1038,#5300,#5302,.T.);
#5300 = VERTEX_POINT('',#5301);
#5301 = CARTESIAN_POINT('',(47.875,-34.5,3.));
#5302 = LINE('',#5303,#5304);
#5303 = CARTESIAN_POINT('',(47.875,-34.5,0.));
#5304 = VECTOR('',#5305,1.);
#5305 = DIRECTION('',(0.,0.,1.));
#5306 = ORIENTED_EDGE('',*,*,#5307,.T.);
#5307 = EDGE_CURVE('',#5300,#5300,#5308,.T.);
#5308 = CIRCLE('',#5309,2.375);
#5309 = AXIS2_PLACEMENT_3D('',#5310,#5311,#5312);
#5310 = CARTESIAN_POINT('',(45.5,-34.5,3.));
#5311 = DIRECTION('',(0.,0.,1.));
#5312 = DIRECTION('',(1.,0.,0.));
#5313 = ORIENTED_EDGE('',*,*,#5299,.F.);
#5314 = ORIENTED_EDGE('',*,*,#1037,.F.);
#5315 = CYLINDRICAL_SURFACE('',#5316,2.375);
#5316 = AXIS2_PLACEMENT_3D('',#5317,#5318,#5319);
#5317 = CARTESIAN_POINT('',(45.5,-34.5,0.));
#5318 = DIRECTION('',(-0.,-0.,-1.));
#5319 = DIRECTION('',(1.,0.,0.));
#5320 = ADVANCED_FACE('',(#5321),#5340,.F.);
#5321 = FACE_BOUND('',#5322,.T.);
#5322 = EDGE_LOOP('',(#5323,#5331,#5338,#5339));
#5323 = ORIENTED_EDGE('',*,*,#5324,.T.);
#5324 = EDGE_CURVE('',#1049,#5325,#5327,.T.);
#5325 = VERTEX_POINT('',#5326);
#5326 = CARTESIAN_POINT('',(51.05,-33.88125,3.));
#5327 = LINE('',#5328,#5329);
#5328 = CARTESIAN_POINT('',(51.05,-33.88125,0.));
#5329 = VECTOR('',#5330,1.);
#5330 = DIRECTION('',(0.,0.,1.));
#5331 = ORIENTED_EDGE('',*,*,#5332,.T.);
#5332 = EDGE_CURVE('',#5325,#5325,#5333,.T.);
#5333 = CIRCLE('',#5334,1.05);
#5334 = AXIS2_PLACEMENT_3D('',#5335,#5336,#5337);
#5335 = CARTESIAN_POINT('',(50.,-33.88125,3.));
#5336 = DIRECTION('',(0.,0.,1.));
#5337 = DIRECTION('',(1.,0.,0.));
#5338 = ORIENTED_EDGE('',*,*,#5324,.F.);
#5339 = ORIENTED_EDGE('',*,*,#1048,.F.);
#5340 = CYLINDRICAL_SURFACE('',#5341,1.05);
#5341 = AXIS2_PLACEMENT_3D('',#5342,#5343,#5344);
#5342 = CARTESIAN_POINT('',(50.,-33.88125,0.));
#5343 = DIRECTION('',(-0.,-0.,-1.));
#5344 = DIRECTION('',(1.,0.,0.));
#5345 = ADVANCED_FACE('',(#5346),#5365,.F.);
#5346 = FACE_BOUND('',#5347,.T.);
#5347 = EDGE_LOOP('',(#5348,#5356,#5363,#5364));
#5348 = ORIENTED_EDGE('',*,*,#5349,.T.);
#5349 = EDGE_CURVE('',#1060,#5350,#5352,.T.);
#5350 = VERTEX_POINT('',#5351);
#5351 = CARTESIAN_POINT('',(45.93125,-30.,3.));
#5352 = LINE('',#5353,#5354);
#5353 = CARTESIAN_POINT('',(45.93125,-30.,0.));
#5354 = VECTOR('',#5355,1.);
#5355 = DIRECTION('',(0.,0.,1.));
#5356 = ORIENTED_EDGE('',*,*,#5357,.T.);
#5357 = EDGE_CURVE('',#5350,#5350,#5358,.T.);
#5358 = CIRCLE('',#5359,1.05);
#5359 = AXIS2_PLACEMENT_3D('',#5360,#5361,#5362);
#5360 = CARTESIAN_POINT('',(44.88125,-30.,3.));
#5361 = DIRECTION('',(0.,0.,1.));
#5362 = DIRECTION('',(1.,0.,0.));
#5363 = ORIENTED_EDGE('',*,*,#5349,.F.);
#5364 = ORIENTED_EDGE('',*,*,#1059,.F.);
#5365 = CYLINDRICAL_SURFACE('',#5366,1.05);
#5366 = AXIS2_PLACEMENT_3D('',#5367,#5368,#5369);
#5367 = CARTESIAN_POINT('',(44.88125,-30.,0.));
#5368 = DIRECTION('',(-0.,-0.,-1.));
#5369 = DIRECTION('',(1.,0.,0.));
#5370 = ADVANCED_FACE('',(#5371),#5390,.F.);
#5371 = FACE_BOUND('',#5372,.T.);
#5372 = EDGE_LOOP('',(#5373,#5381,#5388,#5389));
#5373 = ORIENTED_EDGE('',*,*,#5374,.T.);
#5374 = EDGE_CURVE('',#1071,#5375,#5377,.T.);
#5375 = VERTEX_POINT('',#5376);
#5376 = CARTESIAN_POINT('',(1.05,-18.03122292025,3.));
#5377 = LINE('',#5378,#5379);
#5378 = CARTESIAN_POINT('',(1.05,-18.03122292025,0.));
#5379 = VECTOR('',#5380,1.);
#5380 = DIRECTION('',(0.,0.,1.));
#5381 = ORIENTED_EDGE('',*,*,#5382,.T.);
#5382 = EDGE_CURVE('',#5375,#5375,#5383,.T.);
#5383 = CIRCLE('',#5384,1.05);
#5384 = AXIS2_PLACEMENT_3D('',#5385,#5386,#5387);
#5385 = CARTESIAN_POINT('',(0.,-18.03122292025,3.));
#5386 = DIRECTION('',(0.,0.,1.));
#5387 = DIRECTION('',(1.,0.,0.));
#5388 = ORIENTED_EDGE('',*,*,#5374,.F.);
#5389 = ORIENTED_EDGE('',*,*,#1070,.F.);
#5390 = CYLINDRICAL_SURFACE('',#5391,1.05);
#5391 = AXIS2_PLACEMENT_3D('',#5392,#5393,#5394);
#5392 = CARTESIAN_POINT('',(0.,-18.03122292025,0.));
#5393 = DIRECTION('',(-0.,-0.,-1.));
#5394 = DIRECTION('',(1.,0.,0.));
#5395 = ADVANCED_FACE('',(#5396),#5415,.F.);
#5396 = FACE_BOUND('',#5397,.T.);
#5397 = EDGE_LOOP('',(#5398,#5406,#5413,#5414));
#5398 = ORIENTED_EDGE('',*,*,#5399,.T.);
#5399 = EDGE_CURVE('',#1082,#5400,#5402,.T.);
#5400 = VERTEX_POINT('',#5401);
#5401 = CARTESIAN_POINT('',(-16.98122292025,0.,3.));
#5402 = LINE('',#5403,#5404);
#5403 = CARTESIAN_POINT('',(-16.98122292025,0.,0.));
#5404 = VECTOR('',#5405,1.);
#5405 = DIRECTION('',(0.,0.,1.));
#5406 = ORIENTED_EDGE('',*,*,#5407,.T.);
#5407 = EDGE_CURVE('',#5400,#5400,#5408,.T.);
#5408 = CIRCLE('',#5409,1.05);
#5409 = AXIS2_PLACEMENT_3D('',#5410,#5411,#5412);
#5410 = CARTESIAN_POINT('',(-18.03122292025,0.,3.));
#5411 = DIRECTION('',(0.,0.,1.));
#5412 = DIRECTION('',(1.,0.,0.));
#5413 = ORIENTED_EDGE('',*,*,#5399,.F.);
#5414 = ORIENTED_EDGE('',*,*,#1081,.F.);
#5415 = CYLINDRICAL_SURFACE('',#5416,1.05);
#5416 = AXIS2_PLACEMENT_3D('',#5417,#5418,#5419);
#5417 = CARTESIAN_POINT('',(-18.03122292025,0.,0.));
#5418 = DIRECTION('',(-0.,-0.,-1.));
#5419 = DIRECTION('',(1.,0.,0.));
#5420 = ADVANCED_FACE('',(#5421),#5440,.F.);
#5421 = FACE_BOUND('',#5422,.T.);
#5422 = EDGE_LOOP('',(#5423,#5431,#5438,#5439));
#5423 = ORIENTED_EDGE('',*,*,#5424,.T.);
#5424 = EDGE_CURVE('',#1093,#5425,#5427,.T.);
#5425 = VERTEX_POINT('',#5426);
#5426 = CARTESIAN_POINT('',(-43.83125,30.,3.));
#5427 = LINE('',#5428,#5429);
#5428 = CARTESIAN_POINT('',(-43.83125,30.,0.));
#5429 = VECTOR('',#5430,1.);
#5430 = DIRECTION('',(0.,0.,1.));
#5431 = ORIENTED_EDGE('',*,*,#5432,.T.);
#5432 = EDGE_CURVE('',#5425,#5425,#5433,.T.);
#5433 = CIRCLE('',#5434,1.05);
#5434 = AXIS2_PLACEMENT_3D('',#5435,#5436,#5437);
#5435 = CARTESIAN_POINT('',(-44.88125,30.,3.));
#5436 = DIRECTION('',(0.,0.,1.));
#5437 = DIRECTION('',(1.,0.,0.));
#5438 = ORIENTED_EDGE('',*,*,#5424,.F.);
#5439 = ORIENTED_EDGE('',*,*,#1092,.F.);
#5440 = CYLINDRICAL_SURFACE('',#5441,1.05);
#5441 = AXIS2_PLACEMENT_3D('',#5442,#5443,#5444);
#5442 = CARTESIAN_POINT('',(-44.88125,30.,0.));
#5443 = DIRECTION('',(-0.,-0.,-1.));
#5444 = DIRECTION('',(1.,0.,0.));
#5445 = ADVANCED_FACE('',(#5446),#5465,.F.);
#5446 = FACE_BOUND('',#5447,.T.);
#5447 = EDGE_LOOP('',(#5448,#5456,#5463,#5464));
#5448 = ORIENTED_EDGE('',*,*,#5449,.T.);
#5449 = EDGE_CURVE('',#1104,#5450,#5452,.T.);
#5450 = VERTEX_POINT('',#5451);
#5451 = CARTESIAN_POINT('',(-48.95,33.88125,3.));
#5452 = LINE('',#5453,#5454);
#5453 = CARTESIAN_POINT('',(-48.95,33.88125,0.));
#5454 = VECTOR('',#5455,1.);
#5455 = DIRECTION('',(0.,0.,1.));
#5456 = ORIENTED_EDGE('',*,*,#5457,.T.);
#5457 = EDGE_CURVE('',#5450,#5450,#5458,.T.);
#5458 = CIRCLE('',#5459,1.05);
#5459 = AXIS2_PLACEMENT_3D('',#5460,#5461,#5462);
#5460 = CARTESIAN_POINT('',(-50.,33.88125,3.));
#5461 = DIRECTION('',(0.,0.,1.));
#5462 = DIRECTION('',(1.,0.,0.));
#5463 = ORIENTED_EDGE('',*,*,#5449,.F.);
#5464 = ORIENTED_EDGE('',*,*,#1103,.F.);
#5465 = CYLINDRICAL_SURFACE('',#5466,1.05);
#5466 = AXIS2_PLACEMENT_3D('',#5467,#5468,#5469);
#5467 = CARTESIAN_POINT('',(-50.,33.88125,0.));
#5468 = DIRECTION('',(-0.,-0.,-1.));
#5469 = DIRECTION('',(1.,0.,0.));
#5470 = ADVANCED_FACE('',(#5471),#5490,.F.);
#5471 = FACE_BOUND('',#5472,.T.);
#5472 = EDGE_LOOP('',(#5473,#5481,#5488,#5489));
#5473 = ORIENTED_EDGE('',*,*,#5474,.T.);
#5474 = EDGE_CURVE('',#1115,#5475,#5477,.T.);
#5475 = VERTEX_POINT('',#5476);
#5476 = CARTESIAN_POINT('',(-43.125,34.5,3.));
#5477 = LINE('',#5478,#5479);
#5478 = CARTESIAN_POINT('',(-43.125,34.5,0.));
#5479 = VECTOR('',#5480,1.);
#5480 = DIRECTION('',(0.,0.,1.));
#5481 = ORIENTED_EDGE('',*,*,#5482,.T.);
#5482 = EDGE_CURVE('',#5475,#5475,#5483,.T.);
#5483 = CIRCLE('',#5484,2.375);
#5484 = AXIS2_PLACEMENT_3D('',#5485,#5486,#5487);
#5485 = CARTESIAN_POINT('',(-45.5,34.5,3.));
#5486 = DIRECTION('',(0.,0.,1.));
#5487 = DIRECTION('',(1.,0.,0.));
#5488 = ORIENTED_EDGE('',*,*,#5474,.F.);
#5489 = ORIENTED_EDGE('',*,*,#1114,.F.);
#5490 = CYLINDRICAL_SURFACE('',#5491,2.375);
#5491 = AXIS2_PLACEMENT_3D('',#5492,#5493,#5494);
#5492 = CARTESIAN_POINT('',(-45.5,34.5,0.));
#5493 = DIRECTION('',(-0.,-0.,-1.));
#5494 = DIRECTION('',(1.,0.,0.));
#5495 = ADVANCED_FACE('',(#5496),#5515,.F.);
#5496 = FACE_BOUND('',#5497,.T.);
#5497 = EDGE_LOOP('',(#5498,#5506,#5513,#5514));
#5498 = ORIENTED_EDGE('',*,*,#5499,.T.);
#5499 = EDGE_CURVE('',#1126,#5500,#5502,.T.);
#5500 = VERTEX_POINT('',#5501);
#5501 = CARTESIAN_POINT('',(-39.95,35.11875,3.));
#5502 = LINE('',#5503,#5504);
#5503 = CARTESIAN_POINT('',(-39.95,35.11875,0.));
#5504 = VECTOR('',#5505,1.);
#5505 = DIRECTION('',(0.,0.,1.));
#5506 = ORIENTED_EDGE('',*,*,#5507,.T.);
#5507 = EDGE_CURVE('',#5500,#5500,#5508,.T.);
#5508 = CIRCLE('',#5509,1.05);
#5509 = AXIS2_PLACEMENT_3D('',#5510,#5511,#5512);
#5510 = CARTESIAN_POINT('',(-41.,35.11875,3.));
#5511 = DIRECTION('',(0.,0.,1.));
#5512 = DIRECTION('',(1.,0.,0.));
#5513 = ORIENTED_EDGE('',*,*,#5499,.F.);
#5514 = ORIENTED_EDGE('',*,*,#1125,.F.);
#5515 = CYLINDRICAL_SURFACE('',#5516,1.05);
#5516 = AXIS2_PLACEMENT_3D('',#5517,#5518,#5519);
#5517 = CARTESIAN_POINT('',(-41.,35.11875,0.));
#5518 = DIRECTION('',(-0.,-0.,-1.));
#5519 = DIRECTION('',(1.,0.,0.));
#5520 = ADVANCED_FACE('',(#5521),#5540,.F.);
#5521 = FACE_BOUND('',#5522,.T.);
#5522 = EDGE_LOOP('',(#5523,#5531,#5538,#5539));
#5523 = ORIENTED_EDGE('',*,*,#5524,.T.);
#5524 = EDGE_CURVE('',#1137,#5525,#5527,.T.);
#5525 = VERTEX_POINT('',#5526);
#5526 = CARTESIAN_POINT('',(-45.06875,39.,3.));
#5527 = LINE('',#5528,#5529);
#5528 = CARTESIAN_POINT('',(-45.06875,39.,0.));
#5529 = VECTOR('',#5530,1.);
#5530 = DIRECTION('',(0.,0.,1.));
#5531 = ORIENTED_EDGE('',*,*,#5532,.T.);
#5532 = EDGE_CURVE('',#5525,#5525,#5533,.T.);
#5533 = CIRCLE('',#5534,1.05);
#5534 = AXIS2_PLACEMENT_3D('',#5535,#5536,#5537);
#5535 = CARTESIAN_POINT('',(-46.11875,39.,3.));
#5536 = DIRECTION('',(0.,0.,1.));
#5537 = DIRECTION('',(1.,0.,0.));
#5538 = ORIENTED_EDGE('',*,*,#5524,.F.);
#5539 = ORIENTED_EDGE('',*,*,#1136,.F.);
#5540 = CYLINDRICAL_SURFACE('',#5541,1.05);
#5541 = AXIS2_PLACEMENT_3D('',#5542,#5543,#5544);
#5542 = CARTESIAN_POINT('',(-46.11875,39.,0.));
#5543 = DIRECTION('',(-0.,-0.,-1.));
#5544 = DIRECTION('',(1.,0.,0.));
#5545 = ADVANCED_FACE('',(#5546),#5565,.F.);
#5546 = FACE_BOUND('',#5547,.T.);
#5547 = EDGE_LOOP('',(#5548,#5556,#5563,#5564));
#5548 = ORIENTED_EDGE('',*,*,#5549,.T.);
#5549 = EDGE_CURVE('',#1148,#5550,#5552,.T.);
#5550 = VERTEX_POINT('',#5551);
#5551 = CARTESIAN_POINT('',(-6.8,29.,3.));
#5552 = LINE('',#5553,#5554);
#5553 = CARTESIAN_POINT('',(-6.8,29.,0.));
#5554 = VECTOR('',#5555,1.);
#5555 = DIRECTION('',(0.,0.,1.));
#5556 = ORIENTED_EDGE('',*,*,#5557,.T.);
#5557 = EDGE_CURVE('',#5550,#5550,#5558,.T.);
#5558 = CIRCLE('',#5559,1.05);
#5559 = AXIS2_PLACEMENT_3D('',#5560,#5561,#5562);
#5560 = CARTESIAN_POINT('',(-7.85,29.,3.));
#5561 = DIRECTION('',(0.,0.,1.));
#5562 = DIRECTION('',(1.,0.,0.));
#5563 = ORIENTED_EDGE('',*,*,#5549,.F.);
#5564 = ORIENTED_EDGE('',*,*,#1147,.F.);
#5565 = CYLINDRICAL_SURFACE('',#5566,1.05);
#5566 = AXIS2_PLACEMENT_3D('',#5567,#5568,#5569);
#5567 = CARTESIAN_POINT('',(-7.85,29.,0.));
#5568 = DIRECTION('',(-0.,-0.,-1.));
#5569 = DIRECTION('',(1.,0.,0.));
#5570 = ADVANCED_FACE('',(#5571),#5590,.F.);
#5571 = FACE_BOUND('',#5572,.T.);
#5572 = EDGE_LOOP('',(#5573,#5581,#5588,#5589));
#5573 = ORIENTED_EDGE('',*,*,#5574,.T.);
#5574 = EDGE_CURVE('',#1159,#5575,#5577,.T.);
#5575 = VERTEX_POINT('',#5576);
#5576 = CARTESIAN_POINT('',(19.081222920257,0.,3.));
#5577 = LINE('',#5578,#5579);
#5578 = CARTESIAN_POINT('',(19.081222920257,0.,0.));
#5579 = VECTOR('',#5580,1.);
#5580 = DIRECTION('',(0.,0.,1.));
#5581 = ORIENTED_EDGE('',*,*,#5582,.T.);
#5582 = EDGE_CURVE('',#5575,#5575,#5583,.T.);
#5583 = CIRCLE('',#5584,1.05);
#5584 = AXIS2_PLACEMENT_3D('',#5585,#5586,#5587);
#5585 = CARTESIAN_POINT('',(18.031222920257,0.,3.));
#5586 = DIRECTION('',(0.,0.,1.));
#5587 = DIRECTION('',(1.,0.,0.));
#5588 = ORIENTED_EDGE('',*,*,#5574,.F.);
#5589 = ORIENTED_EDGE('',*,*,#1158,.F.);
#5590 = CYLINDRICAL_SURFACE('',#5591,1.05);
#5591 = AXIS2_PLACEMENT_3D('',#5592,#5593,#5594);
#5592 = CARTESIAN_POINT('',(18.031222920257,0.,0.));
#5593 = DIRECTION('',(-0.,-0.,-1.));
#5594 = DIRECTION('',(1.,0.,0.));
#5595 = ADVANCED_FACE('',(#5596),#5615,.F.);
#5596 = FACE_BOUND('',#5597,.T.);
#5597 = EDGE_LOOP('',(#5598,#5606,#5613,#5614));
#5598 = ORIENTED_EDGE('',*,*,#5599,.T.);
#5599 = EDGE_CURVE('',#1170,#5600,#5602,.T.);
#5600 = VERTEX_POINT('',#5601);
#5601 = CARTESIAN_POINT('',(1.05,18.031222920257,3.));
#5602 = LINE('',#5603,#5604);
#5603 = CARTESIAN_POINT('',(1.05,18.031222920257,0.));
#5604 = VECTOR('',#5605,1.);
#5605 = DIRECTION('',(0.,0.,1.));
#5606 = ORIENTED_EDGE('',*,*,#5607,.T.);
#5607 = EDGE_CURVE('',#5600,#5600,#5608,.T.);
#5608 = CIRCLE('',#5609,1.05);
#5609 = AXIS2_PLACEMENT_3D('',#5610,#5611,#5612);
#5610 = CARTESIAN_POINT('',(0.,18.031222920257,3.));
#5611 = DIRECTION('',(0.,0.,1.));
#5612 = DIRECTION('',(1.,0.,0.));
#5613 = ORIENTED_EDGE('',*,*,#5599,.F.);
#5614 = ORIENTED_EDGE('',*,*,#1169,.F.);
#5615 = CYLINDRICAL_SURFACE('',#5616,1.05);
#5616 = AXIS2_PLACEMENT_3D('',#5617,#5618,#5619);
#5617 = CARTESIAN_POINT('',(0.,18.031222920257,0.));
#5618 = DIRECTION('',(-0.,-0.,-1.));
#5619 = DIRECTION('',(1.,0.,0.));
#5620 = ADVANCED_FACE('',(#5621),#5640,.F.);
#5621 = FACE_BOUND('',#5622,.T.);
#5622 = EDGE_LOOP('',(#5623,#5631,#5638,#5639));
#5623 = ORIENTED_EDGE('',*,*,#5624,.T.);
#5624 = EDGE_CURVE('',#1181,#5625,#5627,.T.);
#5625 = VERTEX_POINT('',#5626);
#5626 = CARTESIAN_POINT('',(8.9,29.,3.));
#5627 = LINE('',#5628,#5629);
#5628 = CARTESIAN_POINT('',(8.9,29.,0.));
#5629 = VECTOR('',#5630,1.);
#5630 = DIRECTION('',(0.,0.,1.));
#5631 = ORIENTED_EDGE('',*,*,#5632,.T.);
#5632 = EDGE_CURVE('',#5625,#5625,#5633,.T.);
#5633 = CIRCLE('',#5634,1.05);
#5634 = AXIS2_PLACEMENT_3D('',#5635,#5636,#5637);
#5635 = CARTESIAN_POINT('',(7.85,29.,3.));
#5636 = DIRECTION('',(0.,0.,1.));
#5637 = DIRECTION('',(1.,0.,0.));
#5638 = ORIENTED_EDGE('',*,*,#5624,.F.);
#5639 = ORIENTED_EDGE('',*,*,#1180,.F.);
#5640 = CYLINDRICAL_SURFACE('',#5641,1.05);
#5641 = AXIS2_PLACEMENT_3D('',#5642,#5643,#5644);
#5642 = CARTESIAN_POINT('',(7.85,29.,0.));
#5643 = DIRECTION('',(-0.,-0.,-1.));
#5644 = DIRECTION('',(1.,0.,0.));
#5645 = ADVANCED_FACE('',(#5646),#5665,.F.);
#5646 = FACE_BOUND('',#5647,.T.);
#5647 = EDGE_LOOP('',(#5648,#5656,#5663,#5664));
#5648 = ORIENTED_EDGE('',*,*,#5649,.T.);
#5649 = EDGE_CURVE('',#1192,#5650,#5652,.T.);
#5650 = VERTEX_POINT('',#5651);
#5651 = CARTESIAN_POINT('',(45.937017467846,30.041945220696,3.));
#5652 = LINE('',#5653,#5654);
#5653 = CARTESIAN_POINT('',(45.937017467846,30.041945220696,0.));
#5654 = VECTOR('',#5655,1.);
#5655 = DIRECTION('',(0.,0.,1.));
#5656 = ORIENTED_EDGE('',*,*,#5657,.T.);
#5657 = EDGE_CURVE('',#5650,#5650,#5658,.T.);
#5658 = CIRCLE('',#5659,1.05);
#5659 = AXIS2_PLACEMENT_3D('',#5660,#5661,#5662);
#5660 = CARTESIAN_POINT('',(44.887017467846,30.041945220696,3.));
#5661 = DIRECTION('',(0.,0.,1.));
#5662 = DIRECTION('',(1.,0.,0.));
#5663 = ORIENTED_EDGE('',*,*,#5649,.F.);
#5664 = ORIENTED_EDGE('',*,*,#1191,.F.);
#5665 = CYLINDRICAL_SURFACE('',#5666,1.05);
#5666 = AXIS2_PLACEMENT_3D('',#5667,#5668,#5669);
#5667 = CARTESIAN_POINT('',(44.887017467846,30.041945220696,0.));
#5668 = DIRECTION('',(-0.,-0.,-1.));
#5669 = DIRECTION('',(1.,0.,0.));
#5670 = ADVANCED_FACE('',(#5671),#5690,.F.);
#5671 = FACE_BOUND('',#5672,.T.);
#5672 = EDGE_LOOP('',(#5673,#5681,#5688,#5689));
#5673 = ORIENTED_EDGE('',*,*,#5674,.T.);
#5674 = EDGE_CURVE('',#1203,#5675,#5677,.T.);
#5675 = VERTEX_POINT('',#5676);
#5676 = CARTESIAN_POINT('',(42.091945220696,35.112982532154,3.));
#5677 = LINE('',#5678,#5679);
#5678 = CARTESIAN_POINT('',(42.091945220696,35.112982532154,0.));
#5679 = VECTOR('',#5680,1.);
#5680 = DIRECTION('',(0.,0.,1.));
#5681 = ORIENTED_EDGE('',*,*,#5682,.T.);
#5682 = EDGE_CURVE('',#5675,#5675,#5683,.T.);
#5683 = CIRCLE('',#5684,1.05);
#5684 = AXIS2_PLACEMENT_3D('',#5685,#5686,#5687);
#5685 = CARTESIAN_POINT('',(41.041945220696,35.112982532154,3.));
#5686 = DIRECTION('',(0.,0.,1.));
#5687 = DIRECTION('',(1.,0.,0.));
#5688 = ORIENTED_EDGE('',*,*,#5674,.F.);
#5689 = ORIENTED_EDGE('',*,*,#1202,.F.);
#5690 = CYLINDRICAL_SURFACE('',#5691,1.05);
#5691 = AXIS2_PLACEMENT_3D('',#5692,#5693,#5694);
#5692 = CARTESIAN_POINT('',(41.041945220696,35.112982532154,0.));
#5693 = DIRECTION('',(-0.,-0.,-1.));
#5694 = DIRECTION('',(1.,0.,0.));
#5695 = ADVANCED_FACE('',(#5696),#5715,.F.);
#5696 = FACE_BOUND('',#5697,.T.);
#5697 = EDGE_LOOP('',(#5698,#5706,#5713,#5714));
#5698 = ORIENTED_EDGE('',*,*,#5699,.T.);
#5699 = EDGE_CURVE('',#1214,#5700,#5702,.T.);
#5700 = VERTEX_POINT('',#5701);
#5701 = CARTESIAN_POINT('',(47.875,34.5,3.));
#5702 = LINE('',#5703,#5704);
#5703 = CARTESIAN_POINT('',(47.875,34.5,0.));
#5704 = VECTOR('',#5705,1.);
#5705 = DIRECTION('',(0.,0.,1.));
#5706 = ORIENTED_EDGE('',*,*,#5707,.T.);
#5707 = EDGE_CURVE('',#5700,#5700,#5708,.T.);
#5708 = CIRCLE('',#5709,2.375);
#5709 = AXIS2_PLACEMENT_3D('',#5710,#5711,#5712);
#5710 = CARTESIAN_POINT('',(45.5,34.5,3.));
#5711 = DIRECTION('',(0.,0.,1.));
#5712 = DIRECTION('',(1.,0.,0.));
#5713 = ORIENTED_EDGE('',*,*,#5699,.F.);
#5714 = ORIENTED_EDGE('',*,*,#1213,.F.);
#5715 = CYLINDRICAL_SURFACE('',#5716,2.375);
#5716 = AXIS2_PLACEMENT_3D('',#5717,#5718,#5719);
#5717 = CARTESIAN_POINT('',(45.5,34.5,0.));
#5718 = DIRECTION('',(-0.,-0.,-1.));
#5719 = DIRECTION('',(1.,0.,0.));
#5720 = ADVANCED_FACE('',(#5721),#5740,.F.);
#5721 = FACE_BOUND('',#5722,.T.);
#5722 = EDGE_LOOP('',(#5723,#5731,#5738,#5739));
#5723 = ORIENTED_EDGE('',*,*,#5724,.T.);
#5724 = EDGE_CURVE('',#1225,#5725,#5727,.T.);
#5725 = VERTEX_POINT('',#5726);
#5726 = CARTESIAN_POINT('',(51.008054779304,33.887017467846,3.));
#5727 = LINE('',#5728,#5729);
#5728 = CARTESIAN_POINT('',(51.008054779304,33.887017467846,0.));
#5729 = VECTOR('',#5730,1.);
#5730 = DIRECTION('',(0.,0.,1.));
#5731 = ORIENTED_EDGE('',*,*,#5732,.T.);
#5732 = EDGE_CURVE('',#5725,#5725,#5733,.T.);
#5733 = CIRCLE('',#5734,1.05);
#5734 = AXIS2_PLACEMENT_3D('',#5735,#5736,#5737);
#5735 = CARTESIAN_POINT('',(49.958054779304,33.887017467846,3.));
#5736 = DIRECTION('',(0.,0.,1.));
#5737 = DIRECTION('',(1.,0.,0.));
#5738 = ORIENTED_EDGE('',*,*,#5724,.F.);
#5739 = ORIENTED_EDGE('',*,*,#1224,.F.);
#5740 = CYLINDRICAL_SURFACE('',#5741,1.05);
#5741 = AXIS2_PLACEMENT_3D('',#5742,#5743,#5744);
#5742 = CARTESIAN_POINT('',(49.958054779304,33.887017467846,0.));
#5743 = DIRECTION('',(-0.,-0.,-1.));
#5744 = DIRECTION('',(1.,0.,0.));
#5745 = ADVANCED_FACE('',(#5746),#5765,.F.);
#5746 = FACE_BOUND('',#5747,.T.);
#5747 = EDGE_LOOP('',(#5748,#5756,#5763,#5764));
#5748 = ORIENTED_EDGE('',*,*,#5749,.T.);
#5749 = EDGE_CURVE('',#1236,#5750,#5752,.T.);
#5750 = VERTEX_POINT('',#5751);
#5751 = CARTESIAN_POINT('',(47.162982532154,38.958054779304,3.));
#5752 = LINE('',#5753,#5754);
#5753 = CARTESIAN_POINT('',(47.162982532154,38.958054779304,0.));
#5754 = VECTOR('',#5755,1.);
#5755 = DIRECTION('',(0.,0.,1.));
#5756 = ORIENTED_EDGE('',*,*,#5757,.T.);
#5757 = EDGE_CURVE('',#5750,#5750,#5758,.T.);
#5758 = CIRCLE('',#5759,1.05);
#5759 = AXIS2_PLACEMENT_3D('',#5760,#5761,#5762);
#5760 = CARTESIAN_POINT('',(46.112982532154,38.958054779304,3.));
#5761 = DIRECTION('',(0.,0.,1.));
#5762 = DIRECTION('',(1.,0.,0.));
#5763 = ORIENTED_EDGE('',*,*,#5749,.F.);
#5764 = ORIENTED_EDGE('',*,*,#1235,.F.);
#5765 = CYLINDRICAL_SURFACE('',#5766,1.05);
#5766 = AXIS2_PLACEMENT_3D('',#5767,#5768,#5769);
#5767 = CARTESIAN_POINT('',(46.112982532154,38.958054779304,0.));
#5768 = DIRECTION('',(-0.,-0.,-1.));
#5769 = DIRECTION('',(1.,0.,0.));
#5770 = ADVANCED_FACE('',(#5771),#5796,.F.);
#5771 = FACE_BOUND('',#5772,.F.);
#5772 = EDGE_LOOP('',(#5773,#5774,#5782,#5790));
#5773 = ORIENTED_EDGE('',*,*,#1246,.T.);
#5774 = ORIENTED_EDGE('',*,*,#5775,.T.);
#5775 = EDGE_CURVE('',#1249,#5776,#5778,.T.);
#5776 = VERTEX_POINT('',#5777);
#5777 = CARTESIAN_POINT('',(-11.54398868877,-9.954484316486,3.));
#5778 = LINE('',#5779,#5780);
#5779 = CARTESIAN_POINT('',(-11.54398868877,-9.954484316486,0.));
#5780 = VECTOR('',#5781,1.);
#5781 = DIRECTION('',(0.,0.,1.));
#5782 = ORIENTED_EDGE('',*,*,#5783,.F.);
#5783 = EDGE_CURVE('',#5784,#5776,#5786,.T.);
#5784 = VERTEX_POINT('',#5785);
#5785 = CARTESIAN_POINT('',(-2.604194813358,-3.17595929007,3.));
#5786 = LINE('',#5787,#5788);
#5787 = CARTESIAN_POINT('',(-6.458050361099,-6.098113496598,3.));
#5788 = VECTOR('',#5789,1.);
#5789 = DIRECTION('',(-0.796836637907,-0.604194813358,0.));
#5790 = ORIENTED_EDGE('',*,*,#5791,.F.);
#5791 = EDGE_CURVE('',#1247,#5784,#5792,.T.);
#5792 = LINE('',#5793,#5794);
#5793 = CARTESIAN_POINT('',(-2.604194813358,-3.17595929007,0.));
#5794 = VECTOR('',#5795,1.);
#5795 = DIRECTION('',(0.,0.,1.));
#5796 = PLANE('',#5797);
#5797 = AXIS2_PLACEMENT_3D('',#5798,#5799,#5800);
#5798 = CARTESIAN_POINT('',(-13.25281037328,-11.25018427506,-1.));
#5799 = DIRECTION('',(-0.604194813358,0.796836637907,0.));
#5800 = DIRECTION('',(0.796836637907,0.604194813358,0.));
#5801 = ADVANCED_FACE('',(#5802),#5821,.F.);
#5802 = FACE_BOUND('',#5803,.T.);
#5803 = EDGE_LOOP('',(#5804,#5805,#5813,#5820));
#5804 = ORIENTED_EDGE('',*,*,#1256,.T.);
#5805 = ORIENTED_EDGE('',*,*,#5806,.T.);
#5806 = EDGE_CURVE('',#1257,#5807,#5809,.T.);
#5807 = VERTEX_POINT('',#5808);
#5808 = CARTESIAN_POINT('',(-1.,-3.972795927977,3.));
#5809 = LINE('',#5810,#5811);
#5810 = CARTESIAN_POINT('',(-1.,-3.972795927977,0.));
#5811 = VECTOR('',#5812,1.);
#5812 = DIRECTION('',(0.,0.,1.));
#5813 = ORIENTED_EDGE('',*,*,#5814,.F.);
#5814 = EDGE_CURVE('',#5784,#5807,#5815,.T.);
#5815 = CIRCLE('',#5816,1.);
#5816 = AXIS2_PLACEMENT_3D('',#5817,#5818,#5819);
#5817 = CARTESIAN_POINT('',(-2.,-3.972795927977,3.));
#5818 = DIRECTION('',(-0.,-0.,-1.));
#5819 = DIRECTION('',(0.,-1.,0.));
#5820 = ORIENTED_EDGE('',*,*,#5791,.F.);
#5821 = CYLINDRICAL_SURFACE('',#5822,1.);
#5822 = AXIS2_PLACEMENT_3D('',#5823,#5824,#5825);
#5823 = CARTESIAN_POINT('',(-2.,-3.972795927977,0.));
#5824 = DIRECTION('',(0.,0.,1.));
#5825 = DIRECTION('',(-0.604194813358,0.796836637907,0.));
#5826 = ADVANCED_FACE('',(#5827),#5846,.F.);
#5827 = FACE_BOUND('',#5828,.F.);
#5828 = EDGE_LOOP('',(#5829,#5830,#5838,#5845));
#5829 = ORIENTED_EDGE('',*,*,#1290,.T.);
#5830 = ORIENTED_EDGE('',*,*,#5831,.T.);
#5831 = EDGE_CURVE('',#1283,#5832,#5834,.T.);
#5832 = VERTEX_POINT('',#5833);
#5833 = CARTESIAN_POINT('',(-11.16183721409,-11.72635775151,3.));
#5834 = LINE('',#5835,#5836);
#5835 = CARTESIAN_POINT('',(-11.16183721409,-11.72635775151,0.));
#5836 = VECTOR('',#5837,1.);
#5837 = DIRECTION('',(0.,0.,1.));
#5838 = ORIENTED_EDGE('',*,*,#5839,.F.);
#5839 = EDGE_CURVE('',#5776,#5832,#5840,.T.);
#5840 = CIRCLE('',#5841,1.);
#5841 = AXIS2_PLACEMENT_3D('',#5842,#5843,#5844);
#5842 = CARTESIAN_POINT('',(-10.93979387541,-10.75132095439,3.));
#5843 = DIRECTION('',(-0.,0.,1.));
#5844 = DIRECTION('',(0.,-1.,0.));
#5845 = ORIENTED_EDGE('',*,*,#5775,.F.);
#5846 = CYLINDRICAL_SURFACE('',#5847,1.);
#5847 = AXIS2_PLACEMENT_3D('',#5848,#5849,#5850);
#5848 = CARTESIAN_POINT('',(-10.93979387541,-10.75132095439,0.));
#5849 = DIRECTION('',(0.,0.,1.));
#5850 = DIRECTION('',(-0.604194813358,0.796836637907,0.));
#5851 = ADVANCED_FACE('',(#5852),#5870,.T.);
#5852 = FACE_BOUND('',#5853,.T.);
#5853 = EDGE_LOOP('',(#5854,#5855,#5863,#5869));
#5854 = ORIENTED_EDGE('',*,*,#1265,.T.);
#5855 = ORIENTED_EDGE('',*,*,#5856,.T.);
#5856 = EDGE_CURVE('',#1266,#5857,#5859,.T.);
#5857 = VERTEX_POINT('',#5858);
#5858 = CARTESIAN_POINT('',(-1.,-12.78716379135,3.));
#5859 = LINE('',#5860,#5861);
#5860 = CARTESIAN_POINT('',(-1.,-12.78716379135,0.));
#5861 = VECTOR('',#5862,1.);
#5862 = DIRECTION('',(0.,0.,1.));
#5863 = ORIENTED_EDGE('',*,*,#5864,.F.);
#5864 = EDGE_CURVE('',#5807,#5857,#5865,.T.);
#5865 = LINE('',#5866,#5867);
#5866 = CARTESIAN_POINT('',(-1.,-7.194440482554,3.));
#5867 = VECTOR('',#5868,1.);
#5868 = DIRECTION('',(-1.2E-16,-1.,0.));
#5869 = ORIENTED_EDGE('',*,*,#5806,.F.);
#5870 = PLANE('',#5871);
#5871 = AXIS2_PLACEMENT_3D('',#5872,#5873,#5874);
#5872 = CARTESIAN_POINT('',(-1.,-14.04049427311,-1.));
#5873 = DIRECTION('',(-1.,1.2E-16,0.));
#5874 = DIRECTION('',(1.2E-16,1.,0.));
#5875 = ADVANCED_FACE('',(#5876),#5894,.F.);
#5876 = FACE_BOUND('',#5877,.F.);
#5877 = EDGE_LOOP('',(#5878,#5879,#5887,#5893));
#5878 = ORIENTED_EDGE('',*,*,#1282,.T.);
#5879 = ORIENTED_EDGE('',*,*,#5880,.T.);
#5880 = EDGE_CURVE('',#1274,#5881,#5883,.T.);
#5881 = VERTEX_POINT('',#5882);
#5882 = CARTESIAN_POINT('',(-2.222043338679,-13.76220058847,3.));
#5883 = LINE('',#5884,#5885);
#5884 = CARTESIAN_POINT('',(-2.222043338679,-13.76220058847,0.));
#5885 = VECTOR('',#5886,1.);
#5886 = DIRECTION('',(0.,0.,1.));
#5887 = ORIENTED_EDGE('',*,*,#5888,.F.);
#5888 = EDGE_CURVE('',#5832,#5881,#5889,.T.);
#5889 = LINE('',#5890,#5891);
#5890 = CARTESIAN_POINT('',(-5.125385947237,-13.10102770963,3.));
#5891 = VECTOR('',#5892,1.);
#5892 = DIRECTION('',(0.975036797125,-0.222043338679,0.));
#5893 = ORIENTED_EDGE('',*,*,#5831,.F.);
#5894 = PLANE('',#5895);
#5895 = AXIS2_PLACEMENT_3D('',#5896,#5897,#5898);
#5896 = CARTESIAN_POINT('',(-7.126405186642,-12.64533927409,1.5));
#5897 = DIRECTION('',(-0.222043338679,-0.975036797125,-0.));
#5898 = DIRECTION('',(-0.975036797125,0.222043338679,0.));
#5899 = ADVANCED_FACE('',(#5900),#5912,.F.);
#5900 = FACE_BOUND('',#5901,.F.);
#5901 = EDGE_LOOP('',(#5902,#5903,#5904,#5911));
#5902 = ORIENTED_EDGE('',*,*,#1273,.T.);
#5903 = ORIENTED_EDGE('',*,*,#5856,.T.);
#5904 = ORIENTED_EDGE('',*,*,#5905,.F.);
#5905 = EDGE_CURVE('',#5881,#5857,#5906,.T.);
#5906 = CIRCLE('',#5907,1.);
#5907 = AXIS2_PLACEMENT_3D('',#5908,#5909,#5910);
#5908 = CARTESIAN_POINT('',(-2.,-12.78716379135,3.));
#5909 = DIRECTION('',(-0.,0.,1.));
#5910 = DIRECTION('',(0.,-1.,0.));
#5911 = ORIENTED_EDGE('',*,*,#5880,.F.);
#5912 = CYLINDRICAL_SURFACE('',#5913,1.);
#5913 = AXIS2_PLACEMENT_3D('',#5914,#5915,#5916);
#5914 = CARTESIAN_POINT('',(-2.,-12.78716379135,0.));
#5915 = DIRECTION('',(0.,0.,1.));
#5916 = DIRECTION('',(-0.222043338679,-0.975036797125,0.));
#5917 = ADVANCED_FACE('',(#5918),#5943,.F.);
#5918 = FACE_BOUND('',#5919,.F.);
#5919 = EDGE_LOOP('',(#5920,#5921,#5929,#5937));
#5920 = ORIENTED_EDGE('',*,*,#1299,.T.);
#5921 = ORIENTED_EDGE('',*,*,#5922,.T.);
#5922 = EDGE_CURVE('',#1302,#5923,#5925,.T.);
#5923 = VERTEX_POINT('',#5924);
#5924 = CARTESIAN_POINT('',(-13.4612,-1.,3.));
#5925 = LINE('',#5926,#5927);
#5926 = CARTESIAN_POINT('',(-13.4612,-1.,0.));
#5927 = VECTOR('',#5928,1.);
#5928 = DIRECTION('',(0.,0.,1.));
#5929 = ORIENTED_EDGE('',*,*,#5930,.F.);
#5930 = EDGE_CURVE('',#5931,#5923,#5933,.T.);
#5931 = VERTEX_POINT('',#5932);
#5932 = CARTESIAN_POINT('',(-6.018577902017,-1.,3.));
#5933 = LINE('',#5934,#5935);
#5934 = CARTESIAN_POINT('',(-7.288829052498,-1.,3.));
#5935 = VECTOR('',#5936,1.);
#5936 = DIRECTION('',(-1.,1.2E-16,0.));
#5937 = ORIENTED_EDGE('',*,*,#5938,.F.);
#5938 = EDGE_CURVE('',#1300,#5931,#5939,.T.);
#5939 = LINE('',#5940,#5941);
#5940 = CARTESIAN_POINT('',(-6.018577902017,-1.,0.));
#5941 = VECTOR('',#5942,1.);
#5942 = DIRECTION('',(0.,0.,1.));
#5943 = PLANE('',#5944);
#5944 = AXIS2_PLACEMENT_3D('',#5945,#5946,#5947);
#5945 = CARTESIAN_POINT('',(-14.4612,-1.,-1.));
#5946 = DIRECTION('',(1.2E-16,1.,0.));
#5947 = DIRECTION('',(1.,-1.2E-16,0.));
#5948 = ADVANCED_FACE('',(#5949),#5968,.F.);
#5949 = FACE_BOUND('',#5950,.T.);
#5950 = EDGE_LOOP('',(#5951,#5952,#5960,#5967));
#5951 = ORIENTED_EDGE('',*,*,#1309,.T.);
#5952 = ORIENTED_EDGE('',*,*,#5953,.T.);
#5953 = EDGE_CURVE('',#1310,#5954,#5956,.T.);
#5954 = VERTEX_POINT('',#5955);
#5955 = CARTESIAN_POINT('',(-5.414383088659,-2.796836637907,3.));
#5956 = LINE('',#5957,#5958);
#5957 = CARTESIAN_POINT('',(-5.414383088659,-2.796836637907,0.));
#5958 = VECTOR('',#5959,1.);
#5959 = DIRECTION('',(0.,0.,1.));
#5960 = ORIENTED_EDGE('',*,*,#5961,.F.);
#5961 = EDGE_CURVE('',#5931,#5954,#5962,.T.);
#5962 = CIRCLE('',#5963,1.);
#5963 = AXIS2_PLACEMENT_3D('',#5964,#5965,#5966);
#5964 = CARTESIAN_POINT('',(-6.018577902017,-2.,3.));
#5965 = DIRECTION('',(-0.,-0.,-1.));
#5966 = DIRECTION('',(0.,-1.,0.));
#5967 = ORIENTED_EDGE('',*,*,#5938,.F.);
#5968 = CYLINDRICAL_SURFACE('',#5969,1.);
#5969 = AXIS2_PLACEMENT_3D('',#5970,#5971,#5972);
#5970 = CARTESIAN_POINT('',(-6.018577902017,-2.,0.));
#5971 = DIRECTION('',(0.,0.,1.));
#5972 = DIRECTION('',(1.2E-16,1.,0.));
#5973 = ADVANCED_FACE('',(#5974),#5993,.F.);
#5974 = FACE_BOUND('',#5975,.F.);
#5975 = EDGE_LOOP('',(#5976,#5977,#5985,#5992));
#5976 = ORIENTED_EDGE('',*,*,#1343,.T.);
#5977 = ORIENTED_EDGE('',*,*,#5978,.T.);
#5978 = EDGE_CURVE('',#1336,#5979,#5981,.T.);
#5979 = VERTEX_POINT('',#5980);
#5980 = CARTESIAN_POINT('',(-14.4612,-2.,3.));
#5981 = LINE('',#5982,#5983);
#5982 = CARTESIAN_POINT('',(-14.4612,-2.,0.));
#5983 = VECTOR('',#5984,1.);
#5984 = DIRECTION('',(0.,0.,1.));
#5985 = ORIENTED_EDGE('',*,*,#5986,.F.);
#5986 = EDGE_CURVE('',#5923,#5979,#5987,.T.);
#5987 = CIRCLE('',#5988,1.);
#5988 = AXIS2_PLACEMENT_3D('',#5989,#5990,#5991);
#5989 = CARTESIAN_POINT('',(-13.4612,-2.,3.));
#5990 = DIRECTION('',(-0.,0.,1.));
#5991 = DIRECTION('',(0.,-1.,0.));
#5992 = ORIENTED_EDGE('',*,*,#5922,.F.);
#5993 = CYLINDRICAL_SURFACE('',#5994,1.);
#5994 = AXIS2_PLACEMENT_3D('',#5995,#5996,#5997);
#5995 = CARTESIAN_POINT('',(-13.4612,-2.,0.));
#5996 = DIRECTION('',(0.,0.,1.));
#5997 = DIRECTION('',(1.2E-16,1.,0.));
#5998 = ADVANCED_FACE('',(#5999),#6017,.T.);
#5999 = FACE_BOUND('',#6000,.T.);
#6000 = EDGE_LOOP('',(#6001,#6002,#6010,#6016));
#6001 = ORIENTED_EDGE('',*,*,#1318,.T.);
#6002 = ORIENTED_EDGE('',*,*,#6003,.T.);
#6003 = EDGE_CURVE('',#1319,#6004,#6006,.T.);
#6004 = VERTEX_POINT('',#6005);
#6005 = CARTESIAN_POINT('',(-12.85700518664,-8.440143503411,3.));
#6006 = LINE('',#6007,#6008);
#6007 = CARTESIAN_POINT('',(-12.85700518664,-8.440143503411,0.));
#6008 = VECTOR('',#6009,1.);
#6009 = DIRECTION('',(0.,0.,1.));
#6010 = ORIENTED_EDGE('',*,*,#6011,.F.);
#6011 = EDGE_CURVE('',#5954,#6004,#6012,.T.);
#6012 = LINE('',#6013,#6014);
#6013 = CARTESIAN_POINT('',(-7.666439987815,-4.504440220784,3.));
#6014 = VECTOR('',#6015,1.);
#6015 = DIRECTION('',(-0.796836637907,-0.604194813358,0.));
#6016 = ORIENTED_EDGE('',*,*,#5953,.F.);
#6017 = PLANE('',#6018);
#6018 = AXIS2_PLACEMENT_3D('',#6019,#6020,#6021);
#6019 = CARTESIAN_POINT('',(-14.4612,-9.656510999254,-1.));
#6020 = DIRECTION('',(-0.604194813358,0.796836637907,0.));
#6021 = DIRECTION('',(0.796836637907,0.604194813358,0.));
#6022 = ADVANCED_FACE('',(#6023),#6041,.F.);
#6023 = FACE_BOUND('',#6024,.F.);
#6024 = EDGE_LOOP('',(#6025,#6026,#6034,#6040));
#6025 = ORIENTED_EDGE('',*,*,#1335,.T.);
#6026 = ORIENTED_EDGE('',*,*,#6027,.T.);
#6027 = EDGE_CURVE('',#1327,#6028,#6030,.T.);
#6028 = VERTEX_POINT('',#6029);
#6029 = CARTESIAN_POINT('',(-14.4612,-7.643306865504,3.));
#6030 = LINE('',#6031,#6032);
#6031 = CARTESIAN_POINT('',(-14.4612,-7.643306865504,0.));
#6032 = VECTOR('',#6033,1.);
#6033 = DIRECTION('',(0.,0.,1.));
#6034 = ORIENTED_EDGE('',*,*,#6035,.F.);
#6035 = EDGE_CURVE('',#5979,#6028,#6036,.T.);
#6036 = LINE('',#6037,#6038);
#6037 = CARTESIAN_POINT('',(-14.4612,-5.002448845623,3.));
#6038 = VECTOR('',#6039,1.);
#6039 = DIRECTION('',(-1.2E-16,-1.,0.));
#6040 = ORIENTED_EDGE('',*,*,#5978,.F.);
#6041 = PLANE('',#6042);
#6042 = AXIS2_PLACEMENT_3D('',#6043,#6044,#6045);
#6043 = CARTESIAN_POINT('',(-14.4612,-9.656510999254,-1.));
#6044 = DIRECTION('',(-1.,1.2E-16,0.));
#6045 = DIRECTION('',(1.2E-16,1.,0.));
#6046 = ADVANCED_FACE('',(#6047),#6059,.F.);
#6047 = FACE_BOUND('',#6048,.F.);
#6048 = EDGE_LOOP('',(#6049,#6050,#6051,#6058));
#6049 = ORIENTED_EDGE('',*,*,#1326,.T.);
#6050 = ORIENTED_EDGE('',*,*,#6003,.T.);
#6051 = ORIENTED_EDGE('',*,*,#6052,.F.);
#6052 = EDGE_CURVE('',#6028,#6004,#6053,.T.);
#6053 = CIRCLE('',#6054,1.);
#6054 = AXIS2_PLACEMENT_3D('',#6055,#6056,#6057);
#6055 = CARTESIAN_POINT('',(-13.4612,-7.643306865504,3.));
#6056 = DIRECTION('',(-0.,0.,1.));
#6057 = DIRECTION('',(0.,-1.,0.));
#6058 = ORIENTED_EDGE('',*,*,#6027,.F.);
#6059 = CYLINDRICAL_SURFACE('',#6060,1.);
#6060 = AXIS2_PLACEMENT_3D('',#6061,#6062,#6063);
#6061 = CARTESIAN_POINT('',(-13.4612,-7.643306865504,0.));
#6062 = DIRECTION('',(0.,0.,1.));
#6063 = DIRECTION('',(-1.,1.2E-16,0.));
#6064 = ADVANCED_FACE('',(#6065),#6091,.T.);
#6065 = FACE_BOUND('',#6066,.F.);
#6066 = EDGE_LOOP('',(#6067,#6068,#6076,#6085));
#6067 = ORIENTED_EDGE('',*,*,#1352,.T.);
#6068 = ORIENTED_EDGE('',*,*,#6069,.T.);
#6069 = EDGE_CURVE('',#1355,#6070,#6072,.T.);
#6070 = VERTEX_POINT('',#6071);
#6071 = CARTESIAN_POINT('',(3.959661942866,-38.13925300479,3.));
#6072 = LINE('',#6073,#6074);
#6073 = CARTESIAN_POINT('',(3.959661942866,-38.13925300479,0.));
#6074 = VECTOR('',#6075,1.);
#6075 = DIRECTION('',(0.,0.,1.));
#6076 = ORIENTED_EDGE('',*,*,#6077,.F.);
#6077 = EDGE_CURVE('',#6078,#6070,#6080,.T.);
#6078 = VERTEX_POINT('',#6079);
#6079 = CARTESIAN_POINT('',(3.8,-39.,3.));
#6080 = CIRCLE('',#6081,2.4);
#6081 = AXIS2_PLACEMENT_3D('',#6082,#6083,#6084);
#6082 = CARTESIAN_POINT('',(6.2,-39.,3.));
#6083 = DIRECTION('',(0.,0.,-1.));
#6084 = DIRECTION('',(-1.,1.2E-16,0.));
#6085 = ORIENTED_EDGE('',*,*,#6086,.F.);
#6086 = EDGE_CURVE('',#1353,#6078,#6087,.T.);
#6087 = LINE('',#6088,#6089);
#6088 = CARTESIAN_POINT('',(3.8,-39.,0.));
#6089 = VECTOR('',#6090,1.);
#6090 = DIRECTION('',(0.,0.,1.));
#6091 = CYLINDRICAL_SURFACE('',#6092,2.4);
#6092 = AXIS2_PLACEMENT_3D('',#6093,#6094,#6095);
#6093 = CARTESIAN_POINT('',(6.2,-39.,-1.));
#6094 = DIRECTION('',(-0.,-0.,-1.));
#6095 = DIRECTION('',(-1.,1.2E-16,0.));
#6096 = ADVANCED_FACE('',(#6097),#6116,.F.);
#6097 = FACE_BOUND('',#6098,.T.);
#6098 = EDGE_LOOP('',(#6099,#6100,#6108,#6115));
#6099 = ORIENTED_EDGE('',*,*,#1363,.T.);
#6100 = ORIENTED_EDGE('',*,*,#6101,.T.);
#6101 = EDGE_CURVE('',#1364,#6102,#6104,.T.);
#6102 = VERTEX_POINT('',#6103);
#6103 = CARTESIAN_POINT('',(2.8,-40.,3.));
#6104 = LINE('',#6105,#6106);
#6105 = CARTESIAN_POINT('',(2.8,-40.,0.));
#6106 = VECTOR('',#6107,1.);
#6107 = DIRECTION('',(0.,0.,1.));
#6108 = ORIENTED_EDGE('',*,*,#6109,.F.);
#6109 = EDGE_CURVE('',#6078,#6102,#6110,.T.);
#6110 = CIRCLE('',#6111,1.);
#6111 = AXIS2_PLACEMENT_3D('',#6112,#6113,#6114);
#6112 = CARTESIAN_POINT('',(2.8,-39.,3.));
#6113 = DIRECTION('',(-0.,-0.,-1.));
#6114 = DIRECTION('',(0.,-1.,0.));
#6115 = ORIENTED_EDGE('',*,*,#6086,.F.);
#6116 = CYLINDRICAL_SURFACE('',#6117,1.);
#6117 = AXIS2_PLACEMENT_3D('',#6118,#6119,#6120);
#6118 = CARTESIAN_POINT('',(2.8,-39.,0.));
#6119 = DIRECTION('',(0.,0.,1.));
#6120 = DIRECTION('',(1.,0.,0.));
#6121 = ADVANCED_FACE('',(#6122),#6141,.F.);
#6122 = FACE_BOUND('',#6123,.F.);
#6123 = EDGE_LOOP('',(#6124,#6125,#6133,#6140));
#6124 = ORIENTED_EDGE('',*,*,#1432,.T.);
#6125 = ORIENTED_EDGE('',*,*,#6126,.T.);
#6126 = EDGE_CURVE('',#1425,#6127,#6129,.T.);
#6127 = VERTEX_POINT('',#6128);
#6128 = CARTESIAN_POINT('',(3.884803311614,-37.26798836779,3.));
#6129 = LINE('',#6130,#6131);
#6130 = CARTESIAN_POINT('',(3.884803311614,-37.26798836779,0.));
#6131 = VECTOR('',#6132,1.);
#6132 = DIRECTION('',(0.,0.,1.));
#6133 = ORIENTED_EDGE('',*,*,#6134,.F.);
#6134 = EDGE_CURVE('',#6070,#6127,#6135,.T.);
#6135 = CIRCLE('',#6136,1.);
#6136 = AXIS2_PLACEMENT_3D('',#6137,#6138,#6139);
#6137 = CARTESIAN_POINT('',(3.026187752394,-37.78060842345,3.));
#6138 = DIRECTION('',(-0.,0.,1.));
#6139 = DIRECTION('',(0.,-1.,0.));
#6140 = ORIENTED_EDGE('',*,*,#6069,.F.);
#6141 = CYLINDRICAL_SURFACE('',#6142,1.);
#6142 = AXIS2_PLACEMENT_3D('',#6143,#6144,#6145);
#6143 = CARTESIAN_POINT('',(3.026187752394,-37.78060842345,0.));
#6144 = DIRECTION('',(0.,0.,1.));
#6145 = DIRECTION('',(0.933474190472,-0.358644581336,0.));
#6146 = ADVANCED_FACE('',(#6147),#6165,.F.);
#6147 = FACE_BOUND('',#6148,.F.);
#6148 = EDGE_LOOP('',(#6149,#6150,#6151,#6159));
#6149 = ORIENTED_EDGE('',*,*,#1372,.T.);
#6150 = ORIENTED_EDGE('',*,*,#6101,.T.);
#6151 = ORIENTED_EDGE('',*,*,#6152,.F.);
#6152 = EDGE_CURVE('',#6153,#6102,#6155,.T.);
#6153 = VERTEX_POINT('',#6154);
#6154 = CARTESIAN_POINT('',(-2.8,-40.,3.));
#6155 = LINE('',#6156,#6157);
#6156 = CARTESIAN_POINT('',(1.950899736039,-40.,3.));
#6157 = VECTOR('',#6158,1.);
#6158 = DIRECTION('',(1.,-1.2E-16,0.));
#6159 = ORIENTED_EDGE('',*,*,#6160,.F.);
#6160 = EDGE_CURVE('',#1373,#6153,#6161,.T.);
#6161 = LINE('',#6162,#6163);
#6162 = CARTESIAN_POINT('',(-2.8,-40.,0.));
#6163 = VECTOR('',#6164,1.);
#6164 = DIRECTION('',(0.,0.,1.));
#6165 = PLANE('',#6166);
#6166 = AXIS2_PLACEMENT_3D('',#6167,#6168,#6169);
#6167 = CARTESIAN_POINT('',(4.018257577073,-40.,-1.));
#6168 = DIRECTION('',(-1.2E-16,-1.,0.));
#6169 = DIRECTION('',(-1.,1.2E-16,0.));
#6170 = ADVANCED_FACE('',(#6171),#6189,.T.);
#6171 = FACE_BOUND('',#6172,.T.);
#6172 = EDGE_LOOP('',(#6173,#6174,#6175,#6183));
#6173 = ORIENTED_EDGE('',*,*,#1424,.T.);
#6174 = ORIENTED_EDGE('',*,*,#6126,.T.);
#6175 = ORIENTED_EDGE('',*,*,#6176,.F.);
#6176 = EDGE_CURVE('',#6177,#6127,#6179,.T.);
#6177 = VERTEX_POINT('',#6178);
#6178 = CARTESIAN_POINT('',(0.85861555922,-32.1992598609,3.));
#6179 = LINE('',#6180,#6181);
#6180 = CARTESIAN_POINT('',(-4.627251635734,-23.01067881068,3.));
#6181 = VECTOR('',#6182,1.);
#6182 = DIRECTION('',(0.51262005566,-0.85861555922,0.));
#6183 = ORIENTED_EDGE('',*,*,#6184,.F.);
#6184 = EDGE_CURVE('',#1416,#6177,#6185,.T.);
#6185 = LINE('',#6186,#6187);
#6186 = CARTESIAN_POINT('',(0.85861555922,-32.1992598609,0.));
#6187 = VECTOR('',#6188,1.);
#6188 = DIRECTION('',(0.,0.,1.));
#6189 = PLANE('',#6190);
#6190 = AXIS2_PLACEMENT_3D('',#6191,#6192,#6193);
#6191 = CARTESIAN_POINT('',(4.162066935738,-37.73239247967,-1.));
#6192 = DIRECTION('',(-0.85861555922,-0.51262005566,0.));
#6193 = DIRECTION('',(-0.51262005566,0.85861555922,0.));
#6194 = ADVANCED_FACE('',(#6195),#6214,.F.);
#6195 = FACE_BOUND('',#6196,.F.);
#6196 = EDGE_LOOP('',(#6197,#6198,#6199,#6208));
#6197 = ORIENTED_EDGE('',*,*,#1380,.T.);
#6198 = ORIENTED_EDGE('',*,*,#6160,.T.);
#6199 = ORIENTED_EDGE('',*,*,#6200,.F.);
#6200 = EDGE_CURVE('',#6201,#6153,#6203,.T.);
#6201 = VERTEX_POINT('',#6202);
#6202 = CARTESIAN_POINT('',(-3.8,-39.,3.));
#6203 = CIRCLE('',#6204,1.);
#6204 = AXIS2_PLACEMENT_3D('',#6205,#6206,#6207);
#6205 = CARTESIAN_POINT('',(-2.8,-39.,3.));
#6206 = DIRECTION('',(-0.,0.,1.));
#6207 = DIRECTION('',(0.,-1.,0.));
#6208 = ORIENTED_EDGE('',*,*,#6209,.F.);
#6209 = EDGE_CURVE('',#1381,#6201,#6210,.T.);
#6210 = LINE('',#6211,#6212);
#6211 = CARTESIAN_POINT('',(-3.8,-39.,0.));
#6212 = VECTOR('',#6213,1.);
#6213 = DIRECTION('',(0.,0.,1.));
#6214 = CYLINDRICAL_SURFACE('',#6215,1.);
#6215 = AXIS2_PLACEMENT_3D('',#6216,#6217,#6218);
#6216 = CARTESIAN_POINT('',(-2.8,-39.,0.));
#6217 = DIRECTION('',(0.,0.,1.));
#6218 = DIRECTION('',(-1.,0.,0.));
#6219 = ADVANCED_FACE('',(#6220),#6239,.F.);
#6220 = FACE_BOUND('',#6221,.F.);
#6221 = EDGE_LOOP('',(#6222,#6223,#6231,#6238));
#6222 = ORIENTED_EDGE('',*,*,#1415,.T.);
#6223 = ORIENTED_EDGE('',*,*,#6224,.T.);
#6224 = EDGE_CURVE('',#1408,#6225,#6227,.T.);
#6225 = VERTEX_POINT('',#6226);
#6226 = CARTESIAN_POINT('',(-0.85861555922,-32.1992598609,3.));
#6227 = LINE('',#6228,#6229);
#6228 = CARTESIAN_POINT('',(-0.85861555922,-32.1992598609,0.));
#6229 = VECTOR('',#6230,1.);
#6230 = DIRECTION('',(0.,0.,1.));
#6231 = ORIENTED_EDGE('',*,*,#6232,.F.);
#6232 = EDGE_CURVE('',#6177,#6225,#6233,.T.);
#6233 = CIRCLE('',#6234,1.);
#6234 = AXIS2_PLACEMENT_3D('',#6235,#6236,#6237);
#6235 = CARTESIAN_POINT('',(-3.78E-15,-32.71187991656,3.));
#6236 = DIRECTION('',(-0.,0.,1.));
#6237 = DIRECTION('',(0.,-1.,0.));
#6238 = ORIENTED_EDGE('',*,*,#6184,.F.);
#6239 = CYLINDRICAL_SURFACE('',#6240,1.);
#6240 = AXIS2_PLACEMENT_3D('',#6241,#6242,#6243);
#6241 = CARTESIAN_POINT('',(-3.78E-15,-32.71187991656,0.));
#6242 = DIRECTION('',(0.,0.,1.));
#6243 = DIRECTION('',(0.85861555922,0.51262005566,0.));
#6244 = ADVANCED_FACE('',(#6245),#6264,.T.);
#6245 = FACE_BOUND('',#6246,.F.);
#6246 = EDGE_LOOP('',(#6247,#6248,#6249,#6258));
#6247 = ORIENTED_EDGE('',*,*,#1389,.T.);
#6248 = ORIENTED_EDGE('',*,*,#6209,.T.);
#6249 = ORIENTED_EDGE('',*,*,#6250,.F.);
#6250 = EDGE_CURVE('',#6251,#6201,#6253,.T.);
#6251 = VERTEX_POINT('',#6252);
#6252 = CARTESIAN_POINT('',(-3.959661942866,-38.13925300479,3.));
#6253 = CIRCLE('',#6254,2.4);
#6254 = AXIS2_PLACEMENT_3D('',#6255,#6256,#6257);
#6255 = CARTESIAN_POINT('',(-6.2,-39.,3.));
#6256 = DIRECTION('',(0.,0.,-1.));
#6257 = DIRECTION('',(-1.,1.2E-16,0.));
#6258 = ORIENTED_EDGE('',*,*,#6259,.F.);
#6259 = EDGE_CURVE('',#1390,#6251,#6260,.T.);
#6260 = LINE('',#6261,#6262);
#6261 = CARTESIAN_POINT('',(-3.959661942866,-38.13925300479,0.));
#6262 = VECTOR('',#6263,1.);
#6263 = DIRECTION('',(0.,0.,1.));
#6264 = CYLINDRICAL_SURFACE('',#6265,2.4);
#6265 = AXIS2_PLACEMENT_3D('',#6266,#6267,#6268);
#6266 = CARTESIAN_POINT('',(-6.2,-39.,-1.));
#6267 = DIRECTION('',(-0.,-0.,-1.));
#6268 = DIRECTION('',(-1.,1.2E-16,0.));
#6269 = ADVANCED_FACE('',(#6270),#6288,.T.);
#6270 = FACE_BOUND('',#6271,.T.);
#6271 = EDGE_LOOP('',(#6272,#6273,#6274,#6282));
#6272 = ORIENTED_EDGE('',*,*,#1407,.T.);
#6273 = ORIENTED_EDGE('',*,*,#6224,.T.);
#6274 = ORIENTED_EDGE('',*,*,#6275,.F.);
#6275 = EDGE_CURVE('',#6276,#6225,#6278,.T.);
#6276 = VERTEX_POINT('',#6277);
#6277 = CARTESIAN_POINT('',(-3.884803311614,-37.26798836779,3.));
#6278 = LINE('',#6279,#6280);
#6279 = CARTESIAN_POINT('',(6.677682321793,-19.57629954534,3.));
#6280 = VECTOR('',#6281,1.);
#6281 = DIRECTION('',(0.51262005566,0.85861555922,0.));
#6282 = ORIENTED_EDGE('',*,*,#6283,.F.);
#6283 = EDGE_CURVE('',#1399,#6276,#6284,.T.);
#6284 = LINE('',#6285,#6286);
#6285 = CARTESIAN_POINT('',(-3.884803311614,-37.26798836779,0.));
#6286 = VECTOR('',#6287,1.);
#6287 = DIRECTION('',(0.,0.,1.));
#6288 = PLANE('',#6289);
#6289 = AXIS2_PLACEMENT_3D('',#6290,#6291,#6292);
#6290 = CARTESIAN_POINT('',(-3.77E-15,-30.76111738014,-1.));
#6291 = DIRECTION('',(0.85861555922,-0.51262005566,0.));
#6292 = DIRECTION('',(-0.51262005566,-0.85861555922,0.));
#6293 = ADVANCED_FACE('',(#6294),#6306,.F.);
#6294 = FACE_BOUND('',#6295,.F.);
#6295 = EDGE_LOOP('',(#6296,#6297,#6298,#6305));
#6296 = ORIENTED_EDGE('',*,*,#1398,.T.);
#6297 = ORIENTED_EDGE('',*,*,#6259,.T.);
#6298 = ORIENTED_EDGE('',*,*,#6299,.F.);
#6299 = EDGE_CURVE('',#6276,#6251,#6300,.T.);
#6300 = CIRCLE('',#6301,1.);
#6301 = AXIS2_PLACEMENT_3D('',#6302,#6303,#6304);
#6302 = CARTESIAN_POINT('',(-3.026187752394,-37.78060842345,3.));
#6303 = DIRECTION('',(-0.,0.,1.));
#6304 = DIRECTION('',(0.,-1.,0.));
#6305 = ORIENTED_EDGE('',*,*,#6283,.F.);
#6306 = CYLINDRICAL_SURFACE('',#6307,1.);
#6307 = AXIS2_PLACEMENT_3D('',#6308,#6309,#6310);
#6308 = CARTESIAN_POINT('',(-3.026187752394,-37.78060842345,0.));
#6309 = DIRECTION('',(0.,0.,1.));
#6310 = DIRECTION('',(-0.85861555922,0.51262005566,0.));
#6311 = ADVANCED_FACE('',(#6312),#6337,.F.);
#6312 = FACE_BOUND('',#6313,.F.);
#6313 = EDGE_LOOP('',(#6314,#6315,#6323,#6331));
#6314 = ORIENTED_EDGE('',*,*,#1441,.T.);
#6315 = ORIENTED_EDGE('',*,*,#6316,.T.);
#6316 = EDGE_CURVE('',#1444,#6317,#6319,.T.);
#6317 = VERTEX_POINT('',#6318);
#6318 = CARTESIAN_POINT('',(1.832875579236,-28.51418392569,3.));
#6319 = LINE('',#6320,#6321);
#6320 = CARTESIAN_POINT('',(1.832875579236,-28.51418392569,0.));
#6321 = VECTOR('',#6322,1.);
#6322 = DIRECTION('',(0.,0.,1.));
#6323 = ORIENTED_EDGE('',*,*,#6324,.F.);
#6324 = EDGE_CURVE('',#6325,#6317,#6327,.T.);
#6325 = VERTEX_POINT('',#6326);
#6326 = CARTESIAN_POINT('',(6.544849879919,-20.62183869936,3.));
#6327 = LINE('',#6328,#6329);
#6328 = CARTESIAN_POINT('',(7.622225343195,-18.81728320904,3.));
#6329 = VECTOR('',#6330,1.);
#6330 = DIRECTION('',(-0.51262005566,-0.85861555922,0.));
#6331 = ORIENTED_EDGE('',*,*,#6332,.F.);
#6332 = EDGE_CURVE('',#1442,#6325,#6333,.T.);
#6333 = LINE('',#6334,#6335);
#6334 = CARTESIAN_POINT('',(6.544849879919,-20.62183869936,0.));
#6335 = VECTOR('',#6336,1.);
#6336 = DIRECTION('',(0.,0.,1.));
#6337 = PLANE('',#6338);
#6338 = AXIS2_PLACEMENT_3D('',#6339,#6340,#6341);
#6339 = CARTESIAN_POINT('',(1.526825544802,-29.02680398135,-1.));
#6340 = DIRECTION('',(-0.85861555922,0.51262005566,0.));
#6341 = DIRECTION('',(0.51262005566,0.85861555922,0.));
#6342 = ADVANCED_FACE('',(#6343),#6362,.F.);
#6343 = FACE_BOUND('',#6344,.T.);
#6344 = EDGE_LOOP('',(#6345,#6346,#6354,#6361));
#6345 = ORIENTED_EDGE('',*,*,#1451,.T.);
#6346 = ORIENTED_EDGE('',*,*,#6347,.T.);
#6347 = EDGE_CURVE('',#1452,#6348,#6350,.T.);
#6348 = VERTEX_POINT('',#6349);
#6349 = CARTESIAN_POINT('',(8.401189004798,-21.20189529207,3.));
#6350 = LINE('',#6351,#6352);
#6351 = CARTESIAN_POINT('',(8.401189004798,-21.20189529207,0.));
#6352 = VECTOR('',#6353,1.);
#6353 = DIRECTION('',(0.,0.,1.));
#6354 = ORIENTED_EDGE('',*,*,#6355,.F.);
#6355 = EDGE_CURVE('',#6325,#6348,#6356,.T.);
#6356 = CIRCLE('',#6357,1.);
#6357 = AXIS2_PLACEMENT_3D('',#6358,#6359,#6360);
#6358 = CARTESIAN_POINT('',(7.403465439139,-21.13445875502,3.));
#6359 = DIRECTION('',(-0.,-0.,-1.));
#6360 = DIRECTION('',(0.,-1.,0.));
#6361 = ORIENTED_EDGE('',*,*,#6332,.F.);
#6362 = CYLINDRICAL_SURFACE('',#6363,1.);
#6363 = AXIS2_PLACEMENT_3D('',#6364,#6365,#6366);
#6364 = CARTESIAN_POINT('',(7.403465439139,-21.13445875502,0.));
#6365 = DIRECTION('',(0.,0.,1.));
#6366 = DIRECTION('',(-0.85861555922,0.51262005566,0.));
#6367 = ADVANCED_FACE('',(#6368),#6387,.F.);
#6368 = FACE_BOUND('',#6369,.F.);
#6369 = EDGE_LOOP('',(#6370,#6371,#6379,#6386));
#6370 = ORIENTED_EDGE('',*,*,#1485,.T.);
#6371 = ORIENTED_EDGE('',*,*,#6372,.T.);
#6372 = EDGE_CURVE('',#1478,#6373,#6375,.T.);
#6373 = VERTEX_POINT('',#6374);
#6374 = CARTESIAN_POINT('',(1.832875579236,-29.53942403701,3.));
#6375 = LINE('',#6376,#6377);
#6376 = CARTESIAN_POINT('',(1.832875579236,-29.53942403701,0.));
#6377 = VECTOR('',#6378,1.);
#6378 = DIRECTION('',(0.,0.,1.));
#6379 = ORIENTED_EDGE('',*,*,#6380,.F.);
#6380 = EDGE_CURVE('',#6317,#6373,#6381,.T.);
#6381 = CIRCLE('',#6382,1.);
#6382 = AXIS2_PLACEMENT_3D('',#6383,#6384,#6385);
#6383 = CARTESIAN_POINT('',(2.691491138456,-29.02680398135,3.));
#6384 = DIRECTION('',(-0.,0.,1.));
#6385 = DIRECTION('',(0.,-1.,0.));
#6386 = ORIENTED_EDGE('',*,*,#6316,.F.);
#6387 = CYLINDRICAL_SURFACE('',#6388,1.);
#6388 = AXIS2_PLACEMENT_3D('',#6389,#6390,#6391);
#6389 = CARTESIAN_POINT('',(2.691491138456,-29.02680398135,0.));
#6390 = DIRECTION('',(0.,0.,1.));
#6391 = DIRECTION('',(-0.85861555922,0.51262005566,0.));
#6392 = ADVANCED_FACE('',(#6393),#6411,.T.);
#6393 = FACE_BOUND('',#6394,.T.);
#6394 = EDGE_LOOP('',(#6395,#6396,#6404,#6410));
#6395 = ORIENTED_EDGE('',*,*,#1460,.T.);
#6396 = ORIENTED_EDGE('',*,*,#6397,.T.);
#6397 = EDGE_CURVE('',#1461,#6398,#6400,.T.);
#6398 = VERTEX_POINT('',#6399);
#6399 = CARTESIAN_POINT('',(7.4427959558,-35.38132045199,3.));
#6400 = LINE('',#6401,#6402);
#6401 = CARTESIAN_POINT('',(7.4427959558,-35.38132045199,0.));
#6402 = VECTOR('',#6403,1.);
#6403 = DIRECTION('',(0.,0.,1.));
#6404 = ORIENTED_EDGE('',*,*,#6405,.F.);
#6405 = EDGE_CURVE('',#6348,#6398,#6406,.T.);
#6406 = LINE('',#6407,#6408);
#6407 = CARTESIAN_POINT('',(8.496260581501,-19.79531131475,3.));
#6408 = VECTOR('',#6409,1.);
#6409 = DIRECTION('',(-6.743653705027E-02,-0.997723565659,0.));
#6410 = ORIENTED_EDGE('',*,*,#6347,.F.);
#6411 = PLANE('',#6412);
#6412 = AXIS2_PLACEMENT_3D('',#6413,#6414,#6415);
#6413 = CARTESIAN_POINT('',(7.226980665109,-38.57430767776,-1.));
#6414 = DIRECTION('',(-0.997723565659,6.743653705027E-02,0.));
#6415 = DIRECTION('',(6.743653705027E-02,0.997723565659,0.));
#6416 = ADVANCED_FACE('',(#6417),#6435,.F.);
#6417 = FACE_BOUND('',#6418,.F.);
#6418 = EDGE_LOOP('',(#6419,#6427,#6428,#6429));
#6419 = ORIENTED_EDGE('',*,*,#6420,.F.);
#6420 = EDGE_CURVE('',#6373,#6421,#6423,.T.);
#6421 = VERTEX_POINT('',#6422);
#6422 = CARTESIAN_POINT('',(5.586456830921,-35.8265039706,3.));
#6423 = LINE('',#6424,#6425);
#6424 = CARTESIAN_POINT('',(-3.575356435983,-20.4808784244,3.));
#6425 = VECTOR('',#6426,1.);
#6426 = DIRECTION('',(0.51262005566,-0.85861555922,0.));
#6427 = ORIENTED_EDGE('',*,*,#6372,.F.);
#6428 = ORIENTED_EDGE('',*,*,#1477,.T.);
#6429 = ORIENTED_EDGE('',*,*,#6430,.T.);
#6430 = EDGE_CURVE('',#1469,#6421,#6431,.T.);
#6431 = LINE('',#6432,#6433);
#6432 = CARTESIAN_POINT('',(5.586456830921,-35.8265039706,0.));
#6433 = VECTOR('',#6434,1.);
#6434 = DIRECTION('',(0.,0.,1.));
#6435 = PLANE('',#6436);
#6436 = AXIS2_PLACEMENT_3D('',#6437,#6438,#6439);
#6437 = CARTESIAN_POINT('',(4.376903104956,-33.80055582956,1.5));
#6438 = DIRECTION('',(-0.85861555922,-0.51262005566,-0.));
#6439 = DIRECTION('',(0.51262005566,-0.85861555922,0.));
#6440 = ADVANCED_FACE('',(#6441),#6453,.F.);
#6441 = FACE_BOUND('',#6442,.F.);
#6442 = EDGE_LOOP('',(#6443,#6444,#6445,#6452));
#6443 = ORIENTED_EDGE('',*,*,#1468,.T.);
#6444 = ORIENTED_EDGE('',*,*,#6397,.T.);
#6445 = ORIENTED_EDGE('',*,*,#6446,.F.);
#6446 = EDGE_CURVE('',#6421,#6398,#6447,.T.);
#6447 = CIRCLE('',#6448,1.);
#6448 = AXIS2_PLACEMENT_3D('',#6449,#6450,#6451);
#6449 = CARTESIAN_POINT('',(6.445072390141,-35.31388391494,3.));
#6450 = DIRECTION('',(-0.,0.,1.));
#6451 = DIRECTION('',(0.,-1.,0.));
#6452 = ORIENTED_EDGE('',*,*,#6430,.F.);
#6453 = CYLINDRICAL_SURFACE('',#6454,1.);
#6454 = AXIS2_PLACEMENT_3D('',#6455,#6456,#6457);
#6455 = CARTESIAN_POINT('',(6.445072390141,-35.31388391494,0.));
#6456 = DIRECTION('',(0.,0.,1.));
#6457 = DIRECTION('',(-0.85861555922,-0.51262005566,0.));
#6458 = ADVANCED_FACE('',(#6459),#6484,.F.);
#6459 = FACE_BOUND('',#6460,.F.);
#6460 = EDGE_LOOP('',(#6461,#6462,#6470,#6478));
#6461 = ORIENTED_EDGE('',*,*,#1494,.T.);
#6462 = ORIENTED_EDGE('',*,*,#6463,.T.);
#6463 = EDGE_CURVE('',#1497,#6464,#6466,.T.);
#6464 = VERTEX_POINT('',#6465);
#6465 = CARTESIAN_POINT('',(-0.85861555922,-26.24450060909,3.));
#6466 = LINE('',#6467,#6468);
#6467 = CARTESIAN_POINT('',(-0.85861555922,-26.24450060909,0.));
#6468 = VECTOR('',#6469,1.);
#6469 = DIRECTION('',(0.,0.,1.));
#6470 = ORIENTED_EDGE('',*,*,#6471,.F.);
#6471 = EDGE_CURVE('',#6472,#6464,#6474,.T.);
#6472 = VERTEX_POINT('',#6473);
#6473 = CARTESIAN_POINT('',(-5.541126301717,-18.4015055188,3.));
#6474 = LINE('',#6475,#6476);
#6475 = CARTESIAN_POINT('',(-6.030799793384,-17.58132442319,3.));
#6476 = VECTOR('',#6477,1.);
#6477 = DIRECTION('',(0.51262005566,-0.85861555922,0.));
#6478 = ORIENTED_EDGE('',*,*,#6479,.F.);
#6479 = EDGE_CURVE('',#1495,#6472,#6480,.T.);
#6480 = LINE('',#6481,#6482);
#6481 = CARTESIAN_POINT('',(-5.541126301717,-18.4015055188,0.));
#6482 = VECTOR('',#6483,1.);
#6483 = DIRECTION('',(0.,0.,1.));
#6484 = PLANE('',#6485);
#6485 = AXIS2_PLACEMENT_3D('',#6486,#6487,#6488);
#6486 = CARTESIAN_POINT('',(-3.39E-15,-27.68264308985,-1.));
#6487 = DIRECTION('',(-0.85861555922,-0.51262005566,0.));
#6488 = DIRECTION('',(-0.51262005566,0.85861555922,0.));
#6489 = ADVANCED_FACE('',(#6490),#6509,.F.);
#6490 = FACE_BOUND('',#6491,.T.);
#6491 = EDGE_LOOP('',(#6492,#6493,#6501,#6508));
#6492 = ORIENTED_EDGE('',*,*,#1504,.T.);
#6493 = ORIENTED_EDGE('',*,*,#6494,.T.);
#6494 = EDGE_CURVE('',#1505,#6495,#6497,.T.);
#6495 = VERTEX_POINT('',#6496);
#6496 = CARTESIAN_POINT('',(-4.460467403818,-16.91384866602,3.));
#6497 = LINE('',#6498,#6499);
#6498 = CARTESIAN_POINT('',(-4.460467403818,-16.91384866602,0.));
#6499 = VECTOR('',#6500,1.);
#6500 = DIRECTION('',(0.,0.,1.));
#6501 = ORIENTED_EDGE('',*,*,#6502,.F.);
#6502 = EDGE_CURVE('',#6472,#6495,#6503,.T.);
#6503 = CIRCLE('',#6504,1.);
#6504 = AXIS2_PLACEMENT_3D('',#6505,#6506,#6507);
#6505 = CARTESIAN_POINT('',(-4.682510742497,-17.88888546314,3.));
#6506 = DIRECTION('',(-0.,-0.,-1.));
#6507 = DIRECTION('',(0.,-1.,0.));
#6508 = ORIENTED_EDGE('',*,*,#6479,.F.);
#6509 = CYLINDRICAL_SURFACE('',#6510,1.);
#6510 = AXIS2_PLACEMENT_3D('',#6511,#6512,#6513);
#6511 = CARTESIAN_POINT('',(-4.682510742497,-17.88888546314,0.));
#6512 = DIRECTION('',(0.,0.,1.));
#6513 = DIRECTION('',(-0.85861555922,-0.51262005566,0.));
#6514 = ADVANCED_FACE('',(#6515),#6534,.F.);
#6515 = FACE_BOUND('',#6516,.F.);
#6516 = EDGE_LOOP('',(#6517,#6518,#6526,#6533));
#6517 = ORIENTED_EDGE('',*,*,#1573,.T.);
#6518 = ORIENTED_EDGE('',*,*,#6519,.T.);
#6519 = EDGE_CURVE('',#1566,#6520,#6522,.T.);
#6520 = VERTEX_POINT('',#6521);
#6521 = CARTESIAN_POINT('',(0.85861555922,-26.24450060909,3.));
#6522 = LINE('',#6523,#6524);
#6523 = CARTESIAN_POINT('',(0.85861555922,-26.24450060909,0.));
#6524 = VECTOR('',#6525,1.);
#6525 = DIRECTION('',(0.,0.,1.));
#6526 = ORIENTED_EDGE('',*,*,#6527,.F.);
#6527 = EDGE_CURVE('',#6464,#6520,#6528,.T.);
#6528 = CIRCLE('',#6529,1.);
#6529 = AXIS2_PLACEMENT_3D('',#6530,#6531,#6532);
#6530 = CARTESIAN_POINT('',(-2.76E-15,-25.73188055343,3.));
#6531 = DIRECTION('',(-0.,0.,1.));
#6532 = DIRECTION('',(0.,-1.,0.));
#6533 = ORIENTED_EDGE('',*,*,#6463,.F.);
#6534 = CYLINDRICAL_SURFACE('',#6535,1.);
#6535 = AXIS2_PLACEMENT_3D('',#6536,#6537,#6538);
#6536 = CARTESIAN_POINT('',(-2.76E-15,-25.73188055343,0.));
#6537 = DIRECTION('',(0.,0.,1.));
#6538 = DIRECTION('',(-0.85861555922,-0.51262005566,0.));
#6539 = ADVANCED_FACE('',(#6540),#6558,.T.);
#6540 = FACE_BOUND('',#6541,.T.);
#6541 = EDGE_LOOP('',(#6542,#6543,#6551,#6557));
#6542 = ORIENTED_EDGE('',*,*,#1513,.T.);
#6543 = ORIENTED_EDGE('',*,*,#6544,.T.);
#6544 = EDGE_CURVE('',#1514,#6545,#6547,.T.);
#6545 = VERTEX_POINT('',#6546);
#6546 = CARTESIAN_POINT('',(-3.174623742183,-17.206671481,3.));
#6547 = LINE('',#6548,#6549);
#6548 = CARTESIAN_POINT('',(-3.174623742183,-17.206671481,0.));
#6549 = VECTOR('',#6550,1.);
#6550 = DIRECTION('',(0.,0.,1.));
#6551 = ORIENTED_EDGE('',*,*,#6552,.F.);
#6552 = EDGE_CURVE('',#6495,#6545,#6553,.T.);
#6553 = LINE('',#6554,#6555);
#6554 = CARTESIAN_POINT('',(-3.116582394436,-17.21988913051,3.));
#6555 = VECTOR('',#6556,1.);
#6556 = DIRECTION('',(0.975036797125,-0.222043338679,0.));
#6557 = ORIENTED_EDGE('',*,*,#6494,.F.);
#6558 = PLANE('',#6559);
#6559 = AXIS2_PLACEMENT_3D('',#6560,#6561,#6562);
#6560 = CARTESIAN_POINT('',(-2.316103361956,-17.4021807501,-1.));
#6561 = DIRECTION('',(-0.222043338679,-0.975036797125,0.));
#6562 = DIRECTION('',(-0.975036797125,0.222043338679,0.));
#6563 = ADVANCED_FACE('',(#6564),#6582,.T.);
#6564 = FACE_BOUND('',#6565,.T.);
#6565 = EDGE_LOOP('',(#6566,#6567,#6568,#6576));
#6566 = ORIENTED_EDGE('',*,*,#1565,.T.);
#6567 = ORIENTED_EDGE('',*,*,#6519,.T.);
#6568 = ORIENTED_EDGE('',*,*,#6569,.F.);
#6569 = EDGE_CURVE('',#6570,#6520,#6572,.T.);
#6570 = VERTEX_POINT('',#6571);
#6571 = CARTESIAN_POINT('',(5.541126301717,-18.4015055188,3.));
#6572 = LINE('',#6573,#6574);
#6573 = CARTESIAN_POINT('',(6.000197011574,-17.63258270762,3.));
#6574 = VECTOR('',#6575,1.);
#6575 = DIRECTION('',(-0.51262005566,-0.85861555922,0.));
#6576 = ORIENTED_EDGE('',*,*,#6577,.F.);
#6577 = EDGE_CURVE('',#1557,#6570,#6578,.T.);
#6578 = LINE('',#6579,#6580);
#6579 = CARTESIAN_POINT('',(5.541126301717,-18.4015055188,0.));
#6580 = VECTOR('',#6581,1.);
#6581 = DIRECTION('',(0.,0.,1.));
#6582 = PLANE('',#6583);
#6583 = AXIS2_PLACEMENT_3D('',#6584,#6585,#6586);
#6584 = CARTESIAN_POINT('',(-3.39E-15,-27.68264308985,-1.));
#6585 = DIRECTION('',(-0.85861555922,0.51262005566,0.));
#6586 = DIRECTION('',(0.51262005566,0.85861555922,0.));
#6587 = ADVANCED_FACE('',(#6588),#6607,.F.);
#6588 = FACE_BOUND('',#6589,.F.);
#6589 = EDGE_LOOP('',(#6590,#6591,#6592,#6601));
#6590 = ORIENTED_EDGE('',*,*,#1521,.T.);
#6591 = ORIENTED_EDGE('',*,*,#6544,.T.);
#6592 = ORIENTED_EDGE('',*,*,#6593,.F.);
#6593 = EDGE_CURVE('',#6594,#6545,#6596,.T.);
#6594 = VERTEX_POINT('',#6595);
#6595 = CARTESIAN_POINT('',(-2.397647351197,-18.1374411375,3.));
#6596 = CIRCLE('',#6597,1.);
#6597 = AXIS2_PLACEMENT_3D('',#6598,#6599,#6600);
#6598 = CARTESIAN_POINT('',(-3.396667080862,-18.18170827813,3.));
#6599 = DIRECTION('',(-0.,0.,1.));
#6600 = DIRECTION('',(0.,-1.,0.));
#6601 = ORIENTED_EDGE('',*,*,#6602,.F.);
#6602 = EDGE_CURVE('',#1522,#6594,#6603,.T.);
#6603 = LINE('',#6604,#6605);
#6604 = CARTESIAN_POINT('',(-2.397647351197,-18.1374411375,0.));
#6605 = VECTOR('',#6606,1.);
#6606 = DIRECTION('',(0.,0.,1.));
#6607 = CYLINDRICAL_SURFACE('',#6608,1.);
#6608 = AXIS2_PLACEMENT_3D('',#6609,#6610,#6611);
#6609 = CARTESIAN_POINT('',(-3.396667080862,-18.18170827813,0.));
#6610 = DIRECTION('',(0.,0.,1.));
#6611 = DIRECTION('',(0.999019729665,4.426714062769E-02,0.));
#6612 = ADVANCED_FACE('',(#6613),#6632,.F.);
#6613 = FACE_BOUND('',#6614,.F.);
#6614 = EDGE_LOOP('',(#6615,#6616,#6624,#6631));
#6615 = ORIENTED_EDGE('',*,*,#1556,.T.);
#6616 = ORIENTED_EDGE('',*,*,#6617,.T.);
#6617 = EDGE_CURVE('',#1549,#6618,#6620,.T.);
#6618 = VERTEX_POINT('',#6619);
#6619 = CARTESIAN_POINT('',(4.460467403818,-16.91384866602,3.));
#6620 = LINE('',#6621,#6622);
#6621 = CARTESIAN_POINT('',(4.460467403818,-16.91384866602,0.));
#6622 = VECTOR('',#6623,1.);
#6623 = DIRECTION('',(0.,0.,1.));
#6624 = ORIENTED_EDGE('',*,*,#6625,.F.);
#6625 = EDGE_CURVE('',#6570,#6618,#6626,.T.);
#6626 = CIRCLE('',#6627,1.);
#6627 = AXIS2_PLACEMENT_3D('',#6628,#6629,#6630);
#6628 = CARTESIAN_POINT('',(4.682510742497,-17.88888546314,3.));
#6629 = DIRECTION('',(-0.,0.,1.));
#6630 = DIRECTION('',(0.,-1.,0.));
#6631 = ORIENTED_EDGE('',*,*,#6577,.F.);
#6632 = CYLINDRICAL_SURFACE('',#6633,1.);
#6633 = AXIS2_PLACEMENT_3D('',#6634,#6635,#6636);
#6634 = CARTESIAN_POINT('',(4.682510742497,-17.88888546314,0.));
#6635 = DIRECTION('',(0.,0.,1.));
#6636 = DIRECTION('',(0.85861555922,-0.51262005566,0.));
#6637 = ADVANCED_FACE('',(#6638),#6657,.T.);
#6638 = FACE_BOUND('',#6639,.F.);
#6639 = EDGE_LOOP('',(#6640,#6641,#6642,#6651));
#6640 = ORIENTED_EDGE('',*,*,#1530,.T.);
#6641 = ORIENTED_EDGE('',*,*,#6602,.T.);
#6642 = ORIENTED_EDGE('',*,*,#6643,.F.);
#6643 = EDGE_CURVE('',#6644,#6594,#6646,.T.);
#6644 = VERTEX_POINT('',#6645);
#6645 = CARTESIAN_POINT('',(2.397647351197,-18.1374411375,3.));
#6646 = CIRCLE('',#6647,2.4);
#6647 = AXIS2_PLACEMENT_3D('',#6648,#6649,#6650);
#6648 = CARTESIAN_POINT('',(-2.21E-15,-18.0312,3.));
#6649 = DIRECTION('',(0.,0.,-1.));
#6650 = DIRECTION('',(-1.,1.2E-16,0.));
#6651 = ORIENTED_EDGE('',*,*,#6652,.F.);
#6652 = EDGE_CURVE('',#1531,#6644,#6653,.T.);
#6653 = LINE('',#6654,#6655);
#6654 = CARTESIAN_POINT('',(2.397647351197,-18.1374411375,0.));
#6655 = VECTOR('',#6656,1.);
#6656 = DIRECTION('',(0.,0.,1.));
#6657 = CYLINDRICAL_SURFACE('',#6658,2.4);
#6658 = AXIS2_PLACEMENT_3D('',#6659,#6660,#6661);
#6659 = CARTESIAN_POINT('',(-2.21E-15,-18.0312,-1.));
#6660 = DIRECTION('',(-0.,-0.,-1.));
#6661 = DIRECTION('',(-1.,1.2E-16,0.));
#6662 = ADVANCED_FACE('',(#6663),#6681,.T.);
#6663 = FACE_BOUND('',#6664,.T.);
#6664 = EDGE_LOOP('',(#6665,#6666,#6667,#6675));
#6665 = ORIENTED_EDGE('',*,*,#1548,.T.);
#6666 = ORIENTED_EDGE('',*,*,#6617,.T.);
#6667 = ORIENTED_EDGE('',*,*,#6668,.F.);
#6668 = EDGE_CURVE('',#6669,#6618,#6671,.T.);
#6669 = VERTEX_POINT('',#6670);
#6670 = CARTESIAN_POINT('',(3.174623742183,-17.206671481,3.));
#6671 = LINE('',#6672,#6673);
#6672 = CARTESIAN_POINT('',(5.217369053289,-16.7414808438,3.));
#6673 = VECTOR('',#6674,1.);
#6674 = DIRECTION('',(0.975036797125,0.222043338679,0.));
#6675 = ORIENTED_EDGE('',*,*,#6676,.F.);
#6676 = EDGE_CURVE('',#1540,#6669,#6677,.T.);
#6677 = LINE('',#6678,#6679);
#6678 = CARTESIAN_POINT('',(3.174623742183,-17.206671481,0.));
#6679 = VECTOR('',#6680,1.);
#6680 = DIRECTION('',(0.,0.,1.));
#6681 = PLANE('',#6682);
#6682 = AXIS2_PLACEMENT_3D('',#6683,#6684,#6685);
#6683 = CARTESIAN_POINT('',(6.739109364863,-16.39493771807,-1.));
#6684 = DIRECTION('',(0.222043338679,-0.975036797125,0.));
#6685 = DIRECTION('',(-0.975036797125,-0.222043338679,0.));
#6686 = ADVANCED_FACE('',(#6687),#6699,.F.);
#6687 = FACE_BOUND('',#6688,.F.);
#6688 = EDGE_LOOP('',(#6689,#6690,#6691,#6698));
#6689 = ORIENTED_EDGE('',*,*,#1539,.T.);
#6690 = ORIENTED_EDGE('',*,*,#6652,.T.);
#6691 = ORIENTED_EDGE('',*,*,#6692,.F.);
#6692 = EDGE_CURVE('',#6669,#6644,#6693,.T.);
#6693 = CIRCLE('',#6694,1.);
#6694 = AXIS2_PLACEMENT_3D('',#6695,#6696,#6697);
#6695 = CARTESIAN_POINT('',(3.396667080862,-18.18170827813,3.));
#6696 = DIRECTION('',(-0.,0.,1.));
#6697 = DIRECTION('',(0.,-1.,0.));
#6698 = ORIENTED_EDGE('',*,*,#6676,.F.);
#6699 = CYLINDRICAL_SURFACE('',#6700,1.);
#6700 = AXIS2_PLACEMENT_3D('',#6701,#6702,#6703);
#6701 = CARTESIAN_POINT('',(3.396667080862,-18.18170827813,0.));
#6702 = DIRECTION('',(0.,0.,1.));
#6703 = DIRECTION('',(-0.222043338679,0.975036797125,0.));
#6704 = ADVANCED_FACE('',(#6705),#6730,.F.);
#6705 = FACE_BOUND('',#6706,.F.);
#6706 = EDGE_LOOP('',(#6707,#6708,#6716,#6724));
#6707 = ORIENTED_EDGE('',*,*,#1582,.T.);
#6708 = ORIENTED_EDGE('',*,*,#6709,.T.);
#6709 = EDGE_CURVE('',#1585,#6710,#6712,.T.);
#6710 = VERTEX_POINT('',#6711);
#6711 = CARTESIAN_POINT('',(1.,-12.78716379135,3.));
#6712 = LINE('',#6713,#6714);
#6713 = CARTESIAN_POINT('',(1.,-12.78716379135,0.));
#6714 = VECTOR('',#6715,1.);
#6715 = DIRECTION('',(0.,0.,1.));
#6716 = ORIENTED_EDGE('',*,*,#6717,.F.);
#6717 = EDGE_CURVE('',#6718,#6710,#6720,.T.);
#6718 = VERTEX_POINT('',#6719);
#6719 = CARTESIAN_POINT('',(1.,-3.972795927977,3.));
#6720 = LINE('',#6721,#6722);
#6721 = CARTESIAN_POINT('',(1.,-7.194440482554,3.));
#6722 = VECTOR('',#6723,1.);
#6723 = DIRECTION('',(-1.2E-16,-1.,0.));
#6724 = ORIENTED_EDGE('',*,*,#6725,.F.);
#6725 = EDGE_CURVE('',#1583,#6718,#6726,.T.);
#6726 = LINE('',#6727,#6728);
#6727 = CARTESIAN_POINT('',(1.,-3.972795927977,0.));
#6728 = VECTOR('',#6729,1.);
#6729 = DIRECTION('',(0.,0.,1.));
#6730 = PLANE('',#6731);
#6731 = AXIS2_PLACEMENT_3D('',#6732,#6733,#6734);
#6732 = CARTESIAN_POINT('',(1.,-14.04049427311,-1.));
#6733 = DIRECTION('',(-1.,1.2E-16,0.));
#6734 = DIRECTION('',(1.2E-16,1.,0.));
#6735 = ADVANCED_FACE('',(#6736),#6755,.F.);
#6736 = FACE_BOUND('',#6737,.T.);
#6737 = EDGE_LOOP('',(#6738,#6739,#6747,#6754));
#6738 = ORIENTED_EDGE('',*,*,#1592,.T.);
#6739 = ORIENTED_EDGE('',*,*,#6740,.T.);
#6740 = EDGE_CURVE('',#1593,#6741,#6743,.T.);
#6741 = VERTEX_POINT('',#6742);
#6742 = CARTESIAN_POINT('',(2.604194813358,-3.17595929007,3.));
#6743 = LINE('',#6744,#6745);
#6744 = CARTESIAN_POINT('',(2.604194813358,-3.17595929007,0.));
#6745 = VECTOR('',#6746,1.);
#6746 = DIRECTION('',(0.,0.,1.));
#6747 = ORIENTED_EDGE('',*,*,#6748,.F.);
#6748 = EDGE_CURVE('',#6718,#6741,#6749,.T.);
#6749 = CIRCLE('',#6750,1.);
#6750 = AXIS2_PLACEMENT_3D('',#6751,#6752,#6753);
#6751 = CARTESIAN_POINT('',(2.,-3.972795927977,3.));
#6752 = DIRECTION('',(-0.,-0.,-1.));
#6753 = DIRECTION('',(0.,-1.,0.));
#6754 = ORIENTED_EDGE('',*,*,#6725,.F.);
#6755 = CYLINDRICAL_SURFACE('',#6756,1.);
#6756 = AXIS2_PLACEMENT_3D('',#6757,#6758,#6759);
#6757 = CARTESIAN_POINT('',(2.,-3.972795927977,0.));
#6758 = DIRECTION('',(0.,0.,1.));
#6759 = DIRECTION('',(-1.,1.2E-16,0.));
#6760 = ADVANCED_FACE('',(#6761),#6780,.F.);
#6761 = FACE_BOUND('',#6762,.F.);
#6762 = EDGE_LOOP('',(#6763,#6764,#6772,#6779));
#6763 = ORIENTED_EDGE('',*,*,#1626,.T.);
#6764 = ORIENTED_EDGE('',*,*,#6765,.T.);
#6765 = EDGE_CURVE('',#1619,#6766,#6768,.T.);
#6766 = VERTEX_POINT('',#6767);
#6767 = CARTESIAN_POINT('',(2.222043338679,-13.76220058847,3.));
#6768 = LINE('',#6769,#6770);
#6769 = CARTESIAN_POINT('',(2.222043338679,-13.76220058847,0.));
#6770 = VECTOR('',#6771,1.);
#6771 = DIRECTION('',(0.,0.,1.));
#6772 = ORIENTED_EDGE('',*,*,#6773,.F.);
#6773 = EDGE_CURVE('',#6710,#6766,#6774,.T.);
#6774 = CIRCLE('',#6775,1.);
#6775 = AXIS2_PLACEMENT_3D('',#6776,#6777,#6778);
#6776 = CARTESIAN_POINT('',(2.,-12.78716379135,3.));
#6777 = DIRECTION('',(-0.,0.,1.));
#6778 = DIRECTION('',(0.,-1.,0.));
#6779 = ORIENTED_EDGE('',*,*,#6709,.F.);
#6780 = CYLINDRICAL_SURFACE('',#6781,1.);
#6781 = AXIS2_PLACEMENT_3D('',#6782,#6783,#6784);
#6782 = CARTESIAN_POINT('',(2.,-12.78716379135,0.));
#6783 = DIRECTION('',(0.,0.,1.));
#6784 = DIRECTION('',(-1.,1.2E-16,0.));
#6785 = ADVANCED_FACE('',(#6786),#6804,.T.);
#6786 = FACE_BOUND('',#6787,.T.);
#6787 = EDGE_LOOP('',(#6788,#6789,#6797,#6803));
#6788 = ORIENTED_EDGE('',*,*,#1601,.T.);
#6789 = ORIENTED_EDGE('',*,*,#6790,.T.);
#6790 = EDGE_CURVE('',#1602,#6791,#6793,.T.);
#6791 = VERTEX_POINT('',#6792);
#6792 = CARTESIAN_POINT('',(11.543988688776,-9.954484316486,3.));
#6793 = LINE('',#6794,#6795);
#6794 = CARTESIAN_POINT('',(11.543988688776,-9.954484316486,0.));
#6795 = VECTOR('',#6796,1.);
#6796 = DIRECTION('',(0.,0.,1.));
#6797 = ORIENTED_EDGE('',*,*,#6798,.F.);
#6798 = EDGE_CURVE('',#6741,#6791,#6799,.T.);
#6799 = LINE('',#6800,#6801);
#6800 = CARTESIAN_POINT('',(6.38410544717,-6.042045375047,3.));
#6801 = VECTOR('',#6802,1.);
#6802 = DIRECTION('',(0.796836637907,-0.604194813358,0.));
#6803 = ORIENTED_EDGE('',*,*,#6740,.F.);
#6804 = PLANE('',#6805);
#6805 = AXIS2_PLACEMENT_3D('',#6806,#6807,#6808);
#6806 = CARTESIAN_POINT('',(13.252810373284,-11.25018427506,-1.));
#6807 = DIRECTION('',(-0.604194813358,-0.796836637907,0.));
#6808 = DIRECTION('',(-0.796836637907,0.604194813358,0.));
#6809 = ADVANCED_FACE('',(#6810),#6828,.F.);
#6810 = FACE_BOUND('',#6811,.F.);
#6811 = EDGE_LOOP('',(#6812,#6820,#6821,#6822));
#6812 = ORIENTED_EDGE('',*,*,#6813,.F.);
#6813 = EDGE_CURVE('',#6766,#6814,#6816,.T.);
#6814 = VERTEX_POINT('',#6815);
#6815 = CARTESIAN_POINT('',(11.161837214097,-11.72635775151,3.));
#6816 = LINE('',#6817,#6818);
#6817 = CARTESIAN_POINT('',(5.014669604637,-13.12624093895,3.));
#6818 = VECTOR('',#6819,1.);
#6819 = DIRECTION('',(0.975036797125,0.222043338679,0.));
#6820 = ORIENTED_EDGE('',*,*,#6765,.F.);
#6821 = ORIENTED_EDGE('',*,*,#1618,.T.);
#6822 = ORIENTED_EDGE('',*,*,#6823,.T.);
#6823 = EDGE_CURVE('',#1610,#6814,#6824,.T.);
#6824 = LINE('',#6825,#6826);
#6825 = CARTESIAN_POINT('',(11.161837214097,-11.72635775151,0.));
#6826 = VECTOR('',#6827,1.);
#6827 = DIRECTION('',(0.,0.,1.));
#6828 = PLANE('',#6829);
#6829 = AXIS2_PLACEMENT_3D('',#6830,#6831,#6832);
#6830 = CARTESIAN_POINT('',(7.126405186642,-12.64533927409,1.5));
#6831 = DIRECTION('',(0.222043338679,-0.975036797125,0.));
#6832 = DIRECTION('',(-0.975036797125,-0.222043338679,0.));
#6833 = ADVANCED_FACE('',(#6834),#6846,.F.);
#6834 = FACE_BOUND('',#6835,.F.);
#6835 = EDGE_LOOP('',(#6836,#6837,#6838,#6845));
#6836 = ORIENTED_EDGE('',*,*,#1609,.T.);
#6837 = ORIENTED_EDGE('',*,*,#6790,.T.);
#6838 = ORIENTED_EDGE('',*,*,#6839,.F.);
#6839 = EDGE_CURVE('',#6814,#6791,#6840,.T.);
#6840 = CIRCLE('',#6841,1.);
#6841 = AXIS2_PLACEMENT_3D('',#6842,#6843,#6844);
#6842 = CARTESIAN_POINT('',(10.939793875418,-10.75132095439,3.));
#6843 = DIRECTION('',(-0.,0.,1.));
#6844 = DIRECTION('',(0.,-1.,0.));
#6845 = ORIENTED_EDGE('',*,*,#6823,.F.);
#6846 = CYLINDRICAL_SURFACE('',#6847,1.);
#6847 = AXIS2_PLACEMENT_3D('',#6848,#6849,#6850);
#6848 = CARTESIAN_POINT('',(10.939793875418,-10.75132095439,0.));
#6849 = DIRECTION('',(0.,0.,1.));
#6850 = DIRECTION('',(0.222043338679,-0.975036797125,0.));
#6851 = ADVANCED_FACE('',(#6852),#6877,.F.);
#6852 = FACE_BOUND('',#6853,.F.);
#6853 = EDGE_LOOP('',(#6854,#6855,#6863,#6871));
#6854 = ORIENTED_EDGE('',*,*,#1635,.T.);
#6855 = ORIENTED_EDGE('',*,*,#6856,.T.);
#6856 = EDGE_CURVE('',#1638,#6857,#6859,.T.);
#6857 = VERTEX_POINT('',#6858);
#6858 = CARTESIAN_POINT('',(12.857005186642,-8.440143503411,3.));
#6859 = LINE('',#6860,#6861);
#6860 = CARTESIAN_POINT('',(12.857005186642,-8.440143503411,0.));
#6861 = VECTOR('',#6862,1.);
#6862 = DIRECTION('',(0.,0.,1.));
#6863 = ORIENTED_EDGE('',*,*,#6864,.F.);
#6864 = EDGE_CURVE('',#6865,#6857,#6867,.T.);
#6865 = VERTEX_POINT('',#6866);
#6866 = CARTESIAN_POINT('',(5.414383088659,-2.796836637907,3.));
#6867 = LINE('',#6868,#6869);
#6868 = CARTESIAN_POINT('',(7.592495073886,-4.448372099233,3.));
#6869 = VECTOR('',#6870,1.);
#6870 = DIRECTION('',(0.796836637907,-0.604194813358,0.));
#6871 = ORIENTED_EDGE('',*,*,#6872,.F.);
#6872 = EDGE_CURVE('',#1636,#6865,#6873,.T.);
#6873 = LINE('',#6874,#6875);
#6874 = CARTESIAN_POINT('',(5.414383088659,-2.796836637907,0.));
#6875 = VECTOR('',#6876,1.);
#6876 = DIRECTION('',(0.,0.,1.));
#6877 = PLANE('',#6878);
#6878 = AXIS2_PLACEMENT_3D('',#6879,#6880,#6881);
#6879 = CARTESIAN_POINT('',(14.4612,-9.656510999254,-1.));
#6880 = DIRECTION('',(-0.604194813358,-0.796836637907,0.));
#6881 = DIRECTION('',(-0.796836637907,0.604194813358,0.));
#6882 = ADVANCED_FACE('',(#6883),#6902,.F.);
#6883 = FACE_BOUND('',#6884,.T.);
#6884 = EDGE_LOOP('',(#6885,#6886,#6894,#6901));
#6885 = ORIENTED_EDGE('',*,*,#1645,.T.);
#6886 = ORIENTED_EDGE('',*,*,#6887,.T.);
#6887 = EDGE_CURVE('',#1646,#6888,#6890,.T.);
#6888 = VERTEX_POINT('',#6889);
#6889 = CARTESIAN_POINT('',(6.018577902017,-1.,3.));
#6890 = LINE('',#6891,#6892);
#6891 = CARTESIAN_POINT('',(6.018577902017,-1.,0.));
#6892 = VECTOR('',#6893,1.);
#6893 = DIRECTION('',(0.,0.,1.));
#6894 = ORIENTED_EDGE('',*,*,#6895,.F.);
#6895 = EDGE_CURVE('',#6865,#6888,#6896,.T.);
#6896 = CIRCLE('',#6897,1.);
#6897 = AXIS2_PLACEMENT_3D('',#6898,#6899,#6900);
#6898 = CARTESIAN_POINT('',(6.018577902017,-2.,3.));
#6899 = DIRECTION('',(-0.,-0.,-1.));
#6900 = DIRECTION('',(0.,-1.,0.));
#6901 = ORIENTED_EDGE('',*,*,#6872,.F.);
#6902 = CYLINDRICAL_SURFACE('',#6903,1.);
#6903 = AXIS2_PLACEMENT_3D('',#6904,#6905,#6906);
#6904 = CARTESIAN_POINT('',(6.018577902017,-2.,0.));
#6905 = DIRECTION('',(0.,0.,1.));
#6906 = DIRECTION('',(-0.604194813358,-0.796836637907,0.));
#6907 = ADVANCED_FACE('',(#6908),#6927,.F.);
#6908 = FACE_BOUND('',#6909,.F.);
#6909 = EDGE_LOOP('',(#6910,#6911,#6919,#6926));
#6910 = ORIENTED_EDGE('',*,*,#1679,.T.);
#6911 = ORIENTED_EDGE('',*,*,#6912,.T.);
#6912 = EDGE_CURVE('',#1672,#6913,#6915,.T.);
#6913 = VERTEX_POINT('',#6914);
#6914 = CARTESIAN_POINT('',(14.4612,-7.643306865504,3.));
#6915 = LINE('',#6916,#6917);
#6916 = CARTESIAN_POINT('',(14.4612,-7.643306865504,0.));
#6917 = VECTOR('',#6918,1.);
#6918 = DIRECTION('',(0.,0.,1.));
#6919 = ORIENTED_EDGE('',*,*,#6920,.F.);
#6920 = EDGE_CURVE('',#6857,#6913,#6921,.T.);
#6921 = CIRCLE('',#6922,1.);
#6922 = AXIS2_PLACEMENT_3D('',#6923,#6924,#6925);
#6923 = CARTESIAN_POINT('',(13.4612,-7.643306865504,3.));
#6924 = DIRECTION('',(-0.,0.,1.));
#6925 = DIRECTION('',(0.,-1.,0.));
#6926 = ORIENTED_EDGE('',*,*,#6856,.F.);
#6927 = CYLINDRICAL_SURFACE('',#6928,1.);
#6928 = AXIS2_PLACEMENT_3D('',#6929,#6930,#6931);
#6929 = CARTESIAN_POINT('',(13.4612,-7.643306865504,0.));
#6930 = DIRECTION('',(0.,0.,1.));
#6931 = DIRECTION('',(-0.604194813358,-0.796836637907,0.));
#6932 = ADVANCED_FACE('',(#6933),#6951,.T.);
#6933 = FACE_BOUND('',#6934,.T.);
#6934 = EDGE_LOOP('',(#6935,#6936,#6944,#6950));
#6935 = ORIENTED_EDGE('',*,*,#1654,.T.);
#6936 = ORIENTED_EDGE('',*,*,#6937,.T.);
#6937 = EDGE_CURVE('',#1655,#6938,#6940,.T.);
#6938 = VERTEX_POINT('',#6939);
#6939 = CARTESIAN_POINT('',(13.4612,-1.,3.));
#6940 = LINE('',#6941,#6942);
#6941 = CARTESIAN_POINT('',(13.4612,-1.,0.));
#6942 = VECTOR('',#6943,1.);
#6943 = DIRECTION('',(0.,0.,1.));
#6944 = ORIENTED_EDGE('',*,*,#6945,.F.);
#6945 = EDGE_CURVE('',#6888,#6938,#6946,.T.);
#6946 = LINE('',#6947,#6948);
#6947 = CARTESIAN_POINT('',(7.172370947502,-1.,3.));
#6948 = VECTOR('',#6949,1.);
#6949 = DIRECTION('',(1.,-1.2E-16,0.));
#6950 = ORIENTED_EDGE('',*,*,#6887,.F.);
#6951 = PLANE('',#6952);
#6952 = AXIS2_PLACEMENT_3D('',#6953,#6954,#6955);
#6953 = CARTESIAN_POINT('',(14.4612,-1.,-1.));
#6954 = DIRECTION('',(-1.2E-16,-1.,0.));
#6955 = DIRECTION('',(-1.,1.2E-16,0.));
#6956 = ADVANCED_FACE('',(#6957),#6975,.F.);
#6957 = FACE_BOUND('',#6958,.F.);
#6958 = EDGE_LOOP('',(#6959,#6960,#6968,#6974));
#6959 = ORIENTED_EDGE('',*,*,#1671,.T.);
#6960 = ORIENTED_EDGE('',*,*,#6961,.T.);
#6961 = EDGE_CURVE('',#1663,#6962,#6964,.T.);
#6962 = VERTEX_POINT('',#6963);
#6963 = CARTESIAN_POINT('',(14.4612,-2.,3.));
#6964 = LINE('',#6965,#6966);
#6965 = CARTESIAN_POINT('',(14.4612,-2.,0.));
#6966 = VECTOR('',#6967,1.);
#6967 = DIRECTION('',(0.,0.,1.));
#6968 = ORIENTED_EDGE('',*,*,#6969,.F.);
#6969 = EDGE_CURVE('',#6913,#6962,#6970,.T.);
#6970 = LINE('',#6971,#6972);
#6971 = CARTESIAN_POINT('',(14.4612,-0.674193345996,3.));
#6972 = VECTOR('',#6973,1.);
#6973 = DIRECTION('',(1.2E-16,1.,0.));
#6974 = ORIENTED_EDGE('',*,*,#6912,.F.);
#6975 = PLANE('',#6976);
#6976 = AXIS2_PLACEMENT_3D('',#6977,#6978,#6979);
#6977 = CARTESIAN_POINT('',(14.4612,-1.,-1.));
#6978 = DIRECTION('',(1.,-1.2E-16,0.));
#6979 = DIRECTION('',(-1.2E-16,-1.,0.));
#6980 = ADVANCED_FACE('',(#6981),#6993,.F.);
#6981 = FACE_BOUND('',#6982,.F.);
#6982 = EDGE_LOOP('',(#6983,#6984,#6985,#6992));
#6983 = ORIENTED_EDGE('',*,*,#1662,.T.);
#6984 = ORIENTED_EDGE('',*,*,#6937,.T.);
#6985 = ORIENTED_EDGE('',*,*,#6986,.F.);
#6986 = EDGE_CURVE('',#6962,#6938,#6987,.T.);
#6987 = CIRCLE('',#6988,1.);
#6988 = AXIS2_PLACEMENT_3D('',#6989,#6990,#6991);
#6989 = CARTESIAN_POINT('',(13.4612,-2.,3.));
#6990 = DIRECTION('',(-0.,0.,1.));
#6991 = DIRECTION('',(0.,-1.,0.));
#6992 = ORIENTED_EDGE('',*,*,#6961,.F.);
#6993 = CYLINDRICAL_SURFACE('',#6994,1.);
#6994 = AXIS2_PLACEMENT_3D('',#6995,#6996,#6997);
#6995 = CARTESIAN_POINT('',(13.4612,-2.,0.));
#6996 = DIRECTION('',(0.,0.,1.));
#6997 = DIRECTION('',(1.,-1.2E-16,0.));
#6998 = ADVANCED_FACE('',(#6999),#7024,.T.);
#6999 = FACE_BOUND('',#7000,.T.);
#7000 = EDGE_LOOP('',(#7001,#7002,#7010,#7018));
#7001 = ORIENTED_EDGE('',*,*,#1688,.T.);
#7002 = ORIENTED_EDGE('',*,*,#7003,.T.);
#7003 = EDGE_CURVE('',#1691,#7004,#7006,.T.);
#7004 = VERTEX_POINT('',#7005);
#7005 = CARTESIAN_POINT('',(-5.414383088659,2.796836637907,3.));
#7006 = LINE('',#7007,#7008);
#7007 = CARTESIAN_POINT('',(-5.414383088659,2.796836637907,0.));
#7008 = VECTOR('',#7009,1.);
#7009 = DIRECTION('',(0.,0.,1.));
#7010 = ORIENTED_EDGE('',*,*,#7011,.F.);
#7011 = EDGE_CURVE('',#7012,#7004,#7014,.T.);
#7012 = VERTEX_POINT('',#7013);
#7013 = CARTESIAN_POINT('',(-12.85700518664,8.440143503411,3.));
#7014 = LINE('',#7015,#7016);
#7015 = CARTESIAN_POINT('',(-1.790432116622,4.900568108841E-02,3.));
#7016 = VECTOR('',#7017,1.);
#7017 = DIRECTION('',(0.796836637907,-0.604194813358,0.));
#7018 = ORIENTED_EDGE('',*,*,#7019,.F.);
#7019 = EDGE_CURVE('',#1689,#7012,#7020,.T.);
#7020 = LINE('',#7021,#7022);
#7021 = CARTESIAN_POINT('',(-12.85700518664,8.440143503411,0.));
#7022 = VECTOR('',#7023,1.);
#7023 = DIRECTION('',(0.,0.,1.));
#7024 = PLANE('',#7025);
#7025 = AXIS2_PLACEMENT_3D('',#7026,#7027,#7028);
#7026 = CARTESIAN_POINT('',(-3.044642015477,1.,-1.));
#7027 = DIRECTION('',(-0.604194813358,-0.796836637907,0.));
#7028 = DIRECTION('',(-0.796836637907,0.604194813358,0.));
#7029 = ADVANCED_FACE('',(#7030),#7049,.F.);
#7030 = FACE_BOUND('',#7031,.F.);
#7031 = EDGE_LOOP('',(#7032,#7033,#7041,#7048));
#7032 = ORIENTED_EDGE('',*,*,#1732,.T.);
#7033 = ORIENTED_EDGE('',*,*,#7034,.T.);
#7034 = EDGE_CURVE('',#1725,#7035,#7037,.T.);
#7035 = VERTEX_POINT('',#7036);
#7036 = CARTESIAN_POINT('',(-14.4612,7.643306865504,3.));
#7037 = LINE('',#7038,#7039);
#7038 = CARTESIAN_POINT('',(-14.4612,7.643306865504,0.));
#7039 = VECTOR('',#7040,1.);
#7040 = DIRECTION('',(0.,0.,1.));
#7041 = ORIENTED_EDGE('',*,*,#7042,.F.);
#7042 = EDGE_CURVE('',#7012,#7035,#7043,.T.);
#7043 = CIRCLE('',#7044,1.);
#7044 = AXIS2_PLACEMENT_3D('',#7045,#7046,#7047);
#7045 = CARTESIAN_POINT('',(-13.4612,7.643306865504,3.));
#7046 = DIRECTION('',(-0.,0.,1.));
#7047 = DIRECTION('',(0.,-1.,0.));
#7048 = ORIENTED_EDGE('',*,*,#7019,.F.);
#7049 = CYLINDRICAL_SURFACE('',#7050,1.);
#7050 = AXIS2_PLACEMENT_3D('',#7051,#7052,#7053);
#7051 = CARTESIAN_POINT('',(-13.4612,7.643306865504,0.));
#7052 = DIRECTION('',(0.,0.,1.));
#7053 = DIRECTION('',(0.604194813358,0.796836637907,0.));
#7054 = ADVANCED_FACE('',(#7055),#7074,.F.);
#7055 = FACE_BOUND('',#7056,.T.);
#7056 = EDGE_LOOP('',(#7057,#7058,#7066,#7073));
#7057 = ORIENTED_EDGE('',*,*,#1698,.T.);
#7058 = ORIENTED_EDGE('',*,*,#7059,.T.);
#7059 = EDGE_CURVE('',#1699,#7060,#7062,.T.);
#7060 = VERTEX_POINT('',#7061);
#7061 = CARTESIAN_POINT('',(-6.018577902017,1.,3.));
#7062 = LINE('',#7063,#7064);
#7063 = CARTESIAN_POINT('',(-6.018577902017,1.,0.));
#7064 = VECTOR('',#7065,1.);
#7065 = DIRECTION('',(0.,0.,1.));
#7066 = ORIENTED_EDGE('',*,*,#7067,.F.);
#7067 = EDGE_CURVE('',#7004,#7060,#7068,.T.);
#7068 = CIRCLE('',#7069,1.);
#7069 = AXIS2_PLACEMENT_3D('',#7070,#7071,#7072);
#7070 = CARTESIAN_POINT('',(-6.018577902017,2.,3.));
#7071 = DIRECTION('',(-0.,-0.,-1.));
#7072 = DIRECTION('',(0.,-1.,0.));
#7073 = ORIENTED_EDGE('',*,*,#7003,.F.);
#7074 = CYLINDRICAL_SURFACE('',#7075,1.);
#7075 = AXIS2_PLACEMENT_3D('',#7076,#7077,#7078);
#7076 = CARTESIAN_POINT('',(-6.018577902017,2.,0.));
#7077 = DIRECTION('',(0.,0.,1.));
#7078 = DIRECTION('',(0.604194813358,0.796836637907,0.));
#7079 = ADVANCED_FACE('',(#7080),#7098,.F.);
#7080 = FACE_BOUND('',#7081,.F.);
#7081 = EDGE_LOOP('',(#7082,#7083,#7091,#7097));
#7082 = ORIENTED_EDGE('',*,*,#1724,.T.);
#7083 = ORIENTED_EDGE('',*,*,#7084,.T.);
#7084 = EDGE_CURVE('',#1716,#7085,#7087,.T.);
#7085 = VERTEX_POINT('',#7086);
#7086 = CARTESIAN_POINT('',(-14.4612,2.,3.));
#7087 = LINE('',#7088,#7089);
#7088 = CARTESIAN_POINT('',(-14.4612,2.,0.));
#7089 = VECTOR('',#7090,1.);
#7090 = DIRECTION('',(0.,0.,1.));
#7091 = ORIENTED_EDGE('',*,*,#7092,.F.);
#7092 = EDGE_CURVE('',#7035,#7085,#7093,.T.);
#7093 = LINE('',#7094,#7095);
#7094 = CARTESIAN_POINT('',(-14.4612,0.325806654004,3.));
#7095 = VECTOR('',#7096,1.);
#7096 = DIRECTION('',(-1.2E-16,-1.,0.));
#7097 = ORIENTED_EDGE('',*,*,#7034,.F.);
#7098 = PLANE('',#7099);
#7099 = AXIS2_PLACEMENT_3D('',#7100,#7101,#7102);
#7100 = CARTESIAN_POINT('',(-14.4612,1.,-1.));
#7101 = DIRECTION('',(-1.,1.2E-16,0.));
#7102 = DIRECTION('',(1.2E-16,1.,0.));
#7103 = ADVANCED_FACE('',(#7104),#7122,.T.);
#7104 = FACE_BOUND('',#7105,.T.);
#7105 = EDGE_LOOP('',(#7106,#7107,#7115,#7121));
#7106 = ORIENTED_EDGE('',*,*,#1707,.T.);
#7107 = ORIENTED_EDGE('',*,*,#7108,.T.);
#7108 = EDGE_CURVE('',#1708,#7109,#7111,.T.);
#7109 = VERTEX_POINT('',#7110);
#7110 = CARTESIAN_POINT('',(-13.4612,1.,3.));
#7111 = LINE('',#7112,#7113);
#7112 = CARTESIAN_POINT('',(-13.4612,1.,0.));
#7113 = VECTOR('',#7114,1.);
#7114 = DIRECTION('',(0.,0.,1.));
#7115 = ORIENTED_EDGE('',*,*,#7116,.F.);
#7116 = EDGE_CURVE('',#7060,#7109,#7117,.T.);
#7117 = LINE('',#7118,#7119);
#7118 = CARTESIAN_POINT('',(-7.288829052498,1.,3.));
#7119 = VECTOR('',#7120,1.);
#7120 = DIRECTION('',(-1.,1.2E-16,0.));
#7121 = ORIENTED_EDGE('',*,*,#7059,.F.);
#7122 = PLANE('',#7123);
#7123 = AXIS2_PLACEMENT_3D('',#7124,#7125,#7126);
#7124 = CARTESIAN_POINT('',(-14.4612,1.,-1.));
#7125 = DIRECTION('',(1.2E-16,1.,0.));
#7126 = DIRECTION('',(1.,-1.2E-16,0.));
#7127 = ADVANCED_FACE('',(#7128),#7140,.F.);
#7128 = FACE_BOUND('',#7129,.F.);
#7129 = EDGE_LOOP('',(#7130,#7131,#7132,#7139));
#7130 = ORIENTED_EDGE('',*,*,#1715,.T.);
#7131 = ORIENTED_EDGE('',*,*,#7108,.T.);
#7132 = ORIENTED_EDGE('',*,*,#7133,.F.);
#7133 = EDGE_CURVE('',#7085,#7109,#7134,.T.);
#7134 = CIRCLE('',#7135,1.);
#7135 = AXIS2_PLACEMENT_3D('',#7136,#7137,#7138);
#7136 = CARTESIAN_POINT('',(-13.4612,2.,3.));
#7137 = DIRECTION('',(-0.,0.,1.));
#7138 = DIRECTION('',(0.,-1.,0.));
#7139 = ORIENTED_EDGE('',*,*,#7084,.F.);
#7140 = CYLINDRICAL_SURFACE('',#7141,1.);
#7141 = AXIS2_PLACEMENT_3D('',#7142,#7143,#7144);
#7142 = CARTESIAN_POINT('',(-13.4612,2.,0.));
#7143 = DIRECTION('',(0.,0.,1.));
#7144 = DIRECTION('',(-1.,1.2E-16,0.));
#7145 = ADVANCED_FACE('',(#7146),#7171,.F.);
#7146 = FACE_BOUND('',#7147,.F.);
#7147 = EDGE_LOOP('',(#7148,#7149,#7157,#7165));
#7148 = ORIENTED_EDGE('',*,*,#1741,.T.);
#7149 = ORIENTED_EDGE('',*,*,#7150,.T.);
#7150 = EDGE_CURVE('',#1744,#7151,#7153,.T.);
#7151 = VERTEX_POINT('',#7152);
#7152 = CARTESIAN_POINT('',(-2.604194813358,3.17595929007,3.));
#7153 = LINE('',#7154,#7155);
#7154 = CARTESIAN_POINT('',(-2.604194813358,3.17595929007,0.));
#7155 = VECTOR('',#7156,1.);
#7156 = DIRECTION('',(0.,0.,1.));
#7157 = ORIENTED_EDGE('',*,*,#7158,.F.);
#7158 = EDGE_CURVE('',#7159,#7151,#7161,.T.);
#7159 = VERTEX_POINT('',#7160);
#7160 = CARTESIAN_POINT('',(-11.54398868877,9.954484316486,3.));
#7161 = LINE('',#7162,#7163);
#7162 = CARTESIAN_POINT('',(-0.163916295526,1.325638216109,3.));
#7163 = VECTOR('',#7164,1.);
#7164 = DIRECTION('',(0.796836637907,-0.604194813358,0.));
#7165 = ORIENTED_EDGE('',*,*,#7166,.F.);
#7166 = EDGE_CURVE('',#1742,#7159,#7167,.T.);
#7167 = LINE('',#7168,#7169);
#7168 = CARTESIAN_POINT('',(-11.54398868877,9.954484316486,0.));
#7169 = VECTOR('',#7170,1.);
#7170 = DIRECTION('',(0.,0.,1.));
#7171 = PLANE('',#7172);
#7172 = AXIS2_PLACEMENT_3D('',#7173,#7174,#7175);
#7173 = CARTESIAN_POINT('',(-1.,1.959591794227,-1.));
#7174 = DIRECTION('',(-0.604194813358,-0.796836637907,0.));
#7175 = DIRECTION('',(-0.796836637907,0.604194813358,0.));
#7176 = ADVANCED_FACE('',(#7177),#7196,.F.);
#7177 = FACE_BOUND('',#7178,.T.);
#7178 = EDGE_LOOP('',(#7179,#7180,#7188,#7195));
#7179 = ORIENTED_EDGE('',*,*,#1751,.T.);
#7180 = ORIENTED_EDGE('',*,*,#7181,.T.);
#7181 = EDGE_CURVE('',#1752,#7182,#7184,.T.);
#7182 = VERTEX_POINT('',#7183);
#7183 = CARTESIAN_POINT('',(-11.16183721409,11.726357751518,3.));
#7184 = LINE('',#7185,#7186);
#7185 = CARTESIAN_POINT('',(-11.16183721409,11.726357751518,0.));
#7186 = VECTOR('',#7187,1.);
#7187 = DIRECTION('',(0.,0.,1.));
#7188 = ORIENTED_EDGE('',*,*,#7189,.F.);
#7189 = EDGE_CURVE('',#7159,#7182,#7190,.T.);
#7190 = CIRCLE('',#7191,1.);
#7191 = AXIS2_PLACEMENT_3D('',#7192,#7193,#7194);
#7192 = CARTESIAN_POINT('',(-10.93979387541,10.751320954393,3.));
#7193 = DIRECTION('',(-0.,-0.,-1.));
#7194 = DIRECTION('',(0.,-1.,0.));
#7195 = ORIENTED_EDGE('',*,*,#7166,.F.);
#7196 = CYLINDRICAL_SURFACE('',#7197,1.);
#7197 = AXIS2_PLACEMENT_3D('',#7198,#7199,#7200);
#7198 = CARTESIAN_POINT('',(-10.93979387541,10.751320954393,0.));
#7199 = DIRECTION('',(0.,0.,1.));
#7200 = DIRECTION('',(-0.604194813358,-0.796836637907,0.));
#7201 = ADVANCED_FACE('',(#7202),#7221,.F.);
#7202 = FACE_BOUND('',#7203,.F.);
#7203 = EDGE_LOOP('',(#7204,#7205,#7213,#7220));
#7204 = ORIENTED_EDGE('',*,*,#1785,.T.);
#7205 = ORIENTED_EDGE('',*,*,#7206,.T.);
#7206 = EDGE_CURVE('',#1778,#7207,#7209,.T.);
#7207 = VERTEX_POINT('',#7208);
#7208 = CARTESIAN_POINT('',(-1.,3.972795927977,3.));
#7209 = LINE('',#7210,#7211);
#7210 = CARTESIAN_POINT('',(-1.,3.972795927977,0.));
#7211 = VECTOR('',#7212,1.);
#7212 = DIRECTION('',(0.,0.,1.));
#7213 = ORIENTED_EDGE('',*,*,#7214,.F.);
#7214 = EDGE_CURVE('',#7151,#7207,#7215,.T.);
#7215 = CIRCLE('',#7216,1.);
#7216 = AXIS2_PLACEMENT_3D('',#7217,#7218,#7219);
#7217 = CARTESIAN_POINT('',(-2.,3.972795927977,3.));
#7218 = DIRECTION('',(-0.,0.,1.));
#7219 = DIRECTION('',(0.,-1.,0.));
#7220 = ORIENTED_EDGE('',*,*,#7150,.F.);
#7221 = CYLINDRICAL_SURFACE('',#7222,1.);
#7222 = AXIS2_PLACEMENT_3D('',#7223,#7224,#7225);
#7223 = CARTESIAN_POINT('',(-2.,3.972795927977,0.));
#7224 = DIRECTION('',(0.,0.,1.));
#7225 = DIRECTION('',(-0.604194813358,-0.796836637907,0.));
#7226 = ADVANCED_FACE('',(#7227),#7245,.T.);
#7227 = FACE_BOUND('',#7228,.T.);
#7228 = EDGE_LOOP('',(#7229,#7230,#7238,#7244));
#7229 = ORIENTED_EDGE('',*,*,#1760,.T.);
#7230 = ORIENTED_EDGE('',*,*,#7231,.T.);
#7231 = EDGE_CURVE('',#1761,#7232,#7234,.T.);
#7232 = VERTEX_POINT('',#7233);
#7233 = CARTESIAN_POINT('',(-2.222043338679,13.762200588477,3.));
#7234 = LINE('',#7235,#7236);
#7235 = CARTESIAN_POINT('',(-2.222043338679,13.762200588477,0.));
#7236 = VECTOR('',#7237,1.);
#7237 = DIRECTION('',(0.,0.,1.));
#7238 = ORIENTED_EDGE('',*,*,#7239,.F.);
#7239 = EDGE_CURVE('',#7182,#7232,#7240,.T.);
#7240 = LINE('',#7241,#7242);
#7241 = CARTESIAN_POINT('',(-2.137609221065,13.781428614977,3.));
#7242 = VECTOR('',#7243,1.);
#7243 = DIRECTION('',(0.975036797125,0.222043338679,0.));
#7244 = ORIENTED_EDGE('',*,*,#7181,.F.);
#7245 = PLANE('',#7246);
#7246 = AXIS2_PLACEMENT_3D('',#7247,#7248,#7249);
#7247 = CARTESIAN_POINT('',(-1.,14.040494273116,-1.));
#7248 = DIRECTION('',(0.222043338679,-0.975036797125,0.));
#7249 = DIRECTION('',(-0.975036797125,-0.222043338679,0.));
#7250 = ADVANCED_FACE('',(#7251),#7269,.T.);
#7251 = FACE_BOUND('',#7252,.T.);
#7252 = EDGE_LOOP('',(#7253,#7254,#7255,#7263));
#7253 = ORIENTED_EDGE('',*,*,#1777,.T.);
#7254 = ORIENTED_EDGE('',*,*,#7206,.T.);
#7255 = ORIENTED_EDGE('',*,*,#7256,.F.);
#7256 = EDGE_CURVE('',#7257,#7207,#7259,.T.);
#7257 = VERTEX_POINT('',#7258);
#7258 = CARTESIAN_POINT('',(-1.,12.787163791351,3.));
#7259 = LINE('',#7260,#7261);
#7260 = CARTESIAN_POINT('',(-1.,0.805602551117,3.));
#7261 = VECTOR('',#7262,1.);
#7262 = DIRECTION('',(-1.2E-16,-1.,0.));
#7263 = ORIENTED_EDGE('',*,*,#7264,.F.);
#7264 = EDGE_CURVE('',#1769,#7257,#7265,.T.);
#7265 = LINE('',#7266,#7267);
#7266 = CARTESIAN_POINT('',(-1.,12.787163791351,0.));
#7267 = VECTOR('',#7268,1.);
#7268 = DIRECTION('',(0.,0.,1.));
#7269 = PLANE('',#7270);
#7270 = AXIS2_PLACEMENT_3D('',#7271,#7272,#7273);
#7271 = CARTESIAN_POINT('',(-1.,1.959591794227,-1.));
#7272 = DIRECTION('',(-1.,1.2E-16,0.));
#7273 = DIRECTION('',(1.2E-16,1.,0.));
#7274 = ADVANCED_FACE('',(#7275),#7287,.F.);
#7275 = FACE_BOUND('',#7276,.F.);
#7276 = EDGE_LOOP('',(#7277,#7278,#7279,#7286));
#7277 = ORIENTED_EDGE('',*,*,#1768,.T.);
#7278 = ORIENTED_EDGE('',*,*,#7231,.T.);
#7279 = ORIENTED_EDGE('',*,*,#7280,.F.);
#7280 = EDGE_CURVE('',#7257,#7232,#7281,.T.);
#7281 = CIRCLE('',#7282,1.);
#7282 = AXIS2_PLACEMENT_3D('',#7283,#7284,#7285);
#7283 = CARTESIAN_POINT('',(-2.,12.787163791351,3.));
#7284 = DIRECTION('',(-0.,0.,1.));
#7285 = DIRECTION('',(0.,-1.,0.));
#7286 = ORIENTED_EDGE('',*,*,#7264,.F.);
#7287 = CYLINDRICAL_SURFACE('',#7288,1.);
#7288 = AXIS2_PLACEMENT_3D('',#7289,#7290,#7291);
#7289 = CARTESIAN_POINT('',(-2.,12.787163791351,0.));
#7290 = DIRECTION('',(0.,0.,1.));
#7291 = DIRECTION('',(1.,-1.2E-16,0.));
#7292 = ADVANCED_FACE('',(#7293),#7318,.F.);
#7293 = FACE_BOUND('',#7294,.F.);
#7294 = EDGE_LOOP('',(#7295,#7296,#7304,#7312));
#7295 = ORIENTED_EDGE('',*,*,#1794,.T.);
#7296 = ORIENTED_EDGE('',*,*,#7297,.T.);
#7297 = EDGE_CURVE('',#1797,#7298,#7300,.T.);
#7298 = VERTEX_POINT('',#7299);
#7299 = CARTESIAN_POINT('',(-1.893535829174,28.426752928884,3.));
#7300 = LINE('',#7301,#7302);
#7301 = CARTESIAN_POINT('',(-1.893535829174,28.426752928884,0.));
#7302 = VECTOR('',#7303,1.);
#7303 = DIRECTION('',(0.,0.,1.));
#7304 = ORIENTED_EDGE('',*,*,#7305,.F.);
#7305 = EDGE_CURVE('',#7306,#7298,#7308,.T.);
#7306 = VERTEX_POINT('',#7307);
#7307 = CARTESIAN_POINT('',(-7.206646659711,21.502572085858,3.));
#7308 = LINE('',#7309,#7310);
#7309 = CARTESIAN_POINT('',(-8.279354879908,20.10459151565,3.));
#7310 = VECTOR('',#7311,1.);
#7311 = DIRECTION('',(0.608761429011,0.793353340289,0.));
#7312 = ORIENTED_EDGE('',*,*,#7313,.F.);
#7313 = EDGE_CURVE('',#1795,#7306,#7314,.T.);
#7314 = LINE('',#7315,#7316);
#7315 = CARTESIAN_POINT('',(-7.206646659711,21.502572085858,0.));
#7316 = VECTOR('',#7317,1.);
#7317 = DIRECTION('',(0.,0.,1.));
#7318 = PLANE('',#7319);
#7319 = AXIS2_PLACEMENT_3D('',#7320,#7321,#7322);
#7320 = CARTESIAN_POINT('',(-1.426416755451,29.035514357892,-1.));
#7321 = DIRECTION('',(0.793353340289,-0.608761429011,0.));
#7322 = DIRECTION('',(-0.608761429011,-0.793353340289,0.));
#7323 = ADVANCED_FACE('',(#7324),#7343,.F.);
#7324 = FACE_BOUND('',#7325,.T.);
#7325 = EDGE_LOOP('',(#7326,#7327,#7335,#7342));
#7326 = ORIENTED_EDGE('',*,*,#1804,.T.);
#7327 = ORIENTED_EDGE('',*,*,#7328,.T.);
#7328 = EDGE_CURVE('',#1805,#7329,#7331,.T.);
#7329 = VERTEX_POINT('',#7330);
#7330 = CARTESIAN_POINT('',(-9.,22.111333514869,3.));
#7331 = LINE('',#7332,#7333);
#7332 = CARTESIAN_POINT('',(-9.,22.111333514869,0.));
#7333 = VECTOR('',#7334,1.);
#7334 = DIRECTION('',(0.,0.,1.));
#7335 = ORIENTED_EDGE('',*,*,#7336,.F.);
#7336 = EDGE_CURVE('',#7306,#7329,#7337,.T.);
#7337 = CIRCLE('',#7338,1.);
#7338 = AXIS2_PLACEMENT_3D('',#7339,#7340,#7341);
#7339 = CARTESIAN_POINT('',(-8.,22.111333514869,3.));
#7340 = DIRECTION('',(-0.,-0.,-1.));
#7341 = DIRECTION('',(0.,-1.,0.));
#7342 = ORIENTED_EDGE('',*,*,#7313,.F.);
#7343 = CYLINDRICAL_SURFACE('',#7344,1.);
#7344 = AXIS2_PLACEMENT_3D('',#7345,#7346,#7347);
#7345 = CARTESIAN_POINT('',(-8.,22.111333514869,0.));
#7346 = DIRECTION('',(0.,0.,1.));
#7347 = DIRECTION('',(0.793353340289,-0.608761429011,0.));
#7348 = ADVANCED_FACE('',(#7349),#7368,.F.);
#7349 = FACE_BOUND('',#7350,.F.);
#7350 = EDGE_LOOP('',(#7351,#7352,#7360,#7367));
#7351 = ORIENTED_EDGE('',*,*,#1873,.T.);
#7352 = ORIENTED_EDGE('',*,*,#7353,.T.);
#7353 = EDGE_CURVE('',#1866,#7354,#7356,.T.);
#7354 = VERTEX_POINT('',#7355);
#7355 = CARTESIAN_POINT('',(-1.893535829171,29.644275786903,3.));
#7356 = LINE('',#7357,#7358);
#7357 = CARTESIAN_POINT('',(-1.893535829171,29.644275786903,0.));
#7358 = VECTOR('',#7359,1.);
#7359 = DIRECTION('',(0.,0.,1.));
#7360 = ORIENTED_EDGE('',*,*,#7361,.F.);
#7361 = EDGE_CURVE('',#7298,#7354,#7362,.T.);
#7362 = CIRCLE('',#7363,1.);
#7363 = AXIS2_PLACEMENT_3D('',#7364,#7365,#7366);
#7364 = CARTESIAN_POINT('',(-2.686889169463,29.035514357895,3.));
#7365 = DIRECTION('',(-0.,0.,1.));
#7366 = DIRECTION('',(0.,-1.,0.));
#7367 = ORIENTED_EDGE('',*,*,#7297,.F.);
#7368 = CYLINDRICAL_SURFACE('',#7369,1.);
#7369 = AXIS2_PLACEMENT_3D('',#7370,#7371,#7372);
#7370 = CARTESIAN_POINT('',(-2.686889169463,29.035514357895,0.));
#7371 = DIRECTION('',(0.,0.,1.));
#7372 = DIRECTION('',(0.793353340289,-0.608761429011,0.));
#7373 = ADVANCED_FACE('',(#7374),#7392,.F.);
#7374 = FACE_BOUND('',#7375,.F.);
#7375 = EDGE_LOOP('',(#7376,#7377,#7378,#7386));
#7376 = ORIENTED_EDGE('',*,*,#1813,.T.);
#7377 = ORIENTED_EDGE('',*,*,#7328,.T.);
#7378 = ORIENTED_EDGE('',*,*,#7379,.F.);
#7379 = EDGE_CURVE('',#7380,#7329,#7382,.T.);
#7380 = VERTEX_POINT('',#7381);
#7381 = CARTESIAN_POINT('',(-9.,25.603310435144,3.));
#7382 = LINE('',#7383,#7384);
#7383 = CARTESIAN_POINT('',(-9.,9.408520909173,3.));
#7384 = VECTOR('',#7385,1.);
#7385 = DIRECTION('',(-1.2E-16,-1.,0.));
#7386 = ORIENTED_EDGE('',*,*,#7387,.F.);
#7387 = EDGE_CURVE('',#1814,#7380,#7388,.T.);
#7388 = LINE('',#7389,#7390);
#7389 = CARTESIAN_POINT('',(-9.,25.603310435144,0.));
#7390 = VECTOR('',#7391,1.);
#7391 = DIRECTION('',(0.,0.,1.));
#7392 = PLANE('',#7393);
#7393 = AXIS2_PLACEMENT_3D('',#7394,#7395,#7396);
#7394 = CARTESIAN_POINT('',(-9.,19.165428510339,-1.));
#7395 = DIRECTION('',(-1.,1.2E-16,0.));
#7396 = DIRECTION('',(1.2E-16,1.,0.));
#7397 = ADVANCED_FACE('',(#7398),#7416,.T.);
#7398 = FACE_BOUND('',#7399,.T.);
#7399 = EDGE_LOOP('',(#7400,#7401,#7402,#7410));
#7400 = ORIENTED_EDGE('',*,*,#1865,.T.);
#7401 = ORIENTED_EDGE('',*,*,#7353,.T.);
#7402 = ORIENTED_EDGE('',*,*,#7403,.F.);
#7403 = EDGE_CURVE('',#7404,#7354,#7406,.T.);
#7404 = VERTEX_POINT('',#7405);
#7405 = CARTESIAN_POINT('',(-5.852608917126,34.80384028807,3.));
#7406 = LINE('',#7407,#7408);
#7407 = CARTESIAN_POINT('',(5.911979570701,19.471930069665,3.));
#7408 = VECTOR('',#7409,1.);
#7409 = DIRECTION('',(0.608761429008,-0.793353340292,0.));
#7410 = ORIENTED_EDGE('',*,*,#7411,.F.);
#7411 = EDGE_CURVE('',#1857,#7404,#7412,.T.);
#7412 = LINE('',#7413,#7414);
#7413 = CARTESIAN_POINT('',(-5.852608917126,34.80384028807,0.));
#7414 = VECTOR('',#7415,1.);
#7415 = DIRECTION('',(0.,0.,1.));
#7416 = PLANE('',#7417);
#7417 = AXIS2_PLACEMENT_3D('',#7418,#7419,#7420);
#7418 = CARTESIAN_POINT('',(-1.426416755451,29.035514357892,-1.));
#7419 = DIRECTION('',(-0.793353340292,-0.608761429008,0.));
#7420 = DIRECTION('',(-0.608761429008,0.793353340292,0.));
#7421 = ADVANCED_FACE('',(#7422),#7441,.F.);
#7422 = FACE_BOUND('',#7423,.F.);
#7423 = EDGE_LOOP('',(#7424,#7425,#7426,#7435));
#7424 = ORIENTED_EDGE('',*,*,#1821,.T.);
#7425 = ORIENTED_EDGE('',*,*,#7387,.T.);
#7426 = ORIENTED_EDGE('',*,*,#7427,.F.);
#7427 = EDGE_CURVE('',#7428,#7380,#7430,.T.);
#7428 = VERTEX_POINT('',#7429);
#7429 = CARTESIAN_POINT('',(-7.955882352941,26.602336777749,3.));
#7430 = CIRCLE('',#7431,1.);
#7431 = AXIS2_PLACEMENT_3D('',#7432,#7433,#7434);
#7432 = CARTESIAN_POINT('',(-8.,25.603310435144,3.));
#7433 = DIRECTION('',(-0.,0.,1.));
#7434 = DIRECTION('',(0.,-1.,0.));
#7435 = ORIENTED_EDGE('',*,*,#7436,.F.);
#7436 = EDGE_CURVE('',#1822,#7428,#7437,.T.);
#7437 = LINE('',#7438,#7439);
#7438 = CARTESIAN_POINT('',(-7.955882352941,26.602336777749,0.));
#7439 = VECTOR('',#7440,1.);
#7440 = DIRECTION('',(0.,0.,1.));
#7441 = CYLINDRICAL_SURFACE('',#7442,1.);
#7442 = AXIS2_PLACEMENT_3D('',#7443,#7444,#7445);
#7443 = CARTESIAN_POINT('',(-8.,25.603310435144,0.));
#7444 = DIRECTION('',(0.,0.,1.));
#7445 = DIRECTION('',(4.411764705882E-02,0.999026342605,0.));
#7446 = ADVANCED_FACE('',(#7447),#7466,.F.);
#7447 = FACE_BOUND('',#7448,.F.);
#7448 = EDGE_LOOP('',(#7449,#7450,#7458,#7465));
#7449 = ORIENTED_EDGE('',*,*,#1856,.T.);
#7450 = ORIENTED_EDGE('',*,*,#7451,.T.);
#7451 = EDGE_CURVE('',#1849,#7452,#7454,.T.);
#7452 = VERTEX_POINT('',#7453);
#7453 = CARTESIAN_POINT('',(-7.585755680906,34.536821922148,3.));
#7454 = LINE('',#7455,#7456);
#7455 = CARTESIAN_POINT('',(-7.585755680906,34.536821922148,0.));
#7456 = VECTOR('',#7457,1.);
#7457 = DIRECTION('',(0.,0.,1.));
#7458 = ORIENTED_EDGE('',*,*,#7459,.F.);
#7459 = EDGE_CURVE('',#7404,#7452,#7460,.T.);
#7460 = CIRCLE('',#7461,1.);
#7461 = AXIS2_PLACEMENT_3D('',#7462,#7463,#7464);
#7462 = CARTESIAN_POINT('',(-6.645962257418,34.195078859062,3.));
#7463 = DIRECTION('',(-0.,0.,1.));
#7464 = DIRECTION('',(0.,-1.,0.));
#7465 = ORIENTED_EDGE('',*,*,#7411,.F.);
#7466 = CYLINDRICAL_SURFACE('',#7467,1.);
#7467 = AXIS2_PLACEMENT_3D('',#7468,#7469,#7470);
#7468 = CARTESIAN_POINT('',(-6.645962257418,34.195078859062,0.));
#7469 = DIRECTION('',(0.,0.,1.));
#7470 = DIRECTION('',(0.793353340292,0.608761429008,0.));
#7471 = ADVANCED_FACE('',(#7472),#7491,.T.);
#7472 = FACE_BOUND('',#7473,.F.);
#7473 = EDGE_LOOP('',(#7474,#7475,#7476,#7485));
#7474 = ORIENTED_EDGE('',*,*,#1830,.T.);
#7475 = ORIENTED_EDGE('',*,*,#7436,.T.);
#7476 = ORIENTED_EDGE('',*,*,#7477,.F.);
#7477 = EDGE_CURVE('',#7478,#7428,#7480,.T.);
#7478 = VERTEX_POINT('',#7479);
#7479 = CARTESIAN_POINT('',(-7.47176600571,31.370008237446,3.));
#7480 = CIRCLE('',#7481,2.4);
#7481 = AXIS2_PLACEMENT_3D('',#7482,#7483,#7484);
#7482 = CARTESIAN_POINT('',(-7.85,29.,3.));
#7483 = DIRECTION('',(0.,0.,-1.));
#7484 = DIRECTION('',(-1.,1.2E-16,0.));
#7485 = ORIENTED_EDGE('',*,*,#7486,.F.);
#7486 = EDGE_CURVE('',#1831,#7478,#7487,.T.);
#7487 = LINE('',#7488,#7489);
#7488 = CARTESIAN_POINT('',(-7.47176600571,31.370008237446,0.));
#7489 = VECTOR('',#7490,1.);
#7490 = DIRECTION('',(0.,0.,1.));
#7491 = CYLINDRICAL_SURFACE('',#7492,2.4);
#7492 = AXIS2_PLACEMENT_3D('',#7493,#7494,#7495);
#7493 = CARTESIAN_POINT('',(-7.85,29.,-1.));
#7494 = DIRECTION('',(-0.,-0.,-1.));
#7495 = DIRECTION('',(-1.,1.2E-16,0.));
#7496 = ADVANCED_FACE('',(#7497),#7515,.T.);
#7497 = FACE_BOUND('',#7498,.T.);
#7498 = EDGE_LOOP('',(#7499,#7500,#7501,#7509));
#7499 = ORIENTED_EDGE('',*,*,#1848,.T.);
#7500 = ORIENTED_EDGE('',*,*,#7451,.T.);
#7501 = ORIENTED_EDGE('',*,*,#7502,.F.);
#7502 = EDGE_CURVE('',#7503,#7452,#7505,.T.);
#7503 = VERTEX_POINT('',#7504);
#7504 = CARTESIAN_POINT('',(-8.253961931577,32.699254732802,3.));
#7505 = LINE('',#7506,#7507);
#7506 = CARTESIAN_POINT('',(-12.44003003335,21.187567452924,3.));
#7507 = VECTOR('',#7508,1.);
#7508 = DIRECTION('',(0.341743063087,0.939793423488,0.));
#7509 = ORIENTED_EDGE('',*,*,#7510,.F.);
#7510 = EDGE_CURVE('',#1840,#7503,#7511,.T.);
#7511 = LINE('',#7512,#7513);
#7512 = CARTESIAN_POINT('',(-8.253961931577,32.699254732802,0.));
#7513 = VECTOR('',#7514,1.);
#7514 = DIRECTION('',(0.,0.,1.));
#7515 = PLANE('',#7516);
#7516 = AXIS2_PLACEMENT_3D('',#7517,#7518,#7519);
#7517 = CARTESIAN_POINT('',(-6.962622503989,36.250438158671,-1.));
#7518 = DIRECTION('',(0.939793423488,-0.341743063087,0.));
#7519 = DIRECTION('',(-0.341743063087,-0.939793423488,0.));
#7520 = ADVANCED_FACE('',(#7521),#7533,.F.);
#7521 = FACE_BOUND('',#7522,.F.);
#7522 = EDGE_LOOP('',(#7523,#7524,#7525,#7532));
#7523 = ORIENTED_EDGE('',*,*,#1839,.T.);
#7524 = ORIENTED_EDGE('',*,*,#7486,.T.);
#7525 = ORIENTED_EDGE('',*,*,#7526,.F.);
#7526 = EDGE_CURVE('',#7503,#7478,#7527,.T.);
#7527 = CIRCLE('',#7528,1.);
#7528 = AXIS2_PLACEMENT_3D('',#7529,#7530,#7531);
#7529 = CARTESIAN_POINT('',(-7.314168508089,32.357511669716,3.));
#7530 = DIRECTION('',(-0.,0.,1.));
#7531 = DIRECTION('',(0.,-1.,0.));
#7532 = ORIENTED_EDGE('',*,*,#7510,.F.);
#7533 = CYLINDRICAL_SURFACE('',#7534,1.);
#7534 = AXIS2_PLACEMENT_3D('',#7535,#7536,#7537);
#7535 = CARTESIAN_POINT('',(-7.314168508089,32.357511669716,0.));
#7536 = DIRECTION('',(0.,0.,1.));
#7537 = DIRECTION('',(-0.939793423488,0.341743063087,0.));
#7538 = ADVANCED_FACE('',(#7539),#7564,.F.);
#7539 = FACE_BOUND('',#7540,.F.);
#7540 = EDGE_LOOP('',(#7541,#7542,#7550,#7558));
#7541 = ORIENTED_EDGE('',*,*,#1882,.T.);
#7542 = ORIENTED_EDGE('',*,*,#7543,.T.);
#7543 = EDGE_CURVE('',#1885,#7544,#7546,.T.);
#7544 = VERTEX_POINT('',#7545);
#7545 = CARTESIAN_POINT('',(5.414383088659,2.796836637907,3.));
#7546 = LINE('',#7547,#7548);
#7547 = CARTESIAN_POINT('',(5.414383088659,2.796836637907,0.));
#7548 = VECTOR('',#7549,1.);
#7549 = DIRECTION('',(0.,0.,1.));
#7550 = ORIENTED_EDGE('',*,*,#7551,.F.);
#7551 = EDGE_CURVE('',#7552,#7544,#7554,.T.);
#7552 = VERTEX_POINT('',#7553);
#7553 = CARTESIAN_POINT('',(12.857005186642,8.440143503411,3.));
#7554 = LINE('',#7555,#7556);
#7555 = CARTESIAN_POINT('',(1.716487202693,-7.062440462575E-03,3.));
#7556 = VECTOR('',#7557,1.);
#7557 = DIRECTION('',(-0.796836637907,-0.604194813358,0.));
#7558 = ORIENTED_EDGE('',*,*,#7559,.F.);
#7559 = EDGE_CURVE('',#1883,#7552,#7560,.T.);
#7560 = LINE('',#7561,#7562);
#7561 = CARTESIAN_POINT('',(12.857005186642,8.440143503411,0.));
#7562 = VECTOR('',#7563,1.);
#7563 = DIRECTION('',(0.,0.,1.));
#7564 = PLANE('',#7565);
#7565 = AXIS2_PLACEMENT_3D('',#7566,#7567,#7568);
#7566 = CARTESIAN_POINT('',(3.044642015477,1.,-1.));
#7567 = DIRECTION('',(-0.604194813358,0.796836637907,0.));
#7568 = DIRECTION('',(0.796836637907,0.604194813358,0.));
#7569 = ADVANCED_FACE('',(#7570),#7589,.F.);
#7570 = FACE_BOUND('',#7571,.T.);
#7571 = EDGE_LOOP('',(#7572,#7573,#7581,#7588));
#7572 = ORIENTED_EDGE('',*,*,#1892,.T.);
#7573 = ORIENTED_EDGE('',*,*,#7574,.T.);
#7574 = EDGE_CURVE('',#1893,#7575,#7577,.T.);
#7575 = VERTEX_POINT('',#7576);
#7576 = CARTESIAN_POINT('',(14.4612,7.643306865504,3.));
#7577 = LINE('',#7578,#7579);
#7578 = CARTESIAN_POINT('',(14.4612,7.643306865504,0.));
#7579 = VECTOR('',#7580,1.);
#7580 = DIRECTION('',(0.,0.,1.));
#7581 = ORIENTED_EDGE('',*,*,#7582,.F.);
#7582 = EDGE_CURVE('',#7552,#7575,#7583,.T.);
#7583 = CIRCLE('',#7584,1.);
#7584 = AXIS2_PLACEMENT_3D('',#7585,#7586,#7587);
#7585 = CARTESIAN_POINT('',(13.4612,7.643306865504,3.));
#7586 = DIRECTION('',(-0.,-0.,-1.));
#7587 = DIRECTION('',(0.,-1.,0.));
#7588 = ORIENTED_EDGE('',*,*,#7559,.F.);
#7589 = CYLINDRICAL_SURFACE('',#7590,1.);
#7590 = AXIS2_PLACEMENT_3D('',#7591,#7592,#7593);
#7591 = CARTESIAN_POINT('',(13.4612,7.643306865504,0.));
#7592 = DIRECTION('',(0.,0.,1.));
#7593 = DIRECTION('',(-0.604194813358,0.796836637907,0.));
#7594 = ADVANCED_FACE('',(#7595),#7614,.F.);
#7595 = FACE_BOUND('',#7596,.F.);
#7596 = EDGE_LOOP('',(#7597,#7598,#7606,#7613));
#7597 = ORIENTED_EDGE('',*,*,#1926,.T.);
#7598 = ORIENTED_EDGE('',*,*,#7599,.T.);
#7599 = EDGE_CURVE('',#1919,#7600,#7602,.T.);
#7600 = VERTEX_POINT('',#7601);
#7601 = CARTESIAN_POINT('',(6.018577902017,1.,3.));
#7602 = LINE('',#7603,#7604);
#7603 = CARTESIAN_POINT('',(6.018577902017,1.,0.));
#7604 = VECTOR('',#7605,1.);
#7605 = DIRECTION('',(0.,0.,1.));
#7606 = ORIENTED_EDGE('',*,*,#7607,.F.);
#7607 = EDGE_CURVE('',#7544,#7600,#7608,.T.);
#7608 = CIRCLE('',#7609,1.);
#7609 = AXIS2_PLACEMENT_3D('',#7610,#7611,#7612);
#7610 = CARTESIAN_POINT('',(6.018577902017,2.,3.));
#7611 = DIRECTION('',(-0.,0.,1.));
#7612 = DIRECTION('',(0.,-1.,0.));
#7613 = ORIENTED_EDGE('',*,*,#7543,.F.);
#7614 = CYLINDRICAL_SURFACE('',#7615,1.);
#7615 = AXIS2_PLACEMENT_3D('',#7616,#7617,#7618);
#7616 = CARTESIAN_POINT('',(6.018577902017,2.,0.));
#7617 = DIRECTION('',(0.,0.,1.));
#7618 = DIRECTION('',(-0.604194813358,0.796836637907,0.));
#7619 = ADVANCED_FACE('',(#7620),#7638,.T.);
#7620 = FACE_BOUND('',#7621,.T.);
#7621 = EDGE_LOOP('',(#7622,#7623,#7631,#7637));
#7622 = ORIENTED_EDGE('',*,*,#1901,.T.);
#7623 = ORIENTED_EDGE('',*,*,#7624,.T.);
#7624 = EDGE_CURVE('',#1902,#7625,#7627,.T.);
#7625 = VERTEX_POINT('',#7626);
#7626 = CARTESIAN_POINT('',(14.4612,2.,3.));
#7627 = LINE('',#7628,#7629);
#7628 = CARTESIAN_POINT('',(14.4612,2.,0.));
#7629 = VECTOR('',#7630,1.);
#7630 = DIRECTION('',(0.,0.,1.));
#7631 = ORIENTED_EDGE('',*,*,#7632,.F.);
#7632 = EDGE_CURVE('',#7575,#7625,#7633,.T.);
#7633 = LINE('',#7634,#7635);
#7634 = CARTESIAN_POINT('',(14.4612,0.325806654004,3.));
#7635 = VECTOR('',#7636,1.);
#7636 = DIRECTION('',(-1.2E-16,-1.,0.));
#7637 = ORIENTED_EDGE('',*,*,#7574,.F.);
#7638 = PLANE('',#7639);
#7639 = AXIS2_PLACEMENT_3D('',#7640,#7641,#7642);
#7640 = CARTESIAN_POINT('',(14.4612,1.,-1.));
#7641 = DIRECTION('',(-1.,1.2E-16,0.));
#7642 = DIRECTION('',(1.2E-16,1.,0.));
#7643 = ADVANCED_FACE('',(#7644),#7662,.F.);
#7644 = FACE_BOUND('',#7645,.F.);
#7645 = EDGE_LOOP('',(#7646,#7647,#7655,#7661));
#7646 = ORIENTED_EDGE('',*,*,#1918,.T.);
#7647 = ORIENTED_EDGE('',*,*,#7648,.T.);
#7648 = EDGE_CURVE('',#1910,#7649,#7651,.T.);
#7649 = VERTEX_POINT('',#7650);
#7650 = CARTESIAN_POINT('',(13.4612,1.,3.));
#7651 = LINE('',#7652,#7653);
#7652 = CARTESIAN_POINT('',(13.4612,1.,0.));
#7653 = VECTOR('',#7654,1.);
#7654 = DIRECTION('',(0.,0.,1.));
#7655 = ORIENTED_EDGE('',*,*,#7656,.F.);
#7656 = EDGE_CURVE('',#7600,#7649,#7657,.T.);
#7657 = LINE('',#7658,#7659);
#7658 = CARTESIAN_POINT('',(7.172370947502,1.,3.));
#7659 = VECTOR('',#7660,1.);
#7660 = DIRECTION('',(1.,-1.2E-16,0.));
#7661 = ORIENTED_EDGE('',*,*,#7599,.F.);
#7662 = PLANE('',#7663);
#7663 = AXIS2_PLACEMENT_3D('',#7664,#7665,#7666);
#7664 = CARTESIAN_POINT('',(14.4612,1.,-1.));
#7665 = DIRECTION('',(-1.2E-16,-1.,0.));
#7666 = DIRECTION('',(-1.,1.2E-16,0.));
#7667 = ADVANCED_FACE('',(#7668),#7680,.F.);
#7668 = FACE_BOUND('',#7669,.F.);
#7669 = EDGE_LOOP('',(#7670,#7671,#7672,#7679));
#7670 = ORIENTED_EDGE('',*,*,#1909,.T.);
#7671 = ORIENTED_EDGE('',*,*,#7624,.T.);
#7672 = ORIENTED_EDGE('',*,*,#7673,.F.);
#7673 = EDGE_CURVE('',#7649,#7625,#7674,.T.);
#7674 = CIRCLE('',#7675,1.);
#7675 = AXIS2_PLACEMENT_3D('',#7676,#7677,#7678);
#7676 = CARTESIAN_POINT('',(13.4612,2.,3.));
#7677 = DIRECTION('',(-0.,0.,1.));
#7678 = DIRECTION('',(0.,-1.,0.));
#7679 = ORIENTED_EDGE('',*,*,#7648,.F.);
#7680 = CYLINDRICAL_SURFACE('',#7681,1.);
#7681 = AXIS2_PLACEMENT_3D('',#7682,#7683,#7684);
#7682 = CARTESIAN_POINT('',(13.4612,2.,0.));
#7683 = DIRECTION('',(0.,0.,1.));
#7684 = DIRECTION('',(-1.2E-16,-1.,0.));
#7685 = ADVANCED_FACE('',(#7686),#7711,.F.);
#7686 = FACE_BOUND('',#7687,.F.);
#7687 = EDGE_LOOP('',(#7688,#7689,#7697,#7705));
#7688 = ORIENTED_EDGE('',*,*,#1935,.T.);
#7689 = ORIENTED_EDGE('',*,*,#7690,.T.);
#7690 = EDGE_CURVE('',#1938,#7691,#7693,.T.);
#7691 = VERTEX_POINT('',#7692);
#7692 = CARTESIAN_POINT('',(1.,3.972795927977,3.));
#7693 = LINE('',#7694,#7695);
#7694 = CARTESIAN_POINT('',(1.,3.972795927977,0.));
#7695 = VECTOR('',#7696,1.);
#7696 = DIRECTION('',(0.,0.,1.));
#7697 = ORIENTED_EDGE('',*,*,#7698,.F.);
#7698 = EDGE_CURVE('',#7699,#7691,#7701,.T.);
#7699 = VERTEX_POINT('',#7700);
#7700 = CARTESIAN_POINT('',(1.,12.787163791351,3.));
#7701 = LINE('',#7702,#7703);
#7702 = CARTESIAN_POINT('',(1.,0.805602551117,3.));
#7703 = VECTOR('',#7704,1.);
#7704 = DIRECTION('',(-1.2E-16,-1.,0.));
#7705 = ORIENTED_EDGE('',*,*,#7706,.F.);
#7706 = EDGE_CURVE('',#1936,#7699,#7707,.T.);
#7707 = LINE('',#7708,#7709);
#7708 = CARTESIAN_POINT('',(1.,12.787163791351,0.));
#7709 = VECTOR('',#7710,1.);
#7710 = DIRECTION('',(0.,0.,1.));
#7711 = PLANE('',#7712);
#7712 = AXIS2_PLACEMENT_3D('',#7713,#7714,#7715);
#7713 = CARTESIAN_POINT('',(1.,1.959591794227,-1.));
#7714 = DIRECTION('',(-1.,1.2E-16,0.));
#7715 = DIRECTION('',(1.2E-16,1.,0.));
#7716 = ADVANCED_FACE('',(#7717),#7736,.F.);
#7717 = FACE_BOUND('',#7718,.T.);
#7718 = EDGE_LOOP('',(#7719,#7720,#7728,#7735));
#7719 = ORIENTED_EDGE('',*,*,#1945,.T.);
#7720 = ORIENTED_EDGE('',*,*,#7721,.T.);
#7721 = EDGE_CURVE('',#1946,#7722,#7724,.T.);
#7722 = VERTEX_POINT('',#7723);
#7723 = CARTESIAN_POINT('',(2.222043338679,13.762200588477,3.));
#7724 = LINE('',#7725,#7726);
#7725 = CARTESIAN_POINT('',(2.222043338679,13.762200588477,0.));
#7726 = VECTOR('',#7727,1.);
#7727 = DIRECTION('',(0.,0.,1.));
#7728 = ORIENTED_EDGE('',*,*,#7729,.F.);
#7729 = EDGE_CURVE('',#7699,#7722,#7730,.T.);
#7730 = CIRCLE('',#7731,1.);
#7731 = AXIS2_PLACEMENT_3D('',#7732,#7733,#7734);
#7732 = CARTESIAN_POINT('',(2.,12.787163791351,3.));
#7733 = DIRECTION('',(-0.,-0.,-1.));
#7734 = DIRECTION('',(0.,-1.,0.));
#7735 = ORIENTED_EDGE('',*,*,#7706,.F.);
#7736 = CYLINDRICAL_SURFACE('',#7737,1.);
#7737 = AXIS2_PLACEMENT_3D('',#7738,#7739,#7740);
#7738 = CARTESIAN_POINT('',(2.,12.787163791351,0.));
#7739 = DIRECTION('',(0.,0.,1.));
#7740 = DIRECTION('',(-1.,1.2E-16,0.));
#7741 = ADVANCED_FACE('',(#7742),#7761,.F.);
#7742 = FACE_BOUND('',#7743,.F.);
#7743 = EDGE_LOOP('',(#7744,#7745,#7753,#7760));
#7744 = ORIENTED_EDGE('',*,*,#1979,.T.);
#7745 = ORIENTED_EDGE('',*,*,#7746,.T.);
#7746 = EDGE_CURVE('',#1972,#7747,#7749,.T.);
#7747 = VERTEX_POINT('',#7748);
#7748 = CARTESIAN_POINT('',(2.604194813358,3.17595929007,3.));
#7749 = LINE('',#7750,#7751);
#7750 = CARTESIAN_POINT('',(2.604194813358,3.17595929007,0.));
#7751 = VECTOR('',#7752,1.);
#7752 = DIRECTION('',(0.,0.,1.));
#7753 = ORIENTED_EDGE('',*,*,#7754,.F.);
#7754 = EDGE_CURVE('',#7691,#7747,#7755,.T.);
#7755 = CIRCLE('',#7756,1.);
#7756 = AXIS2_PLACEMENT_3D('',#7757,#7758,#7759);
#7757 = CARTESIAN_POINT('',(2.,3.972795927977,3.));
#7758 = DIRECTION('',(-0.,0.,1.));
#7759 = DIRECTION('',(0.,-1.,0.));
#7760 = ORIENTED_EDGE('',*,*,#7690,.F.);
#7761 = CYLINDRICAL_SURFACE('',#7762,1.);
#7762 = AXIS2_PLACEMENT_3D('',#7763,#7764,#7765);
#7763 = CARTESIAN_POINT('',(2.,3.972795927977,0.));
#7764 = DIRECTION('',(0.,0.,1.));
#7765 = DIRECTION('',(-1.,1.2E-16,0.));
#7766 = ADVANCED_FACE('',(#7767),#7785,.F.);
#7767 = FACE_BOUND('',#7768,.F.);
#7768 = EDGE_LOOP('',(#7769,#7770,#7771,#7779));
#7769 = ORIENTED_EDGE('',*,*,#1954,.T.);
#7770 = ORIENTED_EDGE('',*,*,#7721,.T.);
#7771 = ORIENTED_EDGE('',*,*,#7772,.F.);
#7772 = EDGE_CURVE('',#7773,#7722,#7775,.T.);
#7773 = VERTEX_POINT('',#7774);
#7774 = CARTESIAN_POINT('',(11.161837214097,11.726357751518,3.));
#7775 = LINE('',#7776,#7777);
#7776 = CARTESIAN_POINT('',(2.026892878465,13.806641844292,3.));
#7777 = VECTOR('',#7778,1.);
#7778 = DIRECTION('',(-0.975036797125,0.222043338679,0.));
#7779 = ORIENTED_EDGE('',*,*,#7780,.F.);
#7780 = EDGE_CURVE('',#1955,#7773,#7781,.T.);
#7781 = LINE('',#7782,#7783);
#7782 = CARTESIAN_POINT('',(11.161837214097,11.726357751518,0.));
#7783 = VECTOR('',#7784,1.);
#7784 = DIRECTION('',(0.,0.,1.));
#7785 = PLANE('',#7786);
#7786 = AXIS2_PLACEMENT_3D('',#7787,#7788,#7789);
#7787 = CARTESIAN_POINT('',(1.,14.040494273116,-1.));
#7788 = DIRECTION('',(0.222043338679,0.975036797125,0.));
#7789 = DIRECTION('',(0.975036797125,-0.222043338679,0.));
#7790 = ADVANCED_FACE('',(#7791),#7809,.T.);
#7791 = FACE_BOUND('',#7792,.T.);
#7792 = EDGE_LOOP('',(#7793,#7794,#7795,#7803));
#7793 = ORIENTED_EDGE('',*,*,#1971,.T.);
#7794 = ORIENTED_EDGE('',*,*,#7746,.T.);
#7795 = ORIENTED_EDGE('',*,*,#7796,.F.);
#7796 = EDGE_CURVE('',#7797,#7747,#7799,.T.);
#7797 = VERTEX_POINT('',#7798);
#7798 = CARTESIAN_POINT('',(11.543988688776,9.954484316486,3.));
#7799 = LINE('',#7800,#7801);
#7800 = CARTESIAN_POINT('',(8.997138159631E-02,1.269570094558,3.));
#7801 = VECTOR('',#7802,1.);
#7802 = DIRECTION('',(-0.796836637907,-0.604194813358,0.));
#7803 = ORIENTED_EDGE('',*,*,#7804,.F.);
#7804 = EDGE_CURVE('',#1963,#7797,#7805,.T.);
#7805 = LINE('',#7806,#7807);
#7806 = CARTESIAN_POINT('',(11.543988688776,9.954484316486,0.));
#7807 = VECTOR('',#7808,1.);
#7808 = DIRECTION('',(0.,0.,1.));
#7809 = PLANE('',#7810);
#7810 = AXIS2_PLACEMENT_3D('',#7811,#7812,#7813);
#7811 = CARTESIAN_POINT('',(1.,1.959591794227,-1.));
#7812 = DIRECTION('',(-0.604194813358,0.796836637907,0.));
#7813 = DIRECTION('',(0.796836637907,0.604194813358,0.));
#7814 = ADVANCED_FACE('',(#7815),#7827,.F.);
#7815 = FACE_BOUND('',#7816,.F.);
#7816 = EDGE_LOOP('',(#7817,#7818,#7819,#7826));
#7817 = ORIENTED_EDGE('',*,*,#1962,.T.);
#7818 = ORIENTED_EDGE('',*,*,#7780,.T.);
#7819 = ORIENTED_EDGE('',*,*,#7820,.F.);
#7820 = EDGE_CURVE('',#7797,#7773,#7821,.T.);
#7821 = CIRCLE('',#7822,1.);
#7822 = AXIS2_PLACEMENT_3D('',#7823,#7824,#7825);
#7823 = CARTESIAN_POINT('',(10.939793875418,10.751320954393,3.));
#7824 = DIRECTION('',(-0.,0.,1.));
#7825 = DIRECTION('',(0.,-1.,0.));
#7826 = ORIENTED_EDGE('',*,*,#7804,.F.);
#7827 = CYLINDRICAL_SURFACE('',#7828,1.);
#7828 = AXIS2_PLACEMENT_3D('',#7829,#7830,#7831);
#7829 = CARTESIAN_POINT('',(10.939793875418,10.751320954393,0.));
#7830 = DIRECTION('',(0.,0.,1.));
#7831 = DIRECTION('',(0.604194813358,-0.796836637907,0.));
#7832 = ADVANCED_FACE('',(#7833),#7859,.T.);
#7833 = FACE_BOUND('',#7834,.F.);
#7834 = EDGE_LOOP('',(#7835,#7836,#7844,#7853));
#7835 = ORIENTED_EDGE('',*,*,#1988,.T.);
#7836 = ORIENTED_EDGE('',*,*,#7837,.T.);
#7837 = EDGE_CURVE('',#1991,#7838,#7840,.T.);
#7838 = VERTEX_POINT('',#7839);
#7839 = CARTESIAN_POINT('',(2.397647351197,18.137441137506,3.));
#7840 = LINE('',#7841,#7842);
#7841 = CARTESIAN_POINT('',(2.397647351197,18.137441137506,0.));
#7842 = VECTOR('',#7843,1.);
#7843 = DIRECTION('',(0.,0.,1.));
#7844 = ORIENTED_EDGE('',*,*,#7845,.F.);
#7845 = EDGE_CURVE('',#7846,#7838,#7848,.T.);
#7846 = VERTEX_POINT('',#7847);
#7847 = CARTESIAN_POINT('',(-2.397647351197,18.137441137506,3.));
#7848 = CIRCLE('',#7849,2.4);
#7849 = AXIS2_PLACEMENT_3D('',#7850,#7851,#7852);
#7850 = CARTESIAN_POINT('',(2.21E-15,18.0312,3.));
#7851 = DIRECTION('',(0.,0.,-1.));
#7852 = DIRECTION('',(-1.,1.2E-16,0.));
#7853 = ORIENTED_EDGE('',*,*,#7854,.F.);
#7854 = EDGE_CURVE('',#1989,#7846,#7855,.T.);
#7855 = LINE('',#7856,#7857);
#7856 = CARTESIAN_POINT('',(-2.397647351197,18.137441137506,0.));
#7857 = VECTOR('',#7858,1.);
#7858 = DIRECTION('',(0.,0.,1.));
#7859 = CYLINDRICAL_SURFACE('',#7860,2.4);
#7860 = AXIS2_PLACEMENT_3D('',#7861,#7862,#7863);
#7861 = CARTESIAN_POINT('',(2.21E-15,18.0312,-1.));
#7862 = DIRECTION('',(-0.,-0.,-1.));
#7863 = DIRECTION('',(-1.,1.2E-16,0.));
#7864 = ADVANCED_FACE('',(#7865),#7884,.F.);
#7865 = FACE_BOUND('',#7866,.T.);
#7866 = EDGE_LOOP('',(#7867,#7868,#7876,#7883));
#7867 = ORIENTED_EDGE('',*,*,#1999,.T.);
#7868 = ORIENTED_EDGE('',*,*,#7869,.T.);
#7869 = EDGE_CURVE('',#2000,#7870,#7872,.T.);
#7870 = VERTEX_POINT('',#7871);
#7871 = CARTESIAN_POINT('',(-3.174623742183,17.206671481009,3.));
#7872 = LINE('',#7873,#7874);
#7873 = CARTESIAN_POINT('',(-3.174623742183,17.206671481009,0.));
#7874 = VECTOR('',#7875,1.);
#7875 = DIRECTION('',(0.,0.,1.));
#7876 = ORIENTED_EDGE('',*,*,#7877,.F.);
#7877 = EDGE_CURVE('',#7846,#7870,#7878,.T.);
#7878 = CIRCLE('',#7879,1.);
#7879 = AXIS2_PLACEMENT_3D('',#7880,#7881,#7882);
#7880 = CARTESIAN_POINT('',(-3.396667080862,18.181708278134,3.));
#7881 = DIRECTION('',(-0.,-0.,-1.));
#7882 = DIRECTION('',(0.,-1.,0.));
#7883 = ORIENTED_EDGE('',*,*,#7854,.F.);
#7884 = CYLINDRICAL_SURFACE('',#7885,1.);
#7885 = AXIS2_PLACEMENT_3D('',#7886,#7887,#7888);
#7886 = CARTESIAN_POINT('',(-3.396667080862,18.181708278134,0.));
#7887 = DIRECTION('',(0.,0.,1.));
#7888 = DIRECTION('',(0.999019729665,-4.426714062769E-02,0.));
#7889 = ADVANCED_FACE('',(#7890),#7909,.F.);
#7890 = FACE_BOUND('',#7891,.F.);
#7891 = EDGE_LOOP('',(#7892,#7893,#7901,#7908));
#7892 = ORIENTED_EDGE('',*,*,#2067,.T.);
#7893 = ORIENTED_EDGE('',*,*,#7894,.T.);
#7894 = EDGE_CURVE('',#2060,#7895,#7897,.T.);
#7895 = VERTEX_POINT('',#7896);
#7896 = CARTESIAN_POINT('',(3.174623742183,17.206671481009,3.));
#7897 = LINE('',#7898,#7899);
#7898 = CARTESIAN_POINT('',(3.174623742183,17.206671481009,0.));
#7899 = VECTOR('',#7900,1.);
#7900 = DIRECTION('',(0.,0.,1.));
#7901 = ORIENTED_EDGE('',*,*,#7902,.F.);
#7902 = EDGE_CURVE('',#7838,#7895,#7903,.T.);
#7903 = CIRCLE('',#7904,1.);
#7904 = AXIS2_PLACEMENT_3D('',#7905,#7906,#7907);
#7905 = CARTESIAN_POINT('',(3.396667080862,18.181708278134,3.));
#7906 = DIRECTION('',(-0.,0.,1.));
#7907 = DIRECTION('',(0.,-1.,0.));
#7908 = ORIENTED_EDGE('',*,*,#7837,.F.);
#7909 = CYLINDRICAL_SURFACE('',#7910,1.);
#7910 = AXIS2_PLACEMENT_3D('',#7911,#7912,#7913);
#7911 = CARTESIAN_POINT('',(3.396667080862,18.181708278134,0.));
#7912 = DIRECTION('',(0.,0.,1.));
#7913 = DIRECTION('',(-0.999019729665,-4.426714062769E-02,0.));
#7914 = ADVANCED_FACE('',(#7915),#7933,.F.);
#7915 = FACE_BOUND('',#7916,.F.);
#7916 = EDGE_LOOP('',(#7917,#7918,#7919,#7927));
#7917 = ORIENTED_EDGE('',*,*,#2008,.T.);
#7918 = ORIENTED_EDGE('',*,*,#7869,.T.);
#7919 = ORIENTED_EDGE('',*,*,#7920,.F.);
#7920 = EDGE_CURVE('',#7921,#7870,#7923,.T.);
#7921 = VERTEX_POINT('',#7922);
#7922 = CARTESIAN_POINT('',(-6.296981419278,16.495622702936,3.));
#7923 = LINE('',#7924,#7925);
#7924 = CARTESIAN_POINT('',(-3.192008261584,17.202712536341,3.));
#7925 = VECTOR('',#7926,1.);
#7926 = DIRECTION('',(0.975036797125,0.222043338679,0.));
#7927 = ORIENTED_EDGE('',*,*,#7928,.F.);
#7928 = EDGE_CURVE('',#2009,#7921,#7929,.T.);
#7929 = LINE('',#7930,#7931);
#7930 = CARTESIAN_POINT('',(-6.296981419278,16.495622702936,0.));
#7931 = VECTOR('',#7932,1.);
#7932 = DIRECTION('',(0.,0.,1.));
#7933 = PLANE('',#7934);
#7934 = AXIS2_PLACEMENT_3D('',#7935,#7936,#7937);
#7935 = CARTESIAN_POINT('',(-2.316103361956,17.402180750107,-1.));
#7936 = DIRECTION('',(0.222043338679,-0.975036797125,0.));
#7937 = DIRECTION('',(-0.975036797125,-0.222043338679,0.));
#7938 = ADVANCED_FACE('',(#7939),#7957,.T.);
#7939 = FACE_BOUND('',#7940,.T.);
#7940 = EDGE_LOOP('',(#7941,#7942,#7943,#7951));
#7941 = ORIENTED_EDGE('',*,*,#2059,.T.);
#7942 = ORIENTED_EDGE('',*,*,#7894,.T.);
#7943 = ORIENTED_EDGE('',*,*,#7944,.F.);
#7944 = EDGE_CURVE('',#7945,#7895,#7947,.T.);
#7945 = VERTEX_POINT('',#7946);
#7946 = CARTESIAN_POINT('',(6.296981419278,16.495622702936,3.));
#7947 = LINE('',#7948,#7949);
#7948 = CARTESIAN_POINT('',(3.081291918984,17.227925765657,3.));
#7949 = VECTOR('',#7950,1.);
#7950 = DIRECTION('',(-0.975036797125,0.222043338679,0.));
#7951 = ORIENTED_EDGE('',*,*,#7952,.F.);
#7952 = EDGE_CURVE('',#2051,#7945,#7953,.T.);
#7953 = LINE('',#7954,#7955);
#7954 = CARTESIAN_POINT('',(6.296981419278,16.495622702936,0.));
#7955 = VECTOR('',#7956,1.);
#7956 = DIRECTION('',(0.,0.,1.));
#7957 = PLANE('',#7958);
#7958 = AXIS2_PLACEMENT_3D('',#7959,#7960,#7961);
#7959 = CARTESIAN_POINT('',(2.316103361956,17.402180750107,-1.));
#7960 = DIRECTION('',(0.222043338679,0.975036797125,0.));
#7961 = DIRECTION('',(0.975036797125,-0.222043338679,0.));
#7962 = ADVANCED_FACE('',(#7963),#7982,.F.);
#7963 = FACE_BOUND('',#7964,.F.);
#7964 = EDGE_LOOP('',(#7965,#7966,#7967,#7976));
#7965 = ORIENTED_EDGE('',*,*,#2016,.T.);
#7966 = ORIENTED_EDGE('',*,*,#7928,.T.);
#7967 = ORIENTED_EDGE('',*,*,#7968,.F.);
#7968 = EDGE_CURVE('',#7969,#7921,#7971,.T.);
#7969 = VERTEX_POINT('',#7970);
#7970 = CARTESIAN_POINT('',(-7.312378098246,18.079420929073,3.));
#7971 = CIRCLE('',#7972,1.);
#7972 = AXIS2_PLACEMENT_3D('',#7973,#7974,#7975);
#7973 = CARTESIAN_POINT('',(-6.519024757957,17.470659500062,3.));
#7974 = DIRECTION('',(-0.,0.,1.));
#7975 = DIRECTION('',(0.,-1.,0.));
#7976 = ORIENTED_EDGE('',*,*,#7977,.F.);
#7977 = EDGE_CURVE('',#2017,#7969,#7978,.T.);
#7978 = LINE('',#7979,#7980);
#7979 = CARTESIAN_POINT('',(-7.312378098246,18.079420929073,0.));
#7980 = VECTOR('',#7981,1.);
#7981 = DIRECTION('',(0.,0.,1.));
#7982 = CYLINDRICAL_SURFACE('',#7983,1.);
#7983 = AXIS2_PLACEMENT_3D('',#7984,#7985,#7986);
#7984 = CARTESIAN_POINT('',(-6.519024757957,17.470659500062,0.));
#7985 = DIRECTION('',(0.,0.,1.));
#7986 = DIRECTION('',(-0.793353340289,0.608761429011,0.));
#7987 = ADVANCED_FACE('',(#7988),#8007,.F.);
#7988 = FACE_BOUND('',#7989,.F.);
#7989 = EDGE_LOOP('',(#7990,#7991,#7999,#8006));
#7990 = ORIENTED_EDGE('',*,*,#2050,.T.);
#7991 = ORIENTED_EDGE('',*,*,#7992,.T.);
#7992 = EDGE_CURVE('',#2043,#7993,#7995,.T.);
#7993 = VERTEX_POINT('',#7994);
#7994 = CARTESIAN_POINT('',(7.312378098246,18.079420929073,3.));
#7995 = LINE('',#7996,#7997);
#7996 = CARTESIAN_POINT('',(7.312378098246,18.079420929073,0.));
#7997 = VECTOR('',#7998,1.);
#7998 = DIRECTION('',(0.,0.,1.));
#7999 = ORIENTED_EDGE('',*,*,#8000,.F.);
#8000 = EDGE_CURVE('',#7945,#7993,#8001,.T.);
#8001 = CIRCLE('',#8002,1.);
#8002 = AXIS2_PLACEMENT_3D('',#8003,#8004,#8005);
#8003 = CARTESIAN_POINT('',(6.519024757957,17.470659500062,3.));
#8004 = DIRECTION('',(-0.,0.,1.));
#8005 = DIRECTION('',(0.,-1.,0.));
#8006 = ORIENTED_EDGE('',*,*,#7952,.F.);
#8007 = CYLINDRICAL_SURFACE('',#8008,1.);
#8008 = AXIS2_PLACEMENT_3D('',#8009,#8010,#8011);
#8009 = CARTESIAN_POINT('',(6.519024757957,17.470659500062,0.));
#8010 = DIRECTION('',(0.,0.,1.));
#8011 = DIRECTION('',(-0.222043338679,-0.975036797125,0.));
#8012 = ADVANCED_FACE('',(#8013),#8031,.F.);
#8013 = FACE_BOUND('',#8014,.F.);
#8014 = EDGE_LOOP('',(#8015,#8016,#8017,#8025));
#8015 = ORIENTED_EDGE('',*,*,#2025,.T.);
#8016 = ORIENTED_EDGE('',*,*,#7977,.T.);
#8017 = ORIENTED_EDGE('',*,*,#8018,.F.);
#8018 = EDGE_CURVE('',#8019,#7969,#8021,.T.);
#8019 = VERTEX_POINT('',#8020);
#8020 = CARTESIAN_POINT('',(-0.793353340289,26.575179399762,3.));
#8021 = LINE('',#8022,#8023);
#8022 = CARTESIAN_POINT('',(-11.27279316189,12.918107531177,3.));
#8023 = VECTOR('',#8024,1.);
#8024 = DIRECTION('',(-0.608761429011,-0.793353340289,0.));
#8025 = ORIENTED_EDGE('',*,*,#8026,.F.);
#8026 = EDGE_CURVE('',#2026,#8019,#8027,.T.);
#8027 = LINE('',#8028,#8029);
#8028 = CARTESIAN_POINT('',(-0.793353340289,26.575179399762,0.));
#8029 = VECTOR('',#8030,1.);
#8030 = DIRECTION('',(0.,0.,1.));
#8031 = PLANE('',#8032);
#8032 = AXIS2_PLACEMENT_3D('',#8033,#8034,#8035);
#8033 = CARTESIAN_POINT('',(-9.,15.88006924696,-1.));
#8034 = DIRECTION('',(-0.793353340289,0.608761429011,0.));
#8035 = DIRECTION('',(0.608761429011,0.793353340289,0.));
#8036 = ADVANCED_FACE('',(#8037),#8055,.T.);
#8037 = FACE_BOUND('',#8038,.T.);
#8038 = EDGE_LOOP('',(#8039,#8040,#8041,#8049));
#8039 = ORIENTED_EDGE('',*,*,#2042,.T.);
#8040 = ORIENTED_EDGE('',*,*,#7992,.T.);
#8041 = ORIENTED_EDGE('',*,*,#8042,.F.);
#8042 = EDGE_CURVE('',#8043,#7993,#8045,.T.);
#8043 = VERTEX_POINT('',#8044);
#8044 = CARTESIAN_POINT('',(0.793353340289,26.575179399762,3.));
#8045 = LINE('',#8046,#8047);
#8046 = CARTESIAN_POINT('',(11.229634897163,12.974352476825,3.));
#8047 = VECTOR('',#8048,1.);
#8048 = DIRECTION('',(0.608761429011,-0.793353340289,0.));
#8049 = ORIENTED_EDGE('',*,*,#8050,.F.);
#8050 = EDGE_CURVE('',#2034,#8043,#8051,.T.);
#8051 = LINE('',#8052,#8053);
#8052 = CARTESIAN_POINT('',(0.793353340289,26.575179399762,0.));
#8053 = VECTOR('',#8054,1.);
#8054 = DIRECTION('',(0.,0.,1.));
#8055 = PLANE('',#8056);
#8056 = AXIS2_PLACEMENT_3D('',#8057,#8058,#8059);
#8057 = CARTESIAN_POINT('',(9.,15.88006924696,-1.));
#8058 = DIRECTION('',(-0.793353340289,-0.608761429011,0.));
#8059 = DIRECTION('',(-0.608761429011,0.793353340289,0.));
#8060 = ADVANCED_FACE('',(#8061),#8073,.F.);
#8061 = FACE_BOUND('',#8062,.F.);
#8062 = EDGE_LOOP('',(#8063,#8064,#8065,#8072));
#8063 = ORIENTED_EDGE('',*,*,#2033,.T.);
#8064 = ORIENTED_EDGE('',*,*,#8026,.T.);
#8065 = ORIENTED_EDGE('',*,*,#8066,.F.);
#8066 = EDGE_CURVE('',#8043,#8019,#8067,.T.);
#8067 = CIRCLE('',#8068,1.);
#8068 = AXIS2_PLACEMENT_3D('',#8069,#8070,#8071);
#8069 = CARTESIAN_POINT('',(2.81E-15,25.96641797075,3.));
#8070 = DIRECTION('',(-0.,0.,1.));
#8071 = DIRECTION('',(0.,-1.,0.));
#8072 = ORIENTED_EDGE('',*,*,#8050,.F.);
#8073 = CYLINDRICAL_SURFACE('',#8074,1.);
#8074 = AXIS2_PLACEMENT_3D('',#8075,#8076,#8077);
#8075 = CARTESIAN_POINT('',(2.81E-15,25.96641797075,0.));
#8076 = DIRECTION('',(0.,0.,1.));
#8077 = DIRECTION('',(0.793353340289,0.608761429011,0.));
#8078 = ADVANCED_FACE('',(#8079),#8104,.F.);
#8079 = FACE_BOUND('',#8080,.F.);
#8080 = EDGE_LOOP('',(#8081,#8082,#8090,#8098));
#8081 = ORIENTED_EDGE('',*,*,#2076,.T.);
#8082 = ORIENTED_EDGE('',*,*,#8083,.T.);
#8083 = EDGE_CURVE('',#2079,#8084,#8086,.T.);
#8084 = VERTEX_POINT('',#8085);
#8085 = CARTESIAN_POINT('',(1.893535829171,29.644275786902,3.));
#8086 = LINE('',#8087,#8088);
#8087 = CARTESIAN_POINT('',(1.893535829171,29.644275786902,0.));
#8088 = VECTOR('',#8089,1.);
#8089 = DIRECTION('',(0.,0.,1.));
#8090 = ORIENTED_EDGE('',*,*,#8091,.F.);
#8091 = EDGE_CURVE('',#8092,#8084,#8094,.T.);
#8092 = VERTEX_POINT('',#8093);
#8093 = CARTESIAN_POINT('',(5.852608917125,34.80384028807,3.));
#8094 = LINE('',#8095,#8096);
#8095 = CARTESIAN_POINT('',(-5.955137835433,19.415685124015,3.));
#8096 = VECTOR('',#8097,1.);
#8097 = DIRECTION('',(-0.608761429008,-0.793353340292,0.));
#8098 = ORIENTED_EDGE('',*,*,#8099,.F.);
#8099 = EDGE_CURVE('',#2077,#8092,#8100,.T.);
#8100 = LINE('',#8101,#8102);
#8101 = CARTESIAN_POINT('',(5.852608917125,34.80384028807,0.));
#8102 = VECTOR('',#8103,1.);
#8103 = DIRECTION('',(0.,0.,1.));
#8104 = PLANE('',#8105);
#8105 = AXIS2_PLACEMENT_3D('',#8106,#8107,#8108);
#8106 = CARTESIAN_POINT('',(1.426416755451,29.035514357891,-1.));
#8107 = DIRECTION('',(-0.793353340292,0.608761429008,0.));
#8108 = DIRECTION('',(0.608761429008,0.793353340292,0.));
#8109 = ADVANCED_FACE('',(#8110),#8129,.F.);
#8110 = FACE_BOUND('',#8111,.T.);
#8111 = EDGE_LOOP('',(#8112,#8113,#8121,#8128));
#8112 = ORIENTED_EDGE('',*,*,#2086,.T.);
#8113 = ORIENTED_EDGE('',*,*,#8114,.T.);
#8114 = EDGE_CURVE('',#2087,#8115,#8117,.T.);
#8115 = VERTEX_POINT('',#8116);
#8116 = CARTESIAN_POINT('',(7.585755680906,34.536821922149,3.));
#8117 = LINE('',#8118,#8119);
#8118 = CARTESIAN_POINT('',(7.585755680906,34.536821922149,0.));
#8119 = VECTOR('',#8120,1.);
#8120 = DIRECTION('',(0.,0.,1.));
#8121 = ORIENTED_EDGE('',*,*,#8122,.F.);
#8122 = EDGE_CURVE('',#8092,#8115,#8123,.T.);
#8123 = CIRCLE('',#8124,1.);
#8124 = AXIS2_PLACEMENT_3D('',#8125,#8126,#8127);
#8125 = CARTESIAN_POINT('',(6.645962257417,34.195078859062,3.));
#8126 = DIRECTION('',(-0.,-0.,-1.));
#8127 = DIRECTION('',(0.,-1.,0.));
#8128 = ORIENTED_EDGE('',*,*,#8099,.F.);
#8129 = CYLINDRICAL_SURFACE('',#8130,1.);
#8130 = AXIS2_PLACEMENT_3D('',#8131,#8132,#8133);
#8131 = CARTESIAN_POINT('',(6.645962257417,34.195078859062,0.));
#8132 = DIRECTION('',(0.,0.,1.));
#8133 = DIRECTION('',(-0.793353340292,0.608761429008,0.));
#8134 = ADVANCED_FACE('',(#8135),#8154,.F.);
#8135 = FACE_BOUND('',#8136,.F.);
#8136 = EDGE_LOOP('',(#8137,#8138,#8146,#8153));
#8137 = ORIENTED_EDGE('',*,*,#2155,.T.);
#8138 = ORIENTED_EDGE('',*,*,#8139,.T.);
#8139 = EDGE_CURVE('',#2148,#8140,#8142,.T.);
#8140 = VERTEX_POINT('',#8141);
#8141 = CARTESIAN_POINT('',(1.893535829173,28.426752928883,3.));
#8142 = LINE('',#8143,#8144);
#8143 = CARTESIAN_POINT('',(1.893535829173,28.426752928883,0.));
#8144 = VECTOR('',#8145,1.);
#8145 = DIRECTION('',(0.,0.,1.));
#8146 = ORIENTED_EDGE('',*,*,#8147,.F.);
#8147 = EDGE_CURVE('',#8084,#8140,#8148,.T.);
#8148 = CIRCLE('',#8149,1.);
#8149 = AXIS2_PLACEMENT_3D('',#8150,#8151,#8152);
#8150 = CARTESIAN_POINT('',(2.686889169463,29.035514357894,3.));
#8151 = DIRECTION('',(-0.,0.,1.));
#8152 = DIRECTION('',(0.,-1.,0.));
#8153 = ORIENTED_EDGE('',*,*,#8083,.F.);
#8154 = CYLINDRICAL_SURFACE('',#8155,1.);
#8155 = AXIS2_PLACEMENT_3D('',#8156,#8157,#8158);
#8156 = CARTESIAN_POINT('',(2.686889169463,29.035514357894,0.));
#8157 = DIRECTION('',(0.,0.,1.));
#8158 = DIRECTION('',(-0.793353340292,0.608761429008,0.));
#8159 = ADVANCED_FACE('',(#8160),#8178,.F.);
#8160 = FACE_BOUND('',#8161,.F.);
#8161 = EDGE_LOOP('',(#8162,#8163,#8164,#8172));
#8162 = ORIENTED_EDGE('',*,*,#2095,.T.);
#8163 = ORIENTED_EDGE('',*,*,#8114,.T.);
#8164 = ORIENTED_EDGE('',*,*,#8165,.F.);
#8165 = EDGE_CURVE('',#8166,#8115,#8168,.T.);
#8166 = VERTEX_POINT('',#8167);
#8167 = CARTESIAN_POINT('',(8.253961931577,32.699254732802,3.));
#8168 = LINE('',#8169,#8170);
#8169 = CARTESIAN_POINT('',(12.426429086782,21.224970055989,3.));
#8170 = VECTOR('',#8171,1.);
#8171 = DIRECTION('',(-0.341743063087,0.939793423488,0.));
#8172 = ORIENTED_EDGE('',*,*,#8173,.F.);
#8173 = EDGE_CURVE('',#2096,#8166,#8174,.T.);
#8174 = LINE('',#8175,#8176);
#8175 = CARTESIAN_POINT('',(8.253961931577,32.699254732802,0.));
#8176 = VECTOR('',#8177,1.);
#8177 = DIRECTION('',(0.,0.,1.));
#8178 = PLANE('',#8179);
#8179 = AXIS2_PLACEMENT_3D('',#8180,#8181,#8182);
#8180 = CARTESIAN_POINT('',(6.962622503988,36.250438158672,-1.));
#8181 = DIRECTION('',(0.939793423488,0.341743063087,0.));
#8182 = DIRECTION('',(0.341743063087,-0.939793423488,0.));
#8183 = ADVANCED_FACE('',(#8184),#8202,.T.);
#8184 = FACE_BOUND('',#8185,.T.);
#8185 = EDGE_LOOP('',(#8186,#8187,#8188,#8196));
#8186 = ORIENTED_EDGE('',*,*,#2147,.T.);
#8187 = ORIENTED_EDGE('',*,*,#8139,.T.);
#8188 = ORIENTED_EDGE('',*,*,#8189,.F.);
#8189 = EDGE_CURVE('',#8190,#8140,#8192,.T.);
#8190 = VERTEX_POINT('',#8191);
#8191 = CARTESIAN_POINT('',(7.206646659711,21.502572085857,3.));
#8192 = LINE('',#8193,#8194);
#8193 = CARTESIAN_POINT('',(8.236196615175,20.160836461298,3.));
#8194 = VECTOR('',#8195,1.);
#8195 = DIRECTION('',(-0.608761429011,0.793353340289,0.));
#8196 = ORIENTED_EDGE('',*,*,#8197,.F.);
#8197 = EDGE_CURVE('',#2139,#8190,#8198,.T.);
#8198 = LINE('',#8199,#8200);
#8199 = CARTESIAN_POINT('',(7.206646659711,21.502572085857,0.));
#8200 = VECTOR('',#8201,1.);
#8201 = DIRECTION('',(0.,0.,1.));
#8202 = PLANE('',#8203);
#8203 = AXIS2_PLACEMENT_3D('',#8204,#8205,#8206);
#8204 = CARTESIAN_POINT('',(1.426416755451,29.035514357891,-1.));
#8205 = DIRECTION('',(0.793353340289,0.608761429011,0.));
#8206 = DIRECTION('',(0.608761429011,-0.793353340289,0.));
#8207 = ADVANCED_FACE('',(#8208),#8227,.F.);
#8208 = FACE_BOUND('',#8209,.F.);
#8209 = EDGE_LOOP('',(#8210,#8211,#8212,#8221));
#8210 = ORIENTED_EDGE('',*,*,#2103,.T.);
#8211 = ORIENTED_EDGE('',*,*,#8173,.T.);
#8212 = ORIENTED_EDGE('',*,*,#8213,.F.);
#8213 = EDGE_CURVE('',#8214,#8166,#8216,.T.);
#8214 = VERTEX_POINT('',#8215);
#8215 = CARTESIAN_POINT('',(7.47176600571,31.370008237446,3.));
#8216 = CIRCLE('',#8217,1.);
#8217 = AXIS2_PLACEMENT_3D('',#8218,#8219,#8220);
#8218 = CARTESIAN_POINT('',(7.314168508089,32.357511669716,3.));
#8219 = DIRECTION('',(-0.,0.,1.));
#8220 = DIRECTION('',(0.,-1.,0.));
#8221 = ORIENTED_EDGE('',*,*,#8222,.F.);
#8222 = EDGE_CURVE('',#2104,#8214,#8223,.T.);
#8223 = LINE('',#8224,#8225);
#8224 = CARTESIAN_POINT('',(7.47176600571,31.370008237446,0.));
#8225 = VECTOR('',#8226,1.);
#8226 = DIRECTION('',(0.,0.,1.));
#8227 = CYLINDRICAL_SURFACE('',#8228,1.);
#8228 = AXIS2_PLACEMENT_3D('',#8229,#8230,#8231);
#8229 = CARTESIAN_POINT('',(7.314168508089,32.357511669716,0.));
#8230 = DIRECTION('',(0.,0.,1.));
#8231 = DIRECTION('',(0.157597497621,-0.987503432269,0.));
#8232 = ADVANCED_FACE('',(#8233),#8252,.F.);
#8233 = FACE_BOUND('',#8234,.F.);
#8234 = EDGE_LOOP('',(#8235,#8236,#8244,#8251));
#8235 = ORIENTED_EDGE('',*,*,#2138,.T.);
#8236 = ORIENTED_EDGE('',*,*,#8237,.T.);
#8237 = EDGE_CURVE('',#2131,#8238,#8240,.T.);
#8238 = VERTEX_POINT('',#8239);
#8239 = CARTESIAN_POINT('',(9.,22.111333514868,3.));
#8240 = LINE('',#8241,#8242);
#8241 = CARTESIAN_POINT('',(9.,22.111333514868,0.));
#8242 = VECTOR('',#8243,1.);
#8243 = DIRECTION('',(0.,0.,1.));
#8244 = ORIENTED_EDGE('',*,*,#8245,.F.);
#8245 = EDGE_CURVE('',#8190,#8238,#8246,.T.);
#8246 = CIRCLE('',#8247,1.);
#8247 = AXIS2_PLACEMENT_3D('',#8248,#8249,#8250);
#8248 = CARTESIAN_POINT('',(8.,22.111333514868,3.));
#8249 = DIRECTION('',(-0.,0.,1.));
#8250 = DIRECTION('',(0.,-1.,0.));
#8251 = ORIENTED_EDGE('',*,*,#8197,.F.);
#8252 = CYLINDRICAL_SURFACE('',#8253,1.);
#8253 = AXIS2_PLACEMENT_3D('',#8254,#8255,#8256);
#8254 = CARTESIAN_POINT('',(8.,22.111333514868,0.));
#8255 = DIRECTION('',(0.,0.,1.));
#8256 = DIRECTION('',(-0.793353340289,-0.608761429011,0.));
#8257 = ADVANCED_FACE('',(#8258),#8277,.T.);
#8258 = FACE_BOUND('',#8259,.F.);
#8259 = EDGE_LOOP('',(#8260,#8261,#8262,#8271));
#8260 = ORIENTED_EDGE('',*,*,#2112,.T.);
#8261 = ORIENTED_EDGE('',*,*,#8222,.T.);
#8262 = ORIENTED_EDGE('',*,*,#8263,.F.);
#8263 = EDGE_CURVE('',#8264,#8214,#8266,.T.);
#8264 = VERTEX_POINT('',#8265);
#8265 = CARTESIAN_POINT('',(7.955882352941,26.602336777749,3.));
#8266 = CIRCLE('',#8267,2.4);
#8267 = AXIS2_PLACEMENT_3D('',#8268,#8269,#8270);
#8268 = CARTESIAN_POINT('',(7.85,29.,3.));
#8269 = DIRECTION('',(0.,0.,-1.));
#8270 = DIRECTION('',(-1.,1.2E-16,0.));
#8271 = ORIENTED_EDGE('',*,*,#8272,.F.);
#8272 = EDGE_CURVE('',#2113,#8264,#8273,.T.);
#8273 = LINE('',#8274,#8275);
#8274 = CARTESIAN_POINT('',(7.955882352941,26.602336777749,0.));
#8275 = VECTOR('',#8276,1.);
#8276 = DIRECTION('',(0.,0.,1.));
#8277 = CYLINDRICAL_SURFACE('',#8278,2.4);
#8278 = AXIS2_PLACEMENT_3D('',#8279,#8280,#8281);
#8279 = CARTESIAN_POINT('',(7.85,29.,-1.));
#8280 = DIRECTION('',(-0.,-0.,-1.));
#8281 = DIRECTION('',(-1.,1.2E-16,0.));
#8282 = ADVANCED_FACE('',(#8283),#8301,.T.);
#8283 = FACE_BOUND('',#8284,.T.);
#8284 = EDGE_LOOP('',(#8285,#8286,#8287,#8295));
#8285 = ORIENTED_EDGE('',*,*,#2130,.T.);
#8286 = ORIENTED_EDGE('',*,*,#8237,.T.);
#8287 = ORIENTED_EDGE('',*,*,#8288,.F.);
#8288 = EDGE_CURVE('',#8289,#8238,#8291,.T.);
#8289 = VERTEX_POINT('',#8290);
#8290 = CARTESIAN_POINT('',(9.,25.603310435144,3.));
#8291 = LINE('',#8292,#8293);
#8292 = CARTESIAN_POINT('',(9.,9.408520909173,3.));
#8293 = VECTOR('',#8294,1.);
#8294 = DIRECTION('',(-1.2E-16,-1.,0.));
#8295 = ORIENTED_EDGE('',*,*,#8296,.F.);
#8296 = EDGE_CURVE('',#2122,#8289,#8297,.T.);
#8297 = LINE('',#8298,#8299);
#8298 = CARTESIAN_POINT('',(9.,25.603310435144,0.));
#8299 = VECTOR('',#8300,1.);
#8300 = DIRECTION('',(0.,0.,1.));
#8301 = PLANE('',#8302);
#8302 = AXIS2_PLACEMENT_3D('',#8303,#8304,#8305);
#8303 = CARTESIAN_POINT('',(9.,19.165428510339,-1.));
#8304 = DIRECTION('',(-1.,1.2E-16,0.));
#8305 = DIRECTION('',(1.2E-16,1.,0.));
#8306 = ADVANCED_FACE('',(#8307),#8319,.F.);
#8307 = FACE_BOUND('',#8308,.F.);
#8308 = EDGE_LOOP('',(#8309,#8310,#8311,#8318));
#8309 = ORIENTED_EDGE('',*,*,#2121,.T.);
#8310 = ORIENTED_EDGE('',*,*,#8272,.T.);
#8311 = ORIENTED_EDGE('',*,*,#8312,.F.);
#8312 = EDGE_CURVE('',#8289,#8264,#8313,.T.);
#8313 = CIRCLE('',#8314,1.);
#8314 = AXIS2_PLACEMENT_3D('',#8315,#8316,#8317);
#8315 = CARTESIAN_POINT('',(8.,25.603310435144,3.));
#8316 = DIRECTION('',(-0.,0.,1.));
#8317 = DIRECTION('',(0.,-1.,0.));
#8318 = ORIENTED_EDGE('',*,*,#8296,.F.);
#8319 = CYLINDRICAL_SURFACE('',#8320,1.);
#8320 = AXIS2_PLACEMENT_3D('',#8321,#8322,#8323);
#8321 = CARTESIAN_POINT('',(8.,25.603310435144,0.));
#8322 = DIRECTION('',(0.,0.,1.));
#8323 = DIRECTION('',(1.,-1.2E-16,0.));
#8324 = ADVANCED_FACE('',(#8325),#8350,.F.);
#8325 = FACE_BOUND('',#8326,.F.);
#8326 = EDGE_LOOP('',(#8327,#8328,#8336,#8344));
#8327 = ORIENTED_EDGE('',*,*,#2164,.T.);
#8328 = ORIENTED_EDGE('',*,*,#8329,.T.);
#8329 = EDGE_CURVE('',#2167,#8330,#8332,.T.);
#8330 = VERTEX_POINT('',#8331);
#8331 = CARTESIAN_POINT('',(5.818206993473,38.044366091703,3.));
#8332 = LINE('',#8333,#8334);
#8333 = CARTESIAN_POINT('',(5.818206993473,38.044366091703,0.));
#8334 = VECTOR('',#8335,1.);
#8335 = DIRECTION('',(0.,0.,1.));
#8336 = ORIENTED_EDGE('',*,*,#8337,.F.);
#8337 = EDGE_CURVE('',#8338,#8330,#8340,.T.);
#8338 = VERTEX_POINT('',#8339);
#8339 = CARTESIAN_POINT('',(0.793353340291,31.495849316048,3.));
#8340 = LINE('',#8341,#8342);
#8341 = CARTESIAN_POINT('',(-4.385665452515,24.746420618826,3.));
#8342 = VECTOR('',#8343,1.);
#8343 = DIRECTION('',(0.608761429008,0.793353340292,0.));
#8344 = ORIENTED_EDGE('',*,*,#8345,.F.);
#8345 = EDGE_CURVE('',#2165,#8338,#8346,.T.);
#8346 = LINE('',#8347,#8348);
#8347 = CARTESIAN_POINT('',(0.793353340291,31.495849316048,0.));
#8348 = VECTOR('',#8349,1.);
#8349 = DIRECTION('',(0.,0.,1.));
#8350 = PLANE('',#8351);
#8351 = AXIS2_PLACEMENT_3D('',#8352,#8353,#8354);
#8352 = CARTESIAN_POINT('',(6.152068201871,38.479462489495,-1.));
#8353 = DIRECTION('',(0.793353340292,-0.608761429008,0.));
#8354 = DIRECTION('',(-0.608761429008,-0.793353340292,0.));
#8355 = ADVANCED_FACE('',(#8356),#8375,.F.);
#8356 = FACE_BOUND('',#8357,.T.);
#8357 = EDGE_LOOP('',(#8358,#8359,#8367,#8374));
#8358 = ORIENTED_EDGE('',*,*,#2174,.T.);
#8359 = ORIENTED_EDGE('',*,*,#8360,.T.);
#8360 = EDGE_CURVE('',#2175,#8361,#8363,.T.);
#8361 = VERTEX_POINT('',#8362);
#8362 = CARTESIAN_POINT('',(-0.793353340292,31.495849316047,3.));
#8363 = LINE('',#8364,#8365);
#8364 = CARTESIAN_POINT('',(-0.793353340292,31.495849316047,0.));
#8365 = VECTOR('',#8366,1.);
#8366 = DIRECTION('',(0.,0.,1.));
#8367 = ORIENTED_EDGE('',*,*,#8368,.F.);
#8368 = EDGE_CURVE('',#8338,#8361,#8369,.T.);
#8369 = CIRCLE('',#8370,1.);
#8370 = AXIS2_PLACEMENT_3D('',#8371,#8372,#8373);
#8371 = CARTESIAN_POINT('',(-7.8507E-13,32.104610745056,3.));
#8372 = DIRECTION('',(-0.,-0.,-1.));
#8373 = DIRECTION('',(0.,-1.,0.));
#8374 = ORIENTED_EDGE('',*,*,#8345,.F.);
#8375 = CYLINDRICAL_SURFACE('',#8376,1.);
#8376 = AXIS2_PLACEMENT_3D('',#8377,#8378,#8379);
#8377 = CARTESIAN_POINT('',(-7.8507E-13,32.104610745056,0.));
#8378 = DIRECTION('',(0.,0.,1.));
#8379 = DIRECTION('',(0.793353340292,-0.608761429008,0.));
#8380 = ADVANCED_FACE('',(#8381),#8400,.F.);
#8381 = FACE_BOUND('',#8382,.F.);
#8382 = EDGE_LOOP('',(#8383,#8384,#8392,#8399));
#8383 = ORIENTED_EDGE('',*,*,#2242,.T.);
#8384 = ORIENTED_EDGE('',*,*,#8385,.T.);
#8385 = EDGE_CURVE('',#2235,#8386,#8388,.T.);
#8386 = VERTEX_POINT('',#8387);
#8387 = CARTESIAN_POINT('',(5.96464707667,38.994870583798,3.));
#8388 = LINE('',#8389,#8390);
#8389 = CARTESIAN_POINT('',(5.96464707667,38.994870583798,0.));
#8390 = VECTOR('',#8391,1.);
#8391 = DIRECTION('',(0.,0.,1.));
#8392 = ORIENTED_EDGE('',*,*,#8393,.F.);
#8393 = EDGE_CURVE('',#8330,#8386,#8394,.T.);
#8394 = CIRCLE('',#8395,1.);
#8395 = AXIS2_PLACEMENT_3D('',#8396,#8397,#8398);
#8396 = CARTESIAN_POINT('',(5.024853653181,38.653127520711,3.));
#8397 = DIRECTION('',(-0.,0.,1.));
#8398 = DIRECTION('',(0.,-1.,0.));
#8399 = ORIENTED_EDGE('',*,*,#8329,.F.);
#8400 = CYLINDRICAL_SURFACE('',#8401,1.);
#8401 = AXIS2_PLACEMENT_3D('',#8402,#8403,#8404);
#8402 = CARTESIAN_POINT('',(5.024853653181,38.653127520711,0.));
#8403 = DIRECTION('',(0.,0.,1.));
#8404 = DIRECTION('',(0.793353340292,-0.608761429008,0.));
#8405 = ADVANCED_FACE('',(#8406),#8424,.T.);
#8406 = FACE_BOUND('',#8407,.T.);
#8407 = EDGE_LOOP('',(#8408,#8409,#8417,#8423));
#8408 = ORIENTED_EDGE('',*,*,#2183,.T.);
#8409 = ORIENTED_EDGE('',*,*,#8410,.T.);
#8410 = EDGE_CURVE('',#2184,#8411,#8413,.T.);
#8411 = VERTEX_POINT('',#8412);
#8412 = CARTESIAN_POINT('',(-5.818206993477,38.044366091692,3.));
#8413 = LINE('',#8414,#8415);
#8414 = CARTESIAN_POINT('',(-5.818206993477,38.044366091692,0.));
#8415 = VECTOR('',#8416,1.);
#8416 = DIRECTION('',(0.,0.,1.));
#8417 = ORIENTED_EDGE('',*,*,#8418,.F.);
#8418 = EDGE_CURVE('',#8361,#8411,#8419,.T.);
#8419 = LINE('',#8420,#8421);
#8420 = CARTESIAN_POINT('',(4.342507187784,24.802665564483,3.));
#8421 = VECTOR('',#8422,1.);
#8422 = DIRECTION('',(-0.608761429009,0.793353340291,0.));
#8423 = ORIENTED_EDGE('',*,*,#8360,.F.);
#8424 = PLANE('',#8425);
#8425 = AXIS2_PLACEMENT_3D('',#8426,#8427,#8428);
#8426 = CARTESIAN_POINT('',(-6.152068201875,38.479462489485,-1.));
#8427 = DIRECTION('',(0.793353340291,0.608761429009,0.));
#8428 = DIRECTION('',(0.608761429009,-0.793353340291,0.));
#8429 = ADVANCED_FACE('',(#8430),#8448,.T.);
#8430 = FACE_BOUND('',#8431,.T.);
#8431 = EDGE_LOOP('',(#8432,#8433,#8434,#8442));
#8432 = ORIENTED_EDGE('',*,*,#2234,.T.);
#8433 = ORIENTED_EDGE('',*,*,#8385,.T.);
#8434 = ORIENTED_EDGE('',*,*,#8435,.F.);
#8435 = EDGE_CURVE('',#8436,#8386,#8438,.T.);
#8436 = VERTEX_POINT('',#8437);
#8437 = CARTESIAN_POINT('',(5.838511629656,39.341743063087,3.));
#8438 = LINE('',#8439,#8440);
#8439 = CARTESIAN_POINT('',(12.021151935723,22.339482221401,3.));
#8440 = VECTOR('',#8441,1.);
#8441 = DIRECTION('',(0.341743063087,-0.939793423488,0.));
#8442 = ORIENTED_EDGE('',*,*,#8443,.F.);
#8443 = EDGE_CURVE('',#2226,#8436,#8444,.T.);
#8444 = LINE('',#8445,#8446);
#8445 = CARTESIAN_POINT('',(5.838511629656,39.341743063087,0.));
#8446 = VECTOR('',#8447,1.);
#8447 = DIRECTION('',(0.,0.,1.));
#8448 = PLANE('',#8449);
#8449 = AXIS2_PLACEMENT_3D('',#8450,#8451,#8452);
#8450 = CARTESIAN_POINT('',(6.152068201871,38.479462489495,-1.));
#8451 = DIRECTION('',(-0.939793423488,-0.341743063087,0.));
#8452 = DIRECTION('',(-0.341743063087,0.939793423488,0.));
#8453 = ADVANCED_FACE('',(#8454),#8473,.F.);
#8454 = FACE_BOUND('',#8455,.F.);
#8455 = EDGE_LOOP('',(#8456,#8457,#8458,#8467));
#8456 = ORIENTED_EDGE('',*,*,#2191,.T.);
#8457 = ORIENTED_EDGE('',*,*,#8410,.T.);
#8458 = ORIENTED_EDGE('',*,*,#8459,.F.);
#8459 = EDGE_CURVE('',#8460,#8411,#8462,.T.);
#8460 = VERTEX_POINT('',#8461);
#8461 = CARTESIAN_POINT('',(-5.964647076674,38.994870583788,3.));
#8462 = CIRCLE('',#8463,1.);
#8463 = AXIS2_PLACEMENT_3D('',#8464,#8465,#8466);
#8464 = CARTESIAN_POINT('',(-5.024853653185,38.653127520701,3.));
#8465 = DIRECTION('',(-0.,0.,1.));
#8466 = DIRECTION('',(0.,-1.,0.));
#8467 = ORIENTED_EDGE('',*,*,#8468,.F.);
#8468 = EDGE_CURVE('',#2192,#8460,#8469,.T.);
#8469 = LINE('',#8470,#8471);
#8470 = CARTESIAN_POINT('',(-5.964647076674,38.994870583788,0.));
#8471 = VECTOR('',#8472,1.);
#8472 = DIRECTION('',(0.,0.,1.));
#8473 = CYLINDRICAL_SURFACE('',#8474,1.);
#8474 = AXIS2_PLACEMENT_3D('',#8475,#8476,#8477);
#8475 = CARTESIAN_POINT('',(-5.024853653185,38.653127520701,0.));
#8476 = DIRECTION('',(0.,0.,1.));
#8477 = DIRECTION('',(-0.939793423488,0.341743063087,0.));
#8478 = ADVANCED_FACE('',(#8479),#8498,.F.);
#8479 = FACE_BOUND('',#8480,.F.);
#8480 = EDGE_LOOP('',(#8481,#8482,#8490,#8497));
#8481 = ORIENTED_EDGE('',*,*,#2225,.T.);
#8482 = ORIENTED_EDGE('',*,*,#8483,.T.);
#8483 = EDGE_CURVE('',#2218,#8484,#8486,.T.);
#8484 = VERTEX_POINT('',#8485);
#8485 = CARTESIAN_POINT('',(4.898718206167,40.,3.));
#8486 = LINE('',#8487,#8488);
#8487 = CARTESIAN_POINT('',(4.898718206167,40.,0.));
#8488 = VECTOR('',#8489,1.);
#8489 = DIRECTION('',(0.,0.,1.));
#8490 = ORIENTED_EDGE('',*,*,#8491,.F.);
#8491 = EDGE_CURVE('',#8436,#8484,#8492,.T.);
#8492 = CIRCLE('',#8493,1.);
#8493 = AXIS2_PLACEMENT_3D('',#8494,#8495,#8496);
#8494 = CARTESIAN_POINT('',(4.898718206167,39.,3.));
#8495 = DIRECTION('',(-0.,0.,1.));
#8496 = DIRECTION('',(0.,-1.,0.));
#8497 = ORIENTED_EDGE('',*,*,#8443,.F.);
#8498 = CYLINDRICAL_SURFACE('',#8499,1.);
#8499 = AXIS2_PLACEMENT_3D('',#8500,#8501,#8502);
#8500 = CARTESIAN_POINT('',(4.898718206167,39.,0.));
#8501 = DIRECTION('',(0.,0.,1.));
#8502 = DIRECTION('',(0.939793423488,0.341743063087,0.));
#8503 = ADVANCED_FACE('',(#8504),#8522,.T.);
#8504 = FACE_BOUND('',#8505,.T.);
#8505 = EDGE_LOOP('',(#8506,#8507,#8515,#8521));
#8506 = ORIENTED_EDGE('',*,*,#2200,.T.);
#8507 = ORIENTED_EDGE('',*,*,#8508,.T.);
#8508 = EDGE_CURVE('',#2201,#8509,#8511,.T.);
#8509 = VERTEX_POINT('',#8510);
#8510 = CARTESIAN_POINT('',(-5.838511629656,39.341743063087,3.));
#8511 = LINE('',#8512,#8513);
#8512 = CARTESIAN_POINT('',(-5.838511629656,39.341743063087,0.));
#8513 = VECTOR('',#8514,1.);
#8514 = DIRECTION('',(0.,0.,1.));
#8515 = ORIENTED_EDGE('',*,*,#8516,.F.);
#8516 = EDGE_CURVE('',#8460,#8509,#8517,.T.);
#8517 = LINE('',#8518,#8519);
#8518 = CARTESIAN_POINT('',(-11.75829151674,23.062348373589,3.));
#8519 = VECTOR('',#8520,1.);
#8520 = DIRECTION('',(0.341743063087,0.939793423488,0.));
#8521 = ORIENTED_EDGE('',*,*,#8468,.F.);
#8522 = PLANE('',#8523);
#8523 = AXIS2_PLACEMENT_3D('',#8524,#8525,#8526);
#8524 = CARTESIAN_POINT('',(-5.599145470778,40.,-1.));
#8525 = DIRECTION('',(0.939793423488,-0.341743063087,0.));
#8526 = DIRECTION('',(-0.341743063087,-0.939793423488,0.));
#8527 = ADVANCED_FACE('',(#8528),#8546,.F.);
#8528 = FACE_BOUND('',#8529,.F.);
#8529 = EDGE_LOOP('',(#8530,#8531,#8539,#8545));
#8530 = ORIENTED_EDGE('',*,*,#2217,.T.);
#8531 = ORIENTED_EDGE('',*,*,#8532,.T.);
#8532 = EDGE_CURVE('',#2209,#8533,#8535,.T.);
#8533 = VERTEX_POINT('',#8534);
#8534 = CARTESIAN_POINT('',(-4.898718206167,40.,3.));
#8535 = LINE('',#8536,#8537);
#8536 = CARTESIAN_POINT('',(-4.898718206167,40.,0.));
#8537 = VECTOR('',#8538,1.);
#8538 = DIRECTION('',(0.,0.,1.));
#8539 = ORIENTED_EDGE('',*,*,#8540,.F.);
#8540 = EDGE_CURVE('',#8484,#8533,#8541,.T.);
#8541 = LINE('',#8542,#8543);
#8542 = CARTESIAN_POINT('',(-2.857801787887,40.,3.));
#8543 = VECTOR('',#8544,1.);
#8544 = DIRECTION('',(-1.,1.2E-16,0.));
#8545 = ORIENTED_EDGE('',*,*,#8483,.F.);
#8546 = PLANE('',#8547);
#8547 = AXIS2_PLACEMENT_3D('',#8548,#8549,#8550);
#8548 = CARTESIAN_POINT('',(-5.599145470778,40.,-1.));
#8549 = DIRECTION('',(1.2E-16,1.,0.));
#8550 = DIRECTION('',(1.,-1.2E-16,0.));
#8551 = ADVANCED_FACE('',(#8552),#8564,.F.);
#8552 = FACE_BOUND('',#8553,.F.);
#8553 = EDGE_LOOP('',(#8554,#8555,#8556,#8563));
#8554 = ORIENTED_EDGE('',*,*,#2208,.T.);
#8555 = ORIENTED_EDGE('',*,*,#8508,.T.);
#8556 = ORIENTED_EDGE('',*,*,#8557,.F.);
#8557 = EDGE_CURVE('',#8533,#8509,#8558,.T.);
#8558 = CIRCLE('',#8559,1.);
#8559 = AXIS2_PLACEMENT_3D('',#8560,#8561,#8562);
#8560 = CARTESIAN_POINT('',(-4.898718206167,39.,3.));
#8561 = DIRECTION('',(-0.,0.,1.));
#8562 = DIRECTION('',(0.,-1.,0.));
#8563 = ORIENTED_EDGE('',*,*,#8532,.F.);
#8564 = CYLINDRICAL_SURFACE('',#8565,1.);
#8565 = AXIS2_PLACEMENT_3D('',#8566,#8567,#8568);
#8566 = CARTESIAN_POINT('',(-4.898718206167,39.,0.));
#8567 = DIRECTION('',(0.,0.,1.));
#8568 = DIRECTION('',(1.2E-16,1.,0.));
#8569 = ADVANCED_FACE('',(#8570),#8595,.T.);
#8570 = FACE_BOUND('',#8571,.T.);
#8571 = EDGE_LOOP('',(#8572,#8573,#8581,#8589));
#8572 = ORIENTED_EDGE('',*,*,#2251,.F.);
#8573 = ORIENTED_EDGE('',*,*,#8574,.T.);
#8574 = EDGE_CURVE('',#2252,#8575,#8577,.T.);
#8575 = VERTEX_POINT('',#8576);
#8576 = CARTESIAN_POINT('',(48.323995946582,-37.60262860588,3.));
#8577 = LINE('',#8578,#8579);
#8578 = CARTESIAN_POINT('',(48.323995946582,-37.60262860588,0.));
#8579 = VECTOR('',#8580,1.);
#8580 = DIRECTION('',(0.,0.,1.));
#8581 = ORIENTED_EDGE('',*,*,#8582,.T.);
#8582 = EDGE_CURVE('',#8575,#8583,#8585,.T.);
#8583 = VERTEX_POINT('',#8584);
#8584 = CARTESIAN_POINT('',(48.74628070629,-39.45696561067,3.));
#8585 = LINE('',#8586,#8587);
#8586 = CARTESIAN_POINT('',(48.059375,-36.440625,3.));
#8587 = VECTOR('',#8588,1.);
#8588 = DIRECTION('',(0.222043338679,-0.975036797125,0.));
#8589 = ORIENTED_EDGE('',*,*,#8590,.F.);
#8590 = EDGE_CURVE('',#2254,#8583,#8591,.T.);
#8591 = LINE('',#8592,#8593);
#8592 = CARTESIAN_POINT('',(48.74628070629,-39.45696561067,0.));
#8593 = VECTOR('',#8594,1.);
#8594 = DIRECTION('',(0.,0.,1.));
#8595 = PLANE('',#8596);
#8596 = AXIS2_PLACEMENT_3D('',#8597,#8598,#8599);
#8597 = CARTESIAN_POINT('',(48.059375,-36.440625,0.));
#8598 = DIRECTION('',(0.975036797125,0.222043338679,0.));
#8599 = DIRECTION('',(0.222043338679,-0.975036797125,0.));
#8600 = ADVANCED_FACE('',(#8601),#8620,.F.);
#8601 = FACE_BOUND('',#8602,.T.);
#8602 = EDGE_LOOP('',(#8603,#8604,#8612,#8619));
#8603 = ORIENTED_EDGE('',*,*,#2261,.T.);
#8604 = ORIENTED_EDGE('',*,*,#8605,.T.);
#8605 = EDGE_CURVE('',#2262,#8606,#8608,.T.);
#8606 = VERTEX_POINT('',#8607);
#8607 = CARTESIAN_POINT('',(49.249676105251,-36.3818040488,3.));
#8608 = LINE('',#8609,#8610);
#8609 = CARTESIAN_POINT('',(49.249676105251,-36.3818040488,0.));
#8610 = VECTOR('',#8611,1.);
#8611 = DIRECTION('',(0.,0.,1.));
#8612 = ORIENTED_EDGE('',*,*,#8613,.F.);
#8613 = EDGE_CURVE('',#8575,#8606,#8614,.T.);
#8614 = CIRCLE('',#8615,1.);
#8615 = AXIS2_PLACEMENT_3D('',#8616,#8617,#8618);
#8616 = CARTESIAN_POINT('',(49.299032743707,-37.3805852672,3.));
#8617 = DIRECTION('',(-0.,-0.,-1.));
#8618 = DIRECTION('',(0.,-1.,0.));
#8619 = ORIENTED_EDGE('',*,*,#8574,.F.);
#8620 = CYLINDRICAL_SURFACE('',#8621,1.);
#8621 = AXIS2_PLACEMENT_3D('',#8622,#8623,#8624);
#8622 = CARTESIAN_POINT('',(49.299032743707,-37.3805852672,0.));
#8623 = DIRECTION('',(0.,0.,1.));
#8624 = DIRECTION('',(-0.975036797125,-0.222043338679,0.));
#8625 = ADVANCED_FACE('',(#8626),#8645,.F.);
#8626 = FACE_BOUND('',#8627,.F.);
#8627 = EDGE_LOOP('',(#8628,#8629,#8637,#8644));
#8628 = ORIENTED_EDGE('',*,*,#2312,.T.);
#8629 = ORIENTED_EDGE('',*,*,#8630,.T.);
#8630 = EDGE_CURVE('',#2305,#8631,#8633,.T.);
#8631 = VERTEX_POINT('',#8632);
#8632 = CARTESIAN_POINT('',(50.027495956413,-40.18689640763,3.));
#8633 = LINE('',#8634,#8635);
#8634 = CARTESIAN_POINT('',(50.027495956413,-40.18689640763,0.));
#8635 = VECTOR('',#8636,1.);
#8636 = DIRECTION('',(0.,0.,1.));
#8637 = ORIENTED_EDGE('',*,*,#8638,.F.);
#8638 = EDGE_CURVE('',#8583,#8631,#8639,.T.);
#8639 = CIRCLE('',#8640,1.);
#8640 = AXIS2_PLACEMENT_3D('',#8641,#8642,#8643);
#8641 = CARTESIAN_POINT('',(49.721317503415,-39.234922272,3.));
#8642 = DIRECTION('',(-0.,0.,1.));
#8643 = DIRECTION('',(0.,-1.,0.));
#8644 = ORIENTED_EDGE('',*,*,#8590,.F.);
#8645 = CYLINDRICAL_SURFACE('',#8646,1.);
#8646 = AXIS2_PLACEMENT_3D('',#8647,#8648,#8649);
#8647 = CARTESIAN_POINT('',(49.721317503415,-39.234922272,0.));
#8648 = DIRECTION('',(0.,0.,1.));
#8649 = DIRECTION('',(-0.975036797125,-0.222043338679,0.));
#8650 = ADVANCED_FACE('',(#8651),#8669,.T.);
#8651 = FACE_BOUND('',#8652,.T.);
#8652 = EDGE_LOOP('',(#8653,#8654,#8662,#8668));
#8653 = ORIENTED_EDGE('',*,*,#2270,.F.);
#8654 = ORIENTED_EDGE('',*,*,#8655,.T.);
#8655 = EDGE_CURVE('',#2271,#8656,#8658,.T.);
#8656 = VERTEX_POINT('',#8657);
#8657 = CARTESIAN_POINT('',(51.149170543248,-36.28793698512,3.));
#8658 = LINE('',#8659,#8660);
#8659 = CARTESIAN_POINT('',(51.149170543248,-36.28793698512,0.));
#8660 = VECTOR('',#8661,1.);
#8661 = DIRECTION('',(0.,0.,1.));
#8662 = ORIENTED_EDGE('',*,*,#8663,.T.);
#8663 = EDGE_CURVE('',#8656,#8606,#8664,.T.);
#8664 = LINE('',#8665,#8666);
#8665 = CARTESIAN_POINT('',(52.239148977603,-36.23407366599,3.));
#8666 = VECTOR('',#8667,1.);
#8667 = DIRECTION('',(-0.998781218406,-4.935663845666E-02,0.));
#8668 = ORIENTED_EDGE('',*,*,#8605,.F.);
#8669 = PLANE('',#8670);
#8670 = AXIS2_PLACEMENT_3D('',#8671,#8672,#8673);
#8671 = CARTESIAN_POINT('',(52.239148977603,-36.23407366599,0.));
#8672 = DIRECTION('',(4.935663845666E-02,-0.998781218406,0.));
#8673 = DIRECTION('',(-0.998781218406,-4.935663845666E-02,0.));
#8674 = ADVANCED_FACE('',(#8675),#8693,.T.);
#8675 = FACE_BOUND('',#8676,.T.);
#8676 = EDGE_LOOP('',(#8677,#8678,#8679,#8687));
#8677 = ORIENTED_EDGE('',*,*,#2304,.F.);
#8678 = ORIENTED_EDGE('',*,*,#8630,.T.);
#8679 = ORIENTED_EDGE('',*,*,#8680,.T.);
#8680 = EDGE_CURVE('',#8631,#8681,#8683,.T.);
#8681 = VERTEX_POINT('',#8682);
#8682 = CARTESIAN_POINT('',(51.448174382915,-39.72997104952,3.));
#8683 = LINE('',#8684,#8685);
#8684 = CARTESIAN_POINT('',(48.988598489396,-40.52103155623,3.));
#8685 = VECTOR('',#8686,1.);
#8686 = DIRECTION('',(0.951974135636,0.306178452998,0.));
#8687 = ORIENTED_EDGE('',*,*,#8688,.F.);
#8688 = EDGE_CURVE('',#2296,#8681,#8689,.T.);
#8689 = LINE('',#8690,#8691);
#8690 = CARTESIAN_POINT('',(51.448174382915,-39.72997104952,0.));
#8691 = VECTOR('',#8692,1.);
#8692 = DIRECTION('',(0.,0.,1.));
#8693 = PLANE('',#8694);
#8694 = AXIS2_PLACEMENT_3D('',#8695,#8696,#8697);
#8695 = CARTESIAN_POINT('',(48.988598489396,-40.52103155623,0.));
#8696 = DIRECTION('',(-0.306178452998,0.951974135636,0.));
#8697 = DIRECTION('',(0.951974135636,0.306178452998,0.));
#8698 = ADVANCED_FACE('',(#8699),#8718,.F.);
#8699 = FACE_BOUND('',#8700,.T.);
#8700 = EDGE_LOOP('',(#8701,#8702,#8710,#8717));
#8701 = ORIENTED_EDGE('',*,*,#2278,.T.);
#8702 = ORIENTED_EDGE('',*,*,#8703,.T.);
#8703 = EDGE_CURVE('',#2279,#8704,#8706,.T.);
#8704 = VERTEX_POINT('',#8705);
#8705 = CARTESIAN_POINT('',(52.197809450519,-37.32459890091,3.));
#8706 = LINE('',#8707,#8708);
#8707 = CARTESIAN_POINT('',(52.197809450519,-37.32459890091,0.));
#8708 = VECTOR('',#8709,1.);
#8709 = DIRECTION('',(0.,0.,1.));
#8710 = ORIENTED_EDGE('',*,*,#8711,.F.);
#8711 = EDGE_CURVE('',#8656,#8704,#8712,.T.);
#8712 = CIRCLE('',#8713,1.);
#8713 = AXIS2_PLACEMENT_3D('',#8714,#8715,#8716);
#8714 = CARTESIAN_POINT('',(51.198527181705,-37.28671820353,3.));
#8715 = DIRECTION('',(-0.,-0.,-1.));
#8716 = DIRECTION('',(0.,-1.,0.));
#8717 = ORIENTED_EDGE('',*,*,#8655,.F.);
#8718 = CYLINDRICAL_SURFACE('',#8719,1.);
#8719 = AXIS2_PLACEMENT_3D('',#8720,#8721,#8722);
#8720 = CARTESIAN_POINT('',(51.198527181705,-37.28671820353,0.));
#8721 = DIRECTION('',(0.,0.,1.));
#8722 = DIRECTION('',(-4.935663845666E-02,0.998781218406,0.));
#8723 = ADVANCED_FACE('',(#8724),#8743,.F.);
#8724 = FACE_BOUND('',#8725,.F.);
#8725 = EDGE_LOOP('',(#8726,#8727,#8735,#8742));
#8726 = ORIENTED_EDGE('',*,*,#2295,.T.);
#8727 = ORIENTED_EDGE('',*,*,#8728,.T.);
#8728 = EDGE_CURVE('',#2288,#8729,#8731,.T.);
#8729 = VERTEX_POINT('',#8730);
#8730 = CARTESIAN_POINT('',(52.14127819873,-38.81587761127,3.));
#8731 = LINE('',#8732,#8733);
#8732 = CARTESIAN_POINT('',(52.14127819873,-38.81587761127,0.));
#8733 = VECTOR('',#8734,1.);
#8734 = DIRECTION('',(0.,0.,1.));
#8735 = ORIENTED_EDGE('',*,*,#8736,.F.);
#8736 = EDGE_CURVE('',#8681,#8729,#8737,.T.);
#8737 = CIRCLE('',#8738,1.);
#8738 = AXIS2_PLACEMENT_3D('',#8739,#8740,#8741);
#8739 = CARTESIAN_POINT('',(51.141995929917,-38.77799691389,3.));
#8740 = DIRECTION('',(-0.,0.,1.));
#8741 = DIRECTION('',(0.,-1.,0.));
#8742 = ORIENTED_EDGE('',*,*,#8688,.F.);
#8743 = CYLINDRICAL_SURFACE('',#8744,1.);
#8744 = AXIS2_PLACEMENT_3D('',#8745,#8746,#8747);
#8745 = CARTESIAN_POINT('',(51.141995929917,-38.77799691389,0.));
#8746 = DIRECTION('',(0.,0.,1.));
#8747 = DIRECTION('',(0.306178452998,-0.951974135636,0.));
#8748 = ADVANCED_FACE('',(#8749),#8760,.T.);
#8749 = FACE_BOUND('',#8750,.T.);
#8750 = EDGE_LOOP('',(#8751,#8752,#8753,#8759));
#8751 = ORIENTED_EDGE('',*,*,#2287,.F.);
#8752 = ORIENTED_EDGE('',*,*,#8728,.T.);
#8753 = ORIENTED_EDGE('',*,*,#8754,.T.);
#8754 = EDGE_CURVE('',#8729,#8704,#8755,.T.);
#8755 = LINE('',#8756,#8757);
#8756 = CARTESIAN_POINT('',(52.114753848868,-39.5155825887,3.));
#8757 = VECTOR('',#8758,1.);
#8758 = DIRECTION('',(3.788069738642E-02,0.999282268814,0.));
#8759 = ORIENTED_EDGE('',*,*,#8703,.F.);
#8760 = PLANE('',#8761);
#8761 = AXIS2_PLACEMENT_3D('',#8762,#8763,#8764);
#8762 = CARTESIAN_POINT('',(52.114753848868,-39.5155825887,0.));
#8763 = DIRECTION('',(-0.999282268814,3.788069738642E-02,0.));
#8764 = DIRECTION('',(3.788069738642E-02,0.999282268814,0.));
#8765 = ADVANCED_FACE('',(#8766),#8791,.T.);
#8766 = FACE_BOUND('',#8767,.T.);
#8767 = EDGE_LOOP('',(#8768,#8769,#8777,#8785));
#8768 = ORIENTED_EDGE('',*,*,#2321,.F.);
#8769 = ORIENTED_EDGE('',*,*,#8770,.T.);
#8770 = EDGE_CURVE('',#2322,#8771,#8773,.T.);
#8771 = VERTEX_POINT('',#8772);
#8772 = CARTESIAN_POINT('',(-48.32399594658,37.602628605886,3.));
#8773 = LINE('',#8774,#8775);
#8774 = CARTESIAN_POINT('',(-48.32399594658,37.602628605886,0.));
#8775 = VECTOR('',#8776,1.);
#8776 = DIRECTION('',(0.,0.,1.));
#8777 = ORIENTED_EDGE('',*,*,#8778,.T.);
#8778 = EDGE_CURVE('',#8771,#8779,#8781,.T.);
#8779 = VERTEX_POINT('',#8780);
#8780 = CARTESIAN_POINT('',(-48.74628070629,39.456965610679,3.));
#8781 = LINE('',#8782,#8783);
#8782 = CARTESIAN_POINT('',(-48.059375,36.440625,3.));
#8783 = VECTOR('',#8784,1.);
#8784 = DIRECTION('',(-0.222043338679,0.975036797125,0.));
#8785 = ORIENTED_EDGE('',*,*,#8786,.F.);
#8786 = EDGE_CURVE('',#2324,#8779,#8787,.T.);
#8787 = LINE('',#8788,#8789);
#8788 = CARTESIAN_POINT('',(-48.74628070629,39.456965610679,0.));
#8789 = VECTOR('',#8790,1.);
#8790 = DIRECTION('',(0.,0.,1.));
#8791 = PLANE('',#8792);
#8792 = AXIS2_PLACEMENT_3D('',#8793,#8794,#8795);
#8793 = CARTESIAN_POINT('',(-48.059375,36.440625,0.));
#8794 = DIRECTION('',(-0.975036797125,-0.222043338679,0.));
#8795 = DIRECTION('',(-0.222043338679,0.975036797125,0.));
#8796 = ADVANCED_FACE('',(#8797),#8816,.F.);
#8797 = FACE_BOUND('',#8798,.T.);
#8798 = EDGE_LOOP('',(#8799,#8800,#8808,#8815));
#8799 = ORIENTED_EDGE('',*,*,#2331,.T.);
#8800 = ORIENTED_EDGE('',*,*,#8801,.T.);
#8801 = EDGE_CURVE('',#2332,#8802,#8804,.T.);
#8802 = VERTEX_POINT('',#8803);
#8803 = CARTESIAN_POINT('',(-49.24967610525,36.381804048801,3.));
#8804 = LINE('',#8805,#8806);
#8805 = CARTESIAN_POINT('',(-49.24967610525,36.381804048801,0.));
#8806 = VECTOR('',#8807,1.);
#8807 = DIRECTION('',(0.,0.,1.));
#8808 = ORIENTED_EDGE('',*,*,#8809,.F.);
#8809 = EDGE_CURVE('',#8771,#8802,#8810,.T.);
#8810 = CIRCLE('',#8811,1.);
#8811 = AXIS2_PLACEMENT_3D('',#8812,#8813,#8814);
#8812 = CARTESIAN_POINT('',(-49.2990327437,37.380585267207,3.));
#8813 = DIRECTION('',(-0.,-0.,-1.));
#8814 = DIRECTION('',(0.,-1.,0.));
#8815 = ORIENTED_EDGE('',*,*,#8770,.F.);
#8816 = CYLINDRICAL_SURFACE('',#8817,1.);
#8817 = AXIS2_PLACEMENT_3D('',#8818,#8819,#8820);
#8818 = CARTESIAN_POINT('',(-49.2990327437,37.380585267207,0.));
#8819 = DIRECTION('',(0.,0.,1.));
#8820 = DIRECTION('',(0.975036797125,0.222043338679,-0.));
#8821 = ADVANCED_FACE('',(#8822),#8841,.F.);
#8822 = FACE_BOUND('',#8823,.F.);
#8823 = EDGE_LOOP('',(#8824,#8825,#8833,#8840));
#8824 = ORIENTED_EDGE('',*,*,#2382,.T.);
#8825 = ORIENTED_EDGE('',*,*,#8826,.T.);
#8826 = EDGE_CURVE('',#2375,#8827,#8829,.T.);
#8827 = VERTEX_POINT('',#8828);
#8828 = CARTESIAN_POINT('',(-50.02749595641,40.186896407636,3.));
#8829 = LINE('',#8830,#8831);
#8830 = CARTESIAN_POINT('',(-50.02749595641,40.186896407636,0.));
#8831 = VECTOR('',#8832,1.);
#8832 = DIRECTION('',(0.,0.,1.));
#8833 = ORIENTED_EDGE('',*,*,#8834,.F.);
#8834 = EDGE_CURVE('',#8779,#8827,#8835,.T.);
#8835 = CIRCLE('',#8836,1.);
#8836 = AXIS2_PLACEMENT_3D('',#8837,#8838,#8839);
#8837 = CARTESIAN_POINT('',(-49.72131750341,39.234922272,3.));
#8838 = DIRECTION('',(-0.,0.,1.));
#8839 = DIRECTION('',(0.,-1.,0.));
#8840 = ORIENTED_EDGE('',*,*,#8786,.F.);
#8841 = CYLINDRICAL_SURFACE('',#8842,1.);
#8842 = AXIS2_PLACEMENT_3D('',#8843,#8844,#8845);
#8843 = CARTESIAN_POINT('',(-49.72131750341,39.234922272,0.));
#8844 = DIRECTION('',(0.,0.,1.));
#8845 = DIRECTION('',(0.975036797125,0.222043338679,-0.));
#8846 = ADVANCED_FACE('',(#8847),#8865,.T.);
#8847 = FACE_BOUND('',#8848,.T.);
#8848 = EDGE_LOOP('',(#8849,#8850,#8858,#8864));
#8849 = ORIENTED_EDGE('',*,*,#2340,.F.);
#8850 = ORIENTED_EDGE('',*,*,#8851,.T.);
#8851 = EDGE_CURVE('',#2341,#8852,#8854,.T.);
#8852 = VERTEX_POINT('',#8853);
#8853 = CARTESIAN_POINT('',(-51.14917054324,36.287936985125,3.));
#8854 = LINE('',#8855,#8856);
#8855 = CARTESIAN_POINT('',(-51.14917054324,36.287936985125,0.));
#8856 = VECTOR('',#8857,1.);
#8857 = DIRECTION('',(0.,0.,1.));
#8858 = ORIENTED_EDGE('',*,*,#8859,.T.);
#8859 = EDGE_CURVE('',#8852,#8802,#8860,.T.);
#8860 = LINE('',#8861,#8862);
#8861 = CARTESIAN_POINT('',(-52.2391489776,36.234073665993,3.));
#8862 = VECTOR('',#8863,1.);
#8863 = DIRECTION('',(0.998781218406,4.935663845666E-02,0.));
#8864 = ORIENTED_EDGE('',*,*,#8801,.F.);
#8865 = PLANE('',#8866);
#8866 = AXIS2_PLACEMENT_3D('',#8867,#8868,#8869);
#8867 = CARTESIAN_POINT('',(-52.2391489776,36.234073665993,0.));
#8868 = DIRECTION('',(-4.935663845666E-02,0.998781218406,0.));
#8869 = DIRECTION('',(0.998781218406,4.935663845666E-02,0.));
#8870 = ADVANCED_FACE('',(#8871),#8889,.T.);
#8871 = FACE_BOUND('',#8872,.T.);
#8872 = EDGE_LOOP('',(#8873,#8874,#8875,#8883));
#8873 = ORIENTED_EDGE('',*,*,#2374,.F.);
#8874 = ORIENTED_EDGE('',*,*,#8826,.T.);
#8875 = ORIENTED_EDGE('',*,*,#8876,.T.);
#8876 = EDGE_CURVE('',#8827,#8877,#8879,.T.);
#8877 = VERTEX_POINT('',#8878);
#8878 = CARTESIAN_POINT('',(-51.44817438291,39.729971049529,3.));
#8879 = LINE('',#8880,#8881);
#8880 = CARTESIAN_POINT('',(-48.98859848939,40.521031556237,3.));
#8881 = VECTOR('',#8882,1.);
#8882 = DIRECTION('',(-0.951974135636,-0.306178452998,0.));
#8883 = ORIENTED_EDGE('',*,*,#8884,.F.);
#8884 = EDGE_CURVE('',#2366,#8877,#8885,.T.);
#8885 = LINE('',#8886,#8887);
#8886 = CARTESIAN_POINT('',(-51.44817438291,39.729971049529,0.));
#8887 = VECTOR('',#8888,1.);
#8888 = DIRECTION('',(0.,0.,1.));
#8889 = PLANE('',#8890);
#8890 = AXIS2_PLACEMENT_3D('',#8891,#8892,#8893);
#8891 = CARTESIAN_POINT('',(-48.98859848939,40.521031556237,0.));
#8892 = DIRECTION('',(0.306178452998,-0.951974135636,0.));
#8893 = DIRECTION('',(-0.951974135636,-0.306178452998,0.));
#8894 = ADVANCED_FACE('',(#8895),#8914,.F.);
#8895 = FACE_BOUND('',#8896,.T.);
#8896 = EDGE_LOOP('',(#8897,#8898,#8906,#8913));
#8897 = ORIENTED_EDGE('',*,*,#2348,.T.);
#8898 = ORIENTED_EDGE('',*,*,#8899,.T.);
#8899 = EDGE_CURVE('',#2349,#8900,#8902,.T.);
#8900 = VERTEX_POINT('',#8901);
#8901 = CARTESIAN_POINT('',(-52.19780945051,37.324598900917,3.));
#8902 = LINE('',#8903,#8904);
#8903 = CARTESIAN_POINT('',(-52.19780945051,37.324598900917,0.));
#8904 = VECTOR('',#8905,1.);
#8905 = DIRECTION('',(0.,0.,1.));
#8906 = ORIENTED_EDGE('',*,*,#8907,.F.);
#8907 = EDGE_CURVE('',#8852,#8900,#8908,.T.);
#8908 = CIRCLE('',#8909,1.);
#8909 = AXIS2_PLACEMENT_3D('',#8910,#8911,#8912);
#8910 = CARTESIAN_POINT('',(-51.1985271817,37.286718203531,3.));
#8911 = DIRECTION('',(-0.,-0.,-1.));
#8912 = DIRECTION('',(0.,-1.,0.));
#8913 = ORIENTED_EDGE('',*,*,#8851,.F.);
#8914 = CYLINDRICAL_SURFACE('',#8915,1.);
#8915 = AXIS2_PLACEMENT_3D('',#8916,#8917,#8918);
#8916 = CARTESIAN_POINT('',(-51.1985271817,37.286718203531,0.));
#8917 = DIRECTION('',(0.,0.,1.));
#8918 = DIRECTION('',(4.935663845666E-02,-0.998781218406,0.));
#8919 = ADVANCED_FACE('',(#8920),#8939,.F.);
#8920 = FACE_BOUND('',#8921,.F.);
#8921 = EDGE_LOOP('',(#8922,#8923,#8931,#8938));
#8922 = ORIENTED_EDGE('',*,*,#2365,.T.);
#8923 = ORIENTED_EDGE('',*,*,#8924,.T.);
#8924 = EDGE_CURVE('',#2358,#8925,#8927,.T.);
#8925 = VERTEX_POINT('',#8926);
#8926 = CARTESIAN_POINT('',(-52.14127819873,38.815877611279,3.));
#8927 = LINE('',#8928,#8929);
#8928 = CARTESIAN_POINT('',(-52.14127819873,38.815877611279,0.));
#8929 = VECTOR('',#8930,1.);
#8930 = DIRECTION('',(0.,0.,1.));
#8931 = ORIENTED_EDGE('',*,*,#8932,.F.);
#8932 = EDGE_CURVE('',#8877,#8925,#8933,.T.);
#8933 = CIRCLE('',#8934,1.);
#8934 = AXIS2_PLACEMENT_3D('',#8935,#8936,#8937);
#8935 = CARTESIAN_POINT('',(-51.14199592991,38.777996913893,3.));
#8936 = DIRECTION('',(-0.,0.,1.));
#8937 = DIRECTION('',(0.,-1.,0.));
#8938 = ORIENTED_EDGE('',*,*,#8884,.F.);
#8939 = CYLINDRICAL_SURFACE('',#8940,1.);
#8940 = AXIS2_PLACEMENT_3D('',#8941,#8942,#8943);
#8941 = CARTESIAN_POINT('',(-51.14199592991,38.777996913893,0.));
#8942 = DIRECTION('',(0.,0.,1.));
#8943 = DIRECTION('',(-0.306178452998,0.951974135636,0.));
#8944 = ADVANCED_FACE('',(#8945),#8956,.T.);
#8945 = FACE_BOUND('',#8946,.T.);
#8946 = EDGE_LOOP('',(#8947,#8948,#8949,#8955));
#8947 = ORIENTED_EDGE('',*,*,#2357,.F.);
#8948 = ORIENTED_EDGE('',*,*,#8924,.T.);
#8949 = ORIENTED_EDGE('',*,*,#8950,.T.);
#8950 = EDGE_CURVE('',#8925,#8900,#8951,.T.);
#8951 = LINE('',#8952,#8953);
#8952 = CARTESIAN_POINT('',(-52.11475384886,39.515582588702,3.));
#8953 = VECTOR('',#8954,1.);
#8954 = DIRECTION('',(-3.788069738642E-02,-0.999282268814,0.));
#8955 = ORIENTED_EDGE('',*,*,#8899,.F.);
#8956 = PLANE('',#8957);
#8957 = AXIS2_PLACEMENT_3D('',#8958,#8959,#8960);
#8958 = CARTESIAN_POINT('',(-52.11475384886,39.515582588702,0.));
#8959 = DIRECTION('',(0.999282268814,-3.788069738642E-02,0.));
#8960 = DIRECTION('',(-3.788069738642E-02,-0.999282268814,0.));
#8961 = ADVANCED_FACE('',(#8962),#8987,.F.);
#8962 = FACE_BOUND('',#8963,.F.);
#8963 = EDGE_LOOP('',(#8964,#8965,#8973,#8981));
#8964 = ORIENTED_EDGE('',*,*,#2391,.F.);
#8965 = ORIENTED_EDGE('',*,*,#8966,.T.);
#8966 = EDGE_CURVE('',#2392,#8967,#8969,.T.);
#8967 = VERTEX_POINT('',#8968);
#8968 = CARTESIAN_POINT('',(51.149902315329,36.268633041028,3.));
#8969 = LINE('',#8970,#8971);
#8970 = CARTESIAN_POINT('',(51.149902315329,36.268633041028,0.));
#8971 = VECTOR('',#8972,1.);
#8972 = DIRECTION('',(0.,0.,1.));
#8973 = ORIENTED_EDGE('',*,*,#8974,.T.);
#8974 = EDGE_CURVE('',#8967,#8975,#8977,.T.);
#8975 = VERTEX_POINT('',#8976);
#8976 = CARTESIAN_POINT('',(49.22581976098,36.363715172376,3.));
#8977 = LINE('',#8978,#8979);
#8978 = CARTESIAN_POINT('',(52.239880749683,36.214769721896,3.));
#8979 = VECTOR('',#8980,1.);
#8980 = DIRECTION('',(-0.998781218406,4.935663845666E-02,0.));
#8981 = ORIENTED_EDGE('',*,*,#8982,.F.);
#8982 = EDGE_CURVE('',#2394,#8975,#8983,.T.);
#8983 = LINE('',#8984,#8985);
#8984 = CARTESIAN_POINT('',(49.22581976098,36.363715172376,0.));
#8985 = VECTOR('',#8986,1.);
#8986 = DIRECTION('',(0.,0.,1.));
#8987 = PLANE('',#8988);
#8988 = AXIS2_PLACEMENT_3D('',#8989,#8990,#8991);
#8989 = CARTESIAN_POINT('',(52.239880749683,36.214769721896,0.));
#8990 = DIRECTION('',(-4.935663845666E-02,-0.998781218406,0.));
#8991 = DIRECTION('',(-0.998781218406,4.935663845666E-02,0.));
#8992 = ADVANCED_FACE('',(#8993),#9012,.F.);
#8993 = FACE_BOUND('',#8994,.F.);
#8994 = EDGE_LOOP('',(#8995,#8996,#9004,#9011));
#8995 = ORIENTED_EDGE('',*,*,#2452,.T.);
#8996 = ORIENTED_EDGE('',*,*,#8997,.T.);
#8997 = EDGE_CURVE('',#2445,#8998,#9000,.T.);
#8998 = VERTEX_POINT('',#8999);
#8999 = CARTESIAN_POINT('',(52.198541222599,37.305294956821,3.));
#9000 = LINE('',#9001,#9002);
#9001 = CARTESIAN_POINT('',(52.198541222599,37.305294956821,0.));
#9002 = VECTOR('',#9003,1.);
#9003 = DIRECTION('',(0.,0.,1.));
#9004 = ORIENTED_EDGE('',*,*,#9005,.F.);
#9005 = EDGE_CURVE('',#8967,#8998,#9006,.T.);
#9006 = CIRCLE('',#9007,1.);
#9007 = AXIS2_PLACEMENT_3D('',#9008,#9009,#9010);
#9008 = CARTESIAN_POINT('',(51.199258953785,37.267414259434,3.));
#9009 = DIRECTION('',(-0.,0.,1.));
#9010 = DIRECTION('',(0.,-1.,0.));
#9011 = ORIENTED_EDGE('',*,*,#8966,.F.);
#9012 = CYLINDRICAL_SURFACE('',#9013,1.);
#9013 = AXIS2_PLACEMENT_3D('',#9014,#9015,#9016);
#9014 = CARTESIAN_POINT('',(51.199258953785,37.267414259434,0.));
#9015 = DIRECTION('',(0.,0.,1.));
#9016 = DIRECTION('',(-4.935663845666E-02,-0.998781218406,0.));
#9017 = ADVANCED_FACE('',(#9018),#9037,.F.);
#9018 = FACE_BOUND('',#9019,.T.);
#9019 = EDGE_LOOP('',(#9020,#9021,#9029,#9036));
#9020 = ORIENTED_EDGE('',*,*,#2401,.T.);
#9021 = ORIENTED_EDGE('',*,*,#9022,.T.);
#9022 = EDGE_CURVE('',#2402,#9023,#9025,.T.);
#9023 = VERTEX_POINT('',#9024);
#9024 = CARTESIAN_POINT('',(48.300139602311,37.58453972946,3.));
#9025 = LINE('',#9026,#9027);
#9026 = CARTESIAN_POINT('',(48.300139602311,37.58453972946,0.));
#9027 = VECTOR('',#9028,1.);
#9028 = DIRECTION('',(0.,0.,1.));
#9029 = ORIENTED_EDGE('',*,*,#9030,.F.);
#9030 = EDGE_CURVE('',#8975,#9023,#9031,.T.);
#9031 = CIRCLE('',#9032,1.);
#9032 = AXIS2_PLACEMENT_3D('',#9033,#9034,#9035);
#9033 = CARTESIAN_POINT('',(49.275176399436,37.362496390782,3.));
#9034 = DIRECTION('',(-0.,-0.,-1.));
#9035 = DIRECTION('',(0.,-1.,0.));
#9036 = ORIENTED_EDGE('',*,*,#8982,.F.);
#9037 = CYLINDRICAL_SURFACE('',#9038,1.);
#9038 = AXIS2_PLACEMENT_3D('',#9039,#9040,#9041);
#9039 = CARTESIAN_POINT('',(49.275176399436,37.362496390782,0.));
#9040 = DIRECTION('',(0.,0.,1.));
#9041 = DIRECTION('',(-4.935663845666E-02,-0.998781218406,0.));
#9042 = ADVANCED_FACE('',(#9043),#9061,.F.);
#9043 = FACE_BOUND('',#9044,.F.);
#9044 = EDGE_LOOP('',(#9045,#9046,#9054,#9060));
#9045 = ORIENTED_EDGE('',*,*,#2444,.F.);
#9046 = ORIENTED_EDGE('',*,*,#9047,.T.);
#9047 = EDGE_CURVE('',#2436,#9048,#9050,.T.);
#9048 = VERTEX_POINT('',#9049);
#9049 = CARTESIAN_POINT('',(52.14127819873,38.815877611279,3.));
#9050 = LINE('',#9051,#9052);
#9051 = CARTESIAN_POINT('',(52.14127819873,38.815877611279,0.));
#9052 = VECTOR('',#9053,1.);
#9053 = DIRECTION('',(0.,0.,1.));
#9054 = ORIENTED_EDGE('',*,*,#9055,.T.);
#9055 = EDGE_CURVE('',#9048,#8998,#9056,.T.);
#9056 = LINE('',#9057,#9058);
#9057 = CARTESIAN_POINT('',(52.114753848868,39.515582588702,3.));
#9058 = VECTOR('',#9059,1.);
#9059 = DIRECTION('',(3.788069738642E-02,-0.999282268814,0.));
#9060 = ORIENTED_EDGE('',*,*,#8997,.F.);
#9061 = PLANE('',#9062);
#9062 = AXIS2_PLACEMENT_3D('',#9063,#9064,#9065);
#9063 = CARTESIAN_POINT('',(52.114753848868,39.515582588702,0.));
#9064 = DIRECTION('',(0.999282268814,3.788069738642E-02,0.));
#9065 = DIRECTION('',(3.788069738642E-02,-0.999282268814,0.));
#9066 = ADVANCED_FACE('',(#9067),#9085,.F.);
#9067 = FACE_BOUND('',#9068,.F.);
#9068 = EDGE_LOOP('',(#9069,#9070,#9071,#9079));
#9069 = ORIENTED_EDGE('',*,*,#2410,.F.);
#9070 = ORIENTED_EDGE('',*,*,#9022,.T.);
#9071 = ORIENTED_EDGE('',*,*,#9072,.T.);
#9072 = EDGE_CURVE('',#9023,#9073,#9075,.T.);
#9073 = VERTEX_POINT('',#9074);
#9074 = CARTESIAN_POINT('',(48.727890651678,39.462880307581,3.));
#9075 = LINE('',#9076,#9077);
#9076 = CARTESIAN_POINT('',(48.035518655729,36.422536123575,3.));
#9077 = VECTOR('',#9078,1.);
#9078 = DIRECTION('',(0.222043338679,0.975036797125,0.));
#9079 = ORIENTED_EDGE('',*,*,#9080,.F.);
#9080 = EDGE_CURVE('',#2411,#9073,#9081,.T.);
#9081 = LINE('',#9082,#9083);
#9082 = CARTESIAN_POINT('',(48.727890651678,39.462880307581,0.));
#9083 = VECTOR('',#9084,1.);
#9084 = DIRECTION('',(0.,0.,1.));
#9085 = PLANE('',#9086);
#9086 = AXIS2_PLACEMENT_3D('',#9087,#9088,#9089);
#9087 = CARTESIAN_POINT('',(48.035518655729,36.422536123575,0.));
#9088 = DIRECTION('',(-0.975036797125,0.222043338679,0.));
#9089 = DIRECTION('',(0.222043338679,0.975036797125,0.));
#9090 = ADVANCED_FACE('',(#9091),#9110,.F.);
#9091 = FACE_BOUND('',#9092,.F.);
#9092 = EDGE_LOOP('',(#9093,#9094,#9102,#9109));
#9093 = ORIENTED_EDGE('',*,*,#2435,.T.);
#9094 = ORIENTED_EDGE('',*,*,#9095,.T.);
#9095 = EDGE_CURVE('',#2428,#9096,#9098,.T.);
#9096 = VERTEX_POINT('',#9097);
#9097 = CARTESIAN_POINT('',(51.448174382915,39.729971049529,3.));
#9098 = LINE('',#9099,#9100);
#9099 = CARTESIAN_POINT('',(51.448174382915,39.729971049529,0.));
#9100 = VECTOR('',#9101,1.);
#9101 = DIRECTION('',(0.,0.,1.));
#9102 = ORIENTED_EDGE('',*,*,#9103,.F.);
#9103 = EDGE_CURVE('',#9048,#9096,#9104,.T.);
#9104 = CIRCLE('',#9105,1.);
#9105 = AXIS2_PLACEMENT_3D('',#9106,#9107,#9108);
#9106 = CARTESIAN_POINT('',(51.141995929917,38.777996913893,3.));
#9107 = DIRECTION('',(-0.,0.,1.));
#9108 = DIRECTION('',(0.,-1.,0.));
#9109 = ORIENTED_EDGE('',*,*,#9047,.F.);
#9110 = CYLINDRICAL_SURFACE('',#9111,1.);
#9111 = AXIS2_PLACEMENT_3D('',#9112,#9113,#9114);
#9112 = CARTESIAN_POINT('',(51.141995929917,38.777996913893,0.));
#9113 = DIRECTION('',(0.,0.,1.));
#9114 = DIRECTION('',(0.999282268814,3.788069738642E-02,-0.));
#9115 = ADVANCED_FACE('',(#9116),#9135,.F.);
#9116 = FACE_BOUND('',#9117,.T.);
#9117 = EDGE_LOOP('',(#9118,#9119,#9127,#9134));
#9118 = ORIENTED_EDGE('',*,*,#2418,.T.);
#9119 = ORIENTED_EDGE('',*,*,#9120,.T.);
#9120 = EDGE_CURVE('',#2419,#9121,#9123,.T.);
#9121 = VERTEX_POINT('',#9122);
#9122 = CARTESIAN_POINT('',(50.009105901802,40.192811104538,3.));
#9123 = LINE('',#9124,#9125);
#9124 = CARTESIAN_POINT('',(50.009105901802,40.192811104538,0.));
#9125 = VECTOR('',#9126,1.);
#9126 = DIRECTION('',(0.,0.,1.));
#9127 = ORIENTED_EDGE('',*,*,#9128,.F.);
#9128 = EDGE_CURVE('',#9073,#9121,#9129,.T.);
#9129 = CIRCLE('',#9130,1.);
#9130 = AXIS2_PLACEMENT_3D('',#9131,#9132,#9133);
#9131 = CARTESIAN_POINT('',(49.702927448804,39.240836968903,3.));
#9132 = DIRECTION('',(-0.,-0.,-1.));
#9133 = DIRECTION('',(0.,-1.,0.));
#9134 = ORIENTED_EDGE('',*,*,#9080,.F.);
#9135 = CYLINDRICAL_SURFACE('',#9136,1.);
#9136 = AXIS2_PLACEMENT_3D('',#9137,#9138,#9139);
#9137 = CARTESIAN_POINT('',(49.702927448804,39.240836968903,0.));
#9138 = DIRECTION('',(0.,0.,1.));
#9139 = DIRECTION('',(-0.975036797125,0.222043338679,0.));
#9140 = ADVANCED_FACE('',(#9141),#9152,.F.);
#9141 = FACE_BOUND('',#9142,.F.);
#9142 = EDGE_LOOP('',(#9143,#9144,#9145,#9151));
#9143 = ORIENTED_EDGE('',*,*,#2427,.F.);
#9144 = ORIENTED_EDGE('',*,*,#9120,.T.);
#9145 = ORIENTED_EDGE('',*,*,#9146,.T.);
#9146 = EDGE_CURVE('',#9121,#9096,#9147,.T.);
#9147 = LINE('',#9148,#9149);
#9148 = CARTESIAN_POINT('',(48.970208434784,40.52694625314,3.));
#9149 = VECTOR('',#9150,1.);
#9150 = DIRECTION('',(0.951974135636,-0.306178452998,0.));
#9151 = ORIENTED_EDGE('',*,*,#9095,.F.);
#9152 = PLANE('',#9153);
#9153 = AXIS2_PLACEMENT_3D('',#9154,#9155,#9156);
#9154 = CARTESIAN_POINT('',(48.970208434784,40.52694625314,0.));
#9155 = DIRECTION('',(0.306178452998,0.951974135636,0.));
#9156 = DIRECTION('',(0.951974135636,-0.306178452998,0.));
#9157 = ADVANCED_FACE('',(#9158,#9168,#9262,#9270,#9273,#9276,#9279,
    #9282,#9285,#9288,#9291,#9294,#9297,#9300,#9303,#9306,#9309,#9312,
    #9315,#9318,#9321,#9324,#9327,#9330,#9333,#9336,#9339,#9342,#9345,
    #9348,#9351,#9354,#9362,#9370,#9382,#9390,#9402,#9410,#9418,#9426,
    #9434,#9446,#9454,#9462,#9474,#9486,#9498,#9508,#9518),#9528,.T.);
#9158 = FACE_BOUND('',#9159,.T.);
#9159 = EDGE_LOOP('',(#9160,#9161,#9162,#9163,#9164,#9165,#9166,#9167));
#9160 = ORIENTED_EDGE('',*,*,#2476,.T.);
#9161 = ORIENTED_EDGE('',*,*,#2532,.T.);
#9162 = ORIENTED_EDGE('',*,*,#2574,.T.);
#9163 = ORIENTED_EDGE('',*,*,#2630,.T.);
#9164 = ORIENTED_EDGE('',*,*,#2648,.T.);
#9165 = ORIENTED_EDGE('',*,*,#2605,.F.);
#9166 = ORIENTED_EDGE('',*,*,#2557,.T.);
#9167 = ORIENTED_EDGE('',*,*,#2507,.F.);
#9168 = FACE_BOUND('',#9169,.T.);
#9169 = EDGE_LOOP('',(#9170,#9171,#9172,#9173,#9174,#9175,#9176,#9177,
    #9178,#9179,#9180,#9181,#9182,#9183,#9184,#9185,#9186,#9187,#9188,
    #9189,#9190,#9191,#9192,#9193,#9194,#9195,#9196,#9197,#9198,#9199,
    #9200,#9201,#9202,#9203,#9204,#9205,#9206,#9207,#9208,#9209,#9210,
    #9211,#9212,#9213,#9214,#9215,#9216,#9217,#9218,#9219,#9220,#9221,
    #9222,#9223,#9224,#9225,#9226,#9227,#9228,#9229,#9230,#9231,#9232,
    #9233,#9234,#9235,#9236,#9237,#9238,#9239,#9240,#9241,#9242,#9243,
    #9244,#9245,#9246,#9247,#9248,#9249,#9250,#9251,#9252,#9253,#9254,
    #9255,#9256,#9257,#9258,#9259,#9260,#9261));
#9170 = ORIENTED_EDGE('',*,*,#2672,.T.);
#9171 = ORIENTED_EDGE('',*,*,#2728,.T.);
#9172 = ORIENTED_EDGE('',*,*,#2778,.F.);
#9173 = ORIENTED_EDGE('',*,*,#2827,.T.);
#9174 = ORIENTED_EDGE('',*,*,#2869,.T.);
#9175 = ORIENTED_EDGE('',*,*,#2926,.T.);
#9176 = ORIENTED_EDGE('',*,*,#2975,.F.);
#9177 = ORIENTED_EDGE('',*,*,#3024,.T.);
#9178 = ORIENTED_EDGE('',*,*,#3066,.T.);
#9179 = ORIENTED_EDGE('',*,*,#3122,.T.);
#9180 = ORIENTED_EDGE('',*,*,#3164,.T.);
#9181 = ORIENTED_EDGE('',*,*,#3221,.T.);
#9182 = ORIENTED_EDGE('',*,*,#3264,.T.);
#9183 = ORIENTED_EDGE('',*,*,#3320,.T.);
#9184 = ORIENTED_EDGE('',*,*,#3362,.T.);
#9185 = ORIENTED_EDGE('',*,*,#3418,.T.);
#9186 = ORIENTED_EDGE('',*,*,#3467,.F.);
#9187 = ORIENTED_EDGE('',*,*,#3516,.T.);
#9188 = ORIENTED_EDGE('',*,*,#3565,.F.);
#9189 = ORIENTED_EDGE('',*,*,#3614,.T.);
#9190 = ORIENTED_EDGE('',*,*,#3656,.T.);
#9191 = ORIENTED_EDGE('',*,*,#3713,.T.);
#9192 = ORIENTED_EDGE('',*,*,#3755,.T.);
#9193 = ORIENTED_EDGE('',*,*,#3811,.T.);
#9194 = ORIENTED_EDGE('',*,*,#3854,.T.);
#9195 = ORIENTED_EDGE('',*,*,#3910,.T.);
#9196 = ORIENTED_EDGE('',*,*,#3959,.F.);
#9197 = ORIENTED_EDGE('',*,*,#4008,.T.);
#9198 = ORIENTED_EDGE('',*,*,#4057,.F.);
#9199 = ORIENTED_EDGE('',*,*,#4106,.T.);
#9200 = ORIENTED_EDGE('',*,*,#4148,.T.);
#9201 = ORIENTED_EDGE('',*,*,#4204,.T.);
#9202 = ORIENTED_EDGE('',*,*,#4246,.T.);
#9203 = ORIENTED_EDGE('',*,*,#4302,.T.);
#9204 = ORIENTED_EDGE('',*,*,#4352,.F.);
#9205 = ORIENTED_EDGE('',*,*,#4401,.T.);
#9206 = ORIENTED_EDGE('',*,*,#4443,.T.);
#9207 = ORIENTED_EDGE('',*,*,#4500,.T.);
#9208 = ORIENTED_EDGE('',*,*,#4542,.T.);
#9209 = ORIENTED_EDGE('',*,*,#4598,.T.);
#9210 = ORIENTED_EDGE('',*,*,#4641,.T.);
#9211 = ORIENTED_EDGE('',*,*,#4697,.T.);
#9212 = ORIENTED_EDGE('',*,*,#4746,.F.);
#9213 = ORIENTED_EDGE('',*,*,#4795,.T.);
#9214 = ORIENTED_EDGE('',*,*,#4844,.F.);
#9215 = ORIENTED_EDGE('',*,*,#4893,.T.);
#9216 = ORIENTED_EDGE('',*,*,#4911,.T.);
#9217 = ORIENTED_EDGE('',*,*,#4861,.T.);
#9218 = ORIENTED_EDGE('',*,*,#4820,.T.);
#9219 = ORIENTED_EDGE('',*,*,#4763,.T.);
#9220 = ORIENTED_EDGE('',*,*,#4715,.F.);
#9221 = ORIENTED_EDGE('',*,*,#4672,.F.);
#9222 = ORIENTED_EDGE('',*,*,#4623,.T.);
#9223 = ORIENTED_EDGE('',*,*,#4573,.F.);
#9224 = ORIENTED_EDGE('',*,*,#4518,.F.);
#9225 = ORIENTED_EDGE('',*,*,#4468,.T.);
#9226 = ORIENTED_EDGE('',*,*,#4426,.T.);
#9227 = ORIENTED_EDGE('',*,*,#4376,.F.);
#9228 = ORIENTED_EDGE('',*,*,#4327,.T.);
#9229 = ORIENTED_EDGE('',*,*,#4277,.F.);
#9230 = ORIENTED_EDGE('',*,*,#4229,.T.);
#9231 = ORIENTED_EDGE('',*,*,#4179,.F.);
#9232 = ORIENTED_EDGE('',*,*,#4131,.T.);
#9233 = ORIENTED_EDGE('',*,*,#4081,.F.);
#9234 = ORIENTED_EDGE('',*,*,#4026,.F.);
#9235 = ORIENTED_EDGE('',*,*,#3983,.F.);
#9236 = ORIENTED_EDGE('',*,*,#3928,.F.);
#9237 = ORIENTED_EDGE('',*,*,#3885,.F.);
#9238 = ORIENTED_EDGE('',*,*,#3836,.T.);
#9239 = ORIENTED_EDGE('',*,*,#3786,.F.);
#9240 = ORIENTED_EDGE('',*,*,#3738,.T.);
#9241 = ORIENTED_EDGE('',*,*,#3681,.T.);
#9242 = ORIENTED_EDGE('',*,*,#3639,.T.);
#9243 = ORIENTED_EDGE('',*,*,#3589,.F.);
#9244 = ORIENTED_EDGE('',*,*,#3541,.T.);
#9245 = ORIENTED_EDGE('',*,*,#3491,.F.);
#9246 = ORIENTED_EDGE('',*,*,#3443,.T.);
#9247 = ORIENTED_EDGE('',*,*,#3386,.T.);
#9248 = ORIENTED_EDGE('',*,*,#3338,.F.);
#9249 = ORIENTED_EDGE('',*,*,#3295,.F.);
#9250 = ORIENTED_EDGE('',*,*,#3246,.T.);
#9251 = ORIENTED_EDGE('',*,*,#3196,.F.);
#9252 = ORIENTED_EDGE('',*,*,#3147,.T.);
#9253 = ORIENTED_EDGE('',*,*,#3097,.F.);
#9254 = ORIENTED_EDGE('',*,*,#3049,.T.);
#9255 = ORIENTED_EDGE('',*,*,#2999,.F.);
#9256 = ORIENTED_EDGE('',*,*,#2944,.F.);
#9257 = ORIENTED_EDGE('',*,*,#2901,.F.);
#9258 = ORIENTED_EDGE('',*,*,#2845,.F.);
#9259 = ORIENTED_EDGE('',*,*,#2802,.F.);
#9260 = ORIENTED_EDGE('',*,*,#2753,.T.);
#9261 = ORIENTED_EDGE('',*,*,#2703,.F.);
#9262 = FACE_BOUND('',#9263,.T.);
#9263 = EDGE_LOOP('',(#9264,#9265,#9266,#9267,#9268,#9269));
#9264 = ORIENTED_EDGE('',*,*,#4936,.F.);
#9265 = ORIENTED_EDGE('',*,*,#4967,.T.);
#9266 = ORIENTED_EDGE('',*,*,#5017,.T.);
#9267 = ORIENTED_EDGE('',*,*,#5058,.F.);
#9268 = ORIENTED_EDGE('',*,*,#5041,.F.);
#9269 = ORIENTED_EDGE('',*,*,#4992,.F.);
#9270 = FACE_BOUND('',#9271,.T.);
#9271 = EDGE_LOOP('',(#9272));
#9272 = ORIENTED_EDGE('',*,*,#5082,.F.);
#9273 = FACE_BOUND('',#9274,.T.);
#9274 = EDGE_LOOP('',(#9275));
#9275 = ORIENTED_EDGE('',*,*,#5107,.F.);
#9276 = FACE_BOUND('',#9277,.T.);
#9277 = EDGE_LOOP('',(#9278));
#9278 = ORIENTED_EDGE('',*,*,#5132,.F.);
#9279 = FACE_BOUND('',#9280,.T.);
#9280 = EDGE_LOOP('',(#9281));
#9281 = ORIENTED_EDGE('',*,*,#5157,.F.);
#9282 = FACE_BOUND('',#9283,.T.);
#9283 = EDGE_LOOP('',(#9284));
#9284 = ORIENTED_EDGE('',*,*,#5182,.F.);
#9285 = FACE_BOUND('',#9286,.T.);
#9286 = EDGE_LOOP('',(#9287));
#9287 = ORIENTED_EDGE('',*,*,#5207,.F.);
#9288 = FACE_BOUND('',#9289,.T.);
#9289 = EDGE_LOOP('',(#9290));
#9290 = ORIENTED_EDGE('',*,*,#5232,.F.);
#9291 = FACE_BOUND('',#9292,.T.);
#9292 = EDGE_LOOP('',(#9293));
#9293 = ORIENTED_EDGE('',*,*,#5257,.F.);
#9294 = FACE_BOUND('',#9295,.T.);
#9295 = EDGE_LOOP('',(#9296));
#9296 = ORIENTED_EDGE('',*,*,#5282,.F.);
#9297 = FACE_BOUND('',#9298,.T.);
#9298 = EDGE_LOOP('',(#9299));
#9299 = ORIENTED_EDGE('',*,*,#5307,.F.);
#9300 = FACE_BOUND('',#9301,.T.);
#9301 = EDGE_LOOP('',(#9302));
#9302 = ORIENTED_EDGE('',*,*,#5332,.F.);
#9303 = FACE_BOUND('',#9304,.T.);
#9304 = EDGE_LOOP('',(#9305));
#9305 = ORIENTED_EDGE('',*,*,#5357,.F.);
#9306 = FACE_BOUND('',#9307,.T.);
#9307 = EDGE_LOOP('',(#9308));
#9308 = ORIENTED_EDGE('',*,*,#5382,.F.);
#9309 = FACE_BOUND('',#9310,.T.);
#9310 = EDGE_LOOP('',(#9311));
#9311 = ORIENTED_EDGE('',*,*,#5407,.F.);
#9312 = FACE_BOUND('',#9313,.T.);
#9313 = EDGE_LOOP('',(#9314));
#9314 = ORIENTED_EDGE('',*,*,#5432,.F.);
#9315 = FACE_BOUND('',#9316,.T.);
#9316 = EDGE_LOOP('',(#9317));
#9317 = ORIENTED_EDGE('',*,*,#5457,.F.);
#9318 = FACE_BOUND('',#9319,.T.);
#9319 = EDGE_LOOP('',(#9320));
#9320 = ORIENTED_EDGE('',*,*,#5482,.F.);
#9321 = FACE_BOUND('',#9322,.T.);
#9322 = EDGE_LOOP('',(#9323));
#9323 = ORIENTED_EDGE('',*,*,#5507,.F.);
#9324 = FACE_BOUND('',#9325,.T.);
#9325 = EDGE_LOOP('',(#9326));
#9326 = ORIENTED_EDGE('',*,*,#5532,.F.);
#9327 = FACE_BOUND('',#9328,.T.);
#9328 = EDGE_LOOP('',(#9329));
#9329 = ORIENTED_EDGE('',*,*,#5557,.F.);
#9330 = FACE_BOUND('',#9331,.T.);
#9331 = EDGE_LOOP('',(#9332));
#9332 = ORIENTED_EDGE('',*,*,#5582,.F.);
#9333 = FACE_BOUND('',#9334,.T.);
#9334 = EDGE_LOOP('',(#9335));
#9335 = ORIENTED_EDGE('',*,*,#5607,.F.);
#9336 = FACE_BOUND('',#9337,.T.);
#9337 = EDGE_LOOP('',(#9338));
#9338 = ORIENTED_EDGE('',*,*,#5632,.F.);
#9339 = FACE_BOUND('',#9340,.T.);
#9340 = EDGE_LOOP('',(#9341));
#9341 = ORIENTED_EDGE('',*,*,#5657,.F.);
#9342 = FACE_BOUND('',#9343,.T.);
#9343 = EDGE_LOOP('',(#9344));
#9344 = ORIENTED_EDGE('',*,*,#5682,.F.);
#9345 = FACE_BOUND('',#9346,.T.);
#9346 = EDGE_LOOP('',(#9347));
#9347 = ORIENTED_EDGE('',*,*,#5707,.F.);
#9348 = FACE_BOUND('',#9349,.T.);
#9349 = EDGE_LOOP('',(#9350));
#9350 = ORIENTED_EDGE('',*,*,#5732,.F.);
#9351 = FACE_BOUND('',#9352,.T.);
#9352 = EDGE_LOOP('',(#9353));
#9353 = ORIENTED_EDGE('',*,*,#5757,.F.);
#9354 = FACE_BOUND('',#9355,.T.);
#9355 = EDGE_LOOP('',(#9356,#9357,#9358,#9359,#9360,#9361));
#9356 = ORIENTED_EDGE('',*,*,#5783,.F.);
#9357 = ORIENTED_EDGE('',*,*,#5814,.T.);
#9358 = ORIENTED_EDGE('',*,*,#5864,.T.);
#9359 = ORIENTED_EDGE('',*,*,#5905,.F.);
#9360 = ORIENTED_EDGE('',*,*,#5888,.F.);
#9361 = ORIENTED_EDGE('',*,*,#5839,.F.);
#9362 = FACE_BOUND('',#9363,.T.);
#9363 = EDGE_LOOP('',(#9364,#9365,#9366,#9367,#9368,#9369));
#9364 = ORIENTED_EDGE('',*,*,#5930,.F.);
#9365 = ORIENTED_EDGE('',*,*,#5961,.T.);
#9366 = ORIENTED_EDGE('',*,*,#6011,.T.);
#9367 = ORIENTED_EDGE('',*,*,#6052,.F.);
#9368 = ORIENTED_EDGE('',*,*,#6035,.F.);
#9369 = ORIENTED_EDGE('',*,*,#5986,.F.);
#9370 = FACE_BOUND('',#9371,.T.);
#9371 = EDGE_LOOP('',(#9372,#9373,#9374,#9375,#9376,#9377,#9378,#9379,
    #9380,#9381));
#9372 = ORIENTED_EDGE('',*,*,#6077,.F.);
#9373 = ORIENTED_EDGE('',*,*,#6109,.T.);
#9374 = ORIENTED_EDGE('',*,*,#6152,.F.);
#9375 = ORIENTED_EDGE('',*,*,#6200,.F.);
#9376 = ORIENTED_EDGE('',*,*,#6250,.F.);
#9377 = ORIENTED_EDGE('',*,*,#6299,.F.);
#9378 = ORIENTED_EDGE('',*,*,#6275,.T.);
#9379 = ORIENTED_EDGE('',*,*,#6232,.F.);
#9380 = ORIENTED_EDGE('',*,*,#6176,.T.);
#9381 = ORIENTED_EDGE('',*,*,#6134,.F.);
#9382 = FACE_BOUND('',#9383,.T.);
#9383 = EDGE_LOOP('',(#9384,#9385,#9386,#9387,#9388,#9389));
#9384 = ORIENTED_EDGE('',*,*,#6324,.F.);
#9385 = ORIENTED_EDGE('',*,*,#6355,.T.);
#9386 = ORIENTED_EDGE('',*,*,#6405,.T.);
#9387 = ORIENTED_EDGE('',*,*,#6446,.F.);
#9388 = ORIENTED_EDGE('',*,*,#6420,.F.);
#9389 = ORIENTED_EDGE('',*,*,#6380,.F.);
#9390 = FACE_BOUND('',#9391,.T.);
#9391 = EDGE_LOOP('',(#9392,#9393,#9394,#9395,#9396,#9397,#9398,#9399,
    #9400,#9401));
#9392 = ORIENTED_EDGE('',*,*,#6471,.F.);
#9393 = ORIENTED_EDGE('',*,*,#6502,.T.);
#9394 = ORIENTED_EDGE('',*,*,#6552,.T.);
#9395 = ORIENTED_EDGE('',*,*,#6593,.F.);
#9396 = ORIENTED_EDGE('',*,*,#6643,.F.);
#9397 = ORIENTED_EDGE('',*,*,#6692,.F.);
#9398 = ORIENTED_EDGE('',*,*,#6668,.T.);
#9399 = ORIENTED_EDGE('',*,*,#6625,.F.);
#9400 = ORIENTED_EDGE('',*,*,#6569,.T.);
#9401 = ORIENTED_EDGE('',*,*,#6527,.F.);
#9402 = FACE_BOUND('',#9403,.T.);
#9403 = EDGE_LOOP('',(#9404,#9405,#9406,#9407,#9408,#9409));
#9404 = ORIENTED_EDGE('',*,*,#6717,.F.);
#9405 = ORIENTED_EDGE('',*,*,#6748,.T.);
#9406 = ORIENTED_EDGE('',*,*,#6798,.T.);
#9407 = ORIENTED_EDGE('',*,*,#6839,.F.);
#9408 = ORIENTED_EDGE('',*,*,#6813,.F.);
#9409 = ORIENTED_EDGE('',*,*,#6773,.F.);
#9410 = FACE_BOUND('',#9411,.T.);
#9411 = EDGE_LOOP('',(#9412,#9413,#9414,#9415,#9416,#9417));
#9412 = ORIENTED_EDGE('',*,*,#6864,.F.);
#9413 = ORIENTED_EDGE('',*,*,#6895,.T.);
#9414 = ORIENTED_EDGE('',*,*,#6945,.T.);
#9415 = ORIENTED_EDGE('',*,*,#6986,.F.);
#9416 = ORIENTED_EDGE('',*,*,#6969,.F.);
#9417 = ORIENTED_EDGE('',*,*,#6920,.F.);
#9418 = FACE_BOUND('',#9419,.T.);
#9419 = EDGE_LOOP('',(#9420,#9421,#9422,#9423,#9424,#9425));
#9420 = ORIENTED_EDGE('',*,*,#7011,.T.);
#9421 = ORIENTED_EDGE('',*,*,#7067,.T.);
#9422 = ORIENTED_EDGE('',*,*,#7116,.T.);
#9423 = ORIENTED_EDGE('',*,*,#7133,.F.);
#9424 = ORIENTED_EDGE('',*,*,#7092,.F.);
#9425 = ORIENTED_EDGE('',*,*,#7042,.F.);
#9426 = FACE_BOUND('',#9427,.T.);
#9427 = EDGE_LOOP('',(#9428,#9429,#9430,#9431,#9432,#9433));
#9428 = ORIENTED_EDGE('',*,*,#7158,.F.);
#9429 = ORIENTED_EDGE('',*,*,#7189,.T.);
#9430 = ORIENTED_EDGE('',*,*,#7239,.T.);
#9431 = ORIENTED_EDGE('',*,*,#7280,.F.);
#9432 = ORIENTED_EDGE('',*,*,#7256,.T.);
#9433 = ORIENTED_EDGE('',*,*,#7214,.F.);
#9434 = FACE_BOUND('',#9435,.T.);
#9435 = EDGE_LOOP('',(#9436,#9437,#9438,#9439,#9440,#9441,#9442,#9443,
    #9444,#9445));
#9436 = ORIENTED_EDGE('',*,*,#7305,.F.);
#9437 = ORIENTED_EDGE('',*,*,#7336,.T.);
#9438 = ORIENTED_EDGE('',*,*,#7379,.F.);
#9439 = ORIENTED_EDGE('',*,*,#7427,.F.);
#9440 = ORIENTED_EDGE('',*,*,#7477,.F.);
#9441 = ORIENTED_EDGE('',*,*,#7526,.F.);
#9442 = ORIENTED_EDGE('',*,*,#7502,.T.);
#9443 = ORIENTED_EDGE('',*,*,#7459,.F.);
#9444 = ORIENTED_EDGE('',*,*,#7403,.T.);
#9445 = ORIENTED_EDGE('',*,*,#7361,.F.);
#9446 = FACE_BOUND('',#9447,.T.);
#9447 = EDGE_LOOP('',(#9448,#9449,#9450,#9451,#9452,#9453));
#9448 = ORIENTED_EDGE('',*,*,#7551,.F.);
#9449 = ORIENTED_EDGE('',*,*,#7582,.T.);
#9450 = ORIENTED_EDGE('',*,*,#7632,.T.);
#9451 = ORIENTED_EDGE('',*,*,#7673,.F.);
#9452 = ORIENTED_EDGE('',*,*,#7656,.F.);
#9453 = ORIENTED_EDGE('',*,*,#7607,.F.);
#9454 = FACE_BOUND('',#9455,.T.);
#9455 = EDGE_LOOP('',(#9456,#9457,#9458,#9459,#9460,#9461));
#9456 = ORIENTED_EDGE('',*,*,#7698,.F.);
#9457 = ORIENTED_EDGE('',*,*,#7729,.T.);
#9458 = ORIENTED_EDGE('',*,*,#7772,.F.);
#9459 = ORIENTED_EDGE('',*,*,#7820,.F.);
#9460 = ORIENTED_EDGE('',*,*,#7796,.T.);
#9461 = ORIENTED_EDGE('',*,*,#7754,.F.);
#9462 = FACE_BOUND('',#9463,.T.);
#9463 = EDGE_LOOP('',(#9464,#9465,#9466,#9467,#9468,#9469,#9470,#9471,
    #9472,#9473));
#9464 = ORIENTED_EDGE('',*,*,#7845,.F.);
#9465 = ORIENTED_EDGE('',*,*,#7877,.T.);
#9466 = ORIENTED_EDGE('',*,*,#7920,.F.);
#9467 = ORIENTED_EDGE('',*,*,#7968,.F.);
#9468 = ORIENTED_EDGE('',*,*,#8018,.F.);
#9469 = ORIENTED_EDGE('',*,*,#8066,.F.);
#9470 = ORIENTED_EDGE('',*,*,#8042,.T.);
#9471 = ORIENTED_EDGE('',*,*,#8000,.F.);
#9472 = ORIENTED_EDGE('',*,*,#7944,.T.);
#9473 = ORIENTED_EDGE('',*,*,#7902,.F.);
#9474 = FACE_BOUND('',#9475,.T.);
#9475 = EDGE_LOOP('',(#9476,#9477,#9478,#9479,#9480,#9481,#9482,#9483,
    #9484,#9485));
#9476 = ORIENTED_EDGE('',*,*,#8091,.F.);
#9477 = ORIENTED_EDGE('',*,*,#8122,.T.);
#9478 = ORIENTED_EDGE('',*,*,#8165,.F.);
#9479 = ORIENTED_EDGE('',*,*,#8213,.F.);
#9480 = ORIENTED_EDGE('',*,*,#8263,.F.);
#9481 = ORIENTED_EDGE('',*,*,#8312,.F.);
#9482 = ORIENTED_EDGE('',*,*,#8288,.T.);
#9483 = ORIENTED_EDGE('',*,*,#8245,.F.);
#9484 = ORIENTED_EDGE('',*,*,#8189,.T.);
#9485 = ORIENTED_EDGE('',*,*,#8147,.F.);
#9486 = FACE_BOUND('',#9487,.T.);
#9487 = EDGE_LOOP('',(#9488,#9489,#9490,#9491,#9492,#9493,#9494,#9495,
    #9496,#9497));
#9488 = ORIENTED_EDGE('',*,*,#8337,.F.);
#9489 = ORIENTED_EDGE('',*,*,#8368,.T.);
#9490 = ORIENTED_EDGE('',*,*,#8418,.T.);
#9491 = ORIENTED_EDGE('',*,*,#8459,.F.);
#9492 = ORIENTED_EDGE('',*,*,#8516,.T.);
#9493 = ORIENTED_EDGE('',*,*,#8557,.F.);
#9494 = ORIENTED_EDGE('',*,*,#8540,.F.);
#9495 = ORIENTED_EDGE('',*,*,#8491,.F.);
#9496 = ORIENTED_EDGE('',*,*,#8435,.T.);
#9497 = ORIENTED_EDGE('',*,*,#8393,.F.);
#9498 = FACE_BOUND('',#9499,.T.);
#9499 = EDGE_LOOP('',(#9500,#9501,#9502,#9503,#9504,#9505,#9506,#9507));
#9500 = ORIENTED_EDGE('',*,*,#8582,.F.);
#9501 = ORIENTED_EDGE('',*,*,#8613,.T.);
#9502 = ORIENTED_EDGE('',*,*,#8663,.F.);
#9503 = ORIENTED_EDGE('',*,*,#8711,.T.);
#9504 = ORIENTED_EDGE('',*,*,#8754,.F.);
#9505 = ORIENTED_EDGE('',*,*,#8736,.F.);
#9506 = ORIENTED_EDGE('',*,*,#8680,.F.);
#9507 = ORIENTED_EDGE('',*,*,#8638,.F.);
#9508 = FACE_BOUND('',#9509,.T.);
#9509 = EDGE_LOOP('',(#9510,#9511,#9512,#9513,#9514,#9515,#9516,#9517));
#9510 = ORIENTED_EDGE('',*,*,#8778,.F.);
#9511 = ORIENTED_EDGE('',*,*,#8809,.T.);
#9512 = ORIENTED_EDGE('',*,*,#8859,.F.);
#9513 = ORIENTED_EDGE('',*,*,#8907,.T.);
#9514 = ORIENTED_EDGE('',*,*,#8950,.F.);
#9515 = ORIENTED_EDGE('',*,*,#8932,.F.);
#9516 = ORIENTED_EDGE('',*,*,#8876,.F.);
#9517 = ORIENTED_EDGE('',*,*,#8834,.F.);
#9518 = FACE_BOUND('',#9519,.T.);
#9519 = EDGE_LOOP('',(#9520,#9521,#9522,#9523,#9524,#9525,#9526,#9527));
#9520 = ORIENTED_EDGE('',*,*,#8974,.T.);
#9521 = ORIENTED_EDGE('',*,*,#9030,.T.);
#9522 = ORIENTED_EDGE('',*,*,#9072,.T.);
#9523 = ORIENTED_EDGE('',*,*,#9128,.T.);
#9524 = ORIENTED_EDGE('',*,*,#9146,.T.);
#9525 = ORIENTED_EDGE('',*,*,#9103,.F.);
#9526 = ORIENTED_EDGE('',*,*,#9055,.T.);
#9527 = ORIENTED_EDGE('',*,*,#9005,.F.);
#9528 = PLANE('',#9529);
#9529 = AXIS2_PLACEMENT_3D('',#9530,#9531,#9532);
#9530 = CARTESIAN_POINT('',(-0.116458104996,-0.348386691993,3.));
#9531 = DIRECTION('',(0.,0.,1.));
#9532 = DIRECTION('',(1.,0.,0.));
#9533 = ( GEOMETRIC_REPRESENTATION_CONTEXT(3) 
GLOBAL_UNCERTAINTY_ASSIGNED_CONTEXT((#9537)) 
GLOBAL_UNIT_ASSIGNED_CONTEXT((#9534,#9535,#9536)) REPRESENTATION_CONTEXT
('Context #1','3D Context with UNIT and UNCERTAINTY') );
#9534 = ( LENGTH_UNIT() NAMED_UNIT(*) SI_UNIT(.MILLI.,.METRE.) );
#9535 = ( NAMED_UNIT(*) PLANE_ANGLE_UNIT() SI_UNIT($,.RADIAN.) );
#9536 = ( NAMED_UNIT(*) SI_UNIT($,.STERADIAN.) SOLID_ANGLE_UNIT() );
#9537 = UNCERTAINTY_MEASURE_WITH_UNIT(LENGTH_MEASURE(2.E-05),#9534,
  'distance_accuracy_value','confusion accuracy');
#9538 = PRODUCT_RELATED_PRODUCT_CATEGORY('part',$,(#7));
#9539 = MECHANICAL_DESIGN_GEOMETRIC_PRESENTATION_REPRESENTATION('',(
    #9540),#9533);
#9540 = STYLED_ITEM('color',(#9541),#15);
#9541 = PRESENTATION_STYLE_ASSIGNMENT((#9542,#9548));
#9542 = SURFACE_STYLE_USAGE(.BOTH.,#9543);
#9543 = SURFACE_SIDE_STYLE('',(#9544));
#9544 = SURFACE_STYLE_FILL_AREA(#9545);
#9545 = FILL_AREA_STYLE('',(#9546));
#9546 = FILL_AREA_STYLE_COLOUR('',#9547);
#9547 = COLOUR_RGB('',0.447058818107,0.474509808674,0.501960817233);
#9548 = CURVE_STYLE('',#9549,POSITIVE_LENGTH_MEASURE(0.1),#9550);
#9549 = DRAUGHTING_PRE_DEFINED_CURVE_FONT('continuous');
#9550 = COLOUR_RGB('',9.803921802644E-02,9.803921802644E-02,
  9.803921802644E-02);
ENDSEC;
END-ISO-10303-21;
