ISO-10303-21;
HEADER;
FILE_DESCRIPTION(('FreeCAD Model'),'2;1');
FILE_NAME('Open CASCADE Shape Model','2026-06-24T08:38:35',(''),(''),
  'Open CASCADE STEP processor 7.8','FreeCAD','Unknown');
FILE_SCHEMA(('AUTOMOTIVE_DESIGN { 1 0 10303 214 1 1 1 1 }'));
ENDSEC;
DATA;
#1 = APPLICATION_PROTOCOL_DEFINITION('international standard',
  'automotive_design',2000,#2);
#2 = APPLICATION_CONTEXT(
  'core data for automotive mechanical design processes');
#3 = SHAPE_DEFINITION_REPRESENTATION(#4,#10);
#4 = PRODUCT_DEFINITION_SHAPE('','',#5);
#5 = PRODUCT_DEFINITION('design','',#6,#9);
#6 = PRODUCT_DEFINITION_FORMATION('','',#7);
#7 = PRODUCT('Top','Top','',(#8));
#8 = PRODUCT_CONTEXT('',#2,'mechanical');
#9 = PRODUCT_DEFINITION_CONTEXT('part definition',#2,'design');
#10 = ADVANCED_BREP_SHAPE_REPRESENTATION('',(#11,#15),#10685);
#11 = AXIS2_PLACEMENT_3D('',#12,#13,#14);
#12 = CARTESIAN_POINT('',(0.,0.,0.));
#13 = DIRECTION('',(0.,0.,1.));
#14 = DIRECTION('',(1.,0.,-0.));
#15 = MANIFOLD_SOLID_BREP('',#16);
#16 = CLOSED_SHELL('',(#17,#57,#90,#121,#152,#185,#210,#235,#286,#2327,
    #2344,#4385,#4402,#4433,#4450,#4467,#4484,#4501,#4534,#4565,#4590,
    #4615,#4640,#4665,#4690,#4715,#4739,#4763,#4788,#4813,#4837,#4861,
    #4886,#4911,#4935,#4960,#4985,#5010,#5035,#5060,#5085,#5109,#5133,
    #5158,#5183,#5207,#5232,#5257,#5282,#5306,#5330,#5355,#5378,#5403,
    #5415,#5440,#5465,#5489,#5514,#5538,#5563,#5580,#5605,#5629,#5654,
    #5672,#5694,#5711,#5728,#5745,#5762,#5779,#5796,#5808,#5830,#5847,
    #5864,#5881,#5898,#5915,#5932,#5944,#5969,#5994,#6019,#6044,#6066,
    #6083,#6100,#6117,#6134,#6146,#6168,#6185,#6202,#6219,#6236,#6248,
    #6270,#6287,#6304,#6321,#6338,#6355,#6372,#6384,#6406,#6423,#6440,
    #6457,#6474,#6491,#6508,#6520,#6542,#6559,#6576,#6593,#6610,#6622,
    #6644,#6661,#6678,#6695,#6712,#6724,#6746,#6763,#6780,#6797,#6814,
    #6826,#6848,#6865,#6882,#6899,#6916,#6928,#6950,#6967,#6984,#7001,
    #7018,#7030,#7052,#7069,#7086,#7103,#7120,#7132,#7154,#7171,#7188,
    #7205,#7222,#7234,#7256,#7273,#7290,#7307,#7324,#7336,#7358,#7375,
    #7392,#7409,#7426,#7438,#7460,#7477,#7494,#7511,#7528,#7540,#7562,
    #7579,#7596,#7613,#7630,#7642,#7664,#7681,#7698,#7715,#7732,#7744,
    #7766,#7783,#7800,#7817,#7834,#7846,#7868,#7885,#7902,#7919,#7936,
    #7948,#7970,#7987,#8004,#8021,#8038,#8050,#8072,#8089,#8106,#8123,
    #8140,#8152,#8174,#8191,#8208,#8225,#8242,#8254,#8276,#8293,#8310,
    #8327,#8344,#8356,#8378,#8395,#8412,#8429,#8446,#8458,#8480,#8497,
    #8514,#8531,#8548,#8560,#8582,#8599,#8616,#8633,#8650,#8662,#8684,
    #8701,#8718,#8735,#8752,#8764,#8795,#8820,#8845,#8870,#8895,#8920,
    #8945,#8969,#8993,#9018,#9043,#9067,#9091,#9116,#9141,#9165,#9190,
    #9215,#9240,#9265,#9290,#9315,#9339,#9363,#9388,#9413,#9437,#9462,
    #9487,#9512,#9536,#9560,#9585,#9608,#9633,#9645,#9670,#9695,#9719,
    #9744,#9768,#9793,#9810,#9835,#9859,#9884,#9902,#9919,#9936,#9953,
    #9970,#9987,#10004,#10026,#10043,#10060,#10077,#10094,#10111,#10128,
    #10145,#10162,#10179,#10196,#10213,#10230,#10247,#10264,#10281,
    #10300,#10317,#10334,#10351,#10368,#10385,#10402,#10419,#10436,
    #10453,#10470,#10487,#10504,#10521,#10533,#10550,#10569,#10586,
    #10603,#10620,#10637,#10654,#10673));
#17 = ADVANCED_FACE('',(#18),#52,.T.);
#18 = FACE_BOUND('',#19,.T.);
#19 = EDGE_LOOP('',(#20,#30,#38,#46));
#20 = ORIENTED_EDGE('',*,*,#21,.F.);
#21 = EDGE_CURVE('',#22,#24,#26,.T.);
#22 = VERTEX_POINT('',#23);
#23 = CARTESIAN_POINT('',(13.,-19.06173769149,1.8));
#24 = VERTEX_POINT('',#25);
#25 = CARTESIAN_POINT('',(13.,-19.06173769149,0.2));
#26 = LINE('',#27,#28);
#27 = CARTESIAN_POINT('',(13.,-19.06173769149,2.));
#28 = VECTOR('',#29,1.);
#29 = DIRECTION('',(-0.,-0.,-1.));
#30 = ORIENTED_EDGE('',*,*,#31,.T.);
#31 = EDGE_CURVE('',#22,#32,#34,.T.);
#32 = VERTEX_POINT('',#33);
#33 = CARTESIAN_POINT('',(13.,-20.92495335837,1.8));
#34 = LINE('',#35,#36);
#35 = CARTESIAN_POINT('',(13.,-19.06173769149,1.8));
#36 = VECTOR('',#37,1.);
#37 = DIRECTION('',(-0.,-1.,-0.));
#38 = ORIENTED_EDGE('',*,*,#39,.F.);
#39 = EDGE_CURVE('',#40,#32,#42,.T.);
#40 = VERTEX_POINT('',#41);
#41 = CARTESIAN_POINT('',(13.,-20.92495335837,0.2));
#42 = LINE('',#43,#44);
#43 = CARTESIAN_POINT('',(13.,-20.92495335837,0.));
#44 = VECTOR('',#45,1.);
#45 = DIRECTION('',(0.,0.,1.));
#46 = ORIENTED_EDGE('',*,*,#47,.F.);
#47 = EDGE_CURVE('',#24,#40,#48,.T.);
#48 = LINE('',#49,#50);
#49 = CARTESIAN_POINT('',(13.,-19.06173769149,0.2));
#50 = VECTOR('',#51,1.);
#51 = DIRECTION('',(0.,-1.,0.));
#52 = PLANE('',#53);
#53 = AXIS2_PLACEMENT_3D('',#54,#55,#56);
#54 = CARTESIAN_POINT('',(13.,5.,1.));
#55 = DIRECTION('',(1.,0.,0.));
#56 = DIRECTION('',(0.,0.,1.));
#57 = ADVANCED_FACE('',(#58),#85,.F.);
#58 = FACE_BOUND('',#59,.F.);
#59 = EDGE_LOOP('',(#60,#61,#70,#78));
#60 = ORIENTED_EDGE('',*,*,#21,.F.);
#61 = ORIENTED_EDGE('',*,*,#62,.F.);
#62 = EDGE_CURVE('',#63,#22,#65,.T.);
#63 = VERTEX_POINT('',#64);
#64 = CARTESIAN_POINT('',(13.636363636364,-18.13019671276,1.8));
#65 = CIRCLE('',#66,1.);
#66 = AXIS2_PLACEMENT_3D('',#67,#68,#69);
#67 = CARTESIAN_POINT('',(14.,-19.06173769149,1.8));
#68 = DIRECTION('',(0.,0.,1.));
#69 = DIRECTION('',(-0.363636363636,0.931540978724,0.));
#70 = ORIENTED_EDGE('',*,*,#71,.T.);
#71 = EDGE_CURVE('',#63,#72,#74,.T.);
#72 = VERTEX_POINT('',#73);
#73 = CARTESIAN_POINT('',(13.636363636364,-18.13019671276,0.2));
#74 = LINE('',#75,#76);
#75 = CARTESIAN_POINT('',(13.636363636364,-18.13019671276,2.));
#76 = VECTOR('',#77,1.);
#77 = DIRECTION('',(-0.,-0.,-1.));
#78 = ORIENTED_EDGE('',*,*,#79,.T.);
#79 = EDGE_CURVE('',#72,#24,#80,.T.);
#80 = CIRCLE('',#81,1.);
#81 = AXIS2_PLACEMENT_3D('',#82,#83,#84);
#82 = CARTESIAN_POINT('',(14.,-19.06173769149,0.2));
#83 = DIRECTION('',(0.,0.,1.));
#84 = DIRECTION('',(-0.363636363636,0.931540978724,0.));
#85 = CYLINDRICAL_SURFACE('',#86,1.);
#86 = AXIS2_PLACEMENT_3D('',#87,#88,#89);
#87 = CARTESIAN_POINT('',(14.,-19.06173769149,2.));
#88 = DIRECTION('',(-0.,-0.,-1.));
#89 = DIRECTION('',(-1.,0.,0.));
#90 = ADVANCED_FACE('',(#91),#116,.T.);
#91 = FACE_BOUND('',#92,.T.);
#92 = EDGE_LOOP('',(#93,#101,#109,#115));
#93 = ORIENTED_EDGE('',*,*,#94,.F.);
#94 = EDGE_CURVE('',#95,#22,#97,.T.);
#95 = VERTEX_POINT('',#96);
#96 = CARTESIAN_POINT('',(12.8,-19.06173769149,2.));
#97 = LINE('',#98,#99);
#98 = CARTESIAN_POINT('',(13.,-19.06173769149,1.8));
#99 = VECTOR('',#100,1.);
#100 = DIRECTION('',(0.707106781187,3.E-17,-0.707106781187));
#101 = ORIENTED_EDGE('',*,*,#102,.T.);
#102 = EDGE_CURVE('',#95,#103,#105,.T.);
#103 = VERTEX_POINT('',#104);
#104 = CARTESIAN_POINT('',(12.8,-20.92495335837,2.));
#105 = LINE('',#106,#107);
#106 = CARTESIAN_POINT('',(12.8,-19.06173769149,2.));
#107 = VECTOR('',#108,1.);
#108 = DIRECTION('',(-0.,-1.,-0.));
#109 = ORIENTED_EDGE('',*,*,#110,.T.);
#110 = EDGE_CURVE('',#103,#32,#111,.T.);
#111 = LINE('',#112,#113);
#112 = CARTESIAN_POINT('',(12.9,-20.92495335837,1.9));
#113 = VECTOR('',#114,1.);
#114 = DIRECTION('',(0.707106781187,0.,-0.707106781187));
#115 = ORIENTED_EDGE('',*,*,#31,.F.);
#116 = PLANE('',#117);
#117 = AXIS2_PLACEMENT_3D('',#118,#119,#120);
#118 = CARTESIAN_POINT('',(12.9,-19.06173769149,1.9));
#119 = DIRECTION('',(0.707106781187,0.,0.707106781187));
#120 = DIRECTION('',(0.,-1.,0.));
#121 = ADVANCED_FACE('',(#122),#147,.T.);
#122 = FACE_BOUND('',#123,.F.);
#123 = EDGE_LOOP('',(#124,#132,#140,#146));
#124 = ORIENTED_EDGE('',*,*,#125,.F.);
#125 = EDGE_CURVE('',#126,#24,#128,.T.);
#126 = VERTEX_POINT('',#127);
#127 = CARTESIAN_POINT('',(12.8,-19.06173769149,0.));
#128 = LINE('',#129,#130);
#129 = CARTESIAN_POINT('',(13.,-19.06173769149,0.2));
#130 = VECTOR('',#131,1.);
#131 = DIRECTION('',(0.707106781187,3.E-17,0.707106781187));
#132 = ORIENTED_EDGE('',*,*,#133,.T.);
#133 = EDGE_CURVE('',#126,#134,#136,.T.);
#134 = VERTEX_POINT('',#135);
#135 = CARTESIAN_POINT('',(12.8,-20.92495335837,0.));
#136 = LINE('',#137,#138);
#137 = CARTESIAN_POINT('',(12.8,-19.06173769149,0.));
#138 = VECTOR('',#139,1.);
#139 = DIRECTION('',(0.,-1.,0.));
#140 = ORIENTED_EDGE('',*,*,#141,.T.);
#141 = EDGE_CURVE('',#134,#40,#142,.T.);
#142 = LINE('',#143,#144);
#143 = CARTESIAN_POINT('',(12.9,-20.92495335837,0.1));
#144 = VECTOR('',#145,1.);
#145 = DIRECTION('',(0.707106781187,0.,0.707106781187));
#146 = ORIENTED_EDGE('',*,*,#47,.F.);
#147 = PLANE('',#148);
#148 = AXIS2_PLACEMENT_3D('',#149,#150,#151);
#149 = CARTESIAN_POINT('',(12.9,-19.06173769149,0.1));
#150 = DIRECTION('',(0.707106781187,0.,-0.707106781187));
#151 = DIRECTION('',(-0.,1.,-0.));
#152 = ADVANCED_FACE('',(#153),#180,.T.);
#153 = FACE_BOUND('',#154,.F.);
#154 = EDGE_LOOP('',(#155,#156,#165,#173));
#155 = ORIENTED_EDGE('',*,*,#39,.F.);
#156 = ORIENTED_EDGE('',*,*,#157,.T.);
#157 = EDGE_CURVE('',#40,#158,#160,.T.);
#158 = VERTEX_POINT('',#159);
#159 = CARTESIAN_POINT('',(12.988799086687,-21.0742060507,0.2));
#160 = CIRCLE('',#161,1.);
#161 = AXIS2_PLACEMENT_3D('',#162,#163,#164);
#162 = CARTESIAN_POINT('',(12.,-20.92495335837,0.2));
#163 = DIRECTION('',(0.,0.,-1.));
#164 = DIRECTION('',(1.,0.,0.));
#165 = ORIENTED_EDGE('',*,*,#166,.T.);
#166 = EDGE_CURVE('',#158,#167,#169,.T.);
#167 = VERTEX_POINT('',#168);
#168 = CARTESIAN_POINT('',(12.988799086687,-21.0742060507,1.8));
#169 = LINE('',#170,#171);
#170 = CARTESIAN_POINT('',(12.988799086687,-21.0742060507,0.));
#171 = VECTOR('',#172,1.);
#172 = DIRECTION('',(0.,0.,1.));
#173 = ORIENTED_EDGE('',*,*,#174,.F.);
#174 = EDGE_CURVE('',#32,#167,#175,.T.);
#175 = CIRCLE('',#176,1.);
#176 = AXIS2_PLACEMENT_3D('',#177,#178,#179);
#177 = CARTESIAN_POINT('',(12.,-20.92495335837,1.8));
#178 = DIRECTION('',(0.,0.,-1.));
#179 = DIRECTION('',(1.,0.,0.));
#180 = CYLINDRICAL_SURFACE('',#181,1.);
#181 = AXIS2_PLACEMENT_3D('',#182,#183,#184);
#182 = CARTESIAN_POINT('',(12.,-20.92495335837,0.));
#183 = DIRECTION('',(0.,0.,1.));
#184 = DIRECTION('',(1.,0.,0.));
#185 = ADVANCED_FACE('',(#186),#205,.F.);
#186 = FACE_BOUND('',#187,.T.);
#187 = EDGE_LOOP('',(#188,#196,#203,#204));
#188 = ORIENTED_EDGE('',*,*,#189,.F.);
#189 = EDGE_CURVE('',#190,#63,#192,.T.);
#190 = VERTEX_POINT('',#191);
#191 = CARTESIAN_POINT('',(13.563636363636,-17.94388851702,2.));
#192 = LINE('',#193,#194);
#193 = CARTESIAN_POINT('',(13.636363636364,-18.13019671276,1.8));
#194 = VECTOR('',#195,1.);
#195 = DIRECTION('',(0.257129738613,-0.658698943009,-0.707106781187));
#196 = ORIENTED_EDGE('',*,*,#197,.T.);
#197 = EDGE_CURVE('',#190,#95,#198,.T.);
#198 = CIRCLE('',#199,1.2);
#199 = AXIS2_PLACEMENT_3D('',#200,#201,#202);
#200 = CARTESIAN_POINT('',(14.,-19.06173769149,2.));
#201 = DIRECTION('',(0.,0.,1.));
#202 = DIRECTION('',(-0.363636363636,0.931540978724,0.));
#203 = ORIENTED_EDGE('',*,*,#94,.T.);
#204 = ORIENTED_EDGE('',*,*,#62,.F.);
#205 = CONICAL_SURFACE('',#206,1.,0.785398163397);
#206 = AXIS2_PLACEMENT_3D('',#207,#208,#209);
#207 = CARTESIAN_POINT('',(14.,-19.06173769149,1.8));
#208 = DIRECTION('',(0.,0.,1.));
#209 = DIRECTION('',(-0.363636363636,0.931540978724,0.));
#210 = ADVANCED_FACE('',(#211),#230,.F.);
#211 = FACE_BOUND('',#212,.F.);
#212 = EDGE_LOOP('',(#213,#221,#228,#229));
#213 = ORIENTED_EDGE('',*,*,#214,.F.);
#214 = EDGE_CURVE('',#215,#72,#217,.T.);
#215 = VERTEX_POINT('',#216);
#216 = CARTESIAN_POINT('',(13.563636363636,-17.94388851702,0.));
#217 = LINE('',#218,#219);
#218 = CARTESIAN_POINT('',(13.636363636364,-18.13019671276,0.2));
#219 = VECTOR('',#220,1.);
#220 = DIRECTION('',(0.257129738613,-0.658698943009,0.707106781187));
#221 = ORIENTED_EDGE('',*,*,#222,.T.);
#222 = EDGE_CURVE('',#215,#126,#223,.T.);
#223 = CIRCLE('',#224,1.2);
#224 = AXIS2_PLACEMENT_3D('',#225,#226,#227);
#225 = CARTESIAN_POINT('',(14.,-19.06173769149,0.));
#226 = DIRECTION('',(0.,0.,1.));
#227 = DIRECTION('',(-0.363636363636,0.931540978724,0.));
#228 = ORIENTED_EDGE('',*,*,#125,.T.);
#229 = ORIENTED_EDGE('',*,*,#79,.F.);
#230 = CONICAL_SURFACE('',#231,1.,0.785398163397);
#231 = AXIS2_PLACEMENT_3D('',#232,#233,#234);
#232 = CARTESIAN_POINT('',(14.,-19.06173769149,0.2));
#233 = DIRECTION('',(-0.,-0.,-1.));
#234 = DIRECTION('',(-0.363636363636,0.931540978724,0.));
#235 = ADVANCED_FACE('',(#236),#281,.T.);
#236 = FACE_BOUND('',#237,.F.);
#237 = EDGE_LOOP('',(#238,#239,#248,#257,#265,#274));
#238 = ORIENTED_EDGE('',*,*,#71,.F.);
#239 = ORIENTED_EDGE('',*,*,#240,.F.);
#240 = EDGE_CURVE('',#241,#63,#243,.T.);
#241 = VERTEX_POINT('',#242);
#242 = CARTESIAN_POINT('',(14.75,-16.5,1.8));
#243 = CIRCLE('',#244,1.75);
#244 = AXIS2_PLACEMENT_3D('',#245,#246,#247);
#245 = CARTESIAN_POINT('',(13.,-16.5,1.8));
#246 = DIRECTION('',(0.,0.,-1.));
#247 = DIRECTION('',(1.,0.,0.));
#248 = ORIENTED_EDGE('',*,*,#249,.F.);
#249 = EDGE_CURVE('',#250,#241,#252,.T.);
#250 = VERTEX_POINT('',#251);
#251 = CARTESIAN_POINT('',(13.636363636364,-14.86980328723,1.8));
#252 = CIRCLE('',#253,1.75);
#253 = AXIS2_PLACEMENT_3D('',#254,#255,#256);
#254 = CARTESIAN_POINT('',(13.,-16.5,1.8));
#255 = DIRECTION('',(0.,0.,-1.));
#256 = DIRECTION('',(0.363636363636,0.931540978724,0.));
#257 = ORIENTED_EDGE('',*,*,#258,.T.);
#258 = EDGE_CURVE('',#250,#259,#261,.T.);
#259 = VERTEX_POINT('',#260);
#260 = CARTESIAN_POINT('',(13.636363636364,-14.86980328723,0.2));
#261 = LINE('',#262,#263);
#262 = CARTESIAN_POINT('',(13.636363636364,-14.86980328723,2.));
#263 = VECTOR('',#264,1.);
#264 = DIRECTION('',(-0.,-0.,-1.));
#265 = ORIENTED_EDGE('',*,*,#266,.T.);
#266 = EDGE_CURVE('',#259,#267,#269,.T.);
#267 = VERTEX_POINT('',#268);
#268 = CARTESIAN_POINT('',(14.75,-16.5,0.2));
#269 = CIRCLE('',#270,1.75);
#270 = AXIS2_PLACEMENT_3D('',#271,#272,#273);
#271 = CARTESIAN_POINT('',(13.,-16.5,0.2));
#272 = DIRECTION('',(0.,0.,-1.));
#273 = DIRECTION('',(0.363636363636,0.931540978724,0.));
#274 = ORIENTED_EDGE('',*,*,#275,.T.);
#275 = EDGE_CURVE('',#267,#72,#276,.T.);
#276 = CIRCLE('',#277,1.75);
#277 = AXIS2_PLACEMENT_3D('',#278,#279,#280);
#278 = CARTESIAN_POINT('',(13.,-16.5,0.2));
#279 = DIRECTION('',(0.,0.,-1.));
#280 = DIRECTION('',(1.,0.,0.));
#281 = CYLINDRICAL_SURFACE('',#282,1.75);
#282 = AXIS2_PLACEMENT_3D('',#283,#284,#285);
#283 = CARTESIAN_POINT('',(13.,-16.5,0.));
#284 = DIRECTION('',(-0.,-0.,-1.));
#285 = DIRECTION('',(1.,0.,0.));
#286 = ADVANCED_FACE('',(#287,#724,#794,#864,#875,#886,#897,#908,#961,
    #1014,#1085,#1156,#1209,#1262,#1315,#1368,#1421,#1474,#1527,#1580,
    #1633,#1686,#1739,#1792,#1845,#1898,#1951,#2004,#2057,#2110,#2163,
    #2216,#2269),#2322,.T.);
#287 = FACE_BOUND('',#288,.T.);
#288 = EDGE_LOOP('',(#289,#299,#308,#317,#326,#334,#343,#351,#360,#368,
    #377,#386,#395,#403,#412,#421,#430,#438,#447,#455,#462,#463,#464,
    #473,#482,#491,#499,#508,#517,#526,#535,#543,#552,#560,#569,#578,
    #587,#596,#604,#613,#621,#630,#638,#647,#656,#665,#674,#682,#691,
    #699,#708,#717));
#289 = ORIENTED_EDGE('',*,*,#290,.F.);
#290 = EDGE_CURVE('',#291,#293,#295,.T.);
#291 = VERTEX_POINT('',#292);
#292 = CARTESIAN_POINT('',(-12.8,-13.93826230851,2.));
#293 = VERTEX_POINT('',#294);
#294 = CARTESIAN_POINT('',(-12.8,0.93826230851,2.));
#295 = LINE('',#296,#297);
#296 = CARTESIAN_POINT('',(-12.8,-13.93826230851,2.));
#297 = VECTOR('',#298,1.);
#298 = DIRECTION('',(0.,1.,0.));
#299 = ORIENTED_EDGE('',*,*,#300,.F.);
#300 = EDGE_CURVE('',#301,#291,#303,.T.);
#301 = VERTEX_POINT('',#302);
#302 = CARTESIAN_POINT('',(-13.56363636363,-15.05611148297,2.));
#303 = CIRCLE('',#304,1.2);
#304 = AXIS2_PLACEMENT_3D('',#305,#306,#307);
#305 = CARTESIAN_POINT('',(-14.,-13.93826230851,2.));
#306 = DIRECTION('',(-0.,0.,1.));
#307 = DIRECTION('',(0.363636363636,-0.931540978724,0.));
#308 = ORIENTED_EDGE('',*,*,#309,.F.);
#309 = EDGE_CURVE('',#310,#301,#312,.T.);
#310 = VERTEX_POINT('',#311);
#311 = CARTESIAN_POINT('',(-13.56363636363,-17.94388851702,2.));
#312 = CIRCLE('',#313,1.55);
#313 = AXIS2_PLACEMENT_3D('',#314,#315,#316);
#314 = CARTESIAN_POINT('',(-13.,-16.5,2.));
#315 = DIRECTION('',(-0.,0.,-1.));
#316 = DIRECTION('',(-0.363636363636,-0.931540978724,0.));
#317 = ORIENTED_EDGE('',*,*,#318,.F.);
#318 = EDGE_CURVE('',#319,#310,#321,.T.);
#319 = VERTEX_POINT('',#320);
#320 = CARTESIAN_POINT('',(-12.8,-19.06173769149,2.));
#321 = CIRCLE('',#322,1.2);
#322 = AXIS2_PLACEMENT_3D('',#323,#324,#325);
#323 = CARTESIAN_POINT('',(-14.,-19.06173769149,2.));
#324 = DIRECTION('',(0.,0.,1.));
#325 = DIRECTION('',(1.,0.,-0.));
#326 = ORIENTED_EDGE('',*,*,#327,.F.);
#327 = EDGE_CURVE('',#328,#319,#330,.T.);
#328 = VERTEX_POINT('',#329);
#329 = CARTESIAN_POINT('',(-12.8,-20.92495335837,2.));
#330 = LINE('',#331,#332);
#331 = CARTESIAN_POINT('',(-12.8,-20.92495335837,2.));
#332 = VECTOR('',#333,1.);
#333 = DIRECTION('',(0.,1.,0.));
#334 = ORIENTED_EDGE('',*,*,#335,.F.);
#335 = EDGE_CURVE('',#336,#328,#338,.T.);
#336 = VERTEX_POINT('',#337);
#337 = CARTESIAN_POINT('',(-12.79103926934,-21.04435551223,2.));
#338 = CIRCLE('',#339,0.8);
#339 = AXIS2_PLACEMENT_3D('',#340,#341,#342);
#340 = CARTESIAN_POINT('',(-12.,-20.92495335837,2.));
#341 = DIRECTION('',(-0.,0.,-1.));
#342 = DIRECTION('',(-0.988799086687,-0.14925269233,0.));
#343 = ORIENTED_EDGE('',*,*,#344,.F.);
#344 = EDGE_CURVE('',#345,#336,#347,.T.);
#345 = VERTEX_POINT('',#346);
#346 = CARTESIAN_POINT('',(-9.059069558563,-45.76865484619,2.));
#347 = LINE('',#348,#349);
#348 = CARTESIAN_POINT('',(-9.059069558563,-45.76865484619,2.));
#349 = VECTOR('',#350,1.);
#350 = DIRECTION('',(-0.14925269233,0.988799086687,0.));
#351 = ORIENTED_EDGE('',*,*,#352,.F.);
#352 = EDGE_CURVE('',#353,#345,#355,.T.);
#353 = VERTEX_POINT('',#354);
#354 = CARTESIAN_POINT('',(-7.279231202527,-47.3,2.));
#355 = CIRCLE('',#356,1.8);
#356 = AXIS2_PLACEMENT_3D('',#357,#358,#359);
#357 = CARTESIAN_POINT('',(-7.279231202527,-45.5,2.));
#358 = DIRECTION('',(-0.,0.,-1.));
#359 = DIRECTION('',(-4.4E-16,-1.,0.));
#360 = ORIENTED_EDGE('',*,*,#361,.F.);
#361 = EDGE_CURVE('',#362,#353,#364,.T.);
#362 = VERTEX_POINT('',#363);
#363 = CARTESIAN_POINT('',(-5.45,-47.3,2.));
#364 = LINE('',#365,#366);
#365 = CARTESIAN_POINT('',(-5.45,-47.3,2.));
#366 = VECTOR('',#367,1.);
#367 = DIRECTION('',(-1.,-0.,-0.));
#368 = ORIENTED_EDGE('',*,*,#369,.F.);
#369 = EDGE_CURVE('',#370,#362,#372,.T.);
#370 = VERTEX_POINT('',#371);
#371 = CARTESIAN_POINT('',(-4.37,-46.94,2.));
#372 = CIRCLE('',#373,1.8);
#373 = AXIS2_PLACEMENT_3D('',#374,#375,#376);
#374 = CARTESIAN_POINT('',(-5.45,-45.5,2.));
#375 = DIRECTION('',(0.,-0.,-1.));
#376 = DIRECTION('',(0.6,-0.8,0.));
#377 = ORIENTED_EDGE('',*,*,#378,.F.);
#378 = EDGE_CURVE('',#379,#370,#381,.T.);
#379 = VERTEX_POINT('',#380);
#380 = CARTESIAN_POINT('',(-3.171655759457,-44.86281008912,2.));
#381 = CIRCLE('',#382,3.05);
#382 = AXIS2_PLACEMENT_3D('',#383,#384,#385);
#383 = CARTESIAN_POINT('',(-6.2,-44.5,2.));
#384 = DIRECTION('',(0.,-0.,-1.));
#385 = DIRECTION('',(0.992899750998,-0.118954127582,0.));
#386 = ORIENTED_EDGE('',*,*,#387,.F.);
#387 = EDGE_CURVE('',#388,#379,#390,.T.);
#388 = VERTEX_POINT('',#389);
#389 = CARTESIAN_POINT('',(-1.98017605826,-43.80555504222,2.));
#390 = CIRCLE('',#391,1.2);
#391 = AXIS2_PLACEMENT_3D('',#392,#393,#394);
#392 = CARTESIAN_POINT('',(-1.98017605826,-45.00555504222,2.));
#393 = DIRECTION('',(0.,-0.,1.));
#394 = DIRECTION('',(4.4E-16,1.,0.));
#395 = ORIENTED_EDGE('',*,*,#396,.F.);
#396 = EDGE_CURVE('',#397,#388,#399,.T.);
#397 = VERTEX_POINT('',#398);
#398 = CARTESIAN_POINT('',(1.98017605826,-43.80555504222,2.));
#399 = LINE('',#400,#401);
#400 = CARTESIAN_POINT('',(1.98017605826,-43.80555504222,2.));
#401 = VECTOR('',#402,1.);
#402 = DIRECTION('',(-1.,0.,0.));
#403 = ORIENTED_EDGE('',*,*,#404,.F.);
#404 = EDGE_CURVE('',#405,#397,#407,.T.);
#405 = VERTEX_POINT('',#406);
#406 = CARTESIAN_POINT('',(3.171655759457,-44.86281008912,2.));
#407 = CIRCLE('',#408,1.2);
#408 = AXIS2_PLACEMENT_3D('',#409,#410,#411);
#409 = CARTESIAN_POINT('',(1.98017605826,-45.00555504222,2.));
#410 = DIRECTION('',(0.,-0.,1.));
#411 = DIRECTION('',(0.992899750998,0.118954127582,0.));
#412 = ORIENTED_EDGE('',*,*,#413,.F.);
#413 = EDGE_CURVE('',#414,#405,#416,.T.);
#414 = VERTEX_POINT('',#415);
#415 = CARTESIAN_POINT('',(4.37,-46.94,2.));
#416 = CIRCLE('',#417,3.05);
#417 = AXIS2_PLACEMENT_3D('',#418,#419,#420);
#418 = CARTESIAN_POINT('',(6.2,-44.5,2.));
#419 = DIRECTION('',(-0.,0.,-1.));
#420 = DIRECTION('',(-0.6,-0.8,0.));
#421 = ORIENTED_EDGE('',*,*,#422,.F.);
#422 = EDGE_CURVE('',#423,#414,#425,.T.);
#423 = VERTEX_POINT('',#424);
#424 = CARTESIAN_POINT('',(5.45,-47.3,2.));
#425 = CIRCLE('',#426,1.8);
#426 = AXIS2_PLACEMENT_3D('',#427,#428,#429);
#427 = CARTESIAN_POINT('',(5.45,-45.5,2.));
#428 = DIRECTION('',(-0.,-0.,-1.));
#429 = DIRECTION('',(0.,-1.,0.));
#430 = ORIENTED_EDGE('',*,*,#431,.F.);
#431 = EDGE_CURVE('',#432,#423,#434,.T.);
#432 = VERTEX_POINT('',#433);
#433 = CARTESIAN_POINT('',(7.279231202527,-47.3,2.));
#434 = LINE('',#435,#436);
#435 = CARTESIAN_POINT('',(7.279231202527,-47.3,2.));
#436 = VECTOR('',#437,1.);
#437 = DIRECTION('',(-1.,-0.,-0.));
#438 = ORIENTED_EDGE('',*,*,#439,.F.);
#439 = EDGE_CURVE('',#440,#432,#442,.T.);
#440 = VERTEX_POINT('',#441);
#441 = CARTESIAN_POINT('',(9.059069558563,-45.76865484619,2.));
#442 = CIRCLE('',#443,1.8);
#443 = AXIS2_PLACEMENT_3D('',#444,#445,#446);
#444 = CARTESIAN_POINT('',(7.279231202527,-45.5,2.));
#445 = DIRECTION('',(0.,-0.,-1.));
#446 = DIRECTION('',(0.988799086687,-0.14925269233,0.));
#447 = ORIENTED_EDGE('',*,*,#448,.F.);
#448 = EDGE_CURVE('',#449,#440,#451,.T.);
#449 = VERTEX_POINT('',#450);
#450 = CARTESIAN_POINT('',(12.791039269349,-21.04435551223,2.));
#451 = LINE('',#452,#453);
#452 = CARTESIAN_POINT('',(12.791039269349,-21.04435551223,2.));
#453 = VECTOR('',#454,1.);
#454 = DIRECTION('',(-0.14925269233,-0.988799086687,-0.));
#455 = ORIENTED_EDGE('',*,*,#456,.F.);
#456 = EDGE_CURVE('',#103,#449,#457,.T.);
#457 = CIRCLE('',#458,0.8);
#458 = AXIS2_PLACEMENT_3D('',#459,#460,#461);
#459 = CARTESIAN_POINT('',(12.,-20.92495335837,2.));
#460 = DIRECTION('',(0.,0.,-1.));
#461 = DIRECTION('',(1.,0.,0.));
#462 = ORIENTED_EDGE('',*,*,#102,.F.);
#463 = ORIENTED_EDGE('',*,*,#197,.F.);
#464 = ORIENTED_EDGE('',*,*,#465,.F.);
#465 = EDGE_CURVE('',#466,#190,#468,.T.);
#466 = VERTEX_POINT('',#467);
#467 = CARTESIAN_POINT('',(14.55,-16.5,2.));
#468 = CIRCLE('',#469,1.55);
#469 = AXIS2_PLACEMENT_3D('',#470,#471,#472);
#470 = CARTESIAN_POINT('',(13.,-16.5,2.));
#471 = DIRECTION('',(0.,0.,-1.));
#472 = DIRECTION('',(1.,0.,0.));
#473 = ORIENTED_EDGE('',*,*,#474,.F.);
#474 = EDGE_CURVE('',#475,#466,#477,.T.);
#475 = VERTEX_POINT('',#476);
#476 = CARTESIAN_POINT('',(13.563636363636,-15.05611148297,2.));
#477 = CIRCLE('',#478,1.55);
#478 = AXIS2_PLACEMENT_3D('',#479,#480,#481);
#479 = CARTESIAN_POINT('',(13.,-16.5,2.));
#480 = DIRECTION('',(0.,0.,-1.));
#481 = DIRECTION('',(0.363636363636,0.931540978724,0.));
#482 = ORIENTED_EDGE('',*,*,#483,.F.);
#483 = EDGE_CURVE('',#484,#475,#486,.T.);
#484 = VERTEX_POINT('',#485);
#485 = CARTESIAN_POINT('',(12.8,-13.93826230851,2.));
#486 = CIRCLE('',#487,1.2);
#487 = AXIS2_PLACEMENT_3D('',#488,#489,#490);
#488 = CARTESIAN_POINT('',(14.,-13.93826230851,2.));
#489 = DIRECTION('',(0.,0.,1.));
#490 = DIRECTION('',(-1.,0.,0.));
#491 = ORIENTED_EDGE('',*,*,#492,.F.);
#492 = EDGE_CURVE('',#493,#484,#495,.T.);
#493 = VERTEX_POINT('',#494);
#494 = CARTESIAN_POINT('',(12.8,0.93826230851,2.));
#495 = LINE('',#496,#497);
#496 = CARTESIAN_POINT('',(12.8,0.93826230851,2.));
#497 = VECTOR('',#498,1.);
#498 = DIRECTION('',(-0.,-1.,-0.));
#499 = ORIENTED_EDGE('',*,*,#500,.F.);
#500 = EDGE_CURVE('',#501,#493,#503,.T.);
#501 = VERTEX_POINT('',#502);
#502 = CARTESIAN_POINT('',(13.563636363636,2.056111482978,2.));
#503 = CIRCLE('',#504,1.2);
#504 = AXIS2_PLACEMENT_3D('',#505,#506,#507);
#505 = CARTESIAN_POINT('',(14.,0.93826230851,2.));
#506 = DIRECTION('',(0.,0.,1.));
#507 = DIRECTION('',(-0.363636363636,0.931540978724,0.));
#508 = ORIENTED_EDGE('',*,*,#509,.F.);
#509 = EDGE_CURVE('',#510,#501,#512,.T.);
#510 = VERTEX_POINT('',#511);
#511 = CARTESIAN_POINT('',(14.55,3.5,2.));
#512 = CIRCLE('',#513,1.55);
#513 = AXIS2_PLACEMENT_3D('',#514,#515,#516);
#514 = CARTESIAN_POINT('',(13.,3.5,2.));
#515 = DIRECTION('',(0.,-0.,-1.));
#516 = DIRECTION('',(1.,-7.6E-16,0.));
#517 = ORIENTED_EDGE('',*,*,#518,.F.);
#518 = EDGE_CURVE('',#519,#510,#521,.T.);
#519 = VERTEX_POINT('',#520);
#520 = CARTESIAN_POINT('',(13.563636363636,4.943888517022,2.));
#521 = CIRCLE('',#522,1.55);
#522 = AXIS2_PLACEMENT_3D('',#523,#524,#525);
#523 = CARTESIAN_POINT('',(13.,3.5,2.));
#524 = DIRECTION('',(0.,0.,-1.));
#525 = DIRECTION('',(0.363636363636,0.931540978724,0.));
#526 = ORIENTED_EDGE('',*,*,#527,.F.);
#527 = EDGE_CURVE('',#528,#519,#530,.T.);
#528 = VERTEX_POINT('',#529);
#529 = CARTESIAN_POINT('',(12.8,6.06173769149,2.));
#530 = CIRCLE('',#531,1.2);
#531 = AXIS2_PLACEMENT_3D('',#532,#533,#534);
#532 = CARTESIAN_POINT('',(14.,6.06173769149,2.));
#533 = DIRECTION('',(0.,0.,1.));
#534 = DIRECTION('',(-1.,-8.9E-16,0.));
#535 = ORIENTED_EDGE('',*,*,#536,.F.);
#536 = EDGE_CURVE('',#537,#528,#539,.T.);
#537 = VERTEX_POINT('',#538);
#538 = CARTESIAN_POINT('',(12.8,29.,2.));
#539 = LINE('',#540,#541);
#540 = CARTESIAN_POINT('',(12.8,29.,2.));
#541 = VECTOR('',#542,1.);
#542 = DIRECTION('',(-0.,-1.,-0.));
#543 = ORIENTED_EDGE('',*,*,#544,.F.);
#544 = EDGE_CURVE('',#545,#537,#547,.T.);
#545 = VERTEX_POINT('',#546);
#546 = CARTESIAN_POINT('',(11.,30.8,2.));
#547 = CIRCLE('',#548,1.8);
#548 = AXIS2_PLACEMENT_3D('',#549,#550,#551);
#549 = CARTESIAN_POINT('',(11.,29.,2.));
#550 = DIRECTION('',(0.,0.,-1.));
#551 = DIRECTION('',(0.,1.,0.));
#552 = ORIENTED_EDGE('',*,*,#553,.F.);
#553 = EDGE_CURVE('',#554,#545,#556,.T.);
#554 = VERTEX_POINT('',#555);
#555 = CARTESIAN_POINT('',(9.1,30.8,2.));
#556 = LINE('',#557,#558);
#557 = CARTESIAN_POINT('',(9.1,30.8,2.));
#558 = VECTOR('',#559,1.);
#559 = DIRECTION('',(1.,0.,0.));
#560 = ORIENTED_EDGE('',*,*,#561,.F.);
#561 = EDGE_CURVE('',#562,#554,#564,.T.);
#562 = VERTEX_POINT('',#563);
#563 = CARTESIAN_POINT('',(8.02,30.44,2.));
#564 = CIRCLE('',#565,1.8);
#565 = AXIS2_PLACEMENT_3D('',#566,#567,#568);
#566 = CARTESIAN_POINT('',(9.1,29.,2.));
#567 = DIRECTION('',(0.,0.,-1.));
#568 = DIRECTION('',(-0.6,0.8,0.));
#569 = ORIENTED_EDGE('',*,*,#570,.F.);
#570 = EDGE_CURVE('',#571,#562,#573,.T.);
#571 = VERTEX_POINT('',#572);
#572 = CARTESIAN_POINT('',(6.8,28.,2.));
#573 = CIRCLE('',#574,3.05);
#574 = AXIS2_PLACEMENT_3D('',#575,#576,#577);
#575 = CARTESIAN_POINT('',(9.85,28.,2.));
#576 = DIRECTION('',(0.,0.,-1.));
#577 = DIRECTION('',(-1.,0.,0.));
#578 = ORIENTED_EDGE('',*,*,#579,.F.);
#579 = EDGE_CURVE('',#580,#571,#582,.T.);
#580 = VERTEX_POINT('',#581);
#581 = CARTESIAN_POINT('',(6.923334619215,27.141437393714,2.));
#582 = CIRCLE('',#583,3.05);
#583 = AXIS2_PLACEMENT_3D('',#584,#585,#586);
#584 = CARTESIAN_POINT('',(9.85,28.,2.));
#585 = DIRECTION('',(-0.,0.,-1.));
#586 = DIRECTION('',(-0.95956241993,-0.281495936487,0.));
#587 = ORIENTED_EDGE('',*,*,#588,.F.);
#588 = EDGE_CURVE('',#589,#580,#591,.T.);
#589 = VERTEX_POINT('',#590);
#590 = CARTESIAN_POINT('',(6.611784779305,25.946597412961,2.));
#591 = CIRCLE('',#592,1.2);
#592 = AXIS2_PLACEMENT_3D('',#593,#594,#595);
#593 = CARTESIAN_POINT('',(5.771859715299,26.803642269929,2.));
#594 = DIRECTION('',(-0.,0.,1.));
#595 = DIRECTION('',(0.699937553338,-0.714204047473,0.));
#596 = ORIENTED_EDGE('',*,*,#597,.F.);
#597 = EDGE_CURVE('',#598,#589,#600,.T.);
#598 = VERTEX_POINT('',#599);
#599 = CARTESIAN_POINT('',(5.723021129369,25.075587150793,2.));
#600 = LINE('',#601,#602);
#601 = CARTESIAN_POINT('',(5.723021129369,25.075587150793,2.));
#602 = VECTOR('',#603,1.);
#603 = DIRECTION('',(0.714204047473,0.699937553338,0.));
#604 = ORIENTED_EDGE('',*,*,#605,.F.);
#605 = EDGE_CURVE('',#606,#598,#608,.T.);
#606 = VERTEX_POINT('',#607);
#607 = CARTESIAN_POINT('',(4.883096065364,24.732632007761,2.));
#608 = CIRCLE('',#609,1.2);
#609 = AXIS2_PLACEMENT_3D('',#610,#611,#612);
#610 = CARTESIAN_POINT('',(4.883096065364,25.932632007761,2.));
#611 = DIRECTION('',(0.,0.,1.));
#612 = DIRECTION('',(-8.9E-16,-1.,0.));
#613 = ORIENTED_EDGE('',*,*,#614,.F.);
#614 = EDGE_CURVE('',#615,#606,#617,.T.);
#615 = VERTEX_POINT('',#616);
#616 = CARTESIAN_POINT('',(-4.883096065364,24.732632007761,2.));
#617 = LINE('',#618,#619);
#618 = CARTESIAN_POINT('',(-4.883096065364,24.732632007761,2.));
#619 = VECTOR('',#620,1.);
#620 = DIRECTION('',(1.,0.,0.));
#621 = ORIENTED_EDGE('',*,*,#622,.F.);
#622 = EDGE_CURVE('',#623,#615,#625,.T.);
#623 = VERTEX_POINT('',#624);
#624 = CARTESIAN_POINT('',(-5.723021129369,25.075587150793,2.));
#625 = CIRCLE('',#626,1.2);
#626 = AXIS2_PLACEMENT_3D('',#627,#628,#629);
#627 = CARTESIAN_POINT('',(-4.883096065364,25.932632007761,2.));
#628 = DIRECTION('',(0.,0.,1.));
#629 = DIRECTION('',(-0.699937553338,-0.714204047473,0.));
#630 = ORIENTED_EDGE('',*,*,#631,.F.);
#631 = EDGE_CURVE('',#632,#623,#634,.T.);
#632 = VERTEX_POINT('',#633);
#633 = CARTESIAN_POINT('',(-6.611784779305,25.946597412961,2.));
#634 = LINE('',#635,#636);
#635 = CARTESIAN_POINT('',(-6.611784779305,25.946597412961,2.));
#636 = VECTOR('',#637,1.);
#637 = DIRECTION('',(0.714204047473,-0.699937553338,0.));
#638 = ORIENTED_EDGE('',*,*,#639,.F.);
#639 = EDGE_CURVE('',#640,#632,#642,.T.);
#640 = VERTEX_POINT('',#641);
#641 = CARTESIAN_POINT('',(-6.923334619215,27.141437393714,2.));
#642 = CIRCLE('',#643,1.2);
#643 = AXIS2_PLACEMENT_3D('',#644,#645,#646);
#644 = CARTESIAN_POINT('',(-5.771859715299,26.803642269929,2.));
#645 = DIRECTION('',(0.,0.,1.));
#646 = DIRECTION('',(-0.95956241993,0.281495936487,0.));
#647 = ORIENTED_EDGE('',*,*,#648,.F.);
#648 = EDGE_CURVE('',#649,#640,#651,.T.);
#649 = VERTEX_POINT('',#650);
#650 = CARTESIAN_POINT('',(-6.8,28.,2.));
#651 = CIRCLE('',#652,3.05);
#652 = AXIS2_PLACEMENT_3D('',#653,#654,#655);
#653 = CARTESIAN_POINT('',(-9.85,28.,2.));
#654 = DIRECTION('',(0.,0.,-1.));
#655 = DIRECTION('',(1.,1.09E-15,0.));
#656 = ORIENTED_EDGE('',*,*,#657,.F.);
#657 = EDGE_CURVE('',#658,#649,#660,.T.);
#658 = VERTEX_POINT('',#659);
#659 = CARTESIAN_POINT('',(-8.02,30.44,2.));
#660 = CIRCLE('',#661,3.05);
#661 = AXIS2_PLACEMENT_3D('',#662,#663,#664);
#662 = CARTESIAN_POINT('',(-9.85,28.,2.));
#663 = DIRECTION('',(0.,0.,-1.));
#664 = DIRECTION('',(0.6,0.8,0.));
#665 = ORIENTED_EDGE('',*,*,#666,.F.);
#666 = EDGE_CURVE('',#667,#658,#669,.T.);
#667 = VERTEX_POINT('',#668);
#668 = CARTESIAN_POINT('',(-9.1,30.8,2.));
#669 = CIRCLE('',#670,1.8);
#670 = AXIS2_PLACEMENT_3D('',#671,#672,#673);
#671 = CARTESIAN_POINT('',(-9.1,29.,2.));
#672 = DIRECTION('',(0.,0.,-1.));
#673 = DIRECTION('',(0.,1.,0.));
#674 = ORIENTED_EDGE('',*,*,#675,.F.);
#675 = EDGE_CURVE('',#676,#667,#678,.T.);
#676 = VERTEX_POINT('',#677);
#677 = CARTESIAN_POINT('',(-11.,30.8,2.));
#678 = LINE('',#679,#680);
#679 = CARTESIAN_POINT('',(-11.,30.8,2.));
#680 = VECTOR('',#681,1.);
#681 = DIRECTION('',(1.,0.,0.));
#682 = ORIENTED_EDGE('',*,*,#683,.F.);
#683 = EDGE_CURVE('',#684,#676,#686,.T.);
#684 = VERTEX_POINT('',#685);
#685 = CARTESIAN_POINT('',(-12.8,29.,2.));
#686 = CIRCLE('',#687,1.8);
#687 = AXIS2_PLACEMENT_3D('',#688,#689,#690);
#688 = CARTESIAN_POINT('',(-11.,29.,2.));
#689 = DIRECTION('',(0.,0.,-1.));
#690 = DIRECTION('',(-1.,0.,0.));
#691 = ORIENTED_EDGE('',*,*,#692,.F.);
#692 = EDGE_CURVE('',#693,#684,#695,.T.);
#693 = VERTEX_POINT('',#694);
#694 = CARTESIAN_POINT('',(-12.8,6.06173769149,2.));
#695 = LINE('',#696,#697);
#696 = CARTESIAN_POINT('',(-12.8,6.06173769149,2.));
#697 = VECTOR('',#698,1.);
#698 = DIRECTION('',(0.,1.,0.));
#699 = ORIENTED_EDGE('',*,*,#700,.F.);
#700 = EDGE_CURVE('',#701,#693,#703,.T.);
#701 = VERTEX_POINT('',#702);
#702 = CARTESIAN_POINT('',(-13.56363636363,4.943888517022,2.));
#703 = CIRCLE('',#704,1.2);
#704 = AXIS2_PLACEMENT_3D('',#705,#706,#707);
#705 = CARTESIAN_POINT('',(-14.,6.06173769149,2.));
#706 = DIRECTION('',(-0.,0.,1.));
#707 = DIRECTION('',(0.363636363636,-0.931540978724,0.));
#708 = ORIENTED_EDGE('',*,*,#709,.F.);
#709 = EDGE_CURVE('',#710,#701,#712,.T.);
#710 = VERTEX_POINT('',#711);
#711 = CARTESIAN_POINT('',(-13.56363636363,2.056111482978,2.));
#712 = CIRCLE('',#713,1.55);
#713 = AXIS2_PLACEMENT_3D('',#714,#715,#716);
#714 = CARTESIAN_POINT('',(-13.,3.5,2.));
#715 = DIRECTION('',(-0.,0.,-1.));
#716 = DIRECTION('',(-0.363636363636,-0.931540978724,0.));
#717 = ORIENTED_EDGE('',*,*,#718,.F.);
#718 = EDGE_CURVE('',#293,#710,#719,.T.);
#719 = CIRCLE('',#720,1.2);
#720 = AXIS2_PLACEMENT_3D('',#721,#722,#723);
#721 = CARTESIAN_POINT('',(-14.,0.93826230851,2.));
#722 = DIRECTION('',(0.,-0.,1.));
#723 = DIRECTION('',(1.,2.2E-16,0.));
#724 = FACE_BOUND('',#725,.T.);
#725 = EDGE_LOOP('',(#726,#736,#745,#753,#762,#770,#779,#787));
#726 = ORIENTED_EDGE('',*,*,#727,.F.);
#727 = EDGE_CURVE('',#728,#730,#732,.T.);
#728 = VERTEX_POINT('',#729);
#729 = CARTESIAN_POINT('',(7.,0.5,2.));
#730 = VERTEX_POINT('',#731);
#731 = CARTESIAN_POINT('',(7.,-13.5,2.));
#732 = LINE('',#733,#734);
#733 = CARTESIAN_POINT('',(7.,1.5,2.));
#734 = VECTOR('',#735,1.);
#735 = DIRECTION('',(0.,-1.,0.));
#736 = ORIENTED_EDGE('',*,*,#737,.T.);
#737 = EDGE_CURVE('',#728,#738,#740,.T.);
#738 = VERTEX_POINT('',#739);
#739 = CARTESIAN_POINT('',(8.,1.5,2.));
#740 = CIRCLE('',#741,1.);
#741 = AXIS2_PLACEMENT_3D('',#742,#743,#744);
#742 = CARTESIAN_POINT('',(8.,0.5,2.));
#743 = DIRECTION('',(-0.,-0.,-1.));
#744 = DIRECTION('',(0.,-1.,0.));
#745 = ORIENTED_EDGE('',*,*,#746,.F.);
#746 = EDGE_CURVE('',#747,#738,#749,.T.);
#747 = VERTEX_POINT('',#748);
#748 = CARTESIAN_POINT('',(9.5,1.5,2.));
#749 = LINE('',#750,#751);
#750 = CARTESIAN_POINT('',(10.5,1.5,2.));
#751 = VECTOR('',#752,1.);
#752 = DIRECTION('',(-1.,0.,0.));
#753 = ORIENTED_EDGE('',*,*,#754,.F.);
#754 = EDGE_CURVE('',#755,#747,#757,.T.);
#755 = VERTEX_POINT('',#756);
#756 = CARTESIAN_POINT('',(10.5,0.5,2.));
#757 = CIRCLE('',#758,1.);
#758 = AXIS2_PLACEMENT_3D('',#759,#760,#761);
#759 = CARTESIAN_POINT('',(9.5,0.5,2.));
#760 = DIRECTION('',(-0.,0.,1.));
#761 = DIRECTION('',(0.,-1.,0.));
#762 = ORIENTED_EDGE('',*,*,#763,.F.);
#763 = EDGE_CURVE('',#764,#755,#766,.T.);
#764 = VERTEX_POINT('',#765);
#765 = CARTESIAN_POINT('',(10.5,-13.5,2.));
#766 = LINE('',#767,#768);
#767 = CARTESIAN_POINT('',(10.5,-14.5,2.));
#768 = VECTOR('',#769,1.);
#769 = DIRECTION('',(0.,1.,0.));
#770 = ORIENTED_EDGE('',*,*,#771,.F.);
#771 = EDGE_CURVE('',#772,#764,#774,.T.);
#772 = VERTEX_POINT('',#773);
#773 = CARTESIAN_POINT('',(9.5,-14.5,2.));
#774 = CIRCLE('',#775,1.);
#775 = AXIS2_PLACEMENT_3D('',#776,#777,#778);
#776 = CARTESIAN_POINT('',(9.5,-13.5,2.));
#777 = DIRECTION('',(-0.,0.,1.));
#778 = DIRECTION('',(0.,-1.,0.));
#779 = ORIENTED_EDGE('',*,*,#780,.F.);
#780 = EDGE_CURVE('',#781,#772,#783,.T.);
#781 = VERTEX_POINT('',#782);
#782 = CARTESIAN_POINT('',(8.,-14.5,2.));
#783 = LINE('',#784,#785);
#784 = CARTESIAN_POINT('',(7.,-14.5,2.));
#785 = VECTOR('',#786,1.);
#786 = DIRECTION('',(1.,0.,0.));
#787 = ORIENTED_EDGE('',*,*,#788,.F.);
#788 = EDGE_CURVE('',#730,#781,#789,.T.);
#789 = CIRCLE('',#790,1.);
#790 = AXIS2_PLACEMENT_3D('',#791,#792,#793);
#791 = CARTESIAN_POINT('',(8.,-13.5,2.));
#792 = DIRECTION('',(-0.,0.,1.));
#793 = DIRECTION('',(0.,-1.,0.));
#794 = FACE_BOUND('',#795,.T.);
#795 = EDGE_LOOP('',(#796,#806,#815,#823,#832,#840,#849,#857));
#796 = ORIENTED_EDGE('',*,*,#797,.F.);
#797 = EDGE_CURVE('',#798,#800,#802,.T.);
#798 = VERTEX_POINT('',#799);
#799 = CARTESIAN_POINT('',(-10.5,0.5,2.));
#800 = VERTEX_POINT('',#801);
#801 = CARTESIAN_POINT('',(-10.5,-13.5,2.));
#802 = LINE('',#803,#804);
#803 = CARTESIAN_POINT('',(-10.5,1.5,2.));
#804 = VECTOR('',#805,1.);
#805 = DIRECTION('',(0.,-1.,0.));
#806 = ORIENTED_EDGE('',*,*,#807,.T.);
#807 = EDGE_CURVE('',#798,#808,#810,.T.);
#808 = VERTEX_POINT('',#809);
#809 = CARTESIAN_POINT('',(-9.5,1.5,2.));
#810 = CIRCLE('',#811,1.);
#811 = AXIS2_PLACEMENT_3D('',#812,#813,#814);
#812 = CARTESIAN_POINT('',(-9.5,0.5,2.));
#813 = DIRECTION('',(-0.,-0.,-1.));
#814 = DIRECTION('',(0.,-1.,0.));
#815 = ORIENTED_EDGE('',*,*,#816,.F.);
#816 = EDGE_CURVE('',#817,#808,#819,.T.);
#817 = VERTEX_POINT('',#818);
#818 = CARTESIAN_POINT('',(-8.,1.5,2.));
#819 = LINE('',#820,#821);
#820 = CARTESIAN_POINT('',(-7.,1.5,2.));
#821 = VECTOR('',#822,1.);
#822 = DIRECTION('',(-1.,0.,0.));
#823 = ORIENTED_EDGE('',*,*,#824,.F.);
#824 = EDGE_CURVE('',#825,#817,#827,.T.);
#825 = VERTEX_POINT('',#826);
#826 = CARTESIAN_POINT('',(-7.,0.5,2.));
#827 = CIRCLE('',#828,1.);
#828 = AXIS2_PLACEMENT_3D('',#829,#830,#831);
#829 = CARTESIAN_POINT('',(-8.,0.5,2.));
#830 = DIRECTION('',(-0.,0.,1.));
#831 = DIRECTION('',(0.,-1.,0.));
#832 = ORIENTED_EDGE('',*,*,#833,.F.);
#833 = EDGE_CURVE('',#834,#825,#836,.T.);
#834 = VERTEX_POINT('',#835);
#835 = CARTESIAN_POINT('',(-7.,-13.5,2.));
#836 = LINE('',#837,#838);
#837 = CARTESIAN_POINT('',(-7.,-14.5,2.));
#838 = VECTOR('',#839,1.);
#839 = DIRECTION('',(0.,1.,0.));
#840 = ORIENTED_EDGE('',*,*,#841,.F.);
#841 = EDGE_CURVE('',#842,#834,#844,.T.);
#842 = VERTEX_POINT('',#843);
#843 = CARTESIAN_POINT('',(-8.,-14.5,2.));
#844 = CIRCLE('',#845,1.);
#845 = AXIS2_PLACEMENT_3D('',#846,#847,#848);
#846 = CARTESIAN_POINT('',(-8.,-13.5,2.));
#847 = DIRECTION('',(-0.,0.,1.));
#848 = DIRECTION('',(0.,-1.,0.));
#849 = ORIENTED_EDGE('',*,*,#850,.F.);
#850 = EDGE_CURVE('',#851,#842,#853,.T.);
#851 = VERTEX_POINT('',#852);
#852 = CARTESIAN_POINT('',(-9.5,-14.5,2.));
#853 = LINE('',#854,#855);
#854 = CARTESIAN_POINT('',(-10.5,-14.5,2.));
#855 = VECTOR('',#856,1.);
#856 = DIRECTION('',(1.,0.,0.));
#857 = ORIENTED_EDGE('',*,*,#858,.F.);
#858 = EDGE_CURVE('',#800,#851,#859,.T.);
#859 = CIRCLE('',#860,1.);
#860 = AXIS2_PLACEMENT_3D('',#861,#862,#863);
#861 = CARTESIAN_POINT('',(-9.5,-13.5,2.));
#862 = DIRECTION('',(-0.,0.,1.));
#863 = DIRECTION('',(0.,-1.,0.));
#864 = FACE_BOUND('',#865,.T.);
#865 = EDGE_LOOP('',(#866));
#866 = ORIENTED_EDGE('',*,*,#867,.F.);
#867 = EDGE_CURVE('',#868,#868,#870,.T.);
#868 = VERTEX_POINT('',#869);
#869 = CARTESIAN_POINT('',(-4.,-44.5,2.));
#870 = CIRCLE('',#871,2.2);
#871 = AXIS2_PLACEMENT_3D('',#872,#873,#874);
#872 = CARTESIAN_POINT('',(-6.2,-44.5,2.));
#873 = DIRECTION('',(0.,0.,1.));
#874 = DIRECTION('',(1.,0.,0.));
#875 = FACE_BOUND('',#876,.T.);
#876 = EDGE_LOOP('',(#877));
#877 = ORIENTED_EDGE('',*,*,#878,.F.);
#878 = EDGE_CURVE('',#879,#879,#881,.T.);
#879 = VERTEX_POINT('',#880);
#880 = CARTESIAN_POINT('',(8.4,-44.5,2.));
#881 = CIRCLE('',#882,2.2);
#882 = AXIS2_PLACEMENT_3D('',#883,#884,#885);
#883 = CARTESIAN_POINT('',(6.2,-44.5,2.));
#884 = DIRECTION('',(0.,0.,1.));
#885 = DIRECTION('',(1.,0.,0.));
#886 = FACE_BOUND('',#887,.T.);
#887 = EDGE_LOOP('',(#888));
#888 = ORIENTED_EDGE('',*,*,#889,.F.);
#889 = EDGE_CURVE('',#890,#890,#892,.T.);
#890 = VERTEX_POINT('',#891);
#891 = CARTESIAN_POINT('',(-7.65,28.,2.));
#892 = CIRCLE('',#893,2.2);
#893 = AXIS2_PLACEMENT_3D('',#894,#895,#896);
#894 = CARTESIAN_POINT('',(-9.85,28.,2.));
#895 = DIRECTION('',(0.,0.,1.));
#896 = DIRECTION('',(1.,0.,0.));
#897 = FACE_BOUND('',#898,.T.);
#898 = EDGE_LOOP('',(#899));
#899 = ORIENTED_EDGE('',*,*,#900,.F.);
#900 = EDGE_CURVE('',#901,#901,#903,.T.);
#901 = VERTEX_POINT('',#902);
#902 = CARTESIAN_POINT('',(12.05,28.,2.));
#903 = CIRCLE('',#904,2.2);
#904 = AXIS2_PLACEMENT_3D('',#905,#906,#907);
#905 = CARTESIAN_POINT('',(9.85,28.,2.));
#906 = DIRECTION('',(0.,0.,1.));
#907 = DIRECTION('',(1.,0.,0.));
#908 = FACE_BOUND('',#909,.T.);
#909 = EDGE_LOOP('',(#910,#920,#929,#937,#946,#954));
#910 = ORIENTED_EDGE('',*,*,#911,.F.);
#911 = EDGE_CURVE('',#912,#914,#916,.T.);
#912 = VERTEX_POINT('',#913);
#913 = CARTESIAN_POINT('',(-9.666115957565,-26.33686517705,2.));
#914 = VERTEX_POINT('',#915);
#915 = CARTESIAN_POINT('',(-7.542594129381,-40.40519728877,2.));
#916 = LINE('',#917,#918);
#917 = CARTESIAN_POINT('',(-9.980577399095,-24.25355812692,2.));
#918 = VECTOR('',#919,1.);
#919 = DIRECTION('',(0.14925269233,-0.988799086687,0.));
#920 = ORIENTED_EDGE('',*,*,#921,.T.);
#921 = EDGE_CURVE('',#912,#922,#924,.T.);
#922 = VERTEX_POINT('',#923);
#923 = CARTESIAN_POINT('',(-7.859891179005,-25.61157842474,2.));
#924 = CIRCLE('',#925,1.);
#925 = AXIS2_PLACEMENT_3D('',#926,#927,#928);
#926 = CARTESIAN_POINT('',(-8.677316870879,-26.18761248472,2.));
#927 = DIRECTION('',(-0.,-0.,-1.));
#928 = DIRECTION('',(0.,-1.,0.));
#929 = ORIENTED_EDGE('',*,*,#930,.T.);
#930 = EDGE_CURVE('',#922,#931,#933,.T.);
#931 = VERTEX_POINT('',#932);
#932 = CARTESIAN_POINT('',(-1.841203571678,-34.15244470909,2.));
#933 = LINE('',#934,#935);
#934 = CARTESIAN_POINT('',(-7.907229439464,-25.54440269157,2.));
#935 = VECTOR('',#936,1.);
#936 = DIRECTION('',(0.576034059987,-0.817425691873,0.));
#937 = ORIENTED_EDGE('',*,*,#938,.F.);
#938 = EDGE_CURVE('',#939,#931,#941,.T.);
#939 = VERTEX_POINT('',#940);
#940 = CARTESIAN_POINT('',(-1.841203571678,-35.30451282907,2.));
#941 = CIRCLE('',#942,1.);
#942 = AXIS2_PLACEMENT_3D('',#943,#944,#945);
#943 = CARTESIAN_POINT('',(-2.658629263551,-34.72847876908,2.));
#944 = DIRECTION('',(-0.,0.,1.));
#945 = DIRECTION('',(0.,-1.,0.));
#946 = ORIENTED_EDGE('',*,*,#947,.T.);
#947 = EDGE_CURVE('',#939,#948,#950,.T.);
#948 = VERTEX_POINT('',#949);
#949 = CARTESIAN_POINT('',(-5.736369177284,-40.83197841017,2.));
#950 = LINE('',#951,#952);
#951 = CARTESIAN_POINT('',(3.362376744442,-27.9203309975,2.));
#952 = VECTOR('',#953,1.);
#953 = DIRECTION('',(-0.576034059987,-0.817425691873,0.));
#954 = ORIENTED_EDGE('',*,*,#955,.T.);
#955 = EDGE_CURVE('',#948,#914,#956,.T.);
#956 = CIRCLE('',#957,1.);
#957 = AXIS2_PLACEMENT_3D('',#958,#959,#960);
#958 = CARTESIAN_POINT('',(-6.553795042695,-40.25594459644,2.));
#959 = DIRECTION('',(0.,0.,-1.));
#960 = DIRECTION('',(1.,0.,0.));
#961 = FACE_BOUND('',#962,.T.);
#962 = EDGE_LOOP('',(#963,#973,#982,#990,#999,#1007));
#963 = ORIENTED_EDGE('',*,*,#964,.F.);
#964 = EDGE_CURVE('',#965,#967,#969,.T.);
#965 = VERTEX_POINT('',#966);
#966 = CARTESIAN_POINT('',(7.859891179005,-25.61157842474,2.));
#967 = VERTEX_POINT('',#968);
#968 = CARTESIAN_POINT('',(1.841203571678,-34.15244470909,2.));
#969 = LINE('',#970,#971);
#970 = CARTESIAN_POINT('',(7.907229439464,-25.54440269157,2.));
#971 = VECTOR('',#972,1.);
#972 = DIRECTION('',(-0.576034059987,-0.817425691873,0.));
#973 = ORIENTED_EDGE('',*,*,#974,.T.);
#974 = EDGE_CURVE('',#965,#975,#977,.T.);
#975 = VERTEX_POINT('',#976);
#976 = CARTESIAN_POINT('',(9.666115957565,-26.33686517705,2.));
#977 = CIRCLE('',#978,1.);
#978 = AXIS2_PLACEMENT_3D('',#979,#980,#981);
#979 = CARTESIAN_POINT('',(8.677316870879,-26.18761248472,2.));
#980 = DIRECTION('',(-0.,-0.,-1.));
#981 = DIRECTION('',(0.,-1.,0.));
#982 = ORIENTED_EDGE('',*,*,#983,.T.);
#983 = EDGE_CURVE('',#975,#984,#986,.T.);
#984 = VERTEX_POINT('',#985);
#985 = CARTESIAN_POINT('',(7.542594129381,-40.40519728877,2.));
#986 = LINE('',#987,#988);
#987 = CARTESIAN_POINT('',(9.980577399095,-24.25355812692,2.));
#988 = VECTOR('',#989,1.);
#989 = DIRECTION('',(-0.14925269233,-0.988799086687,0.));
#990 = ORIENTED_EDGE('',*,*,#991,.T.);
#991 = EDGE_CURVE('',#984,#992,#994,.T.);
#992 = VERTEX_POINT('',#993);
#993 = CARTESIAN_POINT('',(5.736369350821,-40.83197865643,2.));
#994 = CIRCLE('',#995,1.);
#995 = AXIS2_PLACEMENT_3D('',#996,#997,#998);
#996 = CARTESIAN_POINT('',(6.553795042695,-40.25594459644,2.));
#997 = DIRECTION('',(0.,0.,-1.));
#998 = DIRECTION('',(1.,0.,0.));
#999 = ORIENTED_EDGE('',*,*,#1000,.F.);
#1000 = EDGE_CURVE('',#1001,#992,#1003,.T.);
#1001 = VERTEX_POINT('',#1002);
#1002 = CARTESIAN_POINT('',(1.841203571678,-35.30451282907,2.));
#1003 = LINE('',#1004,#1005);
#1004 = CARTESIAN_POINT('',(-3.362376657673,-27.92033112063,2.));
#1005 = VECTOR('',#1006,1.);
#1006 = DIRECTION('',(0.576034059987,-0.817425691873,0.));
#1007 = ORIENTED_EDGE('',*,*,#1008,.T.);
#1008 = EDGE_CURVE('',#1001,#967,#1009,.T.);
#1009 = CIRCLE('',#1010,1.);
#1010 = AXIS2_PLACEMENT_3D('',#1011,#1012,#1013);
#1011 = CARTESIAN_POINT('',(2.658629263551,-34.72847876908,2.));
#1012 = DIRECTION('',(-0.,-0.,-1.));
#1013 = DIRECTION('',(0.,-1.,0.));
#1014 = FACE_BOUND('',#1015,.T.);
#1015 = EDGE_LOOP('',(#1016,#1027,#1036,#1044,#1053,#1061,#1070,#1078));
#1016 = ORIENTED_EDGE('',*,*,#1017,.F.);
#1017 = EDGE_CURVE('',#1018,#1020,#1022,.T.);
#1018 = VERTEX_POINT('',#1019);
#1019 = CARTESIAN_POINT('',(9.582352941176,24.761039510599,2.));
#1020 = VERTEX_POINT('',#1021);
#1021 = CARTESIAN_POINT('',(8.872407592498,24.900514061204,2.));
#1022 = CIRCLE('',#1023,3.25);
#1023 = AXIS2_PLACEMENT_3D('',#1024,#1025,#1026);
#1024 = CARTESIAN_POINT('',(9.85,28.,2.));
#1025 = DIRECTION('',(0.,0.,-1.));
#1026 = DIRECTION('',(1.,0.,0.));
#1027 = ORIENTED_EDGE('',*,*,#1028,.F.);
#1028 = EDGE_CURVE('',#1029,#1018,#1031,.T.);
#1029 = VERTEX_POINT('',#1030);
#1030 = CARTESIAN_POINT('',(10.5,23.764436283091,2.));
#1031 = CIRCLE('',#1032,1.);
#1032 = AXIS2_PLACEMENT_3D('',#1033,#1034,#1035);
#1033 = CARTESIAN_POINT('',(9.5,23.764436283091,2.));
#1034 = DIRECTION('',(-0.,0.,1.));
#1035 = DIRECTION('',(0.,-1.,0.));
#1036 = ORIENTED_EDGE('',*,*,#1037,.T.);
#1037 = EDGE_CURVE('',#1029,#1038,#1040,.T.);
#1038 = VERTEX_POINT('',#1039);
#1039 = CARTESIAN_POINT('',(10.5,11.808592804557,2.));
#1040 = LINE('',#1041,#1042);
#1041 = CARTESIAN_POINT('',(10.5,1.600494426734,2.));
#1042 = VECTOR('',#1043,1.);
#1043 = DIRECTION('',(0.,-1.,0.));
#1044 = ORIENTED_EDGE('',*,*,#1045,.T.);
#1045 = EDGE_CURVE('',#1038,#1046,#1048,.T.);
#1046 = VERTEX_POINT('',#1047);
#1047 = CARTESIAN_POINT('',(8.800062446662,11.094388757084,2.));
#1048 = CIRCLE('',#1049,1.);
#1049 = AXIS2_PLACEMENT_3D('',#1050,#1051,#1052);
#1050 = CARTESIAN_POINT('',(9.5,11.808592804557,2.));
#1051 = DIRECTION('',(-0.,-0.,-1.));
#1052 = DIRECTION('',(0.,-1.,0.));
#1053 = ORIENTED_EDGE('',*,*,#1054,.F.);
#1054 = EDGE_CURVE('',#1055,#1046,#1057,.T.);
#1055 = VERTEX_POINT('',#1056);
#1056 = CARTESIAN_POINT('',(2.143046856368,17.618427960288,2.));
#1057 = LINE('',#1058,#1059);
#1058 = CARTESIAN_POINT('',(11.735201252804,8.217880451164,2.));
#1059 = VECTOR('',#1060,1.);
#1060 = DIRECTION('',(0.714204047473,-0.699937553338,0.));
#1061 = ORIENTED_EDGE('',*,*,#1062,.T.);
#1062 = EDGE_CURVE('',#1055,#1063,#1065,.T.);
#1063 = VERTEX_POINT('',#1064);
#1064 = CARTESIAN_POINT('',(2.143046856368,19.046836055234,2.));
#1065 = CIRCLE('',#1066,1.);
#1066 = AXIS2_PLACEMENT_3D('',#1067,#1068,#1069);
#1067 = CARTESIAN_POINT('',(2.842984409706,18.332632007761,2.));
#1068 = DIRECTION('',(-0.,-0.,-1.));
#1069 = DIRECTION('',(0.,-1.,0.));
#1070 = ORIENTED_EDGE('',*,*,#1071,.F.);
#1071 = EDGE_CURVE('',#1072,#1063,#1074,.T.);
#1072 = VERTEX_POINT('',#1073);
#1073 = CARTESIAN_POINT('',(7.871672375313,24.661030127509,2.));
#1074 = LINE('',#1075,#1076);
#1075 = CARTESIAN_POINT('',(-5.085182219343,11.962993570558,2.));
#1076 = VECTOR('',#1077,1.);
#1077 = DIRECTION('',(-0.714204047473,-0.699937553338,0.));
#1078 = ORIENTED_EDGE('',*,*,#1079,.F.);
#1079 = EDGE_CURVE('',#1020,#1072,#1080,.T.);
#1080 = CIRCLE('',#1081,1.);
#1081 = AXIS2_PLACEMENT_3D('',#1082,#1083,#1084);
#1082 = CARTESIAN_POINT('',(8.571609928651,23.946826080036,2.));
#1083 = DIRECTION('',(-0.,0.,1.));
#1084 = DIRECTION('',(0.,-1.,0.));
#1085 = FACE_BOUND('',#1086,.T.);
#1086 = EDGE_LOOP('',(#1087,#1098,#1107,#1115,#1124,#1132,#1141,#1149));
#1087 = ORIENTED_EDGE('',*,*,#1088,.F.);
#1088 = EDGE_CURVE('',#1089,#1091,#1093,.T.);
#1089 = VERTEX_POINT('',#1090);
#1090 = CARTESIAN_POINT('',(-8.872407592498,24.900514061204,2.));
#1091 = VERTEX_POINT('',#1092);
#1092 = CARTESIAN_POINT('',(-9.582352941176,24.761039510599,2.));
#1093 = CIRCLE('',#1094,3.25);
#1094 = AXIS2_PLACEMENT_3D('',#1095,#1096,#1097);
#1095 = CARTESIAN_POINT('',(-9.85,28.,2.));
#1096 = DIRECTION('',(0.,0.,-1.));
#1097 = DIRECTION('',(1.,0.,0.));
#1098 = ORIENTED_EDGE('',*,*,#1099,.T.);
#1099 = EDGE_CURVE('',#1089,#1100,#1102,.T.);
#1100 = VERTEX_POINT('',#1101);
#1101 = CARTESIAN_POINT('',(-7.871672375313,24.661030127509,2.));
#1102 = CIRCLE('',#1103,1.);
#1103 = AXIS2_PLACEMENT_3D('',#1104,#1105,#1106);
#1104 = CARTESIAN_POINT('',(-8.571609928651,23.946826080036,2.));
#1105 = DIRECTION('',(0.,0.,-1.));
#1106 = DIRECTION('',(0.,-1.,0.));
#1107 = ORIENTED_EDGE('',*,*,#1108,.F.);
#1108 = EDGE_CURVE('',#1109,#1100,#1111,.T.);
#1109 = VERTEX_POINT('',#1110);
#1110 = CARTESIAN_POINT('',(-2.143046856368,19.046836055234,2.));
#1111 = LINE('',#1112,#1113);
#1112 = CARTESIAN_POINT('',(1.621633228714,15.357356869035,2.));
#1113 = VECTOR('',#1114,1.);
#1114 = DIRECTION('',(-0.714204047473,0.699937553338,0.));
#1115 = ORIENTED_EDGE('',*,*,#1116,.T.);
#1116 = EDGE_CURVE('',#1109,#1117,#1119,.T.);
#1117 = VERTEX_POINT('',#1118);
#1118 = CARTESIAN_POINT('',(-2.143046856368,17.618427960288,2.));
#1119 = CIRCLE('',#1120,1.);
#1120 = AXIS2_PLACEMENT_3D('',#1121,#1122,#1123);
#1121 = CARTESIAN_POINT('',(-2.842984409706,18.332632007761,2.));
#1122 = DIRECTION('',(-0.,-0.,-1.));
#1123 = DIRECTION('',(0.,-1.,0.));
#1124 = ORIENTED_EDGE('',*,*,#1125,.T.);
#1125 = EDGE_CURVE('',#1117,#1126,#1128,.T.);
#1126 = VERTEX_POINT('',#1127);
#1127 = CARTESIAN_POINT('',(-8.800062446662,11.094388757084,2.));
#1128 = LINE('',#1129,#1130);
#1129 = CARTESIAN_POINT('',(-11.7352012528,8.217880451164,2.));
#1130 = VECTOR('',#1131,1.);
#1131 = DIRECTION('',(-0.714204047473,-0.699937553338,0.));
#1132 = ORIENTED_EDGE('',*,*,#1133,.F.);
#1133 = EDGE_CURVE('',#1134,#1126,#1136,.T.);
#1134 = VERTEX_POINT('',#1135);
#1135 = CARTESIAN_POINT('',(-10.5,11.808592804557,2.));
#1136 = CIRCLE('',#1137,1.);
#1137 = AXIS2_PLACEMENT_3D('',#1138,#1139,#1140);
#1138 = CARTESIAN_POINT('',(-9.5,11.808592804557,2.));
#1139 = DIRECTION('',(-0.,0.,1.));
#1140 = DIRECTION('',(0.,-1.,0.));
#1141 = ORIENTED_EDGE('',*,*,#1142,.T.);
#1142 = EDGE_CURVE('',#1134,#1143,#1145,.T.);
#1143 = VERTEX_POINT('',#1144);
#1144 = CARTESIAN_POINT('',(-10.5,23.764436283091,2.));
#1145 = LINE('',#1146,#1147);
#1146 = CARTESIAN_POINT('',(-10.5,9.294122046452,2.));
#1147 = VECTOR('',#1148,1.);
#1148 = DIRECTION('',(0.,1.,0.));
#1149 = ORIENTED_EDGE('',*,*,#1150,.F.);
#1150 = EDGE_CURVE('',#1091,#1143,#1151,.T.);
#1151 = CIRCLE('',#1152,1.);
#1152 = AXIS2_PLACEMENT_3D('',#1153,#1154,#1155);
#1153 = CARTESIAN_POINT('',(-9.5,23.764436283091,2.));
#1154 = DIRECTION('',(-0.,0.,1.));
#1155 = DIRECTION('',(0.,-1.,0.));
#1156 = FACE_BOUND('',#1157,.T.);
#1157 = EDGE_LOOP('',(#1158,#1168,#1177,#1185,#1194,#1202));
#1158 = ORIENTED_EDGE('',*,*,#1159,.T.);
#1159 = EDGE_CURVE('',#1160,#1162,#1164,.T.);
#1160 = VERTEX_POINT('',#1161);
#1161 = CARTESIAN_POINT('',(0.817425691873,-37.32372964118,2.));
#1162 = VERTEX_POINT('',#1163);
#1163 = CARTESIAN_POINT('',(3.00605471766,-40.42952098223,2.));
#1164 = LINE('',#1165,#1166);
#1165 = CARTESIAN_POINT('',(-4.989649680596,-29.08315337351,2.));
#1166 = VECTOR('',#1167,1.);
#1167 = DIRECTION('',(0.576034059987,-0.817425691873,0.));
#1168 = ORIENTED_EDGE('',*,*,#1169,.F.);
#1169 = EDGE_CURVE('',#1170,#1162,#1172,.T.);
#1170 = VERTEX_POINT('',#1171);
#1171 = CARTESIAN_POINT('',(2.188629025787,-42.00555504222,2.));
#1172 = CIRCLE('',#1173,1.);
#1173 = AXIS2_PLACEMENT_3D('',#1174,#1175,#1176);
#1174 = CARTESIAN_POINT('',(2.188629025787,-41.00555504222,2.));
#1175 = DIRECTION('',(-0.,0.,1.));
#1176 = DIRECTION('',(0.,-1.,0.));
#1177 = ORIENTED_EDGE('',*,*,#1178,.T.);
#1178 = EDGE_CURVE('',#1170,#1179,#1181,.T.);
#1179 = VERTEX_POINT('',#1180);
#1180 = CARTESIAN_POINT('',(-2.188629025787,-42.00555504222,2.));
#1181 = LINE('',#1182,#1183);
#1182 = CARTESIAN_POINT('',(-2.058337344361,-42.00555504222,2.));
#1183 = VECTOR('',#1184,1.);
#1184 = DIRECTION('',(-1.,0.,0.));
#1185 = ORIENTED_EDGE('',*,*,#1186,.T.);
#1186 = EDGE_CURVE('',#1179,#1187,#1189,.T.);
#1187 = VERTEX_POINT('',#1188);
#1188 = CARTESIAN_POINT('',(-3.00605471766,-40.42952098223,2.));
#1189 = CIRCLE('',#1190,1.);
#1190 = AXIS2_PLACEMENT_3D('',#1191,#1192,#1193);
#1191 = CARTESIAN_POINT('',(-2.188629025787,-41.00555504222,2.));
#1192 = DIRECTION('',(-0.,-0.,-1.));
#1193 = DIRECTION('',(0.,-1.,0.));
#1194 = ORIENTED_EDGE('',*,*,#1195,.F.);
#1195 = EDGE_CURVE('',#1196,#1187,#1198,.T.);
#1196 = VERTEX_POINT('',#1197);
#1197 = CARTESIAN_POINT('',(-0.817425691873,-37.32372964118,2.));
#1198 = LINE('',#1199,#1200);
#1199 = CARTESIAN_POINT('',(4.989649680596,-29.08315337351,2.));
#1200 = VECTOR('',#1201,1.);
#1201 = DIRECTION('',(-0.576034059987,-0.817425691873,0.));
#1202 = ORIENTED_EDGE('',*,*,#1203,.T.);
#1203 = EDGE_CURVE('',#1196,#1160,#1204,.T.);
#1204 = CIRCLE('',#1205,1.);
#1205 = AXIS2_PLACEMENT_3D('',#1206,#1207,#1208);
#1206 = CARTESIAN_POINT('',(0.,-37.89976370117,2.));
#1207 = DIRECTION('',(-0.,-0.,-1.));
#1208 = DIRECTION('',(0.,-1.,0.));
#1209 = FACE_BOUND('',#1210,.T.);
#1210 = EDGE_LOOP('',(#1211,#1221,#1230,#1238,#1247,#1255));
#1211 = ORIENTED_EDGE('',*,*,#1212,.F.);
#1212 = EDGE_CURVE('',#1213,#1215,#1217,.T.);
#1213 = VERTEX_POINT('',#1214);
#1214 = CARTESIAN_POINT('',(2.497828932405,-25.0965702589,2.));
#1215 = VERTEX_POINT('',#1216);
#1216 = CARTESIAN_POINT('',(0.817425691873,-22.7119807408,2.));
#1217 = LINE('',#1218,#1219);
#1218 = CARTESIAN_POINT('',(-3.607906159529,-16.43217855257,2.));
#1219 = VECTOR('',#1220,1.);
#1220 = DIRECTION('',(-0.576034059987,0.817425691873,0.));
#1221 = ORIENTED_EDGE('',*,*,#1222,.T.);
#1222 = EDGE_CURVE('',#1213,#1223,#1225,.T.);
#1223 = VERTEX_POINT('',#1224);
#1224 = CARTESIAN_POINT('',(1.680403240532,-26.67260431889,2.));
#1225 = CIRCLE('',#1226,1.);
#1226 = AXIS2_PLACEMENT_3D('',#1227,#1228,#1229);
#1227 = CARTESIAN_POINT('',(1.680403240532,-25.67260431889,2.));
#1228 = DIRECTION('',(-0.,-0.,-1.));
#1229 = DIRECTION('',(0.,-1.,0.));
#1230 = ORIENTED_EDGE('',*,*,#1231,.F.);
#1231 = EDGE_CURVE('',#1232,#1223,#1234,.T.);
#1232 = VERTEX_POINT('',#1233);
#1233 = CARTESIAN_POINT('',(-1.680403240532,-26.67260431889,2.));
#1234 = LINE('',#1235,#1236);
#1235 = CARTESIAN_POINT('',(1.804224451733,-26.67260431889,2.));
#1236 = VECTOR('',#1237,1.);
#1237 = DIRECTION('',(1.,0.,0.));
#1238 = ORIENTED_EDGE('',*,*,#1239,.F.);
#1239 = EDGE_CURVE('',#1240,#1232,#1242,.T.);
#1240 = VERTEX_POINT('',#1241);
#1241 = CARTESIAN_POINT('',(-2.497828932405,-25.0965702589,2.));
#1242 = CIRCLE('',#1243,1.);
#1243 = AXIS2_PLACEMENT_3D('',#1244,#1245,#1246);
#1244 = CARTESIAN_POINT('',(-1.680403240532,-25.67260431889,2.));
#1245 = DIRECTION('',(-0.,0.,1.));
#1246 = DIRECTION('',(0.,-1.,0.));
#1247 = ORIENTED_EDGE('',*,*,#1248,.T.);
#1248 = EDGE_CURVE('',#1240,#1249,#1251,.T.);
#1249 = VERTEX_POINT('',#1250);
#1250 = CARTESIAN_POINT('',(-0.817425691873,-22.7119807408,2.));
#1251 = LINE('',#1252,#1253);
#1252 = CARTESIAN_POINT('',(3.607906159529,-16.43217855257,2.));
#1253 = VECTOR('',#1254,1.);
#1254 = DIRECTION('',(0.576034059987,0.817425691873,0.));
#1255 = ORIENTED_EDGE('',*,*,#1256,.T.);
#1256 = EDGE_CURVE('',#1249,#1215,#1257,.T.);
#1257 = CIRCLE('',#1258,1.);
#1258 = AXIS2_PLACEMENT_3D('',#1259,#1260,#1261);
#1259 = CARTESIAN_POINT('',(-2.8E-15,-23.28801480078,2.));
#1260 = DIRECTION('',(-0.,-0.,-1.));
#1261 = DIRECTION('',(0.,-1.,0.));
#1262 = FACE_BOUND('',#1263,.T.);
#1263 = EDGE_LOOP('',(#1264,#1274,#1283,#1291,#1300,#1308));
#1264 = ORIENTED_EDGE('',*,*,#1265,.F.);
#1265 = EDGE_CURVE('',#1266,#1268,#1270,.T.);
#1266 = VERTEX_POINT('',#1267);
#1267 = CARTESIAN_POINT('',(-2.497828932405,-29.74863837888,2.));
#1268 = VERTEX_POINT('',#1269);
#1269 = CARTESIAN_POINT('',(-0.817425691873,-32.13322789698,2.));
#1270 = LINE('',#1271,#1272);
#1271 = CARTESIAN_POINT('',(-6.372165510343,-24.25073039434,2.));
#1272 = VECTOR('',#1273,1.);
#1273 = DIRECTION('',(0.576034059987,-0.817425691873,0.));
#1274 = ORIENTED_EDGE('',*,*,#1275,.T.);
#1275 = EDGE_CURVE('',#1266,#1276,#1278,.T.);
#1276 = VERTEX_POINT('',#1277);
#1277 = CARTESIAN_POINT('',(-1.680403240532,-28.17260431889,2.));
#1278 = CIRCLE('',#1279,1.);
#1279 = AXIS2_PLACEMENT_3D('',#1280,#1281,#1282);
#1280 = CARTESIAN_POINT('',(-1.680403240532,-29.17260431889,2.));
#1281 = DIRECTION('',(-0.,-0.,-1.));
#1282 = DIRECTION('',(0.,-1.,0.));
#1283 = ORIENTED_EDGE('',*,*,#1284,.F.);
#1284 = EDGE_CURVE('',#1285,#1276,#1287,.T.);
#1285 = VERTEX_POINT('',#1286);
#1286 = CARTESIAN_POINT('',(1.680403240532,-28.17260431889,2.));
#1287 = LINE('',#1288,#1289);
#1288 = CARTESIAN_POINT('',(-1.804224451733,-28.17260431889,2.));
#1289 = VECTOR('',#1290,1.);
#1290 = DIRECTION('',(-1.,0.,0.));
#1291 = ORIENTED_EDGE('',*,*,#1292,.F.);
#1292 = EDGE_CURVE('',#1293,#1285,#1295,.T.);
#1293 = VERTEX_POINT('',#1294);
#1294 = CARTESIAN_POINT('',(2.497828932405,-29.74863837888,2.));
#1295 = CIRCLE('',#1296,1.);
#1296 = AXIS2_PLACEMENT_3D('',#1297,#1298,#1299);
#1297 = CARTESIAN_POINT('',(1.680403240532,-29.17260431889,2.));
#1298 = DIRECTION('',(-0.,0.,1.));
#1299 = DIRECTION('',(0.,-1.,0.));
#1300 = ORIENTED_EDGE('',*,*,#1301,.T.);
#1301 = EDGE_CURVE('',#1293,#1302,#1304,.T.);
#1302 = VERTEX_POINT('',#1303);
#1303 = CARTESIAN_POINT('',(0.817425691873,-32.13322789698,2.));
#1304 = LINE('',#1305,#1306);
#1305 = CARTESIAN_POINT('',(6.372165510343,-24.25073039434,2.));
#1306 = VECTOR('',#1307,1.);
#1307 = DIRECTION('',(-0.576034059987,-0.817425691873,0.));
#1308 = ORIENTED_EDGE('',*,*,#1309,.T.);
#1309 = EDGE_CURVE('',#1302,#1268,#1310,.T.);
#1310 = CIRCLE('',#1311,1.);
#1311 = AXIS2_PLACEMENT_3D('',#1312,#1313,#1314);
#1312 = CARTESIAN_POINT('',(-5.E-16,-31.55719383699,2.));
#1313 = DIRECTION('',(-0.,-0.,-1.));
#1314 = DIRECTION('',(0.,-1.,0.));
#1315 = FACE_BOUND('',#1316,.T.);
#1316 = EDGE_LOOP('',(#1317,#1327,#1336,#1344,#1353,#1361));
#1317 = ORIENTED_EDGE('',*,*,#1318,.F.);
#1318 = EDGE_CURVE('',#1319,#1321,#1323,.T.);
#1319 = VERTEX_POINT('',#1320);
#1320 = CARTESIAN_POINT('',(5.87190884254,-24.96062357809,2.));
#1321 = VERTEX_POINT('',#1322);
#1322 = CARTESIAN_POINT('',(7.552312083072,-22.57603405998,2.));
#1323 = LINE('',#1324,#1325);
#1324 = CARTESIAN_POINT('',(10.70363153741,-18.10412924704,2.));
#1325 = VECTOR('',#1326,1.);
#1326 = DIRECTION('',(0.576034059987,0.817425691873,0.));
#1327 = ORIENTED_EDGE('',*,*,#1328,.T.);
#1328 = EDGE_CURVE('',#1319,#1329,#1331,.T.);
#1329 = VERTEX_POINT('',#1330);
#1330 = CARTESIAN_POINT('',(4.237057458794,-24.96062357809,2.));
#1331 = CIRCLE('',#1332,1.);
#1332 = AXIS2_PLACEMENT_3D('',#1333,#1334,#1335);
#1333 = CARTESIAN_POINT('',(5.054483150667,-24.3845895181,2.));
#1334 = DIRECTION('',(-0.,-0.,-1.));
#1335 = DIRECTION('',(0.,-1.,0.));
#1336 = ORIENTED_EDGE('',*,*,#1337,.T.);
#1337 = EDGE_CURVE('',#1329,#1338,#1340,.T.);
#1338 = VERTEX_POINT('',#1339);
#1339 = CARTESIAN_POINT('',(2.556654218262,-22.57603405998,2.));
#1340 = LINE('',#1341,#1342);
#1341 = CARTESIAN_POINT('',(-2.271819767024,-15.72414983598,2.));
#1342 = VECTOR('',#1343,1.);
#1343 = DIRECTION('',(-0.576034059987,0.817425691873,0.));
#1344 = ORIENTED_EDGE('',*,*,#1345,.F.);
#1345 = EDGE_CURVE('',#1346,#1338,#1348,.T.);
#1346 = VERTEX_POINT('',#1347);
#1347 = CARTESIAN_POINT('',(3.374079910135,-21.,2.));
#1348 = CIRCLE('',#1349,1.);
#1349 = AXIS2_PLACEMENT_3D('',#1350,#1351,#1352);
#1350 = CARTESIAN_POINT('',(3.374079910135,-22.,2.));
#1351 = DIRECTION('',(-0.,0.,1.));
#1352 = DIRECTION('',(0.,-1.,0.));
#1353 = ORIENTED_EDGE('',*,*,#1354,.T.);
#1354 = EDGE_CURVE('',#1346,#1355,#1357,.T.);
#1355 = VERTEX_POINT('',#1356);
#1356 = CARTESIAN_POINT('',(6.734886391199,-21.,2.));
#1357 = LINE('',#1358,#1359);
#1358 = CARTESIAN_POINT('',(4.331466027067,-21.,2.));
#1359 = VECTOR('',#1360,1.);
#1360 = DIRECTION('',(1.,0.,0.));
#1361 = ORIENTED_EDGE('',*,*,#1362,.T.);
#1362 = EDGE_CURVE('',#1355,#1321,#1363,.T.);
#1363 = CIRCLE('',#1364,1.);
#1364 = AXIS2_PLACEMENT_3D('',#1365,#1366,#1367);
#1365 = CARTESIAN_POINT('',(6.734886391199,-22.,2.));
#1366 = DIRECTION('',(-0.,-0.,-1.));
#1367 = DIRECTION('',(0.,-1.,0.));
#1368 = FACE_BOUND('',#1369,.T.);
#1369 = EDGE_LOOP('',(#1370,#1380,#1389,#1397,#1406,#1414));
#1370 = ORIENTED_EDGE('',*,*,#1371,.F.);
#1371 = EDGE_CURVE('',#1372,#1374,#1376,.T.);
#1372 = VERTEX_POINT('',#1373);
#1373 = CARTESIAN_POINT('',(-3.374079910135,-21.,2.));
#1374 = VERTEX_POINT('',#1375);
#1375 = CARTESIAN_POINT('',(-6.734886391199,-21.,2.));
#1376 = LINE('',#1377,#1378);
#1377 = CARTESIAN_POINT('',(-4.331466027067,-21.,2.));
#1378 = VECTOR('',#1379,1.);
#1379 = DIRECTION('',(-1.,0.,0.));
#1380 = ORIENTED_EDGE('',*,*,#1381,.T.);
#1381 = EDGE_CURVE('',#1372,#1382,#1384,.T.);
#1382 = VERTEX_POINT('',#1383);
#1383 = CARTESIAN_POINT('',(-2.556654218262,-22.57603405998,2.));
#1384 = CIRCLE('',#1385,1.);
#1385 = AXIS2_PLACEMENT_3D('',#1386,#1387,#1388);
#1386 = CARTESIAN_POINT('',(-3.374079910135,-22.,2.));
#1387 = DIRECTION('',(-0.,-0.,-1.));
#1388 = DIRECTION('',(0.,-1.,0.));
#1389 = ORIENTED_EDGE('',*,*,#1390,.T.);
#1390 = EDGE_CURVE('',#1382,#1391,#1393,.T.);
#1391 = VERTEX_POINT('',#1392);
#1392 = CARTESIAN_POINT('',(-4.237057458794,-24.96062357809,2.));
#1393 = LINE('',#1394,#1395);
#1394 = CARTESIAN_POINT('',(0.467595315291,-18.28444882383,2.));
#1395 = VECTOR('',#1396,1.);
#1396 = DIRECTION('',(-0.576034059987,-0.817425691873,0.));
#1397 = ORIENTED_EDGE('',*,*,#1398,.F.);
#1398 = EDGE_CURVE('',#1399,#1391,#1401,.T.);
#1399 = VERTEX_POINT('',#1400);
#1400 = CARTESIAN_POINT('',(-5.87190884254,-24.96062357809,2.));
#1401 = CIRCLE('',#1402,1.);
#1402 = AXIS2_PLACEMENT_3D('',#1403,#1404,#1405);
#1403 = CARTESIAN_POINT('',(-5.054483150667,-24.3845895181,2.));
#1404 = DIRECTION('',(-0.,0.,1.));
#1405 = DIRECTION('',(0.,-1.,0.));
#1406 = ORIENTED_EDGE('',*,*,#1407,.T.);
#1407 = EDGE_CURVE('',#1399,#1408,#1410,.T.);
#1408 = VERTEX_POINT('',#1409);
#1409 = CARTESIAN_POINT('',(-7.552312083072,-22.57603405998,2.));
#1410 = LINE('',#1411,#1412);
#1411 = CARTESIAN_POINT('',(-10.70363153741,-18.10412924704,2.));
#1412 = VECTOR('',#1413,1.);
#1413 = DIRECTION('',(-0.576034059987,0.817425691873,0.));
#1414 = ORIENTED_EDGE('',*,*,#1415,.T.);
#1415 = EDGE_CURVE('',#1408,#1374,#1416,.T.);
#1416 = CIRCLE('',#1417,1.);
#1417 = AXIS2_PLACEMENT_3D('',#1418,#1419,#1420);
#1418 = CARTESIAN_POINT('',(-6.734886391199,-22.,2.));
#1419 = DIRECTION('',(-0.,-0.,-1.));
#1420 = DIRECTION('',(0.,-1.,0.));
#1421 = FACE_BOUND('',#1422,.T.);
#1422 = EDGE_LOOP('',(#1423,#1433,#1442,#1450,#1459,#1467));
#1423 = ORIENTED_EDGE('',*,*,#1424,.F.);
#1424 = EDGE_CURVE('',#1425,#1427,#1429,.T.);
#1425 = VERTEX_POINT('',#1426);
#1426 = CARTESIAN_POINT('',(1.311757230584,23.432632007761,2.));
#1427 = VERTEX_POINT('',#1428);
#1428 = CARTESIAN_POINT('',(-1.311757230584,23.432632007761,2.));
#1429 = LINE('',#1430,#1431);
#1430 = CARTESIAN_POINT('',(-1.880419318458,23.432632007761,2.));
#1431 = VECTOR('',#1432,1.);
#1432 = DIRECTION('',(-1.,0.,0.));
#1433 = ORIENTED_EDGE('',*,*,#1434,.T.);
#1434 = EDGE_CURVE('',#1425,#1435,#1437,.T.);
#1435 = VERTEX_POINT('',#1436);
#1436 = CARTESIAN_POINT('',(2.011694783922,21.718427960288,2.));
#1437 = CIRCLE('',#1438,1.);
#1438 = AXIS2_PLACEMENT_3D('',#1439,#1440,#1441);
#1439 = CARTESIAN_POINT('',(1.311757230584,22.432632007761,2.));
#1440 = DIRECTION('',(-0.,-0.,-1.));
#1441 = DIRECTION('',(0.,-1.,0.));
#1442 = ORIENTED_EDGE('',*,*,#1443,.F.);
#1443 = EDGE_CURVE('',#1444,#1435,#1446,.T.);
#1444 = VERTEX_POINT('',#1445);
#1445 = CARTESIAN_POINT('',(0.699937553338,20.43287357314,2.));
#1446 = LINE('',#1447,#1448);
#1447 = CARTESIAN_POINT('',(-4.611843218022,15.227197618032,2.));
#1448 = VECTOR('',#1449,1.);
#1449 = DIRECTION('',(0.714204047473,0.699937553338,0.));
#1450 = ORIENTED_EDGE('',*,*,#1451,.F.);
#1451 = EDGE_CURVE('',#1452,#1444,#1454,.T.);
#1452 = VERTEX_POINT('',#1453);
#1453 = CARTESIAN_POINT('',(-0.699937553338,20.43287357314,2.));
#1454 = CIRCLE('',#1455,1.);
#1455 = AXIS2_PLACEMENT_3D('',#1456,#1457,#1458);
#1456 = CARTESIAN_POINT('',(1.32E-15,21.147077620613,2.));
#1457 = DIRECTION('',(-0.,0.,1.));
#1458 = DIRECTION('',(0.,-1.,0.));
#1459 = ORIENTED_EDGE('',*,*,#1460,.T.);
#1460 = EDGE_CURVE('',#1452,#1461,#1463,.T.);
#1461 = VERTEX_POINT('',#1462);
#1462 = CARTESIAN_POINT('',(-2.011694783922,21.718427960288,2.));
#1463 = LINE('',#1464,#1465);
#1464 = CARTESIAN_POINT('',(4.611843218022,15.227197618032,2.));
#1465 = VECTOR('',#1466,1.);
#1466 = DIRECTION('',(-0.714204047473,0.699937553338,0.));
#1467 = ORIENTED_EDGE('',*,*,#1468,.T.);
#1468 = EDGE_CURVE('',#1461,#1427,#1469,.T.);
#1469 = CIRCLE('',#1470,1.);
#1470 = AXIS2_PLACEMENT_3D('',#1471,#1472,#1473);
#1471 = CARTESIAN_POINT('',(-1.311757230584,22.432632007761,2.));
#1472 = DIRECTION('',(-0.,-0.,-1.));
#1473 = DIRECTION('',(0.,-1.,0.));
#1474 = FACE_BOUND('',#1475,.T.);
#1475 = EDGE_LOOP('',(#1476,#1486,#1495,#1503,#1512,#1520));
#1476 = ORIENTED_EDGE('',*,*,#1477,.F.);
#1477 = EDGE_CURVE('',#1478,#1480,#1482,.T.);
#1478 = VERTEX_POINT('',#1479);
#1479 = CARTESIAN_POINT('',(-6.168405527374,10.873157170329,2.));
#1480 = VERTEX_POINT('',#1481);
#1481 = CARTESIAN_POINT('',(-7.35098104033,9.714204047473,2.));
#1482 = LINE('',#1483,#1484);
#1483 = CARTESIAN_POINT('',(-10.33532614612,6.789472356217,2.));
#1484 = VECTOR('',#1485,1.);
#1485 = DIRECTION('',(-0.714204047473,-0.699937553338,0.));
#1486 = ORIENTED_EDGE('',*,*,#1487,.T.);
#1487 = EDGE_CURVE('',#1478,#1488,#1490,.T.);
#1488 = VERTEX_POINT('',#1489);
#1489 = CARTESIAN_POINT('',(-4.768530420699,10.873157170329,2.));
#1490 = CIRCLE('',#1491,1.);
#1491 = AXIS2_PLACEMENT_3D('',#1492,#1493,#1494);
#1492 = CARTESIAN_POINT('',(-5.468467974037,10.158953122856,2.));
#1493 = DIRECTION('',(-0.,-0.,-1.));
#1494 = DIRECTION('',(0.,-1.,0.));
#1495 = ORIENTED_EDGE('',*,*,#1496,.F.);
#1496 = EDGE_CURVE('',#1497,#1488,#1499,.T.);
#1497 = VERTEX_POINT('',#1498);
#1498 = CARTESIAN_POINT('',(-3.585954907743,9.714204047473,2.));
#1499 = LINE('',#1500,#1501);
#1500 = CARTESIAN_POINT('',(0.371958466446,5.835351479704,2.));
#1501 = VECTOR('',#1502,1.);
#1502 = DIRECTION('',(-0.714204047473,0.699937553338,0.));
#1503 = ORIENTED_EDGE('',*,*,#1504,.F.);
#1504 = EDGE_CURVE('',#1505,#1497,#1507,.T.);
#1505 = VERTEX_POINT('',#1506);
#1506 = CARTESIAN_POINT('',(-4.285892461081,8.,2.));
#1507 = CIRCLE('',#1508,1.);
#1508 = AXIS2_PLACEMENT_3D('',#1509,#1510,#1511);
#1509 = CARTESIAN_POINT('',(-4.285892461081,9.,2.));
#1510 = DIRECTION('',(-0.,0.,1.));
#1511 = DIRECTION('',(0.,-1.,0.));
#1512 = ORIENTED_EDGE('',*,*,#1513,.T.);
#1513 = EDGE_CURVE('',#1505,#1514,#1516,.T.);
#1514 = VERTEX_POINT('',#1515);
#1515 = CARTESIAN_POINT('',(-6.651043486992,8.,2.));
#1516 = LINE('',#1517,#1518);
#1517 = CARTESIAN_POINT('',(-4.550062446662,8.,2.));
#1518 = VECTOR('',#1519,1.);
#1519 = DIRECTION('',(-1.,0.,0.));
#1520 = ORIENTED_EDGE('',*,*,#1521,.T.);
#1521 = EDGE_CURVE('',#1514,#1480,#1522,.T.);
#1522 = CIRCLE('',#1523,1.);
#1523 = AXIS2_PLACEMENT_3D('',#1524,#1525,#1526);
#1524 = CARTESIAN_POINT('',(-6.651043486992,9.,2.));
#1525 = DIRECTION('',(-0.,-0.,-1.));
#1526 = DIRECTION('',(0.,-1.,0.));
#1527 = FACE_BOUND('',#1528,.T.);
#1528 = EDGE_LOOP('',(#1529,#1539,#1548,#1556,#1565,#1573));
#1529 = ORIENTED_EDGE('',*,*,#1530,.T.);
#1530 = EDGE_CURVE('',#1531,#1533,#1535,.T.);
#1531 = VERTEX_POINT('',#1532);
#1532 = CARTESIAN_POINT('',(0.699937553338,16.232390442382,2.));
#1533 = VERTEX_POINT('',#1534);
#1534 = CARTESIAN_POINT('',(1.882513066294,15.073437319526,2.));
#1535 = LINE('',#1536,#1537);
#1536 = CARTESIAN_POINT('',(7.60109215911,9.469088992244,2.));
#1537 = VECTOR('',#1538,1.);
#1538 = DIRECTION('',(0.714204047473,-0.699937553338,0.));
#1539 = ORIENTED_EDGE('',*,*,#1540,.F.);
#1540 = EDGE_CURVE('',#1541,#1533,#1543,.T.);
#1541 = VERTEX_POINT('',#1542);
#1542 = CARTESIAN_POINT('',(1.182575512956,13.359233272053,2.));
#1543 = CIRCLE('',#1544,1.);
#1544 = AXIS2_PLACEMENT_3D('',#1545,#1546,#1547);
#1545 = CARTESIAN_POINT('',(1.182575512956,14.359233272053,2.));
#1546 = DIRECTION('',(-0.,0.,1.));
#1547 = DIRECTION('',(0.,-1.,0.));
#1548 = ORIENTED_EDGE('',*,*,#1549,.T.);
#1549 = EDGE_CURVE('',#1541,#1550,#1552,.T.);
#1550 = VERTEX_POINT('',#1551);
#1551 = CARTESIAN_POINT('',(-1.182575512956,13.359233272053,2.));
#1552 = LINE('',#1553,#1554);
#1553 = CARTESIAN_POINT('',(-1.815828459644,13.359233272053,2.));
#1554 = VECTOR('',#1555,1.);
#1555 = DIRECTION('',(-1.,0.,0.));
#1556 = ORIENTED_EDGE('',*,*,#1557,.T.);
#1557 = EDGE_CURVE('',#1550,#1558,#1560,.T.);
#1558 = VERTEX_POINT('',#1559);
#1559 = CARTESIAN_POINT('',(-1.882513066294,15.073437319526,2.));
#1560 = CIRCLE('',#1561,1.);
#1561 = AXIS2_PLACEMENT_3D('',#1562,#1563,#1564);
#1562 = CARTESIAN_POINT('',(-1.182575512956,14.359233272053,2.));
#1563 = DIRECTION('',(-0.,-0.,-1.));
#1564 = DIRECTION('',(0.,-1.,0.));
#1565 = ORIENTED_EDGE('',*,*,#1566,.F.);
#1566 = EDGE_CURVE('',#1567,#1558,#1569,.T.);
#1567 = VERTEX_POINT('',#1568);
#1568 = CARTESIAN_POINT('',(-0.699937553338,16.232390442382,2.));
#1569 = LINE('',#1570,#1571);
#1570 = CARTESIAN_POINT('',(-7.60109215911,9.469088992244,2.));
#1571 = VECTOR('',#1572,1.);
#1572 = DIRECTION('',(-0.714204047473,-0.699937553338,0.));
#1573 = ORIENTED_EDGE('',*,*,#1574,.T.);
#1574 = EDGE_CURVE('',#1567,#1531,#1575,.T.);
#1575 = CIRCLE('',#1576,1.);
#1576 = AXIS2_PLACEMENT_3D('',#1577,#1578,#1579);
#1577 = CARTESIAN_POINT('',(-9.8E-16,15.518186394909,2.));
#1578 = DIRECTION('',(-0.,-0.,-1.));
#1579 = DIRECTION('',(0.,-1.,0.));
#1580 = FACE_BOUND('',#1581,.T.);
#1581 = EDGE_LOOP('',(#1582,#1592,#1601,#1609,#1618,#1626));
#1582 = ORIENTED_EDGE('',*,*,#1583,.F.);
#1583 = EDGE_CURVE('',#1584,#1586,#1588,.T.);
#1584 = VERTEX_POINT('',#1585);
#1585 = CARTESIAN_POINT('',(0.699937553338,8.986076101724,2.));
#1586 = VERTEX_POINT('',#1587);
#1587 = CARTESIAN_POINT('',(1.882513066294,10.14502922458,2.));
#1588 = LINE('',#1589,#1590);
#1589 = CARTESIAN_POINT('',(-1.815317158824,6.52106454728,2.));
#1590 = VECTOR('',#1591,1.);
#1591 = DIRECTION('',(0.714204047473,0.699937553338,0.));
#1592 = ORIENTED_EDGE('',*,*,#1593,.F.);
#1593 = EDGE_CURVE('',#1594,#1584,#1596,.T.);
#1594 = VERTEX_POINT('',#1595);
#1595 = CARTESIAN_POINT('',(-0.699937553338,8.986076101724,2.));
#1596 = CIRCLE('',#1597,1.);
#1597 = AXIS2_PLACEMENT_3D('',#1598,#1599,#1600);
#1598 = CARTESIAN_POINT('',(3.4E-16,9.700280149197,2.));
#1599 = DIRECTION('',(-0.,0.,1.));
#1600 = DIRECTION('',(0.,-1.,0.));
#1601 = ORIENTED_EDGE('',*,*,#1602,.T.);
#1602 = EDGE_CURVE('',#1594,#1603,#1605,.T.);
#1603 = VERTEX_POINT('',#1604);
#1604 = CARTESIAN_POINT('',(-1.882513066294,10.14502922458,2.));
#1605 = LINE('',#1606,#1607);
#1606 = CARTESIAN_POINT('',(1.815317158824,6.52106454728,2.));
#1607 = VECTOR('',#1608,1.);
#1608 = DIRECTION('',(-0.714204047473,0.699937553338,0.));
#1609 = ORIENTED_EDGE('',*,*,#1610,.T.);
#1610 = EDGE_CURVE('',#1603,#1611,#1613,.T.);
#1611 = VERTEX_POINT('',#1612);
#1612 = CARTESIAN_POINT('',(-1.182575512956,11.859233272053,2.));
#1613 = CIRCLE('',#1614,1.);
#1614 = AXIS2_PLACEMENT_3D('',#1615,#1616,#1617);
#1615 = CARTESIAN_POINT('',(-1.182575512956,10.859233272053,2.));
#1616 = DIRECTION('',(-0.,-0.,-1.));
#1617 = DIRECTION('',(0.,-1.,0.));
#1618 = ORIENTED_EDGE('',*,*,#1619,.F.);
#1619 = EDGE_CURVE('',#1620,#1611,#1622,.T.);
#1620 = VERTEX_POINT('',#1621);
#1621 = CARTESIAN_POINT('',(1.182575512956,11.859233272053,2.));
#1622 = LINE('',#1623,#1624);
#1623 = CARTESIAN_POINT('',(-1.815828459644,11.859233272053,2.));
#1624 = VECTOR('',#1625,1.);
#1625 = DIRECTION('',(-1.,0.,0.));
#1626 = ORIENTED_EDGE('',*,*,#1627,.T.);
#1627 = EDGE_CURVE('',#1620,#1586,#1628,.T.);
#1628 = CIRCLE('',#1629,1.);
#1629 = AXIS2_PLACEMENT_3D('',#1630,#1631,#1632);
#1630 = CARTESIAN_POINT('',(1.182575512956,10.859233272053,2.));
#1631 = DIRECTION('',(-0.,-0.,-1.));
#1632 = DIRECTION('',(0.,-1.,0.));
#1633 = FACE_BOUND('',#1634,.T.);
#1634 = EDGE_LOOP('',(#1635,#1645,#1654,#1662,#1671,#1679));
#1635 = ORIENTED_EDGE('',*,*,#1636,.F.);
#1636 = EDGE_CURVE('',#1637,#1639,#1641,.T.);
#1637 = VERTEX_POINT('',#1638);
#1638 = CARTESIAN_POINT('',(4.768530420699,10.873157170329,2.));
#1639 = VERTEX_POINT('',#1640);
#1640 = CARTESIAN_POINT('',(3.585954907743,9.714204047473,2.));
#1641 = LINE('',#1642,#1643);
#1642 = CARTESIAN_POINT('',(-2.18778692609,4.055794875649,2.));
#1643 = VECTOR('',#1644,1.);
#1644 = DIRECTION('',(-0.714204047473,-0.699937553338,0.));
#1645 = ORIENTED_EDGE('',*,*,#1646,.T.);
#1646 = EDGE_CURVE('',#1637,#1647,#1649,.T.);
#1647 = VERTEX_POINT('',#1648);
#1648 = CARTESIAN_POINT('',(6.168405527374,10.873157170329,2.));
#1649 = CIRCLE('',#1650,1.);
#1650 = AXIS2_PLACEMENT_3D('',#1651,#1652,#1653);
#1651 = CARTESIAN_POINT('',(5.468467974036,10.158953122856,2.));
#1652 = DIRECTION('',(-0.,-0.,-1.));
#1653 = DIRECTION('',(0.,-1.,0.));
#1654 = ORIENTED_EDGE('',*,*,#1655,.F.);
#1655 = EDGE_CURVE('',#1656,#1647,#1658,.T.);
#1656 = VERTEX_POINT('',#1657);
#1657 = CARTESIAN_POINT('',(7.35098104033,9.714204047473,2.));
#1658 = LINE('',#1659,#1660);
#1659 = CARTESIAN_POINT('',(8.519497686485,8.569028960273,2.));
#1660 = VECTOR('',#1661,1.);
#1661 = DIRECTION('',(-0.714204047473,0.699937553338,0.));
#1662 = ORIENTED_EDGE('',*,*,#1663,.F.);
#1663 = EDGE_CURVE('',#1664,#1656,#1666,.T.);
#1664 = VERTEX_POINT('',#1665);
#1665 = CARTESIAN_POINT('',(6.651043486992,8.,2.));
#1666 = CIRCLE('',#1667,1.);
#1667 = AXIS2_PLACEMENT_3D('',#1668,#1669,#1670);
#1668 = CARTESIAN_POINT('',(6.651043486992,9.,2.));
#1669 = DIRECTION('',(-0.,0.,1.));
#1670 = DIRECTION('',(0.,-1.,0.));
#1671 = ORIENTED_EDGE('',*,*,#1672,.T.);
#1672 = EDGE_CURVE('',#1664,#1673,#1675,.T.);
#1673 = VERTEX_POINT('',#1674);
#1674 = CARTESIAN_POINT('',(4.285892461081,8.,2.));
#1675 = LINE('',#1676,#1677);
#1676 = CARTESIAN_POINT('',(0.918405527374,8.,2.));
#1677 = VECTOR('',#1678,1.);
#1678 = DIRECTION('',(-1.,0.,0.));
#1679 = ORIENTED_EDGE('',*,*,#1680,.T.);
#1680 = EDGE_CURVE('',#1673,#1639,#1681,.T.);
#1681 = CIRCLE('',#1682,1.);
#1682 = AXIS2_PLACEMENT_3D('',#1683,#1684,#1685);
#1683 = CARTESIAN_POINT('',(4.285892461081,9.,2.));
#1684 = DIRECTION('',(-0.,-0.,-1.));
#1685 = DIRECTION('',(0.,-1.,0.));
#1686 = FACE_BOUND('',#1687,.T.);
#1687 = EDGE_LOOP('',(#1688,#1698,#1707,#1715,#1724,#1732));
#1688 = ORIENTED_EDGE('',*,*,#1689,.F.);
#1689 = EDGE_CURVE('',#1690,#1692,#1694,.T.);
#1690 = VERTEX_POINT('',#1691);
#1691 = CARTESIAN_POINT('',(4.,-7.25,2.));
#1692 = VERTEX_POINT('',#1693);
#1693 = CARTESIAN_POINT('',(3.047454748225,-7.25,2.));
#1694 = LINE('',#1695,#1696);
#1695 = CARTESIAN_POINT('',(0.649519052838,-7.25,2.));
#1696 = VECTOR('',#1697,1.);
#1697 = DIRECTION('',(-1.,0.,0.));
#1698 = ORIENTED_EDGE('',*,*,#1699,.T.);
#1699 = EDGE_CURVE('',#1690,#1700,#1702,.T.);
#1700 = VERTEX_POINT('',#1701);
#1701 = CARTESIAN_POINT('',(5.,-8.25,2.));
#1702 = CIRCLE('',#1703,1.);
#1703 = AXIS2_PLACEMENT_3D('',#1704,#1705,#1706);
#1704 = CARTESIAN_POINT('',(4.,-8.25,2.));
#1705 = DIRECTION('',(-0.,-0.,-1.));
#1706 = DIRECTION('',(0.,-1.,0.));
#1707 = ORIENTED_EDGE('',*,*,#1708,.F.);
#1708 = EDGE_CURVE('',#1709,#1700,#1711,.T.);
#1709 = VERTEX_POINT('',#1710);
#1710 = CARTESIAN_POINT('',(5.,-9.869326928018,2.));
#1711 = LINE('',#1712,#1713);
#1712 = CARTESIAN_POINT('',(5.,-6.738709620739,2.));
#1713 = VECTOR('',#1714,1.);
#1714 = DIRECTION('',(0.,1.,0.));
#1715 = ORIENTED_EDGE('',*,*,#1716,.F.);
#1716 = EDGE_CURVE('',#1717,#1709,#1719,.T.);
#1717 = VERTEX_POINT('',#1718);
#1718 = CARTESIAN_POINT('',(3.138065784842,-10.37634705458,2.));
#1719 = CIRCLE('',#1720,1.);
#1720 = AXIS2_PLACEMENT_3D('',#1721,#1722,#1723);
#1721 = CARTESIAN_POINT('',(4.,-9.869326928018,2.));
#1722 = DIRECTION('',(-0.,0.,1.));
#1723 = DIRECTION('',(0.,-1.,0.));
#1724 = ORIENTED_EDGE('',*,*,#1725,.T.);
#1725 = EDGE_CURVE('',#1717,#1726,#1728,.T.);
#1726 = VERTEX_POINT('',#1727);
#1727 = CARTESIAN_POINT('',(2.185520533067,-8.757020126563,2.));
#1728 = LINE('',#1729,#1730);
#1729 = CARTESIAN_POINT('',(0.908623530463,-6.586295222137,2.));
#1730 = VECTOR('',#1731,1.);
#1731 = DIRECTION('',(-0.507020126563,0.861934215158,0.));
#1732 = ORIENTED_EDGE('',*,*,#1733,.T.);
#1733 = EDGE_CURVE('',#1726,#1692,#1734,.T.);
#1734 = CIRCLE('',#1735,1.);
#1735 = AXIS2_PLACEMENT_3D('',#1736,#1737,#1738);
#1736 = CARTESIAN_POINT('',(3.047454748225,-8.25,2.));
#1737 = DIRECTION('',(-0.,-0.,-1.));
#1738 = DIRECTION('',(0.,-1.,0.));
#1739 = FACE_BOUND('',#1740,.T.);
#1740 = EDGE_LOOP('',(#1741,#1751,#1760,#1768,#1777,#1785));
#1741 = ORIENTED_EDGE('',*,*,#1742,.F.);
#1742 = EDGE_CURVE('',#1743,#1745,#1747,.T.);
#1743 = VERTEX_POINT('',#1744);
#1744 = CARTESIAN_POINT('',(-4.,-5.75,2.));
#1745 = VERTEX_POINT('',#1746);
#1746 = CARTESIAN_POINT('',(-3.047454748225,-5.75,2.));
#1747 = LINE('',#1748,#1749);
#1748 = CARTESIAN_POINT('',(-0.649519052838,-5.75,2.));
#1749 = VECTOR('',#1750,1.);
#1750 = DIRECTION('',(1.,0.,0.));
#1751 = ORIENTED_EDGE('',*,*,#1752,.T.);
#1752 = EDGE_CURVE('',#1743,#1753,#1755,.T.);
#1753 = VERTEX_POINT('',#1754);
#1754 = CARTESIAN_POINT('',(-5.,-4.75,2.));
#1755 = CIRCLE('',#1756,1.);
#1756 = AXIS2_PLACEMENT_3D('',#1757,#1758,#1759);
#1757 = CARTESIAN_POINT('',(-4.,-4.75,2.));
#1758 = DIRECTION('',(-0.,-0.,-1.));
#1759 = DIRECTION('',(0.,-1.,0.));
#1760 = ORIENTED_EDGE('',*,*,#1761,.F.);
#1761 = EDGE_CURVE('',#1762,#1753,#1764,.T.);
#1762 = VERTEX_POINT('',#1763);
#1763 = CARTESIAN_POINT('',(-5.,-3.130673071982,2.));
#1764 = LINE('',#1765,#1766);
#1765 = CARTESIAN_POINT('',(-5.,-5.988709620739,2.));
#1766 = VECTOR('',#1767,1.);
#1767 = DIRECTION('',(0.,-1.,0.));
#1768 = ORIENTED_EDGE('',*,*,#1769,.F.);
#1769 = EDGE_CURVE('',#1770,#1762,#1772,.T.);
#1770 = VERTEX_POINT('',#1771);
#1771 = CARTESIAN_POINT('',(-3.138065784842,-2.623652945419,2.));
#1772 = CIRCLE('',#1773,1.);
#1773 = AXIS2_PLACEMENT_3D('',#1774,#1775,#1776);
#1774 = CARTESIAN_POINT('',(-4.,-3.130673071982,2.));
#1775 = DIRECTION('',(-0.,0.,1.));
#1776 = DIRECTION('',(0.,-1.,0.));
#1777 = ORIENTED_EDGE('',*,*,#1778,.T.);
#1778 = EDGE_CURVE('',#1770,#1779,#1781,.T.);
#1779 = VERTEX_POINT('',#1780);
#1780 = CARTESIAN_POINT('',(-2.185520533067,-4.242979873437,2.));
#1781 = LINE('',#1782,#1783);
#1782 = CARTESIAN_POINT('',(-1.027746226989,-6.211196193769,2.));
#1783 = VECTOR('',#1784,1.);
#1784 = DIRECTION('',(0.507020126563,-0.861934215158,0.));
#1785 = ORIENTED_EDGE('',*,*,#1786,.T.);
#1786 = EDGE_CURVE('',#1779,#1745,#1787,.T.);
#1787 = CIRCLE('',#1788,1.);
#1788 = AXIS2_PLACEMENT_3D('',#1789,#1790,#1791);
#1789 = CARTESIAN_POINT('',(-3.047454748225,-4.75,2.));
#1790 = DIRECTION('',(-0.,-0.,-1.));
#1791 = DIRECTION('',(0.,-1.,0.));
#1792 = FACE_BOUND('',#1793,.T.);
#1793 = EDGE_LOOP('',(#1794,#1804,#1813,#1821,#1830,#1838));
#1794 = ORIENTED_EDGE('',*,*,#1795,.F.);
#1795 = EDGE_CURVE('',#1796,#1798,#1800,.T.);
#1796 = VERTEX_POINT('',#1797);
#1797 = CARTESIAN_POINT('',(-3.138065784842,-10.37634705458,2.));
#1798 = VERTEX_POINT('',#1799);
#1799 = CARTESIAN_POINT('',(-2.185520533067,-8.757020126563,2.));
#1800 = LINE('',#1801,#1802);
#1801 = CARTESIAN_POINT('',(-0.908623530463,-6.586295222137,2.));
#1802 = VECTOR('',#1803,1.);
#1803 = DIRECTION('',(0.507020126563,0.861934215158,0.));
#1804 = ORIENTED_EDGE('',*,*,#1805,.T.);
#1805 = EDGE_CURVE('',#1796,#1806,#1808,.T.);
#1806 = VERTEX_POINT('',#1807);
#1807 = CARTESIAN_POINT('',(-5.,-9.869326928018,2.));
#1808 = CIRCLE('',#1809,1.);
#1809 = AXIS2_PLACEMENT_3D('',#1810,#1811,#1812);
#1810 = CARTESIAN_POINT('',(-4.,-9.869326928018,2.));
#1811 = DIRECTION('',(-0.,-0.,-1.));
#1812 = DIRECTION('',(0.,-1.,0.));
#1813 = ORIENTED_EDGE('',*,*,#1814,.F.);
#1814 = EDGE_CURVE('',#1815,#1806,#1817,.T.);
#1815 = VERTEX_POINT('',#1816);
#1816 = CARTESIAN_POINT('',(-5.,-8.25,2.));
#1817 = LINE('',#1818,#1819);
#1818 = CARTESIAN_POINT('',(-5.,-9.884527230914,2.));
#1819 = VECTOR('',#1820,1.);
#1820 = DIRECTION('',(0.,-1.,0.));
#1821 = ORIENTED_EDGE('',*,*,#1822,.F.);
#1822 = EDGE_CURVE('',#1823,#1815,#1825,.T.);
#1823 = VERTEX_POINT('',#1824);
#1824 = CARTESIAN_POINT('',(-4.,-7.25,2.));
#1825 = CIRCLE('',#1826,1.);
#1826 = AXIS2_PLACEMENT_3D('',#1827,#1828,#1829);
#1827 = CARTESIAN_POINT('',(-4.,-8.25,2.));
#1828 = DIRECTION('',(-0.,0.,1.));
#1829 = DIRECTION('',(0.,-1.,0.));
#1830 = ORIENTED_EDGE('',*,*,#1831,.T.);
#1831 = EDGE_CURVE('',#1823,#1832,#1834,.T.);
#1832 = VERTEX_POINT('',#1833);
#1833 = CARTESIAN_POINT('',(-3.047454748225,-7.25,2.));
#1834 = LINE('',#1835,#1836);
#1835 = CARTESIAN_POINT('',(-0.649519052838,-7.25,2.));
#1836 = VECTOR('',#1837,1.);
#1837 = DIRECTION('',(1.,0.,0.));
#1838 = ORIENTED_EDGE('',*,*,#1839,.T.);
#1839 = EDGE_CURVE('',#1832,#1798,#1840,.T.);
#1840 = CIRCLE('',#1841,1.);
#1841 = AXIS2_PLACEMENT_3D('',#1842,#1843,#1844);
#1842 = CARTESIAN_POINT('',(-3.047454748225,-8.25,2.));
#1843 = DIRECTION('',(-0.,-0.,-1.));
#1844 = DIRECTION('',(0.,-1.,0.));
#1845 = FACE_BOUND('',#1846,.T.);
#1846 = EDGE_LOOP('',(#1847,#1857,#1866,#1874,#1883,#1891));
#1847 = ORIENTED_EDGE('',*,*,#1848,.T.);
#1848 = EDGE_CURVE('',#1849,#1851,#1853,.T.);
#1849 = VERTEX_POINT('',#1850);
#1850 = CARTESIAN_POINT('',(5.,-3.130673071982,2.));
#1851 = VERTEX_POINT('',#1852);
#1852 = CARTESIAN_POINT('',(5.,-4.75,2.));
#1853 = LINE('',#1854,#1855);
#1854 = CARTESIAN_POINT('',(5.,-5.988709620739,2.));
#1855 = VECTOR('',#1856,1.);
#1856 = DIRECTION('',(0.,-1.,0.));
#1857 = ORIENTED_EDGE('',*,*,#1858,.F.);
#1858 = EDGE_CURVE('',#1859,#1851,#1861,.T.);
#1859 = VERTEX_POINT('',#1860);
#1860 = CARTESIAN_POINT('',(4.,-5.75,2.));
#1861 = CIRCLE('',#1862,1.);
#1862 = AXIS2_PLACEMENT_3D('',#1863,#1864,#1865);
#1863 = CARTESIAN_POINT('',(4.,-4.75,2.));
#1864 = DIRECTION('',(-0.,0.,1.));
#1865 = DIRECTION('',(0.,-1.,0.));
#1866 = ORIENTED_EDGE('',*,*,#1867,.T.);
#1867 = EDGE_CURVE('',#1859,#1868,#1870,.T.);
#1868 = VERTEX_POINT('',#1869);
#1869 = CARTESIAN_POINT('',(3.047454748225,-5.75,2.));
#1870 = LINE('',#1871,#1872);
#1871 = CARTESIAN_POINT('',(0.649519052838,-5.75,2.));
#1872 = VECTOR('',#1873,1.);
#1873 = DIRECTION('',(-1.,0.,0.));
#1874 = ORIENTED_EDGE('',*,*,#1875,.T.);
#1875 = EDGE_CURVE('',#1868,#1876,#1878,.T.);
#1876 = VERTEX_POINT('',#1877);
#1877 = CARTESIAN_POINT('',(2.185520533067,-4.242979873437,2.));
#1878 = CIRCLE('',#1879,1.);
#1879 = AXIS2_PLACEMENT_3D('',#1880,#1881,#1882);
#1880 = CARTESIAN_POINT('',(3.047454748225,-4.75,2.));
#1881 = DIRECTION('',(-0.,-0.,-1.));
#1882 = DIRECTION('',(0.,-1.,0.));
#1883 = ORIENTED_EDGE('',*,*,#1884,.F.);
#1884 = EDGE_CURVE('',#1885,#1876,#1887,.T.);
#1885 = VERTEX_POINT('',#1886);
#1886 = CARTESIAN_POINT('',(3.138065784842,-2.623652945419,2.));
#1887 = LINE('',#1888,#1889);
#1888 = CARTESIAN_POINT('',(1.027746226989,-6.211196193769,2.));
#1889 = VECTOR('',#1890,1.);
#1890 = DIRECTION('',(-0.507020126563,-0.861934215158,0.));
#1891 = ORIENTED_EDGE('',*,*,#1892,.T.);
#1892 = EDGE_CURVE('',#1885,#1849,#1893,.T.);
#1893 = CIRCLE('',#1894,1.);
#1894 = AXIS2_PLACEMENT_3D('',#1895,#1896,#1897);
#1895 = CARTESIAN_POINT('',(4.,-3.130673071982,2.));
#1896 = DIRECTION('',(-0.,-0.,-1.));
#1897 = DIRECTION('',(0.,-1.,0.));
#1898 = FACE_BOUND('',#1899,.T.);
#1899 = EDGE_LOOP('',(#1900,#1910,#1919,#1927,#1936,#1944));
#1900 = ORIENTED_EDGE('',*,*,#1901,.T.);
#1901 = EDGE_CURVE('',#1902,#1904,#1906,.T.);
#1902 = VERTEX_POINT('',#1903);
#1903 = CARTESIAN_POINT('',(4.722171592746,-19.,2.));
#1904 = VERTEX_POINT('',#1905);
#1905 = CARTESIAN_POINT('',(3.05947996833,-19.,2.));
#1906 = LINE('',#1907,#1908);
#1907 = CARTESIAN_POINT('',(0.655466687794,-19.,2.));
#1908 = VECTOR('',#1909,1.);
#1909 = DIRECTION('',(-1.,0.,0.));
#1910 = ORIENTED_EDGE('',*,*,#1911,.F.);
#1911 = EDGE_CURVE('',#1912,#1904,#1914,.T.);
#1912 = VERTEX_POINT('',#1913);
#1913 = CARTESIAN_POINT('',(2.197578234266,-17.49292465962,2.));
#1914 = CIRCLE('',#1915,1.);
#1915 = AXIS2_PLACEMENT_3D('',#1916,#1917,#1918);
#1916 = CARTESIAN_POINT('',(3.05947996833,-18.,2.));
#1917 = DIRECTION('',(-0.,0.,1.));
#1918 = DIRECTION('',(0.,-1.,0.));
#1919 = ORIENTED_EDGE('',*,*,#1920,.T.);
#1920 = EDGE_CURVE('',#1912,#1921,#1923,.T.);
#1921 = VERTEX_POINT('',#1922);
#1922 = CARTESIAN_POINT('',(3.028984974728,-16.0797403569,2.));
#1923 = LINE('',#1924,#1925);
#1924 = CARTESIAN_POINT('',(5.223527051275,-12.34956562616,2.));
#1925 = VECTOR('',#1926,1.);
#1926 = DIRECTION('',(0.507075340376,0.861901734064,0.));
#1927 = ORIENTED_EDGE('',*,*,#1928,.T.);
#1928 = EDGE_CURVE('',#1921,#1929,#1931,.T.);
#1929 = VERTEX_POINT('',#1930);
#1930 = CARTESIAN_POINT('',(4.75282092395,-16.07979557071,2.));
#1931 = CIRCLE('',#1932,1.);
#1932 = AXIS2_PLACEMENT_3D('',#1933,#1934,#1935);
#1933 = CARTESIAN_POINT('',(3.890886708792,-16.58681569727,2.));
#1934 = DIRECTION('',(-0.,-0.,-1.));
#1935 = DIRECTION('',(0.,-1.,0.));
#1936 = ORIENTED_EDGE('',*,*,#1937,.F.);
#1937 = EDGE_CURVE('',#1938,#1929,#1940,.T.);
#1938 = VERTEX_POINT('',#1939);
#1939 = CARTESIAN_POINT('',(5.584105807904,-17.49297987343,2.));
#1940 = LINE('',#1941,#1942);
#1941 = CARTESIAN_POINT('',(1.558150094413,-10.6488551605,2.));
#1942 = VECTOR('',#1943,1.);
#1943 = DIRECTION('',(-0.507020126563,0.861934215158,0.));
#1944 = ORIENTED_EDGE('',*,*,#1945,.T.);
#1945 = EDGE_CURVE('',#1938,#1902,#1946,.T.);
#1946 = CIRCLE('',#1947,1.);
#1947 = AXIS2_PLACEMENT_3D('',#1948,#1949,#1950);
#1948 = CARTESIAN_POINT('',(4.722171592746,-18.,2.));
#1949 = DIRECTION('',(-0.,-0.,-1.));
#1950 = DIRECTION('',(0.,-1.,0.));
#1951 = FACE_BOUND('',#1952,.T.);
#1952 = EDGE_LOOP('',(#1953,#1963,#1972,#1980,#1989,#1997));
#1953 = ORIENTED_EDGE('',*,*,#1954,.F.);
#1954 = EDGE_CURVE('',#1955,#1957,#1959,.T.);
#1955 = VERTEX_POINT('',#1956);
#1956 = CARTESIAN_POINT('',(2.197578583792,4.49292438799,2.));
#1957 = VERTEX_POINT('',#1958);
#1958 = CARTESIAN_POINT('',(3.02898552913,3.079740756078,2.));
#1959 = LINE('',#1960,#1961);
#1960 = CARTESIAN_POINT('',(5.104396812975,-0.447938766279,2.));
#1961 = VECTOR('',#1962,1.);
#1962 = DIRECTION('',(0.50707561201,-0.861901574256,0.));
#1963 = ORIENTED_EDGE('',*,*,#1964,.T.);
#1964 = EDGE_CURVE('',#1955,#1965,#1967,.T.);
#1965 = VERTEX_POINT('',#1966);
#1966 = CARTESIAN_POINT('',(3.059480158048,6.,2.));
#1967 = CIRCLE('',#1968,1.);
#1968 = AXIS2_PLACEMENT_3D('',#1969,#1970,#1971);
#1969 = CARTESIAN_POINT('',(3.059480158048,5.,2.));
#1970 = DIRECTION('',(-0.,-0.,-1.));
#1971 = DIRECTION('',(0.,-1.,0.));
#1972 = ORIENTED_EDGE('',*,*,#1973,.F.);
#1973 = EDGE_CURVE('',#1974,#1965,#1976,.T.);
#1974 = VERTEX_POINT('',#1975);
#1975 = CARTESIAN_POINT('',(4.722171592746,6.,2.));
#1976 = LINE('',#1977,#1978);
#1977 = CARTESIAN_POINT('',(0.655466462972,6.,2.));
#1978 = VECTOR('',#1979,1.);
#1979 = DIRECTION('',(-1.,0.,0.));
#1980 = ORIENTED_EDGE('',*,*,#1981,.F.);
#1981 = EDGE_CURVE('',#1982,#1974,#1984,.T.);
#1982 = VERTEX_POINT('',#1983);
#1983 = CARTESIAN_POINT('',(5.584105807904,4.492979873437,2.));
#1984 = CIRCLE('',#1985,1.);
#1985 = AXIS2_PLACEMENT_3D('',#1986,#1987,#1988);
#1986 = CARTESIAN_POINT('',(4.722171592746,5.,2.));
#1987 = DIRECTION('',(-0.,0.,1.));
#1988 = DIRECTION('',(0.,-1.,0.));
#1989 = ORIENTED_EDGE('',*,*,#1990,.T.);
#1990 = EDGE_CURVE('',#1982,#1991,#1993,.T.);
#1991 = VERTEX_POINT('',#1992);
#1992 = CARTESIAN_POINT('',(4.752821318544,3.079796241525,2.));
#1993 = LINE('',#1994,#1995);
#1994 = CARTESIAN_POINT('',(1.677273143616,-2.148635655853,2.));
#1995 = VECTOR('',#1996,1.);
#1996 = DIRECTION('',(-0.507020126563,-0.861934215158,0.));
#1997 = ORIENTED_EDGE('',*,*,#1998,.T.);
#1998 = EDGE_CURVE('',#1991,#1957,#1999,.T.);
#1999 = CIRCLE('',#2000,1.);
#2000 = AXIS2_PLACEMENT_3D('',#2001,#2002,#2003);
#2001 = CARTESIAN_POINT('',(3.890887103386,3.586816368088,2.));
#2002 = DIRECTION('',(-0.,-0.,-1.));
#2003 = DIRECTION('',(0.,-1.,0.));
#2004 = FACE_BOUND('',#2005,.T.);
#2005 = EDGE_LOOP('',(#2006,#2016,#2025,#2033,#2042,#2050));
#2006 = ORIENTED_EDGE('',*,*,#2007,.F.);
#2007 = EDGE_CURVE('',#2008,#2010,#2012,.T.);
#2008 = VERTEX_POINT('',#2009);
#2009 = CARTESIAN_POINT('',(-3.059480158048,6.,2.));
#2010 = VERTEX_POINT('',#2011);
#2011 = CARTESIAN_POINT('',(-4.722171592746,6.,2.));
#2012 = LINE('',#2013,#2014);
#2013 = CARTESIAN_POINT('',(-3.235294117647,6.,2.));
#2014 = VECTOR('',#2015,1.);
#2015 = DIRECTION('',(-1.,0.,0.));
#2016 = ORIENTED_EDGE('',*,*,#2017,.F.);
#2017 = EDGE_CURVE('',#2018,#2008,#2020,.T.);
#2018 = VERTEX_POINT('',#2019);
#2019 = CARTESIAN_POINT('',(-2.197578583792,4.49292438799,2.));
#2020 = CIRCLE('',#2021,1.);
#2021 = AXIS2_PLACEMENT_3D('',#2022,#2023,#2024);
#2022 = CARTESIAN_POINT('',(-3.059480158048,5.,2.));
#2023 = DIRECTION('',(-0.,0.,1.));
#2024 = DIRECTION('',(0.,-1.,0.));
#2025 = ORIENTED_EDGE('',*,*,#2026,.T.);
#2026 = EDGE_CURVE('',#2018,#2027,#2029,.T.);
#2027 = VERTEX_POINT('',#2028);
#2028 = CARTESIAN_POINT('',(-3.02898552913,3.079740756078,2.));
#2029 = LINE('',#2030,#2031);
#2030 = CARTESIAN_POINT('',(-5.104396812975,-0.447938766279,2.));
#2031 = VECTOR('',#2032,1.);
#2032 = DIRECTION('',(-0.50707561201,-0.861901574256,0.));
#2033 = ORIENTED_EDGE('',*,*,#2034,.T.);
#2034 = EDGE_CURVE('',#2027,#2035,#2037,.T.);
#2035 = VERTEX_POINT('',#2036);
#2036 = CARTESIAN_POINT('',(-4.752821318544,3.079796241525,2.));
#2037 = CIRCLE('',#2038,1.);
#2038 = AXIS2_PLACEMENT_3D('',#2039,#2040,#2041);
#2039 = CARTESIAN_POINT('',(-3.890887103386,3.586816368088,2.));
#2040 = DIRECTION('',(-0.,-0.,-1.));
#2041 = DIRECTION('',(0.,-1.,0.));
#2042 = ORIENTED_EDGE('',*,*,#2043,.T.);
#2043 = EDGE_CURVE('',#2035,#2044,#2046,.T.);
#2044 = VERTEX_POINT('',#2045);
#2045 = CARTESIAN_POINT('',(-5.584105807904,4.492979873437,2.));
#2046 = LINE('',#2047,#2048);
#2047 = CARTESIAN_POINT('',(-2.967091969766,4.405634860253E-02,2.));
#2048 = VECTOR('',#2049,1.);
#2049 = DIRECTION('',(-0.507020126563,0.861934215158,0.));
#2050 = ORIENTED_EDGE('',*,*,#2051,.T.);
#2051 = EDGE_CURVE('',#2044,#2010,#2052,.T.);
#2052 = CIRCLE('',#2053,1.);
#2053 = AXIS2_PLACEMENT_3D('',#2054,#2055,#2056);
#2054 = CARTESIAN_POINT('',(-4.722171592746,5.,2.));
#2055 = DIRECTION('',(-0.,-0.,-1.));
#2056 = DIRECTION('',(0.,-1.,0.));
#2057 = FACE_BOUND('',#2058,.T.);
#2058 = EDGE_LOOP('',(#2059,#2069,#2078,#2086,#2095,#2103));
#2059 = ORIENTED_EDGE('',*,*,#2060,.T.);
#2060 = EDGE_CURVE('',#2061,#2063,#2065,.T.);
#2061 = VERTEX_POINT('',#2062);
#2062 = CARTESIAN_POINT('',(-5.584105807904,-17.49297987343,2.));
#2063 = VERTEX_POINT('',#2064);
#2064 = CARTESIAN_POINT('',(-4.752821548737,-16.07979663285,2.));
#2065 = LINE('',#2066,#2067);
#2066 = CARTESIAN_POINT('',(-1.558150563538,-10.64885595801,2.));
#2067 = VECTOR('',#2068,1.);
#2068 = DIRECTION('',(0.507020126563,0.861934215158,0.));
#2069 = ORIENTED_EDGE('',*,*,#2070,.F.);
#2070 = EDGE_CURVE('',#2071,#2063,#2073,.T.);
#2071 = VERTEX_POINT('',#2072);
#2072 = CARTESIAN_POINT('',(-3.028985760713,-16.07974114504,2.));
#2073 = CIRCLE('',#2074,1.);
#2074 = AXIS2_PLACEMENT_3D('',#2075,#2076,#2077);
#2075 = CARTESIAN_POINT('',(-3.890887333579,-16.58681675941,2.));
#2076 = DIRECTION('',(-0.,0.,1.));
#2077 = DIRECTION('',(0.,-1.,0.));
#2078 = ORIENTED_EDGE('',*,*,#2079,.T.);
#2079 = EDGE_CURVE('',#2071,#2080,#2082,.T.);
#2080 = VERTEX_POINT('',#2081);
#2081 = CARTESIAN_POINT('',(-2.197579040387,-17.49292438562,2.));
#2082 = LINE('',#2083,#2084);
#2083 = CARTESIAN_POINT('',(-3.933519604274,-14.54226010596,2.));
#2084 = VECTOR('',#2085,1.);
#2085 = DIRECTION('',(0.507075614373,-0.861901572866,0.));
#2086 = ORIENTED_EDGE('',*,*,#2087,.T.);
#2087 = EDGE_CURVE('',#2080,#2088,#2090,.T.);
#2088 = VERTEX_POINT('',#2089);
#2089 = CARTESIAN_POINT('',(-3.059480613253,-19.,2.));
#2090 = CIRCLE('',#2091,1.);
#2091 = AXIS2_PLACEMENT_3D('',#2092,#2093,#2094);
#2092 = CARTESIAN_POINT('',(-3.059480613253,-18.,2.));
#2093 = DIRECTION('',(-0.,-0.,-1.));
#2094 = DIRECTION('',(0.,-1.,0.));
#2095 = ORIENTED_EDGE('',*,*,#2096,.T.);
#2096 = EDGE_CURVE('',#2088,#2097,#2099,.T.);
#2097 = VERTEX_POINT('',#2098);
#2098 = CARTESIAN_POINT('',(-4.722171592746,-19.,2.));
#2099 = LINE('',#2100,#2101);
#2100 = CARTESIAN_POINT('',(-3.235294117647,-19.,2.));
#2101 = VECTOR('',#2102,1.);
#2102 = DIRECTION('',(-1.,0.,0.));
#2103 = ORIENTED_EDGE('',*,*,#2104,.T.);
#2104 = EDGE_CURVE('',#2097,#2061,#2105,.T.);
#2105 = CIRCLE('',#2106,1.);
#2106 = AXIS2_PLACEMENT_3D('',#2107,#2108,#2109);
#2107 = CARTESIAN_POINT('',(-4.722171592746,-18.,2.));
#2108 = DIRECTION('',(-0.,-0.,-1.));
#2109 = DIRECTION('',(0.,-1.,0.));
#2110 = FACE_BOUND('',#2111,.T.);
#2111 = EDGE_LOOP('',(#2112,#2122,#2131,#2139,#2148,#2156));
#2112 = ORIENTED_EDGE('',*,*,#2113,.F.);
#2113 = EDGE_CURVE('',#2114,#2116,#2118,.T.);
#2114 = VERTEX_POINT('',#2115);
#2115 = CARTESIAN_POINT('',(0.831266651563,-13.88538361298,2.));
#2116 = VERTEX_POINT('',#2117);
#2117 = CARTESIAN_POINT('',(-0.831265487709,-13.88538361298,2.));
#2118 = LINE('',#2119,#2120);
#2119 = CARTESIAN_POINT('',(-1.289818266414,-13.88538361298,2.));
#2120 = VECTOR('',#2121,1.);
#2121 = DIRECTION('',(-1.,0.,0.));
#2122 = ORIENTED_EDGE('',*,*,#2123,.T.);
#2123 = EDGE_CURVE('',#2114,#2124,#2126,.T.);
#2124 = VERTEX_POINT('',#2125);
#2125 = CARTESIAN_POINT('',(1.693212111542,-15.39238462287,2.));
#2126 = CIRCLE('',#2127,1.);
#2127 = AXIS2_PLACEMENT_3D('',#2128,#2129,#2130);
#2128 = CARTESIAN_POINT('',(0.831266651563,-14.88538361298,2.));
#2129 = DIRECTION('',(-0.,-0.,-1.));
#2130 = DIRECTION('',(0.,-1.,0.));
#2131 = ORIENTED_EDGE('',*,*,#2132,.F.);
#2132 = EDGE_CURVE('',#2133,#2124,#2135,.T.);
#2133 = VERTEX_POINT('',#2134);
#2134 = CARTESIAN_POINT('',(0.861945756215,-16.80560914716,2.));
#2135 = LINE('',#2136,#2137);
#2136 = CARTESIAN_POINT('',(3.921383117066,-11.60430167069,2.));
#2137 = VECTOR('',#2138,1.);
#2138 = DIRECTION('',(0.507001009882,0.861945459979,0.));
#2139 = ORIENTED_EDGE('',*,*,#2140,.F.);
#2140 = EDGE_CURVE('',#2141,#2133,#2143,.T.);
#2141 = VERTEX_POINT('',#2142);
#2142 = CARTESIAN_POINT('',(-0.861945316038,-16.80560888825,2.));
#2143 = CIRCLE('',#2144,1.);
#2144 = AXIS2_PLACEMENT_3D('',#2145,#2146,#2147);
#2145 = CARTESIAN_POINT('',(2.9623566653E-07,-16.29860813728,2.));
#2146 = DIRECTION('',(-0.,0.,1.));
#2147 = DIRECTION('',(0.,-1.,0.));
#2148 = ORIENTED_EDGE('',*,*,#2149,.T.);
#2149 = EDGE_CURVE('',#2141,#2150,#2152,.T.);
#2150 = VERTEX_POINT('',#2151);
#2151 = CARTESIAN_POINT('',(-1.693211099982,-15.39238436395,2.));
#2152 = LINE('',#2153,#2154);
#2153 = CARTESIAN_POINT('',(-3.921381351571,-11.60430008974,2.));
#2154 = VECTOR('',#2155,1.);
#2155 = DIRECTION('',(-0.507000750968,0.861945612274,0.));
#2156 = ORIENTED_EDGE('',*,*,#2157,.T.);
#2157 = EDGE_CURVE('',#2150,#2116,#2158,.T.);
#2158 = CIRCLE('',#2159,1.);
#2159 = AXIS2_PLACEMENT_3D('',#2160,#2161,#2162);
#2160 = CARTESIAN_POINT('',(-0.831265487709,-14.88538361298,2.));
#2161 = DIRECTION('',(-0.,-0.,-1.));
#2162 = DIRECTION('',(0.,-1.,0.));
#2163 = FACE_BOUND('',#2164,.T.);
#2164 = EDGE_LOOP('',(#2165,#2175,#2184,#2192,#2201,#2209));
#2165 = ORIENTED_EDGE('',*,*,#2166,.F.);
#2166 = EDGE_CURVE('',#2167,#2169,#2171,.T.);
#2167 = VERTEX_POINT('',#2168);
#2168 = CARTESIAN_POINT('',(-0.861945003934,3.805608615882,2.));
#2169 = VERTEX_POINT('',#2170);
#2170 = CARTESIAN_POINT('',(-1.693210397113,2.392384761317,2.));
#2171 = LINE('',#2172,#2173);
#2172 = CARTESIAN_POINT('',(-3.802261110876,-1.193185868277,2.));
#2173 = VECTOR('',#2174,1.);
#2174 = DIRECTION('',(-0.507000752406,-0.861945611428,0.));
#2175 = ORIENTED_EDGE('',*,*,#2176,.T.);
#2176 = EDGE_CURVE('',#2167,#2177,#2179,.T.);
#2177 = VERTEX_POINT('',#2178);
#2178 = CARTESIAN_POINT('',(0.861945906609,3.805609146841,2.));
#2179 = CIRCLE('',#2180,1.);
#2180 = AXIS2_PLACEMENT_3D('',#2181,#2182,#2183);
#2181 = CARTESIAN_POINT('',(6.0749385636E-07,3.298607863477,2.));
#2182 = DIRECTION('',(-0.,-0.,-1.));
#2183 = DIRECTION('',(0.,-1.,0.));
#2184 = ORIENTED_EDGE('',*,*,#2185,.F.);
#2185 = EDGE_CURVE('',#2186,#2177,#2188,.T.);
#2186 = VERTEX_POINT('',#2187);
#2187 = CARTESIAN_POINT('',(1.69321247153,2.392385292275,2.));
#2188 = LINE('',#2189,#2190);
#2189 = CARTESIAN_POINT('',(2.512444914601,0.999620468283,2.));
#2190 = VECTOR('',#2191,1.);
#2191 = DIRECTION('',(-0.507001283364,0.861945299115,0.));
#2192 = ORIENTED_EDGE('',*,*,#2193,.F.);
#2193 = EDGE_CURVE('',#2194,#2186,#2196,.T.);
#2194 = VERTEX_POINT('',#2195);
#2195 = CARTESIAN_POINT('',(0.831267172415,0.885384008911,2.));
#2196 = CIRCLE('',#2197,1.);
#2197 = AXIS2_PLACEMENT_3D('',#2198,#2199,#2200);
#2198 = CARTESIAN_POINT('',(0.831267172415,1.885384008911,2.));
#2199 = DIRECTION('',(-0.,0.,1.));
#2200 = DIRECTION('',(0.,-1.,0.));
#2201 = ORIENTED_EDGE('',*,*,#2202,.T.);
#2202 = EDGE_CURVE('',#2194,#2203,#2205,.T.);
#2203 = VERTEX_POINT('',#2204);
#2204 = CARTESIAN_POINT('',(-0.831264785685,0.885384008911,2.));
#2205 = LINE('',#2206,#2207);
#2206 = CARTESIAN_POINT('',(-1.289817917094,0.885384008911,2.));
#2207 = VECTOR('',#2208,1.);
#2208 = DIRECTION('',(-1.,0.,0.));
#2209 = ORIENTED_EDGE('',*,*,#2210,.T.);
#2210 = EDGE_CURVE('',#2203,#2169,#2211,.T.);
#2211 = CIRCLE('',#2212,1.);
#2212 = AXIS2_PLACEMENT_3D('',#2213,#2214,#2215);
#2213 = CARTESIAN_POINT('',(-0.831264785685,1.885384008911,2.));
#2214 = DIRECTION('',(-0.,-0.,-1.));
#2215 = DIRECTION('',(0.,-1.,0.));
#2216 = FACE_BOUND('',#2217,.T.);
#2217 = EDGE_LOOP('',(#2218,#2228,#2237,#2245,#2254,#2262));
#2218 = ORIENTED_EDGE('',*,*,#2219,.T.);
#2219 = EDGE_CURVE('',#2220,#2222,#2224,.T.);
#2220 = VERTEX_POINT('',#2221);
#2221 = CARTESIAN_POINT('',(-0.831221009753,-0.614615991089,2.));
#2222 = VERTEX_POINT('',#2223);
#2223 = CARTESIAN_POINT('',(0.831221009753,-0.614615991089,2.));
#2224 = LINE('',#2225,#2226);
#2225 = CARTESIAN_POINT('',(1.28981882615,-0.614615991089,2.));
#2226 = VECTOR('',#2227,1.);
#2227 = DIRECTION('',(1.,0.,0.));
#2228 = ORIENTED_EDGE('',*,*,#2229,.F.);
#2229 = EDGE_CURVE('',#2230,#2222,#2232,.T.);
#2230 = VERTEX_POINT('',#2231);
#2231 = CARTESIAN_POINT('',(1.693155224911,-2.121636117652,2.));
#2232 = CIRCLE('',#2233,1.);
#2233 = AXIS2_PLACEMENT_3D('',#2234,#2235,#2236);
#2234 = CARTESIAN_POINT('',(0.831221009753,-1.614615991089,2.));
#2235 = DIRECTION('',(-0.,0.,1.));
#2236 = DIRECTION('',(0.,-1.,0.));
#2237 = ORIENTED_EDGE('',*,*,#2238,.T.);
#2238 = EDGE_CURVE('',#2230,#2239,#2241,.T.);
#2239 = VERTEX_POINT('',#2240);
#2240 = CARTESIAN_POINT('',(0.861934215158,-3.534711834232,2.));
#2241 = LINE('',#2242,#2243);
#2242 = CARTESIAN_POINT('',(-0.268202147881,-5.455943651397,2.));
#2243 = VECTOR('',#2244,1.);
#2244 = DIRECTION('',(-0.507020126563,-0.861934215158,0.));
#2245 = ORIENTED_EDGE('',*,*,#2246,.T.);
#2246 = EDGE_CURVE('',#2239,#2247,#2249,.T.);
#2247 = VERTEX_POINT('',#2248);
#2248 = CARTESIAN_POINT('',(-0.861934215158,-3.534711834232,2.));
#2249 = CIRCLE('',#2250,1.);
#2250 = AXIS2_PLACEMENT_3D('',#2251,#2252,#2253);
#2251 = CARTESIAN_POINT('',(4.3E-16,-3.027691707668,2.));
#2252 = DIRECTION('',(-0.,-0.,-1.));
#2253 = DIRECTION('',(0.,-1.,0.));
#2254 = ORIENTED_EDGE('',*,*,#2255,.F.);
#2255 = EDGE_CURVE('',#2256,#2247,#2258,.T.);
#2256 = VERTEX_POINT('',#2257);
#2257 = CARTESIAN_POINT('',(-1.693155224911,-2.121636117652,2.));
#2258 = LINE('',#2259,#2260);
#2259 = CARTESIAN_POINT('',(0.268202147881,-5.455943651397,2.));
#2260 = VECTOR('',#2261,1.);
#2261 = DIRECTION('',(0.507020126563,-0.861934215158,0.));
#2262 = ORIENTED_EDGE('',*,*,#2263,.T.);
#2263 = EDGE_CURVE('',#2256,#2220,#2264,.T.);
#2264 = CIRCLE('',#2265,1.);
#2265 = AXIS2_PLACEMENT_3D('',#2266,#2267,#2268);
#2266 = CARTESIAN_POINT('',(-0.831221009753,-1.614615991089,2.));
#2267 = DIRECTION('',(-0.,-0.,-1.));
#2268 = DIRECTION('',(0.,-1.,0.));
#2269 = FACE_BOUND('',#2270,.T.);
#2270 = EDGE_LOOP('',(#2271,#2281,#2290,#2298,#2307,#2315));
#2271 = ORIENTED_EDGE('',*,*,#2272,.T.);
#2272 = EDGE_CURVE('',#2273,#2275,#2277,.T.);
#2273 = VERTEX_POINT('',#2274);
#2274 = CARTESIAN_POINT('',(0.861934215158,-9.465288165768,2.));
#2275 = VERTEX_POINT('',#2276);
#2276 = CARTESIAN_POINT('',(1.693154992015,-10.87836348642,2.));
#2277 = LINE('',#2278,#2279);
#2278 = CARTESIAN_POINT('',(0.902493865295,-9.534239571002,2.));
#2279 = VECTOR('',#2280,1.);
#2280 = DIRECTION('',(0.507020126563,-0.861934215158,0.));
#2281 = ORIENTED_EDGE('',*,*,#2282,.F.);
#2282 = EDGE_CURVE('',#2283,#2275,#2285,.T.);
#2283 = VERTEX_POINT('',#2284);
#2284 = CARTESIAN_POINT('',(0.831220776857,-12.38538361298,2.));
#2285 = CIRCLE('',#2286,1.);
#2286 = AXIS2_PLACEMENT_3D('',#2287,#2288,#2289);
#2287 = CARTESIAN_POINT('',(0.831220776857,-11.38538361298,2.));
#2288 = DIRECTION('',(-0.,0.,1.));
#2289 = DIRECTION('',(0.,-1.,0.));
#2290 = ORIENTED_EDGE('',*,*,#2291,.T.);
#2291 = EDGE_CURVE('',#2283,#2292,#2294,.T.);
#2292 = VERTEX_POINT('',#2293);
#2293 = CARTESIAN_POINT('',(-0.831220776857,-12.38538361298,2.));
#2294 = LINE('',#2295,#2296);
#2295 = CARTESIAN_POINT('',(-1.289818709702,-12.38538361298,2.));
#2296 = VECTOR('',#2297,1.);
#2297 = DIRECTION('',(-1.,0.,0.));
#2298 = ORIENTED_EDGE('',*,*,#2299,.T.);
#2299 = EDGE_CURVE('',#2292,#2300,#2302,.T.);
#2300 = VERTEX_POINT('',#2301);
#2301 = CARTESIAN_POINT('',(-1.693154992015,-10.87836348642,2.));
#2302 = CIRCLE('',#2303,1.);
#2303 = AXIS2_PLACEMENT_3D('',#2304,#2305,#2306);
#2304 = CARTESIAN_POINT('',(-0.831220776857,-11.38538361298,2.));
#2305 = DIRECTION('',(-0.,-0.,-1.));
#2306 = DIRECTION('',(0.,-1.,0.));
#2307 = ORIENTED_EDGE('',*,*,#2308,.F.);
#2308 = EDGE_CURVE('',#2309,#2300,#2311,.T.);
#2309 = VERTEX_POINT('',#2310);
#2310 = CARTESIAN_POINT('',(-0.861934215158,-9.465288165768,2.));
#2311 = LINE('',#2312,#2313);
#2312 = CARTESIAN_POINT('',(-0.902493865295,-9.534239571002,2.));
#2313 = VECTOR('',#2314,1.);
#2314 = DIRECTION('',(-0.507020126563,-0.861934215158,0.));
#2315 = ORIENTED_EDGE('',*,*,#2316,.T.);
#2316 = EDGE_CURVE('',#2309,#2273,#2317,.T.);
#2317 = CIRCLE('',#2318,1.);
#2318 = AXIS2_PLACEMENT_3D('',#2319,#2320,#2321);
#2319 = CARTESIAN_POINT('',(0.,-9.972308292332,2.));
#2320 = DIRECTION('',(-0.,-0.,-1.));
#2321 = DIRECTION('',(0.,-1.,0.));
#2322 = PLANE('',#2323);
#2323 = AXIS2_PLACEMENT_3D('',#2324,#2325,#2326);
#2324 = CARTESIAN_POINT('',(2.755799887601E-02,-6.562953654807,2.));
#2325 = DIRECTION('',(0.,0.,1.));
#2326 = DIRECTION('',(1.,0.,0.));
#2327 = ADVANCED_FACE('',(#2328),#2339,.T.);
#2328 = FACE_BOUND('',#2329,.T.);
#2329 = EDGE_LOOP('',(#2330,#2331,#2332,#2338));
#2330 = ORIENTED_EDGE('',*,*,#110,.F.);
#2331 = ORIENTED_EDGE('',*,*,#456,.T.);
#2332 = ORIENTED_EDGE('',*,*,#2333,.T.);
#2333 = EDGE_CURVE('',#449,#167,#2334,.T.);
#2334 = LINE('',#2335,#2336);
#2335 = CARTESIAN_POINT('',(12.988799086687,-21.0742060507,1.8));
#2336 = VECTOR('',#2337,1.);
#2337 = DIRECTION('',(0.699186539427,-0.105537590857,-0.707106781187));
#2338 = ORIENTED_EDGE('',*,*,#174,.F.);
#2339 = CONICAL_SURFACE('',#2340,1.,0.785398163397);
#2340 = AXIS2_PLACEMENT_3D('',#2341,#2342,#2343);
#2341 = CARTESIAN_POINT('',(12.,-20.92495335837,1.8));
#2342 = DIRECTION('',(-0.,-0.,-1.));
#2343 = DIRECTION('',(1.,0.,0.));
#2344 = ADVANCED_FACE('',(#2345,#2782,#2852,#2922,#2933,#2944,#2955,
    #2966,#3019,#3072,#3143,#3214,#3267,#3320,#3373,#3426,#3479,#3532,
    #3585,#3638,#3691,#3744,#3797,#3850,#3903,#3956,#4009,#4062,#4115,
    #4168,#4221,#4274,#4327),#4380,.T.);
#2345 = FACE_BOUND('',#2346,.T.);
#2346 = EDGE_LOOP('',(#2347,#2357,#2366,#2375,#2384,#2392,#2401,#2409,
    #2418,#2427,#2436,#2445,#2453,#2462,#2470,#2479,#2487,#2496,#2505,
    #2514,#2523,#2531,#2540,#2548,#2557,#2566,#2575,#2584,#2592,#2601,
    #2610,#2617,#2618,#2619,#2628,#2636,#2645,#2653,#2662,#2671,#2680,
    #2688,#2697,#2706,#2715,#2723,#2732,#2740,#2749,#2757,#2766,#2775));
#2347 = ORIENTED_EDGE('',*,*,#2348,.T.);
#2348 = EDGE_CURVE('',#2349,#2351,#2353,.T.);
#2349 = VERTEX_POINT('',#2350);
#2350 = CARTESIAN_POINT('',(-12.8,-13.93826230851,0.));
#2351 = VERTEX_POINT('',#2352);
#2352 = CARTESIAN_POINT('',(-12.8,0.93826230851,0.));
#2353 = LINE('',#2354,#2355);
#2354 = CARTESIAN_POINT('',(-12.8,-13.93826230851,0.));
#2355 = VECTOR('',#2356,1.);
#2356 = DIRECTION('',(0.,1.,0.));
#2357 = ORIENTED_EDGE('',*,*,#2358,.T.);
#2358 = EDGE_CURVE('',#2351,#2359,#2361,.T.);
#2359 = VERTEX_POINT('',#2360);
#2360 = CARTESIAN_POINT('',(-13.56363636363,2.056111482978,0.));
#2361 = CIRCLE('',#2362,1.2);
#2362 = AXIS2_PLACEMENT_3D('',#2363,#2364,#2365);
#2363 = CARTESIAN_POINT('',(-14.,0.93826230851,0.));
#2364 = DIRECTION('',(0.,-0.,1.));
#2365 = DIRECTION('',(1.,1.11E-15,0.));
#2366 = ORIENTED_EDGE('',*,*,#2367,.T.);
#2367 = EDGE_CURVE('',#2359,#2368,#2370,.T.);
#2368 = VERTEX_POINT('',#2369);
#2369 = CARTESIAN_POINT('',(-13.56363636363,4.943888517022,0.));
#2370 = CIRCLE('',#2371,1.55);
#2371 = AXIS2_PLACEMENT_3D('',#2372,#2373,#2374);
#2372 = CARTESIAN_POINT('',(-13.,3.5,0.));
#2373 = DIRECTION('',(0.,0.,-1.));
#2374 = DIRECTION('',(-0.363636363636,-0.931540978724,-0.));
#2375 = ORIENTED_EDGE('',*,*,#2376,.T.);
#2376 = EDGE_CURVE('',#2368,#2377,#2379,.T.);
#2377 = VERTEX_POINT('',#2378);
#2378 = CARTESIAN_POINT('',(-12.8,6.06173769149,0.));
#2379 = CIRCLE('',#2380,1.2);
#2380 = AXIS2_PLACEMENT_3D('',#2381,#2382,#2383);
#2381 = CARTESIAN_POINT('',(-14.,6.06173769149,0.));
#2382 = DIRECTION('',(-0.,0.,1.));
#2383 = DIRECTION('',(0.363636363636,-0.931540978724,0.));
#2384 = ORIENTED_EDGE('',*,*,#2385,.T.);
#2385 = EDGE_CURVE('',#2377,#2386,#2388,.T.);
#2386 = VERTEX_POINT('',#2387);
#2387 = CARTESIAN_POINT('',(-12.8,29.,0.));
#2388 = LINE('',#2389,#2390);
#2389 = CARTESIAN_POINT('',(-12.8,6.06173769149,0.));
#2390 = VECTOR('',#2391,1.);
#2391 = DIRECTION('',(0.,1.,0.));
#2392 = ORIENTED_EDGE('',*,*,#2393,.T.);
#2393 = EDGE_CURVE('',#2386,#2394,#2396,.T.);
#2394 = VERTEX_POINT('',#2395);
#2395 = CARTESIAN_POINT('',(-11.,30.8,0.));
#2396 = CIRCLE('',#2397,1.8);
#2397 = AXIS2_PLACEMENT_3D('',#2398,#2399,#2400);
#2398 = CARTESIAN_POINT('',(-11.,29.,0.));
#2399 = DIRECTION('',(0.,0.,-1.));
#2400 = DIRECTION('',(-1.,0.,0.));
#2401 = ORIENTED_EDGE('',*,*,#2402,.T.);
#2402 = EDGE_CURVE('',#2394,#2403,#2405,.T.);
#2403 = VERTEX_POINT('',#2404);
#2404 = CARTESIAN_POINT('',(-9.1,30.8,0.));
#2405 = LINE('',#2406,#2407);
#2406 = CARTESIAN_POINT('',(-11.,30.8,0.));
#2407 = VECTOR('',#2408,1.);
#2408 = DIRECTION('',(1.,0.,0.));
#2409 = ORIENTED_EDGE('',*,*,#2410,.T.);
#2410 = EDGE_CURVE('',#2403,#2411,#2413,.T.);
#2411 = VERTEX_POINT('',#2412);
#2412 = CARTESIAN_POINT('',(-8.02,30.44,0.));
#2413 = CIRCLE('',#2414,1.8);
#2414 = AXIS2_PLACEMENT_3D('',#2415,#2416,#2417);
#2415 = CARTESIAN_POINT('',(-9.1,29.,0.));
#2416 = DIRECTION('',(0.,0.,-1.));
#2417 = DIRECTION('',(0.,1.,0.));
#2418 = ORIENTED_EDGE('',*,*,#2419,.T.);
#2419 = EDGE_CURVE('',#2411,#2420,#2422,.T.);
#2420 = VERTEX_POINT('',#2421);
#2421 = CARTESIAN_POINT('',(-6.8,28.,0.));
#2422 = CIRCLE('',#2423,3.05);
#2423 = AXIS2_PLACEMENT_3D('',#2424,#2425,#2426);
#2424 = CARTESIAN_POINT('',(-9.85,28.,0.));
#2425 = DIRECTION('',(0.,0.,-1.));
#2426 = DIRECTION('',(0.6,0.8,0.));
#2427 = ORIENTED_EDGE('',*,*,#2428,.T.);
#2428 = EDGE_CURVE('',#2420,#2429,#2431,.T.);
#2429 = VERTEX_POINT('',#2430);
#2430 = CARTESIAN_POINT('',(-6.923334619215,27.141437393714,0.));
#2431 = CIRCLE('',#2432,3.05);
#2432 = AXIS2_PLACEMENT_3D('',#2433,#2434,#2435);
#2433 = CARTESIAN_POINT('',(-9.85,28.,0.));
#2434 = DIRECTION('',(0.,0.,-1.));
#2435 = DIRECTION('',(1.,1.09E-15,0.));
#2436 = ORIENTED_EDGE('',*,*,#2437,.T.);
#2437 = EDGE_CURVE('',#2429,#2438,#2440,.T.);
#2438 = VERTEX_POINT('',#2439);
#2439 = CARTESIAN_POINT('',(-6.611784779305,25.946597412961,0.));
#2440 = CIRCLE('',#2441,1.2);
#2441 = AXIS2_PLACEMENT_3D('',#2442,#2443,#2444);
#2442 = CARTESIAN_POINT('',(-5.771859715299,26.803642269929,0.));
#2443 = DIRECTION('',(0.,0.,1.));
#2444 = DIRECTION('',(-0.95956241993,0.281495936487,0.));
#2445 = ORIENTED_EDGE('',*,*,#2446,.T.);
#2446 = EDGE_CURVE('',#2438,#2447,#2449,.T.);
#2447 = VERTEX_POINT('',#2448);
#2448 = CARTESIAN_POINT('',(-5.723021129369,25.075587150793,1.E-15));
#2449 = LINE('',#2450,#2451);
#2450 = CARTESIAN_POINT('',(-6.611784779305,25.946597412961,0.));
#2451 = VECTOR('',#2452,1.);
#2452 = DIRECTION('',(0.714204047473,-0.699937553338,0.));
#2453 = ORIENTED_EDGE('',*,*,#2454,.T.);
#2454 = EDGE_CURVE('',#2447,#2455,#2457,.T.);
#2455 = VERTEX_POINT('',#2456);
#2456 = CARTESIAN_POINT('',(-4.883096065364,24.732632007761,0.));
#2457 = CIRCLE('',#2458,1.2);
#2458 = AXIS2_PLACEMENT_3D('',#2459,#2460,#2461);
#2459 = CARTESIAN_POINT('',(-4.883096065364,25.932632007761,0.));
#2460 = DIRECTION('',(0.,0.,1.));
#2461 = DIRECTION('',(-0.699937553338,-0.714204047473,0.));
#2462 = ORIENTED_EDGE('',*,*,#2463,.T.);
#2463 = EDGE_CURVE('',#2455,#2464,#2466,.T.);
#2464 = VERTEX_POINT('',#2465);
#2465 = CARTESIAN_POINT('',(4.883096065364,24.732632007761,-2.E-15));
#2466 = LINE('',#2467,#2468);
#2467 = CARTESIAN_POINT('',(-4.883096065364,24.732632007761,0.));
#2468 = VECTOR('',#2469,1.);
#2469 = DIRECTION('',(1.,0.,0.));
#2470 = ORIENTED_EDGE('',*,*,#2471,.T.);
#2471 = EDGE_CURVE('',#2464,#2472,#2474,.T.);
#2472 = VERTEX_POINT('',#2473);
#2473 = CARTESIAN_POINT('',(5.723021129369,25.075587150793,0.));
#2474 = CIRCLE('',#2475,1.2);
#2475 = AXIS2_PLACEMENT_3D('',#2476,#2477,#2478);
#2476 = CARTESIAN_POINT('',(4.883096065364,25.932632007761,0.));
#2477 = DIRECTION('',(-0.,0.,1.));
#2478 = DIRECTION('',(0.,-1.,0.));
#2479 = ORIENTED_EDGE('',*,*,#2480,.T.);
#2480 = EDGE_CURVE('',#2472,#2481,#2483,.T.);
#2481 = VERTEX_POINT('',#2482);
#2482 = CARTESIAN_POINT('',(6.611784779305,25.946597412961,1.E-15));
#2483 = LINE('',#2484,#2485);
#2484 = CARTESIAN_POINT('',(5.723021129369,25.075587150793,0.));
#2485 = VECTOR('',#2486,1.);
#2486 = DIRECTION('',(0.714204047473,0.699937553338,0.));
#2487 = ORIENTED_EDGE('',*,*,#2488,.T.);
#2488 = EDGE_CURVE('',#2481,#2489,#2491,.T.);
#2489 = VERTEX_POINT('',#2490);
#2490 = CARTESIAN_POINT('',(6.923334619215,27.141437393714,0.));
#2491 = CIRCLE('',#2492,1.2);
#2492 = AXIS2_PLACEMENT_3D('',#2493,#2494,#2495);
#2493 = CARTESIAN_POINT('',(5.771859715299,26.803642269929,0.));
#2494 = DIRECTION('',(-0.,0.,1.));
#2495 = DIRECTION('',(0.699937553338,-0.714204047473,0.));
#2496 = ORIENTED_EDGE('',*,*,#2497,.T.);
#2497 = EDGE_CURVE('',#2489,#2498,#2500,.T.);
#2498 = VERTEX_POINT('',#2499);
#2499 = CARTESIAN_POINT('',(6.8,28.,0.));
#2500 = CIRCLE('',#2501,3.05);
#2501 = AXIS2_PLACEMENT_3D('',#2502,#2503,#2504);
#2502 = CARTESIAN_POINT('',(9.85,28.,0.));
#2503 = DIRECTION('',(0.,0.,-1.));
#2504 = DIRECTION('',(-0.95956241993,-0.281495936487,-0.));
#2505 = ORIENTED_EDGE('',*,*,#2506,.T.);
#2506 = EDGE_CURVE('',#2498,#2507,#2509,.T.);
#2507 = VERTEX_POINT('',#2508);
#2508 = CARTESIAN_POINT('',(8.02,30.44,0.));
#2509 = CIRCLE('',#2510,3.05);
#2510 = AXIS2_PLACEMENT_3D('',#2511,#2512,#2513);
#2511 = CARTESIAN_POINT('',(9.85,28.,0.));
#2512 = DIRECTION('',(0.,0.,-1.));
#2513 = DIRECTION('',(-1.,0.,0.));
#2514 = ORIENTED_EDGE('',*,*,#2515,.T.);
#2515 = EDGE_CURVE('',#2507,#2516,#2518,.T.);
#2516 = VERTEX_POINT('',#2517);
#2517 = CARTESIAN_POINT('',(9.1,30.8,0.));
#2518 = CIRCLE('',#2519,1.8);
#2519 = AXIS2_PLACEMENT_3D('',#2520,#2521,#2522);
#2520 = CARTESIAN_POINT('',(9.1,29.,0.));
#2521 = DIRECTION('',(0.,0.,-1.));
#2522 = DIRECTION('',(-0.6,0.8,0.));
#2523 = ORIENTED_EDGE('',*,*,#2524,.T.);
#2524 = EDGE_CURVE('',#2516,#2525,#2527,.T.);
#2525 = VERTEX_POINT('',#2526);
#2526 = CARTESIAN_POINT('',(11.,30.8,0.));
#2527 = LINE('',#2528,#2529);
#2528 = CARTESIAN_POINT('',(9.1,30.8,0.));
#2529 = VECTOR('',#2530,1.);
#2530 = DIRECTION('',(1.,0.,0.));
#2531 = ORIENTED_EDGE('',*,*,#2532,.T.);
#2532 = EDGE_CURVE('',#2525,#2533,#2535,.T.);
#2533 = VERTEX_POINT('',#2534);
#2534 = CARTESIAN_POINT('',(12.8,29.,0.));
#2535 = CIRCLE('',#2536,1.8);
#2536 = AXIS2_PLACEMENT_3D('',#2537,#2538,#2539);
#2537 = CARTESIAN_POINT('',(11.,29.,0.));
#2538 = DIRECTION('',(0.,0.,-1.));
#2539 = DIRECTION('',(0.,1.,0.));
#2540 = ORIENTED_EDGE('',*,*,#2541,.T.);
#2541 = EDGE_CURVE('',#2533,#2542,#2544,.T.);
#2542 = VERTEX_POINT('',#2543);
#2543 = CARTESIAN_POINT('',(12.8,6.06173769149,0.));
#2544 = LINE('',#2545,#2546);
#2545 = CARTESIAN_POINT('',(12.8,29.,0.));
#2546 = VECTOR('',#2547,1.);
#2547 = DIRECTION('',(0.,-1.,0.));
#2548 = ORIENTED_EDGE('',*,*,#2549,.T.);
#2549 = EDGE_CURVE('',#2542,#2550,#2552,.T.);
#2550 = VERTEX_POINT('',#2551);
#2551 = CARTESIAN_POINT('',(13.563636363636,4.943888517022,0.));
#2552 = CIRCLE('',#2553,1.2);
#2553 = AXIS2_PLACEMENT_3D('',#2554,#2555,#2556);
#2554 = CARTESIAN_POINT('',(14.,6.06173769149,0.));
#2555 = DIRECTION('',(0.,0.,1.));
#2556 = DIRECTION('',(-1.,-8.9E-16,0.));
#2557 = ORIENTED_EDGE('',*,*,#2558,.T.);
#2558 = EDGE_CURVE('',#2550,#2559,#2561,.T.);
#2559 = VERTEX_POINT('',#2560);
#2560 = CARTESIAN_POINT('',(14.55,3.5,0.));
#2561 = CIRCLE('',#2562,1.55);
#2562 = AXIS2_PLACEMENT_3D('',#2563,#2564,#2565);
#2563 = CARTESIAN_POINT('',(13.,3.5,0.));
#2564 = DIRECTION('',(0.,0.,-1.));
#2565 = DIRECTION('',(0.363636363636,0.931540978724,0.));
#2566 = ORIENTED_EDGE('',*,*,#2567,.T.);
#2567 = EDGE_CURVE('',#2559,#2568,#2570,.T.);
#2568 = VERTEX_POINT('',#2569);
#2569 = CARTESIAN_POINT('',(13.563636363636,2.056111482978,0.));
#2570 = CIRCLE('',#2571,1.55);
#2571 = AXIS2_PLACEMENT_3D('',#2572,#2573,#2574);
#2572 = CARTESIAN_POINT('',(13.,3.5,0.));
#2573 = DIRECTION('',(0.,0.,-1.));
#2574 = DIRECTION('',(1.,-7.6E-16,0.));
#2575 = ORIENTED_EDGE('',*,*,#2576,.T.);
#2576 = EDGE_CURVE('',#2568,#2577,#2579,.T.);
#2577 = VERTEX_POINT('',#2578);
#2578 = CARTESIAN_POINT('',(12.8,0.93826230851,0.));
#2579 = CIRCLE('',#2580,1.2);
#2580 = AXIS2_PLACEMENT_3D('',#2581,#2582,#2583);
#2581 = CARTESIAN_POINT('',(14.,0.93826230851,0.));
#2582 = DIRECTION('',(0.,0.,1.));
#2583 = DIRECTION('',(-0.363636363636,0.931540978724,0.));
#2584 = ORIENTED_EDGE('',*,*,#2585,.T.);
#2585 = EDGE_CURVE('',#2577,#2586,#2588,.T.);
#2586 = VERTEX_POINT('',#2587);
#2587 = CARTESIAN_POINT('',(12.8,-13.93826230851,0.));
#2588 = LINE('',#2589,#2590);
#2589 = CARTESIAN_POINT('',(12.8,0.93826230851,0.));
#2590 = VECTOR('',#2591,1.);
#2591 = DIRECTION('',(0.,-1.,0.));
#2592 = ORIENTED_EDGE('',*,*,#2593,.T.);
#2593 = EDGE_CURVE('',#2586,#2594,#2596,.T.);
#2594 = VERTEX_POINT('',#2595);
#2595 = CARTESIAN_POINT('',(13.563636363636,-15.05611148297,0.));
#2596 = CIRCLE('',#2597,1.2);
#2597 = AXIS2_PLACEMENT_3D('',#2598,#2599,#2600);
#2598 = CARTESIAN_POINT('',(14.,-13.93826230851,0.));
#2599 = DIRECTION('',(0.,0.,1.));
#2600 = DIRECTION('',(-1.,-1.78E-15,0.));
#2601 = ORIENTED_EDGE('',*,*,#2602,.T.);
#2602 = EDGE_CURVE('',#2594,#2603,#2605,.T.);
#2603 = VERTEX_POINT('',#2604);
#2604 = CARTESIAN_POINT('',(14.55,-16.5,0.));
#2605 = CIRCLE('',#2606,1.55);
#2606 = AXIS2_PLACEMENT_3D('',#2607,#2608,#2609);
#2607 = CARTESIAN_POINT('',(13.,-16.5,0.));
#2608 = DIRECTION('',(0.,0.,-1.));
#2609 = DIRECTION('',(0.363636363636,0.931540978724,0.));
#2610 = ORIENTED_EDGE('',*,*,#2611,.T.);
#2611 = EDGE_CURVE('',#2603,#215,#2612,.T.);
#2612 = CIRCLE('',#2613,1.55);
#2613 = AXIS2_PLACEMENT_3D('',#2614,#2615,#2616);
#2614 = CARTESIAN_POINT('',(13.,-16.5,0.));
#2615 = DIRECTION('',(0.,0.,-1.));
#2616 = DIRECTION('',(1.,0.,0.));
#2617 = ORIENTED_EDGE('',*,*,#222,.T.);
#2618 = ORIENTED_EDGE('',*,*,#133,.T.);
#2619 = ORIENTED_EDGE('',*,*,#2620,.T.);
#2620 = EDGE_CURVE('',#134,#2621,#2623,.T.);
#2621 = VERTEX_POINT('',#2622);
#2622 = CARTESIAN_POINT('',(12.791039269349,-21.04435551223,0.));
#2623 = CIRCLE('',#2624,0.8);
#2624 = AXIS2_PLACEMENT_3D('',#2625,#2626,#2627);
#2625 = CARTESIAN_POINT('',(12.,-20.92495335837,0.));
#2626 = DIRECTION('',(0.,0.,-1.));
#2627 = DIRECTION('',(1.,0.,0.));
#2628 = ORIENTED_EDGE('',*,*,#2629,.T.);
#2629 = EDGE_CURVE('',#2621,#2630,#2632,.T.);
#2630 = VERTEX_POINT('',#2631);
#2631 = CARTESIAN_POINT('',(9.059069558563,-45.76865484619,1.E-15));
#2632 = LINE('',#2633,#2634);
#2633 = CARTESIAN_POINT('',(12.791039269349,-21.04435551223,0.));
#2634 = VECTOR('',#2635,1.);
#2635 = DIRECTION('',(-0.14925269233,-0.988799086687,-0.));
#2636 = ORIENTED_EDGE('',*,*,#2637,.T.);
#2637 = EDGE_CURVE('',#2630,#2638,#2640,.T.);
#2638 = VERTEX_POINT('',#2639);
#2639 = CARTESIAN_POINT('',(7.279231202527,-47.3,0.));
#2640 = CIRCLE('',#2641,1.8);
#2641 = AXIS2_PLACEMENT_3D('',#2642,#2643,#2644);
#2642 = CARTESIAN_POINT('',(7.279231202527,-45.5,0.));
#2643 = DIRECTION('',(0.,0.,-1.));
#2644 = DIRECTION('',(0.988799086687,-0.14925269233,0.));
#2645 = ORIENTED_EDGE('',*,*,#2646,.T.);
#2646 = EDGE_CURVE('',#2638,#2647,#2649,.T.);
#2647 = VERTEX_POINT('',#2648);
#2648 = CARTESIAN_POINT('',(5.45,-47.3,1.E-15));
#2649 = LINE('',#2650,#2651);
#2650 = CARTESIAN_POINT('',(7.279231202527,-47.3,0.));
#2651 = VECTOR('',#2652,1.);
#2652 = DIRECTION('',(-1.,-0.,-0.));
#2653 = ORIENTED_EDGE('',*,*,#2654,.T.);
#2654 = EDGE_CURVE('',#2647,#2655,#2657,.T.);
#2655 = VERTEX_POINT('',#2656);
#2656 = CARTESIAN_POINT('',(4.37,-46.94,0.));
#2657 = CIRCLE('',#2658,1.8);
#2658 = AXIS2_PLACEMENT_3D('',#2659,#2660,#2661);
#2659 = CARTESIAN_POINT('',(5.45,-45.5,0.));
#2660 = DIRECTION('',(0.,0.,-1.));
#2661 = DIRECTION('',(0.,-1.,0.));
#2662 = ORIENTED_EDGE('',*,*,#2663,.T.);
#2663 = EDGE_CURVE('',#2655,#2664,#2666,.T.);
#2664 = VERTEX_POINT('',#2665);
#2665 = CARTESIAN_POINT('',(3.171655759457,-44.86281008912,0.));
#2666 = CIRCLE('',#2667,3.05);
#2667 = AXIS2_PLACEMENT_3D('',#2668,#2669,#2670);
#2668 = CARTESIAN_POINT('',(6.2,-44.5,0.));
#2669 = DIRECTION('',(0.,0.,-1.));
#2670 = DIRECTION('',(-0.6,-0.8,-0.));
#2671 = ORIENTED_EDGE('',*,*,#2672,.T.);
#2672 = EDGE_CURVE('',#2664,#2673,#2675,.T.);
#2673 = VERTEX_POINT('',#2674);
#2674 = CARTESIAN_POINT('',(1.98017605826,-43.80555504222,0.));
#2675 = CIRCLE('',#2676,1.2);
#2676 = AXIS2_PLACEMENT_3D('',#2677,#2678,#2679);
#2677 = CARTESIAN_POINT('',(1.98017605826,-45.00555504222,0.));
#2678 = DIRECTION('',(0.,-0.,1.));
#2679 = DIRECTION('',(0.992899750998,0.118954127582,0.));
#2680 = ORIENTED_EDGE('',*,*,#2681,.T.);
#2681 = EDGE_CURVE('',#2673,#2682,#2684,.T.);
#2682 = VERTEX_POINT('',#2683);
#2683 = CARTESIAN_POINT('',(-1.98017605826,-43.80555504222,-2.E-15));
#2684 = LINE('',#2685,#2686);
#2685 = CARTESIAN_POINT('',(1.98017605826,-43.80555504222,0.));
#2686 = VECTOR('',#2687,1.);
#2687 = DIRECTION('',(-1.,-0.,-0.));
#2688 = ORIENTED_EDGE('',*,*,#2689,.T.);
#2689 = EDGE_CURVE('',#2682,#2690,#2692,.T.);
#2690 = VERTEX_POINT('',#2691);
#2691 = CARTESIAN_POINT('',(-3.171655759457,-44.86281008912,0.));
#2692 = CIRCLE('',#2693,1.2);
#2693 = AXIS2_PLACEMENT_3D('',#2694,#2695,#2696);
#2694 = CARTESIAN_POINT('',(-1.98017605826,-45.00555504222,0.));
#2695 = DIRECTION('',(0.,-0.,1.));
#2696 = DIRECTION('',(2.2E-16,1.,0.));
#2697 = ORIENTED_EDGE('',*,*,#2698,.T.);
#2698 = EDGE_CURVE('',#2690,#2699,#2701,.T.);
#2699 = VERTEX_POINT('',#2700);
#2700 = CARTESIAN_POINT('',(-4.37,-46.94,0.));
#2701 = CIRCLE('',#2702,3.05);
#2702 = AXIS2_PLACEMENT_3D('',#2703,#2704,#2705);
#2703 = CARTESIAN_POINT('',(-6.2,-44.5,0.));
#2704 = DIRECTION('',(0.,0.,-1.));
#2705 = DIRECTION('',(0.992899750998,-0.118954127582,0.));
#2706 = ORIENTED_EDGE('',*,*,#2707,.T.);
#2707 = EDGE_CURVE('',#2699,#2708,#2710,.T.);
#2708 = VERTEX_POINT('',#2709);
#2709 = CARTESIAN_POINT('',(-5.45,-47.3,0.));
#2710 = CIRCLE('',#2711,1.8);
#2711 = AXIS2_PLACEMENT_3D('',#2712,#2713,#2714);
#2712 = CARTESIAN_POINT('',(-5.45,-45.5,0.));
#2713 = DIRECTION('',(0.,0.,-1.));
#2714 = DIRECTION('',(0.6,-0.8,0.));
#2715 = ORIENTED_EDGE('',*,*,#2716,.T.);
#2716 = EDGE_CURVE('',#2708,#2717,#2719,.T.);
#2717 = VERTEX_POINT('',#2718);
#2718 = CARTESIAN_POINT('',(-7.279231202527,-47.3,1.E-15));
#2719 = LINE('',#2720,#2721);
#2720 = CARTESIAN_POINT('',(-5.45,-47.3,0.));
#2721 = VECTOR('',#2722,1.);
#2722 = DIRECTION('',(-1.,-0.,-0.));
#2723 = ORIENTED_EDGE('',*,*,#2724,.T.);
#2724 = EDGE_CURVE('',#2717,#2725,#2727,.T.);
#2725 = VERTEX_POINT('',#2726);
#2726 = CARTESIAN_POINT('',(-9.059069558563,-45.76865484619,0.));
#2727 = CIRCLE('',#2728,1.8);
#2728 = AXIS2_PLACEMENT_3D('',#2729,#2730,#2731);
#2729 = CARTESIAN_POINT('',(-7.279231202527,-45.5,0.));
#2730 = DIRECTION('',(0.,0.,-1.));
#2731 = DIRECTION('',(-4.4E-16,-1.,-0.));
#2732 = ORIENTED_EDGE('',*,*,#2733,.T.);
#2733 = EDGE_CURVE('',#2725,#2734,#2736,.T.);
#2734 = VERTEX_POINT('',#2735);
#2735 = CARTESIAN_POINT('',(-12.79103926934,-21.04435551223,2.E-15));
#2736 = LINE('',#2737,#2738);
#2737 = CARTESIAN_POINT('',(-9.059069558563,-45.76865484619,0.));
#2738 = VECTOR('',#2739,1.);
#2739 = DIRECTION('',(-0.14925269233,0.988799086687,0.));
#2740 = ORIENTED_EDGE('',*,*,#2741,.T.);
#2741 = EDGE_CURVE('',#2734,#2742,#2744,.T.);
#2742 = VERTEX_POINT('',#2743);
#2743 = CARTESIAN_POINT('',(-12.8,-20.92495335837,0.));
#2744 = CIRCLE('',#2745,0.8);
#2745 = AXIS2_PLACEMENT_3D('',#2746,#2747,#2748);
#2746 = CARTESIAN_POINT('',(-12.,-20.92495335837,0.));
#2747 = DIRECTION('',(0.,0.,-1.));
#2748 = DIRECTION('',(-0.988799086687,-0.14925269233,-0.));
#2749 = ORIENTED_EDGE('',*,*,#2750,.T.);
#2750 = EDGE_CURVE('',#2742,#2751,#2753,.T.);
#2751 = VERTEX_POINT('',#2752);
#2752 = CARTESIAN_POINT('',(-12.8,-19.06173769149,0.));
#2753 = LINE('',#2754,#2755);
#2754 = CARTESIAN_POINT('',(-12.8,-20.92495335837,0.));
#2755 = VECTOR('',#2756,1.);
#2756 = DIRECTION('',(0.,1.,0.));
#2757 = ORIENTED_EDGE('',*,*,#2758,.T.);
#2758 = EDGE_CURVE('',#2751,#2759,#2761,.T.);
#2759 = VERTEX_POINT('',#2760);
#2760 = CARTESIAN_POINT('',(-13.56363636363,-17.94388851702,0.));
#2761 = CIRCLE('',#2762,1.2);
#2762 = AXIS2_PLACEMENT_3D('',#2763,#2764,#2765);
#2763 = CARTESIAN_POINT('',(-14.,-19.06173769149,0.));
#2764 = DIRECTION('',(0.,0.,1.));
#2765 = DIRECTION('',(1.,0.,-0.));
#2766 = ORIENTED_EDGE('',*,*,#2767,.T.);
#2767 = EDGE_CURVE('',#2759,#2768,#2770,.T.);
#2768 = VERTEX_POINT('',#2769);
#2769 = CARTESIAN_POINT('',(-13.56363636363,-15.05611148297,0.));
#2770 = CIRCLE('',#2771,1.55);
#2771 = AXIS2_PLACEMENT_3D('',#2772,#2773,#2774);
#2772 = CARTESIAN_POINT('',(-13.,-16.5,0.));
#2773 = DIRECTION('',(0.,0.,-1.));
#2774 = DIRECTION('',(-0.363636363636,-0.931540978724,-0.));
#2775 = ORIENTED_EDGE('',*,*,#2776,.T.);
#2776 = EDGE_CURVE('',#2768,#2349,#2777,.T.);
#2777 = CIRCLE('',#2778,1.2);
#2778 = AXIS2_PLACEMENT_3D('',#2779,#2780,#2781);
#2779 = CARTESIAN_POINT('',(-14.,-13.93826230851,0.));
#2780 = DIRECTION('',(-0.,0.,1.));
#2781 = DIRECTION('',(0.363636363636,-0.931540978724,0.));
#2782 = FACE_BOUND('',#2783,.T.);
#2783 = EDGE_LOOP('',(#2784,#2794,#2803,#2811,#2820,#2828,#2837,#2845));
#2784 = ORIENTED_EDGE('',*,*,#2785,.T.);
#2785 = EDGE_CURVE('',#2786,#2788,#2790,.T.);
#2786 = VERTEX_POINT('',#2787);
#2787 = CARTESIAN_POINT('',(7.,0.5,0.));
#2788 = VERTEX_POINT('',#2789);
#2789 = CARTESIAN_POINT('',(7.,-13.5,0.));
#2790 = LINE('',#2791,#2792);
#2791 = CARTESIAN_POINT('',(7.,1.5,0.));
#2792 = VECTOR('',#2793,1.);
#2793 = DIRECTION('',(0.,-1.,0.));
#2794 = ORIENTED_EDGE('',*,*,#2795,.T.);
#2795 = EDGE_CURVE('',#2788,#2796,#2798,.T.);
#2796 = VERTEX_POINT('',#2797);
#2797 = CARTESIAN_POINT('',(8.,-14.5,0.));
#2798 = CIRCLE('',#2799,1.);
#2799 = AXIS2_PLACEMENT_3D('',#2800,#2801,#2802);
#2800 = CARTESIAN_POINT('',(8.,-13.5,0.));
#2801 = DIRECTION('',(-0.,0.,1.));
#2802 = DIRECTION('',(0.,-1.,0.));
#2803 = ORIENTED_EDGE('',*,*,#2804,.T.);
#2804 = EDGE_CURVE('',#2796,#2805,#2807,.T.);
#2805 = VERTEX_POINT('',#2806);
#2806 = CARTESIAN_POINT('',(9.5,-14.5,0.));
#2807 = LINE('',#2808,#2809);
#2808 = CARTESIAN_POINT('',(7.,-14.5,0.));
#2809 = VECTOR('',#2810,1.);
#2810 = DIRECTION('',(1.,0.,0.));
#2811 = ORIENTED_EDGE('',*,*,#2812,.T.);
#2812 = EDGE_CURVE('',#2805,#2813,#2815,.T.);
#2813 = VERTEX_POINT('',#2814);
#2814 = CARTESIAN_POINT('',(10.5,-13.5,0.));
#2815 = CIRCLE('',#2816,1.);
#2816 = AXIS2_PLACEMENT_3D('',#2817,#2818,#2819);
#2817 = CARTESIAN_POINT('',(9.5,-13.5,0.));
#2818 = DIRECTION('',(-0.,0.,1.));
#2819 = DIRECTION('',(0.,-1.,0.));
#2820 = ORIENTED_EDGE('',*,*,#2821,.T.);
#2821 = EDGE_CURVE('',#2813,#2822,#2824,.T.);
#2822 = VERTEX_POINT('',#2823);
#2823 = CARTESIAN_POINT('',(10.5,0.5,0.));
#2824 = LINE('',#2825,#2826);
#2825 = CARTESIAN_POINT('',(10.5,-14.5,0.));
#2826 = VECTOR('',#2827,1.);
#2827 = DIRECTION('',(0.,1.,0.));
#2828 = ORIENTED_EDGE('',*,*,#2829,.T.);
#2829 = EDGE_CURVE('',#2822,#2830,#2832,.T.);
#2830 = VERTEX_POINT('',#2831);
#2831 = CARTESIAN_POINT('',(9.5,1.5,0.));
#2832 = CIRCLE('',#2833,1.);
#2833 = AXIS2_PLACEMENT_3D('',#2834,#2835,#2836);
#2834 = CARTESIAN_POINT('',(9.5,0.5,0.));
#2835 = DIRECTION('',(-0.,0.,1.));
#2836 = DIRECTION('',(0.,-1.,0.));
#2837 = ORIENTED_EDGE('',*,*,#2838,.T.);
#2838 = EDGE_CURVE('',#2830,#2839,#2841,.T.);
#2839 = VERTEX_POINT('',#2840);
#2840 = CARTESIAN_POINT('',(8.,1.5,0.));
#2841 = LINE('',#2842,#2843);
#2842 = CARTESIAN_POINT('',(10.5,1.5,0.));
#2843 = VECTOR('',#2844,1.);
#2844 = DIRECTION('',(-1.,0.,0.));
#2845 = ORIENTED_EDGE('',*,*,#2846,.F.);
#2846 = EDGE_CURVE('',#2786,#2839,#2847,.T.);
#2847 = CIRCLE('',#2848,1.);
#2848 = AXIS2_PLACEMENT_3D('',#2849,#2850,#2851);
#2849 = CARTESIAN_POINT('',(8.,0.5,0.));
#2850 = DIRECTION('',(-0.,-0.,-1.));
#2851 = DIRECTION('',(0.,-1.,0.));
#2852 = FACE_BOUND('',#2853,.T.);
#2853 = EDGE_LOOP('',(#2854,#2864,#2873,#2881,#2890,#2898,#2907,#2915));
#2854 = ORIENTED_EDGE('',*,*,#2855,.T.);
#2855 = EDGE_CURVE('',#2856,#2858,#2860,.T.);
#2856 = VERTEX_POINT('',#2857);
#2857 = CARTESIAN_POINT('',(-10.5,0.5,0.));
#2858 = VERTEX_POINT('',#2859);
#2859 = CARTESIAN_POINT('',(-10.5,-13.5,0.));
#2860 = LINE('',#2861,#2862);
#2861 = CARTESIAN_POINT('',(-10.5,1.5,0.));
#2862 = VECTOR('',#2863,1.);
#2863 = DIRECTION('',(0.,-1.,0.));
#2864 = ORIENTED_EDGE('',*,*,#2865,.T.);
#2865 = EDGE_CURVE('',#2858,#2866,#2868,.T.);
#2866 = VERTEX_POINT('',#2867);
#2867 = CARTESIAN_POINT('',(-9.5,-14.5,0.));
#2868 = CIRCLE('',#2869,1.);
#2869 = AXIS2_PLACEMENT_3D('',#2870,#2871,#2872);
#2870 = CARTESIAN_POINT('',(-9.5,-13.5,0.));
#2871 = DIRECTION('',(-0.,0.,1.));
#2872 = DIRECTION('',(0.,-1.,0.));
#2873 = ORIENTED_EDGE('',*,*,#2874,.T.);
#2874 = EDGE_CURVE('',#2866,#2875,#2877,.T.);
#2875 = VERTEX_POINT('',#2876);
#2876 = CARTESIAN_POINT('',(-8.,-14.5,0.));
#2877 = LINE('',#2878,#2879);
#2878 = CARTESIAN_POINT('',(-10.5,-14.5,0.));
#2879 = VECTOR('',#2880,1.);
#2880 = DIRECTION('',(1.,0.,0.));
#2881 = ORIENTED_EDGE('',*,*,#2882,.T.);
#2882 = EDGE_CURVE('',#2875,#2883,#2885,.T.);
#2883 = VERTEX_POINT('',#2884);
#2884 = CARTESIAN_POINT('',(-7.,-13.5,0.));
#2885 = CIRCLE('',#2886,1.);
#2886 = AXIS2_PLACEMENT_3D('',#2887,#2888,#2889);
#2887 = CARTESIAN_POINT('',(-8.,-13.5,0.));
#2888 = DIRECTION('',(-0.,0.,1.));
#2889 = DIRECTION('',(0.,-1.,0.));
#2890 = ORIENTED_EDGE('',*,*,#2891,.T.);
#2891 = EDGE_CURVE('',#2883,#2892,#2894,.T.);
#2892 = VERTEX_POINT('',#2893);
#2893 = CARTESIAN_POINT('',(-7.,0.5,0.));
#2894 = LINE('',#2895,#2896);
#2895 = CARTESIAN_POINT('',(-7.,-14.5,0.));
#2896 = VECTOR('',#2897,1.);
#2897 = DIRECTION('',(0.,1.,0.));
#2898 = ORIENTED_EDGE('',*,*,#2899,.T.);
#2899 = EDGE_CURVE('',#2892,#2900,#2902,.T.);
#2900 = VERTEX_POINT('',#2901);
#2901 = CARTESIAN_POINT('',(-8.,1.5,0.));
#2902 = CIRCLE('',#2903,1.);
#2903 = AXIS2_PLACEMENT_3D('',#2904,#2905,#2906);
#2904 = CARTESIAN_POINT('',(-8.,0.5,0.));
#2905 = DIRECTION('',(-0.,0.,1.));
#2906 = DIRECTION('',(0.,-1.,0.));
#2907 = ORIENTED_EDGE('',*,*,#2908,.T.);
#2908 = EDGE_CURVE('',#2900,#2909,#2911,.T.);
#2909 = VERTEX_POINT('',#2910);
#2910 = CARTESIAN_POINT('',(-9.5,1.5,0.));
#2911 = LINE('',#2912,#2913);
#2912 = CARTESIAN_POINT('',(-7.,1.5,0.));
#2913 = VECTOR('',#2914,1.);
#2914 = DIRECTION('',(-1.,0.,0.));
#2915 = ORIENTED_EDGE('',*,*,#2916,.F.);
#2916 = EDGE_CURVE('',#2856,#2909,#2917,.T.);
#2917 = CIRCLE('',#2918,1.);
#2918 = AXIS2_PLACEMENT_3D('',#2919,#2920,#2921);
#2919 = CARTESIAN_POINT('',(-9.5,0.5,0.));
#2920 = DIRECTION('',(-0.,-0.,-1.));
#2921 = DIRECTION('',(0.,-1.,0.));
#2922 = FACE_BOUND('',#2923,.T.);
#2923 = EDGE_LOOP('',(#2924));
#2924 = ORIENTED_EDGE('',*,*,#2925,.T.);
#2925 = EDGE_CURVE('',#2926,#2926,#2928,.T.);
#2926 = VERTEX_POINT('',#2927);
#2927 = CARTESIAN_POINT('',(-8.8,28.,0.));
#2928 = CIRCLE('',#2929,1.05);
#2929 = AXIS2_PLACEMENT_3D('',#2930,#2931,#2932);
#2930 = CARTESIAN_POINT('',(-9.85,28.,0.));
#2931 = DIRECTION('',(0.,0.,1.));
#2932 = DIRECTION('',(1.,0.,0.));
#2933 = FACE_BOUND('',#2934,.T.);
#2934 = EDGE_LOOP('',(#2935));
#2935 = ORIENTED_EDGE('',*,*,#2936,.T.);
#2936 = EDGE_CURVE('',#2937,#2937,#2939,.T.);
#2937 = VERTEX_POINT('',#2938);
#2938 = CARTESIAN_POINT('',(10.9,28.,0.));
#2939 = CIRCLE('',#2940,1.05);
#2940 = AXIS2_PLACEMENT_3D('',#2941,#2942,#2943);
#2941 = CARTESIAN_POINT('',(9.85,28.,0.));
#2942 = DIRECTION('',(0.,0.,1.));
#2943 = DIRECTION('',(1.,0.,0.));
#2944 = FACE_BOUND('',#2945,.T.);
#2945 = EDGE_LOOP('',(#2946));
#2946 = ORIENTED_EDGE('',*,*,#2947,.T.);
#2947 = EDGE_CURVE('',#2948,#2948,#2950,.T.);
#2948 = VERTEX_POINT('',#2949);
#2949 = CARTESIAN_POINT('',(-5.15,-44.5,0.));
#2950 = CIRCLE('',#2951,1.05);
#2951 = AXIS2_PLACEMENT_3D('',#2952,#2953,#2954);
#2952 = CARTESIAN_POINT('',(-6.2,-44.5,0.));
#2953 = DIRECTION('',(0.,0.,1.));
#2954 = DIRECTION('',(1.,0.,0.));
#2955 = FACE_BOUND('',#2956,.T.);
#2956 = EDGE_LOOP('',(#2957));
#2957 = ORIENTED_EDGE('',*,*,#2958,.T.);
#2958 = EDGE_CURVE('',#2959,#2959,#2961,.T.);
#2959 = VERTEX_POINT('',#2960);
#2960 = CARTESIAN_POINT('',(7.25,-44.5,0.));
#2961 = CIRCLE('',#2962,1.05);
#2962 = AXIS2_PLACEMENT_3D('',#2963,#2964,#2965);
#2963 = CARTESIAN_POINT('',(6.2,-44.5,0.));
#2964 = DIRECTION('',(0.,0.,1.));
#2965 = DIRECTION('',(1.,0.,0.));
#2966 = FACE_BOUND('',#2967,.T.);
#2967 = EDGE_LOOP('',(#2968,#2978,#2987,#2995,#3004,#3012));
#2968 = ORIENTED_EDGE('',*,*,#2969,.T.);
#2969 = EDGE_CURVE('',#2970,#2972,#2974,.T.);
#2970 = VERTEX_POINT('',#2971);
#2971 = CARTESIAN_POINT('',(-5.736369177284,-40.83197841017,0.));
#2972 = VERTEX_POINT('',#2973);
#2973 = CARTESIAN_POINT('',(-1.841203571678,-35.30451282907,0.));
#2974 = LINE('',#2975,#2976);
#2975 = CARTESIAN_POINT('',(-5.736369177284,-40.83197841017,0.));
#2976 = VECTOR('',#2977,1.);
#2977 = DIRECTION('',(0.576034059987,0.817425691873,0.));
#2978 = ORIENTED_EDGE('',*,*,#2979,.T.);
#2979 = EDGE_CURVE('',#2972,#2980,#2982,.T.);
#2980 = VERTEX_POINT('',#2981);
#2981 = CARTESIAN_POINT('',(-1.841203571678,-34.15244470909,0.));
#2982 = CIRCLE('',#2983,1.);
#2983 = AXIS2_PLACEMENT_3D('',#2984,#2985,#2986);
#2984 = CARTESIAN_POINT('',(-2.658629263551,-34.72847876908,0.));
#2985 = DIRECTION('',(-0.,0.,1.));
#2986 = DIRECTION('',(0.,-1.,0.));
#2987 = ORIENTED_EDGE('',*,*,#2988,.T.);
#2988 = EDGE_CURVE('',#2980,#2989,#2991,.T.);
#2989 = VERTEX_POINT('',#2990);
#2990 = CARTESIAN_POINT('',(-7.859891179005,-25.61157842474,0.));
#2991 = LINE('',#2992,#2993);
#2992 = CARTESIAN_POINT('',(-1.435276474494,-34.72847876908,0.));
#2993 = VECTOR('',#2994,1.);
#2994 = DIRECTION('',(-0.576034059987,0.817425691873,-0.));
#2995 = ORIENTED_EDGE('',*,*,#2996,.F.);
#2996 = EDGE_CURVE('',#2997,#2989,#2999,.T.);
#2997 = VERTEX_POINT('',#2998);
#2998 = CARTESIAN_POINT('',(-9.666115957565,-26.33686517705,0.));
#2999 = CIRCLE('',#3000,1.);
#3000 = AXIS2_PLACEMENT_3D('',#3001,#3002,#3003);
#3001 = CARTESIAN_POINT('',(-8.677316870879,-26.18761248472,0.));
#3002 = DIRECTION('',(-0.,-0.,-1.));
#3003 = DIRECTION('',(0.,-1.,0.));
#3004 = ORIENTED_EDGE('',*,*,#3005,.F.);
#3005 = EDGE_CURVE('',#3006,#2997,#3008,.T.);
#3006 = VERTEX_POINT('',#3007);
#3007 = CARTESIAN_POINT('',(-7.542594129381,-40.40519728877,0.));
#3008 = LINE('',#3009,#3010);
#3009 = CARTESIAN_POINT('',(-7.542594129381,-40.40519728877,0.));
#3010 = VECTOR('',#3011,1.);
#3011 = DIRECTION('',(-0.14925269233,0.988799086687,-0.));
#3012 = ORIENTED_EDGE('',*,*,#3013,.F.);
#3013 = EDGE_CURVE('',#2970,#3006,#3014,.T.);
#3014 = CIRCLE('',#3015,1.);
#3015 = AXIS2_PLACEMENT_3D('',#3016,#3017,#3018);
#3016 = CARTESIAN_POINT('',(-6.553795042695,-40.25594459644,0.));
#3017 = DIRECTION('',(0.,0.,-1.));
#3018 = DIRECTION('',(1.,0.,0.));
#3019 = FACE_BOUND('',#3020,.T.);
#3020 = EDGE_LOOP('',(#3021,#3031,#3040,#3048,#3057,#3065));
#3021 = ORIENTED_EDGE('',*,*,#3022,.F.);
#3022 = EDGE_CURVE('',#3023,#3025,#3027,.T.);
#3023 = VERTEX_POINT('',#3024);
#3024 = CARTESIAN_POINT('',(5.736369350821,-40.83197865643,0.));
#3025 = VERTEX_POINT('',#3026);
#3026 = CARTESIAN_POINT('',(1.841203571678,-35.30451282907,0.));
#3027 = LINE('',#3028,#3029);
#3028 = CARTESIAN_POINT('',(5.736369350821,-40.83197865643,0.));
#3029 = VECTOR('',#3030,1.);
#3030 = DIRECTION('',(-0.576034059987,0.817425691873,-0.));
#3031 = ORIENTED_EDGE('',*,*,#3032,.F.);
#3032 = EDGE_CURVE('',#3033,#3023,#3035,.T.);
#3033 = VERTEX_POINT('',#3034);
#3034 = CARTESIAN_POINT('',(7.542594129381,-40.40519728877,0.));
#3035 = CIRCLE('',#3036,1.);
#3036 = AXIS2_PLACEMENT_3D('',#3037,#3038,#3039);
#3037 = CARTESIAN_POINT('',(6.553795042695,-40.25594459644,0.));
#3038 = DIRECTION('',(0.,0.,-1.));
#3039 = DIRECTION('',(1.,0.,0.));
#3040 = ORIENTED_EDGE('',*,*,#3041,.T.);
#3041 = EDGE_CURVE('',#3033,#3042,#3044,.T.);
#3042 = VERTEX_POINT('',#3043);
#3043 = CARTESIAN_POINT('',(9.666115957565,-26.33686517705,0.));
#3044 = LINE('',#3045,#3046);
#3045 = CARTESIAN_POINT('',(7.542594129381,-40.40519728877,0.));
#3046 = VECTOR('',#3047,1.);
#3047 = DIRECTION('',(0.14925269233,0.988799086687,0.));
#3048 = ORIENTED_EDGE('',*,*,#3049,.F.);
#3049 = EDGE_CURVE('',#3050,#3042,#3052,.T.);
#3050 = VERTEX_POINT('',#3051);
#3051 = CARTESIAN_POINT('',(7.859891179005,-25.61157842474,0.));
#3052 = CIRCLE('',#3053,1.);
#3053 = AXIS2_PLACEMENT_3D('',#3054,#3055,#3056);
#3054 = CARTESIAN_POINT('',(8.677316870879,-26.18761248472,0.));
#3055 = DIRECTION('',(-0.,-0.,-1.));
#3056 = DIRECTION('',(0.,-1.,0.));
#3057 = ORIENTED_EDGE('',*,*,#3058,.F.);
#3058 = EDGE_CURVE('',#3059,#3050,#3061,.T.);
#3059 = VERTEX_POINT('',#3060);
#3060 = CARTESIAN_POINT('',(1.841203571678,-34.15244470909,0.));
#3061 = LINE('',#3062,#3063);
#3062 = CARTESIAN_POINT('',(1.435276474494,-34.72847876908,0.));
#3063 = VECTOR('',#3064,1.);
#3064 = DIRECTION('',(0.576034059987,0.817425691873,0.));
#3065 = ORIENTED_EDGE('',*,*,#3066,.F.);
#3066 = EDGE_CURVE('',#3025,#3059,#3067,.T.);
#3067 = CIRCLE('',#3068,1.);
#3068 = AXIS2_PLACEMENT_3D('',#3069,#3070,#3071);
#3069 = CARTESIAN_POINT('',(2.658629263551,-34.72847876908,0.));
#3070 = DIRECTION('',(-0.,-0.,-1.));
#3071 = DIRECTION('',(0.,-1.,0.));
#3072 = FACE_BOUND('',#3073,.T.);
#3073 = EDGE_LOOP('',(#3074,#3084,#3093,#3102,#3111,#3119,#3128,#3136));
#3074 = ORIENTED_EDGE('',*,*,#3075,.T.);
#3075 = EDGE_CURVE('',#3076,#3078,#3080,.T.);
#3076 = VERTEX_POINT('',#3077);
#3077 = CARTESIAN_POINT('',(10.5,11.808592804557,0.));
#3078 = VERTEX_POINT('',#3079);
#3079 = CARTESIAN_POINT('',(10.5,23.764436283091,0.));
#3080 = LINE('',#3081,#3082);
#3081 = CARTESIAN_POINT('',(10.5,9.428408094947,0.));
#3082 = VECTOR('',#3083,1.);
#3083 = DIRECTION('',(0.,1.,0.));
#3084 = ORIENTED_EDGE('',*,*,#3085,.T.);
#3085 = EDGE_CURVE('',#3078,#3086,#3088,.T.);
#3086 = VERTEX_POINT('',#3087);
#3087 = CARTESIAN_POINT('',(9.582352941176,24.761039510599,0.));
#3088 = CIRCLE('',#3089,1.);
#3089 = AXIS2_PLACEMENT_3D('',#3090,#3091,#3092);
#3090 = CARTESIAN_POINT('',(9.5,23.764436283091,0.));
#3091 = DIRECTION('',(-0.,0.,1.));
#3092 = DIRECTION('',(0.,-1.,0.));
#3093 = ORIENTED_EDGE('',*,*,#3094,.T.);
#3094 = EDGE_CURVE('',#3086,#3095,#3097,.T.);
#3095 = VERTEX_POINT('',#3096);
#3096 = CARTESIAN_POINT('',(8.872407592498,24.900514061204,0.));
#3097 = CIRCLE('',#3098,3.25);
#3098 = AXIS2_PLACEMENT_3D('',#3099,#3100,#3101);
#3099 = CARTESIAN_POINT('',(9.85,28.,0.));
#3100 = DIRECTION('',(0.,0.,-1.));
#3101 = DIRECTION('',(1.,0.,0.));
#3102 = ORIENTED_EDGE('',*,*,#3103,.T.);
#3103 = EDGE_CURVE('',#3095,#3104,#3106,.T.);
#3104 = VERTEX_POINT('',#3105);
#3105 = CARTESIAN_POINT('',(7.871672375313,24.661030127509,0.));
#3106 = CIRCLE('',#3107,1.);
#3107 = AXIS2_PLACEMENT_3D('',#3108,#3109,#3110);
#3108 = CARTESIAN_POINT('',(8.571609928651,23.946826080036,0.));
#3109 = DIRECTION('',(-0.,0.,1.));
#3110 = DIRECTION('',(0.,-1.,0.));
#3111 = ORIENTED_EDGE('',*,*,#3112,.F.);
#3112 = EDGE_CURVE('',#3113,#3104,#3115,.T.);
#3113 = VERTEX_POINT('',#3114);
#3114 = CARTESIAN_POINT('',(2.143046856368,19.046836055234,0.));
#3115 = LINE('',#3116,#3117);
#3116 = CARTESIAN_POINT('',(1.414285527597,18.332632007761,0.));
#3117 = VECTOR('',#3118,1.);
#3118 = DIRECTION('',(0.714204047473,0.699937553338,0.));
#3119 = ORIENTED_EDGE('',*,*,#3120,.F.);
#3120 = EDGE_CURVE('',#3121,#3113,#3123,.T.);
#3121 = VERTEX_POINT('',#3122);
#3122 = CARTESIAN_POINT('',(2.143046856368,17.618427960288,0.));
#3123 = CIRCLE('',#3124,1.);
#3124 = AXIS2_PLACEMENT_3D('',#3125,#3126,#3127);
#3125 = CARTESIAN_POINT('',(2.842984409706,18.332632007761,0.));
#3126 = DIRECTION('',(-0.,-0.,-1.));
#3127 = DIRECTION('',(0.,-1.,0.));
#3128 = ORIENTED_EDGE('',*,*,#3129,.F.);
#3129 = EDGE_CURVE('',#3130,#3121,#3132,.T.);
#3130 = VERTEX_POINT('',#3131);
#3131 = CARTESIAN_POINT('',(8.800062446662,11.094388757084,0.));
#3132 = LINE('',#3133,#3134);
#3133 = CARTESIAN_POINT('',(10.5,9.428408094947,0.));
#3134 = VECTOR('',#3135,1.);
#3135 = DIRECTION('',(-0.714204047473,0.699937553338,-0.));
#3136 = ORIENTED_EDGE('',*,*,#3137,.F.);
#3137 = EDGE_CURVE('',#3076,#3130,#3138,.T.);
#3138 = CIRCLE('',#3139,1.);
#3139 = AXIS2_PLACEMENT_3D('',#3140,#3141,#3142);
#3140 = CARTESIAN_POINT('',(9.5,11.808592804557,0.));
#3141 = DIRECTION('',(-0.,-0.,-1.));
#3142 = DIRECTION('',(0.,-1.,0.));
#3143 = FACE_BOUND('',#3144,.T.);
#3144 = EDGE_LOOP('',(#3145,#3156,#3165,#3173,#3182,#3190,#3199,#3207));
#3145 = ORIENTED_EDGE('',*,*,#3146,.T.);
#3146 = EDGE_CURVE('',#3147,#3149,#3151,.T.);
#3147 = VERTEX_POINT('',#3148);
#3148 = CARTESIAN_POINT('',(-8.872407592498,24.900514061204,0.));
#3149 = VERTEX_POINT('',#3150);
#3150 = CARTESIAN_POINT('',(-9.582352941176,24.761039510599,0.));
#3151 = CIRCLE('',#3152,3.25);
#3152 = AXIS2_PLACEMENT_3D('',#3153,#3154,#3155);
#3153 = CARTESIAN_POINT('',(-9.85,28.,0.));
#3154 = DIRECTION('',(0.,0.,-1.));
#3155 = DIRECTION('',(1.,0.,0.));
#3156 = ORIENTED_EDGE('',*,*,#3157,.T.);
#3157 = EDGE_CURVE('',#3149,#3158,#3160,.T.);
#3158 = VERTEX_POINT('',#3159);
#3159 = CARTESIAN_POINT('',(-10.5,23.764436283091,0.));
#3160 = CIRCLE('',#3161,1.);
#3161 = AXIS2_PLACEMENT_3D('',#3162,#3163,#3164);
#3162 = CARTESIAN_POINT('',(-9.5,23.764436283091,0.));
#3163 = DIRECTION('',(-0.,0.,1.));
#3164 = DIRECTION('',(0.,-1.,0.));
#3165 = ORIENTED_EDGE('',*,*,#3166,.T.);
#3166 = EDGE_CURVE('',#3158,#3167,#3169,.T.);
#3167 = VERTEX_POINT('',#3168);
#3168 = CARTESIAN_POINT('',(-10.5,11.808592804557,0.));
#3169 = LINE('',#3170,#3171);
#3170 = CARTESIAN_POINT('',(-10.5,24.815663334382,0.));
#3171 = VECTOR('',#3172,1.);
#3172 = DIRECTION('',(0.,-1.,0.));
#3173 = ORIENTED_EDGE('',*,*,#3174,.T.);
#3174 = EDGE_CURVE('',#3167,#3175,#3177,.T.);
#3175 = VERTEX_POINT('',#3176);
#3176 = CARTESIAN_POINT('',(-8.800062446662,11.094388757084,0.));
#3177 = CIRCLE('',#3178,1.);
#3178 = AXIS2_PLACEMENT_3D('',#3179,#3180,#3181);
#3179 = CARTESIAN_POINT('',(-9.5,11.808592804557,0.));
#3180 = DIRECTION('',(-0.,0.,1.));
#3181 = DIRECTION('',(0.,-1.,0.));
#3182 = ORIENTED_EDGE('',*,*,#3183,.T.);
#3183 = EDGE_CURVE('',#3175,#3184,#3186,.T.);
#3184 = VERTEX_POINT('',#3185);
#3185 = CARTESIAN_POINT('',(-2.143046856368,17.618427960288,0.));
#3186 = LINE('',#3187,#3188);
#3187 = CARTESIAN_POINT('',(-10.5,9.428408094947,0.));
#3188 = VECTOR('',#3189,1.);
#3189 = DIRECTION('',(0.714204047473,0.699937553338,0.));
#3190 = ORIENTED_EDGE('',*,*,#3191,.F.);
#3191 = EDGE_CURVE('',#3192,#3184,#3194,.T.);
#3192 = VERTEX_POINT('',#3193);
#3193 = CARTESIAN_POINT('',(-2.143046856368,19.046836055234,0.));
#3194 = CIRCLE('',#3195,1.);
#3195 = AXIS2_PLACEMENT_3D('',#3196,#3197,#3198);
#3196 = CARTESIAN_POINT('',(-2.842984409706,18.332632007761,0.));
#3197 = DIRECTION('',(-0.,-0.,-1.));
#3198 = DIRECTION('',(0.,-1.,0.));
#3199 = ORIENTED_EDGE('',*,*,#3200,.F.);
#3200 = EDGE_CURVE('',#3201,#3192,#3203,.T.);
#3201 = VERTEX_POINT('',#3202);
#3202 = CARTESIAN_POINT('',(-7.871672375313,24.661030127509,0.));
#3203 = LINE('',#3204,#3205);
#3204 = CARTESIAN_POINT('',(-8.341383508856,25.121358604715,0.));
#3205 = VECTOR('',#3206,1.);
#3206 = DIRECTION('',(0.714204047473,-0.699937553338,0.));
#3207 = ORIENTED_EDGE('',*,*,#3208,.F.);
#3208 = EDGE_CURVE('',#3147,#3201,#3209,.T.);
#3209 = CIRCLE('',#3210,1.);
#3210 = AXIS2_PLACEMENT_3D('',#3211,#3212,#3213);
#3211 = CARTESIAN_POINT('',(-8.571609928651,23.946826080036,0.));
#3212 = DIRECTION('',(0.,0.,-1.));
#3213 = DIRECTION('',(0.,-1.,0.));
#3214 = FACE_BOUND('',#3215,.T.);
#3215 = EDGE_LOOP('',(#3216,#3226,#3235,#3243,#3252,#3260));
#3216 = ORIENTED_EDGE('',*,*,#3217,.T.);
#3217 = EDGE_CURVE('',#3218,#3220,#3222,.T.);
#3218 = VERTEX_POINT('',#3219);
#3219 = CARTESIAN_POINT('',(-2.188629025787,-42.00555504222,0.));
#3220 = VERTEX_POINT('',#3221);
#3221 = CARTESIAN_POINT('',(2.188629025787,-42.00555504222,0.));
#3222 = LINE('',#3223,#3224);
#3223 = CARTESIAN_POINT('',(-4.116674688721,-42.00555504222,0.));
#3224 = VECTOR('',#3225,1.);
#3225 = DIRECTION('',(1.,0.,0.));
#3226 = ORIENTED_EDGE('',*,*,#3227,.T.);
#3227 = EDGE_CURVE('',#3220,#3228,#3230,.T.);
#3228 = VERTEX_POINT('',#3229);
#3229 = CARTESIAN_POINT('',(3.00605471766,-40.42952098223,0.));
#3230 = CIRCLE('',#3231,1.);
#3231 = AXIS2_PLACEMENT_3D('',#3232,#3233,#3234);
#3232 = CARTESIAN_POINT('',(2.188629025787,-41.00555504222,0.));
#3233 = DIRECTION('',(-0.,0.,1.));
#3234 = DIRECTION('',(0.,-1.,0.));
#3235 = ORIENTED_EDGE('',*,*,#3236,.T.);
#3236 = EDGE_CURVE('',#3228,#3237,#3239,.T.);
#3237 = VERTEX_POINT('',#3238);
#3238 = CARTESIAN_POINT('',(0.817425691873,-37.32372964118,0.));
#3239 = LINE('',#3240,#3241);
#3240 = CARTESIAN_POINT('',(4.116674688721,-42.00555504222,0.));
#3241 = VECTOR('',#3242,1.);
#3242 = DIRECTION('',(-0.576034059987,0.817425691873,-0.));
#3243 = ORIENTED_EDGE('',*,*,#3244,.F.);
#3244 = EDGE_CURVE('',#3245,#3237,#3247,.T.);
#3245 = VERTEX_POINT('',#3246);
#3246 = CARTESIAN_POINT('',(-0.817425691873,-37.32372964118,0.));
#3247 = CIRCLE('',#3248,1.);
#3248 = AXIS2_PLACEMENT_3D('',#3249,#3250,#3251);
#3249 = CARTESIAN_POINT('',(0.,-37.89976370117,0.));
#3250 = DIRECTION('',(-0.,-0.,-1.));
#3251 = DIRECTION('',(0.,-1.,0.));
#3252 = ORIENTED_EDGE('',*,*,#3253,.F.);
#3253 = EDGE_CURVE('',#3254,#3245,#3256,.T.);
#3254 = VERTEX_POINT('',#3255);
#3255 = CARTESIAN_POINT('',(-3.00605471766,-40.42952098223,0.));
#3256 = LINE('',#3257,#3258);
#3257 = CARTESIAN_POINT('',(-4.116674688721,-42.00555504222,0.));
#3258 = VECTOR('',#3259,1.);
#3259 = DIRECTION('',(0.576034059987,0.817425691873,0.));
#3260 = ORIENTED_EDGE('',*,*,#3261,.F.);
#3261 = EDGE_CURVE('',#3218,#3254,#3262,.T.);
#3262 = CIRCLE('',#3263,1.);
#3263 = AXIS2_PLACEMENT_3D('',#3264,#3265,#3266);
#3264 = CARTESIAN_POINT('',(-2.188629025787,-41.00555504222,0.));
#3265 = DIRECTION('',(-0.,-0.,-1.));
#3266 = DIRECTION('',(0.,-1.,0.));
#3267 = FACE_BOUND('',#3268,.T.);
#3268 = EDGE_LOOP('',(#3269,#3279,#3288,#3296,#3305,#3313));
#3269 = ORIENTED_EDGE('',*,*,#3270,.T.);
#3270 = EDGE_CURVE('',#3271,#3273,#3275,.T.);
#3271 = VERTEX_POINT('',#3272);
#3272 = CARTESIAN_POINT('',(0.817425691873,-32.13322789698,0.));
#3273 = VERTEX_POINT('',#3274);
#3274 = CARTESIAN_POINT('',(2.497828932405,-29.74863837888,0.));
#3275 = LINE('',#3276,#3277);
#3276 = CARTESIAN_POINT('',(0.,-33.29320229459,0.));
#3277 = VECTOR('',#3278,1.);
#3278 = DIRECTION('',(0.576034059987,0.817425691873,0.));
#3279 = ORIENTED_EDGE('',*,*,#3280,.T.);
#3280 = EDGE_CURVE('',#3273,#3281,#3283,.T.);
#3281 = VERTEX_POINT('',#3282);
#3282 = CARTESIAN_POINT('',(1.680403240532,-28.17260431889,0.));
#3283 = CIRCLE('',#3284,1.);
#3284 = AXIS2_PLACEMENT_3D('',#3285,#3286,#3287);
#3285 = CARTESIAN_POINT('',(1.680403240532,-29.17260431889,0.));
#3286 = DIRECTION('',(-0.,0.,1.));
#3287 = DIRECTION('',(0.,-1.,0.));
#3288 = ORIENTED_EDGE('',*,*,#3289,.F.);
#3289 = EDGE_CURVE('',#3290,#3281,#3292,.T.);
#3290 = VERTEX_POINT('',#3291);
#3291 = CARTESIAN_POINT('',(-1.680403240532,-28.17260431889,0.));
#3292 = LINE('',#3293,#3294);
#3293 = CARTESIAN_POINT('',(-3.608448903466,-28.17260431889,0.));
#3294 = VECTOR('',#3295,1.);
#3295 = DIRECTION('',(1.,0.,0.));
#3296 = ORIENTED_EDGE('',*,*,#3297,.F.);
#3297 = EDGE_CURVE('',#3298,#3290,#3300,.T.);
#3298 = VERTEX_POINT('',#3299);
#3299 = CARTESIAN_POINT('',(-2.497828932405,-29.74863837888,0.));
#3300 = CIRCLE('',#3301,1.);
#3301 = AXIS2_PLACEMENT_3D('',#3302,#3303,#3304);
#3302 = CARTESIAN_POINT('',(-1.680403240532,-29.17260431889,0.));
#3303 = DIRECTION('',(-0.,-0.,-1.));
#3304 = DIRECTION('',(0.,-1.,0.));
#3305 = ORIENTED_EDGE('',*,*,#3306,.F.);
#3306 = EDGE_CURVE('',#3307,#3298,#3309,.T.);
#3307 = VERTEX_POINT('',#3308);
#3308 = CARTESIAN_POINT('',(-0.817425691873,-32.13322789698,0.));
#3309 = LINE('',#3310,#3311);
#3310 = CARTESIAN_POINT('',(0.,-33.29320229459,0.));
#3311 = VECTOR('',#3312,1.);
#3312 = DIRECTION('',(-0.576034059987,0.817425691873,-0.));
#3313 = ORIENTED_EDGE('',*,*,#3314,.F.);
#3314 = EDGE_CURVE('',#3271,#3307,#3315,.T.);
#3315 = CIRCLE('',#3316,1.);
#3316 = AXIS2_PLACEMENT_3D('',#3317,#3318,#3319);
#3317 = CARTESIAN_POINT('',(-5.E-16,-31.55719383699,0.));
#3318 = DIRECTION('',(-0.,-0.,-1.));
#3319 = DIRECTION('',(0.,-1.,0.));
#3320 = FACE_BOUND('',#3321,.T.);
#3321 = EDGE_LOOP('',(#3322,#3332,#3341,#3349,#3358,#3366));
#3322 = ORIENTED_EDGE('',*,*,#3323,.T.);
#3323 = EDGE_CURVE('',#3324,#3326,#3328,.T.);
#3324 = VERTEX_POINT('',#3325);
#3325 = CARTESIAN_POINT('',(-0.817425691873,-22.7119807408,0.));
#3326 = VERTEX_POINT('',#3327);
#3327 = CARTESIAN_POINT('',(-2.497828932405,-25.0965702589,0.));
#3328 = LINE('',#3329,#3330);
#3329 = CARTESIAN_POINT('',(-2.8E-15,-21.55200634319,0.));
#3330 = VECTOR('',#3331,1.);
#3331 = DIRECTION('',(-0.576034059987,-0.817425691873,0.));
#3332 = ORIENTED_EDGE('',*,*,#3333,.T.);
#3333 = EDGE_CURVE('',#3326,#3334,#3336,.T.);
#3334 = VERTEX_POINT('',#3335);
#3335 = CARTESIAN_POINT('',(-1.680403240532,-26.67260431889,0.));
#3336 = CIRCLE('',#3337,1.);
#3337 = AXIS2_PLACEMENT_3D('',#3338,#3339,#3340);
#3338 = CARTESIAN_POINT('',(-1.680403240532,-25.67260431889,0.));
#3339 = DIRECTION('',(-0.,0.,1.));
#3340 = DIRECTION('',(0.,-1.,0.));
#3341 = ORIENTED_EDGE('',*,*,#3342,.F.);
#3342 = EDGE_CURVE('',#3343,#3334,#3345,.T.);
#3343 = VERTEX_POINT('',#3344);
#3344 = CARTESIAN_POINT('',(1.680403240532,-26.67260431889,0.));
#3345 = LINE('',#3346,#3347);
#3346 = CARTESIAN_POINT('',(3.608448903466,-26.67260431889,0.));
#3347 = VECTOR('',#3348,1.);
#3348 = DIRECTION('',(-1.,0.,0.));
#3349 = ORIENTED_EDGE('',*,*,#3350,.F.);
#3350 = EDGE_CURVE('',#3351,#3343,#3353,.T.);
#3351 = VERTEX_POINT('',#3352);
#3352 = CARTESIAN_POINT('',(2.497828932405,-25.0965702589,0.));
#3353 = CIRCLE('',#3354,1.);
#3354 = AXIS2_PLACEMENT_3D('',#3355,#3356,#3357);
#3355 = CARTESIAN_POINT('',(1.680403240532,-25.67260431889,0.));
#3356 = DIRECTION('',(-0.,-0.,-1.));
#3357 = DIRECTION('',(0.,-1.,0.));
#3358 = ORIENTED_EDGE('',*,*,#3359,.F.);
#3359 = EDGE_CURVE('',#3360,#3351,#3362,.T.);
#3360 = VERTEX_POINT('',#3361);
#3361 = CARTESIAN_POINT('',(0.817425691873,-22.7119807408,0.));
#3362 = LINE('',#3363,#3364);
#3363 = CARTESIAN_POINT('',(-2.8E-15,-21.55200634319,0.));
#3364 = VECTOR('',#3365,1.);
#3365 = DIRECTION('',(0.576034059987,-0.817425691873,0.));
#3366 = ORIENTED_EDGE('',*,*,#3367,.F.);
#3367 = EDGE_CURVE('',#3324,#3360,#3368,.T.);
#3368 = CIRCLE('',#3369,1.);
#3369 = AXIS2_PLACEMENT_3D('',#3370,#3371,#3372);
#3370 = CARTESIAN_POINT('',(-2.8E-15,-23.28801480078,0.));
#3371 = DIRECTION('',(-0.,-0.,-1.));
#3372 = DIRECTION('',(0.,-1.,0.));
#3373 = FACE_BOUND('',#3374,.T.);
#3374 = EDGE_LOOP('',(#3375,#3385,#3394,#3402,#3411,#3419));
#3375 = ORIENTED_EDGE('',*,*,#3376,.T.);
#3376 = EDGE_CURVE('',#3377,#3379,#3381,.T.);
#3377 = VERTEX_POINT('',#3378);
#3378 = CARTESIAN_POINT('',(6.734886391199,-21.,0.));
#3379 = VERTEX_POINT('',#3380);
#3380 = CARTESIAN_POINT('',(3.374079910135,-21.,0.));
#3381 = LINE('',#3382,#3383);
#3382 = CARTESIAN_POINT('',(8.662932054133,-21.,0.));
#3383 = VECTOR('',#3384,1.);
#3384 = DIRECTION('',(-1.,0.,0.));
#3385 = ORIENTED_EDGE('',*,*,#3386,.T.);
#3386 = EDGE_CURVE('',#3379,#3387,#3389,.T.);
#3387 = VERTEX_POINT('',#3388);
#3388 = CARTESIAN_POINT('',(2.556654218262,-22.57603405998,0.));
#3389 = CIRCLE('',#3390,1.);
#3390 = AXIS2_PLACEMENT_3D('',#3391,#3392,#3393);
#3391 = CARTESIAN_POINT('',(3.374079910135,-22.,0.));
#3392 = DIRECTION('',(-0.,0.,1.));
#3393 = DIRECTION('',(0.,-1.,0.));
#3394 = ORIENTED_EDGE('',*,*,#3395,.T.);
#3395 = EDGE_CURVE('',#3387,#3396,#3398,.T.);
#3396 = VERTEX_POINT('',#3397);
#3397 = CARTESIAN_POINT('',(4.237057458794,-24.96062357809,0.));
#3398 = LINE('',#3399,#3400);
#3399 = CARTESIAN_POINT('',(1.446034247201,-21.,0.));
#3400 = VECTOR('',#3401,1.);
#3401 = DIRECTION('',(0.576034059987,-0.817425691873,0.));
#3402 = ORIENTED_EDGE('',*,*,#3403,.F.);
#3403 = EDGE_CURVE('',#3404,#3396,#3406,.T.);
#3404 = VERTEX_POINT('',#3405);
#3405 = CARTESIAN_POINT('',(5.87190884254,-24.96062357809,0.));
#3406 = CIRCLE('',#3407,1.);
#3407 = AXIS2_PLACEMENT_3D('',#3408,#3409,#3410);
#3408 = CARTESIAN_POINT('',(5.054483150667,-24.3845895181,0.));
#3409 = DIRECTION('',(-0.,-0.,-1.));
#3410 = DIRECTION('',(0.,-1.,0.));
#3411 = ORIENTED_EDGE('',*,*,#3412,.F.);
#3412 = EDGE_CURVE('',#3413,#3404,#3415,.T.);
#3413 = VERTEX_POINT('',#3414);
#3414 = CARTESIAN_POINT('',(7.552312083072,-22.57603405998,0.));
#3415 = LINE('',#3416,#3417);
#3416 = CARTESIAN_POINT('',(8.662932054133,-21.,0.));
#3417 = VECTOR('',#3418,1.);
#3418 = DIRECTION('',(-0.576034059987,-0.817425691873,0.));
#3419 = ORIENTED_EDGE('',*,*,#3420,.F.);
#3420 = EDGE_CURVE('',#3377,#3413,#3421,.T.);
#3421 = CIRCLE('',#3422,1.);
#3422 = AXIS2_PLACEMENT_3D('',#3423,#3424,#3425);
#3423 = CARTESIAN_POINT('',(6.734886391199,-22.,0.));
#3424 = DIRECTION('',(-0.,-0.,-1.));
#3425 = DIRECTION('',(0.,-1.,0.));
#3426 = FACE_BOUND('',#3427,.T.);
#3427 = EDGE_LOOP('',(#3428,#3438,#3447,#3455,#3464,#3472));
#3428 = ORIENTED_EDGE('',*,*,#3429,.T.);
#3429 = EDGE_CURVE('',#3430,#3432,#3434,.T.);
#3430 = VERTEX_POINT('',#3431);
#3431 = CARTESIAN_POINT('',(-7.552312083072,-22.57603405998,0.));
#3432 = VERTEX_POINT('',#3433);
#3433 = CARTESIAN_POINT('',(-5.87190884254,-24.96062357809,0.));
#3434 = LINE('',#3435,#3436);
#3435 = CARTESIAN_POINT('',(-8.662932054133,-21.,0.));
#3436 = VECTOR('',#3437,1.);
#3437 = DIRECTION('',(0.576034059987,-0.817425691873,0.));
#3438 = ORIENTED_EDGE('',*,*,#3439,.T.);
#3439 = EDGE_CURVE('',#3432,#3440,#3442,.T.);
#3440 = VERTEX_POINT('',#3441);
#3441 = CARTESIAN_POINT('',(-4.237057458794,-24.96062357809,0.));
#3442 = CIRCLE('',#3443,1.);
#3443 = AXIS2_PLACEMENT_3D('',#3444,#3445,#3446);
#3444 = CARTESIAN_POINT('',(-5.054483150667,-24.3845895181,0.));
#3445 = DIRECTION('',(-0.,0.,1.));
#3446 = DIRECTION('',(0.,-1.,0.));
#3447 = ORIENTED_EDGE('',*,*,#3448,.T.);
#3448 = EDGE_CURVE('',#3440,#3449,#3451,.T.);
#3449 = VERTEX_POINT('',#3450);
#3450 = CARTESIAN_POINT('',(-2.556654218262,-22.57603405998,0.));
#3451 = LINE('',#3452,#3453);
#3452 = CARTESIAN_POINT('',(-5.054483150667,-26.12059797569,0.));
#3453 = VECTOR('',#3454,1.);
#3454 = DIRECTION('',(0.576034059987,0.817425691873,0.));
#3455 = ORIENTED_EDGE('',*,*,#3456,.F.);
#3456 = EDGE_CURVE('',#3457,#3449,#3459,.T.);
#3457 = VERTEX_POINT('',#3458);
#3458 = CARTESIAN_POINT('',(-3.374079910135,-21.,0.));
#3459 = CIRCLE('',#3460,1.);
#3460 = AXIS2_PLACEMENT_3D('',#3461,#3462,#3463);
#3461 = CARTESIAN_POINT('',(-3.374079910135,-22.,0.));
#3462 = DIRECTION('',(-0.,-0.,-1.));
#3463 = DIRECTION('',(0.,-1.,0.));
#3464 = ORIENTED_EDGE('',*,*,#3465,.F.);
#3465 = EDGE_CURVE('',#3466,#3457,#3468,.T.);
#3466 = VERTEX_POINT('',#3467);
#3467 = CARTESIAN_POINT('',(-6.734886391199,-21.,0.));
#3468 = LINE('',#3469,#3470);
#3469 = CARTESIAN_POINT('',(-8.662932054133,-21.,0.));
#3470 = VECTOR('',#3471,1.);
#3471 = DIRECTION('',(1.,0.,0.));
#3472 = ORIENTED_EDGE('',*,*,#3473,.F.);
#3473 = EDGE_CURVE('',#3430,#3466,#3474,.T.);
#3474 = CIRCLE('',#3475,1.);
#3475 = AXIS2_PLACEMENT_3D('',#3476,#3477,#3478);
#3476 = CARTESIAN_POINT('',(-6.734886391199,-22.,0.));
#3477 = DIRECTION('',(-0.,-0.,-1.));
#3478 = DIRECTION('',(0.,-1.,0.));
#3479 = FACE_BOUND('',#3480,.T.);
#3480 = EDGE_LOOP('',(#3481,#3491,#3500,#3508,#3517,#3525));
#3481 = ORIENTED_EDGE('',*,*,#3482,.T.);
#3482 = EDGE_CURVE('',#3483,#3485,#3487,.T.);
#3483 = VERTEX_POINT('',#3484);
#3484 = CARTESIAN_POINT('',(-2.011694783922,21.718427960288,0.));
#3485 = VERTEX_POINT('',#3486);
#3486 = CARTESIAN_POINT('',(-0.699937553338,20.43287357314,0.));
#3487 = LINE('',#3488,#3489);
#3488 = CARTESIAN_POINT('',(-3.760838636916,23.432632007761,0.));
#3489 = VECTOR('',#3490,1.);
#3490 = DIRECTION('',(0.714204047473,-0.699937553338,0.));
#3491 = ORIENTED_EDGE('',*,*,#3492,.T.);
#3492 = EDGE_CURVE('',#3485,#3493,#3495,.T.);
#3493 = VERTEX_POINT('',#3494);
#3494 = CARTESIAN_POINT('',(0.699937553338,20.43287357314,0.));
#3495 = CIRCLE('',#3496,1.);
#3496 = AXIS2_PLACEMENT_3D('',#3497,#3498,#3499);
#3497 = CARTESIAN_POINT('',(1.32E-15,21.147077620613,0.));
#3498 = DIRECTION('',(-0.,0.,1.));
#3499 = DIRECTION('',(0.,-1.,0.));
#3500 = ORIENTED_EDGE('',*,*,#3501,.F.);
#3501 = EDGE_CURVE('',#3502,#3493,#3504,.T.);
#3502 = VERTEX_POINT('',#3503);
#3503 = CARTESIAN_POINT('',(2.011694783922,21.718427960288,0.));
#3504 = LINE('',#3505,#3506);
#3505 = CARTESIAN_POINT('',(3.760838636916,23.432632007761,0.));
#3506 = VECTOR('',#3507,1.);
#3507 = DIRECTION('',(-0.714204047473,-0.699937553338,0.));
#3508 = ORIENTED_EDGE('',*,*,#3509,.F.);
#3509 = EDGE_CURVE('',#3510,#3502,#3512,.T.);
#3510 = VERTEX_POINT('',#3511);
#3511 = CARTESIAN_POINT('',(1.311757230584,23.432632007761,0.));
#3512 = CIRCLE('',#3513,1.);
#3513 = AXIS2_PLACEMENT_3D('',#3514,#3515,#3516);
#3514 = CARTESIAN_POINT('',(1.311757230584,22.432632007761,0.));
#3515 = DIRECTION('',(-0.,-0.,-1.));
#3516 = DIRECTION('',(0.,-1.,0.));
#3517 = ORIENTED_EDGE('',*,*,#3518,.F.);
#3518 = EDGE_CURVE('',#3519,#3510,#3521,.T.);
#3519 = VERTEX_POINT('',#3520);
#3520 = CARTESIAN_POINT('',(-1.311757230584,23.432632007761,0.));
#3521 = LINE('',#3522,#3523);
#3522 = CARTESIAN_POINT('',(-3.760838636915,23.432632007761,0.));
#3523 = VECTOR('',#3524,1.);
#3524 = DIRECTION('',(1.,0.,0.));
#3525 = ORIENTED_EDGE('',*,*,#3526,.F.);
#3526 = EDGE_CURVE('',#3483,#3519,#3527,.T.);
#3527 = CIRCLE('',#3528,1.);
#3528 = AXIS2_PLACEMENT_3D('',#3529,#3530,#3531);
#3529 = CARTESIAN_POINT('',(-1.311757230584,22.432632007761,0.));
#3530 = DIRECTION('',(-0.,-0.,-1.));
#3531 = DIRECTION('',(0.,-1.,0.));
#3532 = FACE_BOUND('',#3533,.T.);
#3533 = EDGE_LOOP('',(#3534,#3544,#3553,#3561,#3570,#3578));
#3534 = ORIENTED_EDGE('',*,*,#3535,.T.);
#3535 = EDGE_CURVE('',#3536,#3538,#3540,.T.);
#3536 = VERTEX_POINT('',#3537);
#3537 = CARTESIAN_POINT('',(-6.651043486992,8.,0.));
#3538 = VERTEX_POINT('',#3539);
#3539 = CARTESIAN_POINT('',(-4.285892461081,8.,0.));
#3540 = LINE('',#3541,#3542);
#3541 = CARTESIAN_POINT('',(-9.100124893324,8.,0.));
#3542 = VECTOR('',#3543,1.);
#3543 = DIRECTION('',(1.,0.,0.));
#3544 = ORIENTED_EDGE('',*,*,#3545,.T.);
#3545 = EDGE_CURVE('',#3538,#3546,#3548,.T.);
#3546 = VERTEX_POINT('',#3547);
#3547 = CARTESIAN_POINT('',(-3.585954907743,9.714204047473,0.));
#3548 = CIRCLE('',#3549,1.);
#3549 = AXIS2_PLACEMENT_3D('',#3550,#3551,#3552);
#3550 = CARTESIAN_POINT('',(-4.285892461081,9.,0.));
#3551 = DIRECTION('',(-0.,0.,1.));
#3552 = DIRECTION('',(0.,-1.,0.));
#3553 = ORIENTED_EDGE('',*,*,#3554,.F.);
#3554 = EDGE_CURVE('',#3555,#3546,#3557,.T.);
#3555 = VERTEX_POINT('',#3556);
#3556 = CARTESIAN_POINT('',(-4.768530420699,10.873157170329,0.));
#3557 = LINE('',#3558,#3559);
#3558 = CARTESIAN_POINT('',(-5.468467974037,11.559113208111,0.));
#3559 = VECTOR('',#3560,1.);
#3560 = DIRECTION('',(0.714204047473,-0.699937553338,0.));
#3561 = ORIENTED_EDGE('',*,*,#3562,.F.);
#3562 = EDGE_CURVE('',#3563,#3555,#3565,.T.);
#3563 = VERTEX_POINT('',#3564);
#3564 = CARTESIAN_POINT('',(-6.168405527374,10.873157170329,0.));
#3565 = CIRCLE('',#3566,1.);
#3566 = AXIS2_PLACEMENT_3D('',#3567,#3568,#3569);
#3567 = CARTESIAN_POINT('',(-5.468467974037,10.158953122856,0.));
#3568 = DIRECTION('',(-0.,-0.,-1.));
#3569 = DIRECTION('',(0.,-1.,0.));
#3570 = ORIENTED_EDGE('',*,*,#3571,.F.);
#3571 = EDGE_CURVE('',#3572,#3563,#3574,.T.);
#3572 = VERTEX_POINT('',#3573);
#3573 = CARTESIAN_POINT('',(-7.35098104033,9.714204047473,0.));
#3574 = LINE('',#3575,#3576);
#3575 = CARTESIAN_POINT('',(-9.100124893324,8.,0.));
#3576 = VECTOR('',#3577,1.);
#3577 = DIRECTION('',(0.714204047473,0.699937553338,0.));
#3578 = ORIENTED_EDGE('',*,*,#3579,.F.);
#3579 = EDGE_CURVE('',#3536,#3572,#3580,.T.);
#3580 = CIRCLE('',#3581,1.);
#3581 = AXIS2_PLACEMENT_3D('',#3582,#3583,#3584);
#3582 = CARTESIAN_POINT('',(-6.651043486992,9.,0.));
#3583 = DIRECTION('',(-0.,-0.,-1.));
#3584 = DIRECTION('',(0.,-1.,0.));
#3585 = FACE_BOUND('',#3586,.T.);
#3586 = EDGE_LOOP('',(#3587,#3597,#3606,#3614,#3623,#3631));
#3587 = ORIENTED_EDGE('',*,*,#3588,.T.);
#3588 = EDGE_CURVE('',#3589,#3591,#3593,.T.);
#3589 = VERTEX_POINT('',#3590);
#3590 = CARTESIAN_POINT('',(-1.882513066294,10.14502922458,0.));
#3591 = VERTEX_POINT('',#3592);
#3592 = CARTESIAN_POINT('',(-0.699937553338,8.986076101724,0.));
#3593 = LINE('',#3594,#3595);
#3594 = CARTESIAN_POINT('',(-3.631656919288,11.859233272053,0.));
#3595 = VECTOR('',#3596,1.);
#3596 = DIRECTION('',(0.714204047473,-0.699937553338,0.));
#3597 = ORIENTED_EDGE('',*,*,#3598,.T.);
#3598 = EDGE_CURVE('',#3591,#3599,#3601,.T.);
#3599 = VERTEX_POINT('',#3600);
#3600 = CARTESIAN_POINT('',(0.699937553338,8.986076101724,0.));
#3601 = CIRCLE('',#3602,1.);
#3602 = AXIS2_PLACEMENT_3D('',#3603,#3604,#3605);
#3603 = CARTESIAN_POINT('',(3.4E-16,9.700280149197,0.));
#3604 = DIRECTION('',(-0.,0.,1.));
#3605 = DIRECTION('',(0.,-1.,0.));
#3606 = ORIENTED_EDGE('',*,*,#3607,.F.);
#3607 = EDGE_CURVE('',#3608,#3599,#3610,.T.);
#3608 = VERTEX_POINT('',#3609);
#3609 = CARTESIAN_POINT('',(1.882513066294,10.14502922458,0.));
#3610 = LINE('',#3611,#3612);
#3611 = CARTESIAN_POINT('',(3.631656919288,11.859233272053,0.));
#3612 = VECTOR('',#3613,1.);
#3613 = DIRECTION('',(-0.714204047473,-0.699937553338,0.));
#3614 = ORIENTED_EDGE('',*,*,#3615,.F.);
#3615 = EDGE_CURVE('',#3616,#3608,#3618,.T.);
#3616 = VERTEX_POINT('',#3617);
#3617 = CARTESIAN_POINT('',(1.182575512956,11.859233272053,0.));
#3618 = CIRCLE('',#3619,1.);
#3619 = AXIS2_PLACEMENT_3D('',#3620,#3621,#3622);
#3620 = CARTESIAN_POINT('',(1.182575512956,10.859233272053,0.));
#3621 = DIRECTION('',(-0.,-0.,-1.));
#3622 = DIRECTION('',(0.,-1.,0.));
#3623 = ORIENTED_EDGE('',*,*,#3624,.F.);
#3624 = EDGE_CURVE('',#3625,#3616,#3627,.T.);
#3625 = VERTEX_POINT('',#3626);
#3626 = CARTESIAN_POINT('',(-1.182575512956,11.859233272053,0.));
#3627 = LINE('',#3628,#3629);
#3628 = CARTESIAN_POINT('',(-3.631656919288,11.859233272053,0.));
#3629 = VECTOR('',#3630,1.);
#3630 = DIRECTION('',(1.,0.,0.));
#3631 = ORIENTED_EDGE('',*,*,#3632,.F.);
#3632 = EDGE_CURVE('',#3589,#3625,#3633,.T.);
#3633 = CIRCLE('',#3634,1.);
#3634 = AXIS2_PLACEMENT_3D('',#3635,#3636,#3637);
#3635 = CARTESIAN_POINT('',(-1.182575512956,10.859233272053,0.));
#3636 = DIRECTION('',(-0.,-0.,-1.));
#3637 = DIRECTION('',(0.,-1.,0.));
#3638 = FACE_BOUND('',#3639,.T.);
#3639 = EDGE_LOOP('',(#3640,#3650,#3659,#3667,#3676,#3684));
#3640 = ORIENTED_EDGE('',*,*,#3641,.T.);
#3641 = EDGE_CURVE('',#3642,#3644,#3646,.T.);
#3642 = VERTEX_POINT('',#3643);
#3643 = CARTESIAN_POINT('',(-1.182575512956,13.359233272053,0.));
#3644 = VERTEX_POINT('',#3645);
#3645 = CARTESIAN_POINT('',(1.182575512956,13.359233272053,0.));
#3646 = LINE('',#3647,#3648);
#3647 = CARTESIAN_POINT('',(-3.631656919288,13.359233272053,0.));
#3648 = VECTOR('',#3649,1.);
#3649 = DIRECTION('',(1.,0.,0.));
#3650 = ORIENTED_EDGE('',*,*,#3651,.T.);
#3651 = EDGE_CURVE('',#3644,#3652,#3654,.T.);
#3652 = VERTEX_POINT('',#3653);
#3653 = CARTESIAN_POINT('',(1.882513066294,15.073437319526,0.));
#3654 = CIRCLE('',#3655,1.);
#3655 = AXIS2_PLACEMENT_3D('',#3656,#3657,#3658);
#3656 = CARTESIAN_POINT('',(1.182575512956,14.359233272053,0.));
#3657 = DIRECTION('',(-0.,0.,1.));
#3658 = DIRECTION('',(0.,-1.,0.));
#3659 = ORIENTED_EDGE('',*,*,#3660,.T.);
#3660 = EDGE_CURVE('',#3652,#3661,#3663,.T.);
#3661 = VERTEX_POINT('',#3662);
#3662 = CARTESIAN_POINT('',(0.699937553338,16.232390442382,0.));
#3663 = LINE('',#3664,#3665);
#3664 = CARTESIAN_POINT('',(3.631656919288,13.359233272053,0.));
#3665 = VECTOR('',#3666,1.);
#3666 = DIRECTION('',(-0.714204047473,0.699937553338,-0.));
#3667 = ORIENTED_EDGE('',*,*,#3668,.F.);
#3668 = EDGE_CURVE('',#3669,#3661,#3671,.T.);
#3669 = VERTEX_POINT('',#3670);
#3670 = CARTESIAN_POINT('',(-0.699937553338,16.232390442382,0.));
#3671 = CIRCLE('',#3672,1.);
#3672 = AXIS2_PLACEMENT_3D('',#3673,#3674,#3675);
#3673 = CARTESIAN_POINT('',(-9.8E-16,15.518186394909,0.));
#3674 = DIRECTION('',(-0.,-0.,-1.));
#3675 = DIRECTION('',(0.,-1.,0.));
#3676 = ORIENTED_EDGE('',*,*,#3677,.F.);
#3677 = EDGE_CURVE('',#3678,#3669,#3680,.T.);
#3678 = VERTEX_POINT('',#3679);
#3679 = CARTESIAN_POINT('',(-1.882513066294,15.073437319526,0.));
#3680 = LINE('',#3681,#3682);
#3681 = CARTESIAN_POINT('',(-3.631656919288,13.359233272053,0.));
#3682 = VECTOR('',#3683,1.);
#3683 = DIRECTION('',(0.714204047473,0.699937553338,0.));
#3684 = ORIENTED_EDGE('',*,*,#3685,.F.);
#3685 = EDGE_CURVE('',#3642,#3678,#3686,.T.);
#3686 = CIRCLE('',#3687,1.);
#3687 = AXIS2_PLACEMENT_3D('',#3688,#3689,#3690);
#3688 = CARTESIAN_POINT('',(-1.182575512956,14.359233272053,0.));
#3689 = DIRECTION('',(-0.,-0.,-1.));
#3690 = DIRECTION('',(0.,-1.,0.));
#3691 = FACE_BOUND('',#3692,.T.);
#3692 = EDGE_LOOP('',(#3693,#3703,#3712,#3720,#3729,#3737));
#3693 = ORIENTED_EDGE('',*,*,#3694,.T.);
#3694 = EDGE_CURVE('',#3695,#3697,#3699,.T.);
#3695 = VERTEX_POINT('',#3696);
#3696 = CARTESIAN_POINT('',(4.285892461081,8.,0.));
#3697 = VERTEX_POINT('',#3698);
#3698 = CARTESIAN_POINT('',(6.651043486992,8.,0.));
#3699 = LINE('',#3700,#3701);
#3700 = CARTESIAN_POINT('',(1.836811054749,8.,0.));
#3701 = VECTOR('',#3702,1.);
#3702 = DIRECTION('',(1.,0.,0.));
#3703 = ORIENTED_EDGE('',*,*,#3704,.T.);
#3704 = EDGE_CURVE('',#3697,#3705,#3707,.T.);
#3705 = VERTEX_POINT('',#3706);
#3706 = CARTESIAN_POINT('',(7.35098104033,9.714204047473,0.));
#3707 = CIRCLE('',#3708,1.);
#3708 = AXIS2_PLACEMENT_3D('',#3709,#3710,#3711);
#3709 = CARTESIAN_POINT('',(6.651043486992,9.,0.));
#3710 = DIRECTION('',(-0.,0.,1.));
#3711 = DIRECTION('',(0.,-1.,0.));
#3712 = ORIENTED_EDGE('',*,*,#3713,.F.);
#3713 = EDGE_CURVE('',#3714,#3705,#3716,.T.);
#3714 = VERTEX_POINT('',#3715);
#3715 = CARTESIAN_POINT('',(6.168405527374,10.873157170329,0.));
#3716 = LINE('',#3717,#3718);
#3717 = CARTESIAN_POINT('',(5.468467974036,11.559113208111,0.));
#3718 = VECTOR('',#3719,1.);
#3719 = DIRECTION('',(0.714204047473,-0.699937553338,0.));
#3720 = ORIENTED_EDGE('',*,*,#3721,.F.);
#3721 = EDGE_CURVE('',#3722,#3714,#3724,.T.);
#3722 = VERTEX_POINT('',#3723);
#3723 = CARTESIAN_POINT('',(4.768530420699,10.873157170329,0.));
#3724 = CIRCLE('',#3725,1.);
#3725 = AXIS2_PLACEMENT_3D('',#3726,#3727,#3728);
#3726 = CARTESIAN_POINT('',(5.468467974036,10.158953122856,0.));
#3727 = DIRECTION('',(-0.,-0.,-1.));
#3728 = DIRECTION('',(0.,-1.,0.));
#3729 = ORIENTED_EDGE('',*,*,#3730,.F.);
#3730 = EDGE_CURVE('',#3731,#3722,#3733,.T.);
#3731 = VERTEX_POINT('',#3732);
#3732 = CARTESIAN_POINT('',(3.585954907743,9.714204047473,0.));
#3733 = LINE('',#3734,#3735);
#3734 = CARTESIAN_POINT('',(1.836811054749,8.,0.));
#3735 = VECTOR('',#3736,1.);
#3736 = DIRECTION('',(0.714204047473,0.699937553338,0.));
#3737 = ORIENTED_EDGE('',*,*,#3738,.F.);
#3738 = EDGE_CURVE('',#3695,#3731,#3739,.T.);
#3739 = CIRCLE('',#3740,1.);
#3740 = AXIS2_PLACEMENT_3D('',#3741,#3742,#3743);
#3741 = CARTESIAN_POINT('',(4.285892461081,9.,0.));
#3742 = DIRECTION('',(-0.,-0.,-1.));
#3743 = DIRECTION('',(0.,-1.,0.));
#3744 = FACE_BOUND('',#3745,.T.);
#3745 = EDGE_LOOP('',(#3746,#3756,#3765,#3773,#3782,#3790));
#3746 = ORIENTED_EDGE('',*,*,#3747,.T.);
#3747 = EDGE_CURVE('',#3748,#3750,#3752,.T.);
#3748 = VERTEX_POINT('',#3749);
#3749 = CARTESIAN_POINT('',(2.185520533067,-8.757020126563,0.));
#3750 = VERTEX_POINT('',#3751);
#3751 = CARTESIAN_POINT('',(3.138065784842,-10.37634705458,0.));
#3752 = LINE('',#3753,#3754);
#3753 = CARTESIAN_POINT('',(1.299038105677,-7.25,0.));
#3754 = VECTOR('',#3755,1.);
#3755 = DIRECTION('',(0.507020126563,-0.861934215158,0.));
#3756 = ORIENTED_EDGE('',*,*,#3757,.T.);
#3757 = EDGE_CURVE('',#3750,#3758,#3760,.T.);
#3758 = VERTEX_POINT('',#3759);
#3759 = CARTESIAN_POINT('',(5.,-9.869326928018,0.));
#3760 = CIRCLE('',#3761,1.);
#3761 = AXIS2_PLACEMENT_3D('',#3762,#3763,#3764);
#3762 = CARTESIAN_POINT('',(4.,-9.869326928018,0.));
#3763 = DIRECTION('',(-0.,0.,1.));
#3764 = DIRECTION('',(0.,-1.,0.));
#3765 = ORIENTED_EDGE('',*,*,#3766,.F.);
#3766 = EDGE_CURVE('',#3767,#3758,#3769,.T.);
#3767 = VERTEX_POINT('',#3768);
#3768 = CARTESIAN_POINT('',(5.,-8.25,0.));
#3769 = LINE('',#3770,#3771);
#3770 = CARTESIAN_POINT('',(5.,-7.25,0.));
#3771 = VECTOR('',#3772,1.);
#3772 = DIRECTION('',(0.,-1.,0.));
#3773 = ORIENTED_EDGE('',*,*,#3774,.F.);
#3774 = EDGE_CURVE('',#3775,#3767,#3777,.T.);
#3775 = VERTEX_POINT('',#3776);
#3776 = CARTESIAN_POINT('',(4.,-7.25,0.));
#3777 = CIRCLE('',#3778,1.);
#3778 = AXIS2_PLACEMENT_3D('',#3779,#3780,#3781);
#3779 = CARTESIAN_POINT('',(4.,-8.25,0.));
#3780 = DIRECTION('',(-0.,-0.,-1.));
#3781 = DIRECTION('',(0.,-1.,0.));
#3782 = ORIENTED_EDGE('',*,*,#3783,.F.);
#3783 = EDGE_CURVE('',#3784,#3775,#3786,.T.);
#3784 = VERTEX_POINT('',#3785);
#3785 = CARTESIAN_POINT('',(3.047454748225,-7.25,0.));
#3786 = LINE('',#3787,#3788);
#3787 = CARTESIAN_POINT('',(1.299038105677,-7.25,0.));
#3788 = VECTOR('',#3789,1.);
#3789 = DIRECTION('',(1.,0.,0.));
#3790 = ORIENTED_EDGE('',*,*,#3791,.F.);
#3791 = EDGE_CURVE('',#3748,#3784,#3792,.T.);
#3792 = CIRCLE('',#3793,1.);
#3793 = AXIS2_PLACEMENT_3D('',#3794,#3795,#3796);
#3794 = CARTESIAN_POINT('',(3.047454748225,-8.25,0.));
#3795 = DIRECTION('',(-0.,-0.,-1.));
#3796 = DIRECTION('',(0.,-1.,0.));
#3797 = FACE_BOUND('',#3798,.T.);
#3798 = EDGE_LOOP('',(#3799,#3809,#3818,#3826,#3835,#3843));
#3799 = ORIENTED_EDGE('',*,*,#3800,.T.);
#3800 = EDGE_CURVE('',#3801,#3803,#3805,.T.);
#3801 = VERTEX_POINT('',#3802);
#3802 = CARTESIAN_POINT('',(-2.185520533067,-4.242979873437,0.));
#3803 = VERTEX_POINT('',#3804);
#3804 = CARTESIAN_POINT('',(-3.138065784842,-2.623652945419,0.));
#3805 = LINE('',#3806,#3807);
#3806 = CARTESIAN_POINT('',(-1.299038105677,-5.75,0.));
#3807 = VECTOR('',#3808,1.);
#3808 = DIRECTION('',(-0.507020126563,0.861934215158,-0.));
#3809 = ORIENTED_EDGE('',*,*,#3810,.T.);
#3810 = EDGE_CURVE('',#3803,#3811,#3813,.T.);
#3811 = VERTEX_POINT('',#3812);
#3812 = CARTESIAN_POINT('',(-5.,-3.130673071982,0.));
#3813 = CIRCLE('',#3814,1.);
#3814 = AXIS2_PLACEMENT_3D('',#3815,#3816,#3817);
#3815 = CARTESIAN_POINT('',(-4.,-3.130673071982,0.));
#3816 = DIRECTION('',(-0.,0.,1.));
#3817 = DIRECTION('',(0.,-1.,0.));
#3818 = ORIENTED_EDGE('',*,*,#3819,.F.);
#3819 = EDGE_CURVE('',#3820,#3811,#3822,.T.);
#3820 = VERTEX_POINT('',#3821);
#3821 = CARTESIAN_POINT('',(-5.,-4.75,0.));
#3822 = LINE('',#3823,#3824);
#3823 = CARTESIAN_POINT('',(-5.,-5.75,0.));
#3824 = VECTOR('',#3825,1.);
#3825 = DIRECTION('',(0.,1.,0.));
#3826 = ORIENTED_EDGE('',*,*,#3827,.F.);
#3827 = EDGE_CURVE('',#3828,#3820,#3830,.T.);
#3828 = VERTEX_POINT('',#3829);
#3829 = CARTESIAN_POINT('',(-4.,-5.75,0.));
#3830 = CIRCLE('',#3831,1.);
#3831 = AXIS2_PLACEMENT_3D('',#3832,#3833,#3834);
#3832 = CARTESIAN_POINT('',(-4.,-4.75,0.));
#3833 = DIRECTION('',(-0.,-0.,-1.));
#3834 = DIRECTION('',(0.,-1.,0.));
#3835 = ORIENTED_EDGE('',*,*,#3836,.F.);
#3836 = EDGE_CURVE('',#3837,#3828,#3839,.T.);
#3837 = VERTEX_POINT('',#3838);
#3838 = CARTESIAN_POINT('',(-3.047454748225,-5.75,0.));
#3839 = LINE('',#3840,#3841);
#3840 = CARTESIAN_POINT('',(-1.299038105677,-5.75,0.));
#3841 = VECTOR('',#3842,1.);
#3842 = DIRECTION('',(-1.,0.,0.));
#3843 = ORIENTED_EDGE('',*,*,#3844,.F.);
#3844 = EDGE_CURVE('',#3801,#3837,#3845,.T.);
#3845 = CIRCLE('',#3846,1.);
#3846 = AXIS2_PLACEMENT_3D('',#3847,#3848,#3849);
#3847 = CARTESIAN_POINT('',(-3.047454748225,-4.75,0.));
#3848 = DIRECTION('',(-0.,-0.,-1.));
#3849 = DIRECTION('',(0.,-1.,0.));
#3850 = FACE_BOUND('',#3851,.T.);
#3851 = EDGE_LOOP('',(#3852,#3862,#3871,#3879,#3888,#3896));
#3852 = ORIENTED_EDGE('',*,*,#3853,.T.);
#3853 = EDGE_CURVE('',#3854,#3856,#3858,.T.);
#3854 = VERTEX_POINT('',#3855);
#3855 = CARTESIAN_POINT('',(-3.047454748225,-7.25,0.));
#3856 = VERTEX_POINT('',#3857);
#3857 = CARTESIAN_POINT('',(-4.,-7.25,0.));
#3858 = LINE('',#3859,#3860);
#3859 = CARTESIAN_POINT('',(-1.299038105677,-7.25,0.));
#3860 = VECTOR('',#3861,1.);
#3861 = DIRECTION('',(-1.,0.,0.));
#3862 = ORIENTED_EDGE('',*,*,#3863,.T.);
#3863 = EDGE_CURVE('',#3856,#3864,#3866,.T.);
#3864 = VERTEX_POINT('',#3865);
#3865 = CARTESIAN_POINT('',(-5.,-8.25,0.));
#3866 = CIRCLE('',#3867,1.);
#3867 = AXIS2_PLACEMENT_3D('',#3868,#3869,#3870);
#3868 = CARTESIAN_POINT('',(-4.,-8.25,0.));
#3869 = DIRECTION('',(-0.,0.,1.));
#3870 = DIRECTION('',(0.,-1.,0.));
#3871 = ORIENTED_EDGE('',*,*,#3872,.F.);
#3872 = EDGE_CURVE('',#3873,#3864,#3875,.T.);
#3873 = VERTEX_POINT('',#3874);
#3874 = CARTESIAN_POINT('',(-5.,-9.869326928018,0.));
#3875 = LINE('',#3876,#3877);
#3876 = CARTESIAN_POINT('',(-5.,-13.54163522035,0.));
#3877 = VECTOR('',#3878,1.);
#3878 = DIRECTION('',(0.,1.,0.));
#3879 = ORIENTED_EDGE('',*,*,#3880,.F.);
#3880 = EDGE_CURVE('',#3881,#3873,#3883,.T.);
#3881 = VERTEX_POINT('',#3882);
#3882 = CARTESIAN_POINT('',(-3.138065784842,-10.37634705458,0.));
#3883 = CIRCLE('',#3884,1.);
#3884 = AXIS2_PLACEMENT_3D('',#3885,#3886,#3887);
#3885 = CARTESIAN_POINT('',(-4.,-9.869326928018,0.));
#3886 = DIRECTION('',(-0.,-0.,-1.));
#3887 = DIRECTION('',(0.,-1.,0.));
#3888 = ORIENTED_EDGE('',*,*,#3889,.F.);
#3889 = EDGE_CURVE('',#3890,#3881,#3892,.T.);
#3890 = VERTEX_POINT('',#3891);
#3891 = CARTESIAN_POINT('',(-2.185520533067,-8.757020126563,0.));
#3892 = LINE('',#3893,#3894);
#3893 = CARTESIAN_POINT('',(-1.299038105677,-7.25,0.));
#3894 = VECTOR('',#3895,1.);
#3895 = DIRECTION('',(-0.507020126563,-0.861934215158,0.));
#3896 = ORIENTED_EDGE('',*,*,#3897,.F.);
#3897 = EDGE_CURVE('',#3854,#3890,#3898,.T.);
#3898 = CIRCLE('',#3899,1.);
#3899 = AXIS2_PLACEMENT_3D('',#3900,#3901,#3902);
#3900 = CARTESIAN_POINT('',(-3.047454748225,-8.25,0.));
#3901 = DIRECTION('',(-0.,-0.,-1.));
#3902 = DIRECTION('',(0.,-1.,0.));
#3903 = FACE_BOUND('',#3904,.T.);
#3904 = EDGE_LOOP('',(#3905,#3915,#3924,#3932,#3941,#3949));
#3905 = ORIENTED_EDGE('',*,*,#3906,.T.);
#3906 = EDGE_CURVE('',#3907,#3909,#3911,.T.);
#3907 = VERTEX_POINT('',#3908);
#3908 = CARTESIAN_POINT('',(3.047454748225,-5.75,0.));
#3909 = VERTEX_POINT('',#3910);
#3910 = CARTESIAN_POINT('',(4.,-5.75,0.));
#3911 = LINE('',#3912,#3913);
#3912 = CARTESIAN_POINT('',(1.299038105677,-5.75,0.));
#3913 = VECTOR('',#3914,1.);
#3914 = DIRECTION('',(1.,0.,0.));
#3915 = ORIENTED_EDGE('',*,*,#3916,.T.);
#3916 = EDGE_CURVE('',#3909,#3917,#3919,.T.);
#3917 = VERTEX_POINT('',#3918);
#3918 = CARTESIAN_POINT('',(5.,-4.75,0.));
#3919 = CIRCLE('',#3920,1.);
#3920 = AXIS2_PLACEMENT_3D('',#3921,#3922,#3923);
#3921 = CARTESIAN_POINT('',(4.,-4.75,0.));
#3922 = DIRECTION('',(-0.,0.,1.));
#3923 = DIRECTION('',(0.,-1.,0.));
#3924 = ORIENTED_EDGE('',*,*,#3925,.T.);
#3925 = EDGE_CURVE('',#3917,#3926,#3928,.T.);
#3926 = VERTEX_POINT('',#3927);
#3927 = CARTESIAN_POINT('',(5.,-3.130673071982,0.));
#3928 = LINE('',#3929,#3930);
#3929 = CARTESIAN_POINT('',(5.,-5.75,0.));
#3930 = VECTOR('',#3931,1.);
#3931 = DIRECTION('',(0.,1.,0.));
#3932 = ORIENTED_EDGE('',*,*,#3933,.F.);
#3933 = EDGE_CURVE('',#3934,#3926,#3936,.T.);
#3934 = VERTEX_POINT('',#3935);
#3935 = CARTESIAN_POINT('',(3.138065784842,-2.623652945419,0.));
#3936 = CIRCLE('',#3937,1.);
#3937 = AXIS2_PLACEMENT_3D('',#3938,#3939,#3940);
#3938 = CARTESIAN_POINT('',(4.,-3.130673071982,0.));
#3939 = DIRECTION('',(-0.,-0.,-1.));
#3940 = DIRECTION('',(0.,-1.,0.));
#3941 = ORIENTED_EDGE('',*,*,#3942,.F.);
#3942 = EDGE_CURVE('',#3943,#3934,#3945,.T.);
#3943 = VERTEX_POINT('',#3944);
#3944 = CARTESIAN_POINT('',(2.185520533067,-4.242979873437,0.));
#3945 = LINE('',#3946,#3947);
#3946 = CARTESIAN_POINT('',(1.299038105677,-5.75,0.));
#3947 = VECTOR('',#3948,1.);
#3948 = DIRECTION('',(0.507020126563,0.861934215158,0.));
#3949 = ORIENTED_EDGE('',*,*,#3950,.F.);
#3950 = EDGE_CURVE('',#3907,#3943,#3951,.T.);
#3951 = CIRCLE('',#3952,1.);
#3952 = AXIS2_PLACEMENT_3D('',#3953,#3954,#3955);
#3953 = CARTESIAN_POINT('',(3.047454748225,-4.75,0.));
#3954 = DIRECTION('',(-0.,-0.,-1.));
#3955 = DIRECTION('',(0.,-1.,0.));
#3956 = FACE_BOUND('',#3957,.T.);
#3957 = EDGE_LOOP('',(#3958,#3968,#3977,#3985,#3994,#4002));
#3958 = ORIENTED_EDGE('',*,*,#3959,.T.);
#3959 = EDGE_CURVE('',#3960,#3962,#3964,.T.);
#3960 = VERTEX_POINT('',#3961);
#3961 = CARTESIAN_POINT('',(3.028984974728,-16.0797403569,0.));
#3962 = VERTEX_POINT('',#3963);
#3963 = CARTESIAN_POINT('',(2.197578234266,-17.49292465962,0.));
#3964 = LINE('',#3965,#3966);
#3965 = CARTESIAN_POINT('',(3.89094987764,-14.61461479198,0.));
#3966 = VECTOR('',#3967,1.);
#3967 = DIRECTION('',(-0.507075340376,-0.861901734064,0.));
#3968 = ORIENTED_EDGE('',*,*,#3969,.T.);
#3969 = EDGE_CURVE('',#3962,#3970,#3972,.T.);
#3970 = VERTEX_POINT('',#3971);
#3971 = CARTESIAN_POINT('',(3.05947996833,-19.,0.));
#3972 = CIRCLE('',#3973,1.);
#3973 = AXIS2_PLACEMENT_3D('',#3974,#3975,#3976);
#3974 = CARTESIAN_POINT('',(3.05947996833,-18.,0.));
#3975 = DIRECTION('',(-0.,0.,1.));
#3976 = DIRECTION('',(0.,-1.,0.));
#3977 = ORIENTED_EDGE('',*,*,#3978,.T.);
#3978 = EDGE_CURVE('',#3970,#3979,#3981,.T.);
#3979 = VERTEX_POINT('',#3980);
#3980 = CARTESIAN_POINT('',(4.722171592746,-19.,0.));
#3981 = LINE('',#3982,#3983);
#3982 = CARTESIAN_POINT('',(1.310933375588,-19.,0.));
#3983 = VECTOR('',#3984,1.);
#3984 = DIRECTION('',(1.,0.,0.));
#3985 = ORIENTED_EDGE('',*,*,#3986,.F.);
#3986 = EDGE_CURVE('',#3987,#3979,#3989,.T.);
#3987 = VERTEX_POINT('',#3988);
#3988 = CARTESIAN_POINT('',(5.584105807904,-17.49297987343,0.));
#3989 = CIRCLE('',#3990,1.);
#3990 = AXIS2_PLACEMENT_3D('',#3991,#3992,#3993);
#3991 = CARTESIAN_POINT('',(4.722171592746,-18.,0.));
#3992 = DIRECTION('',(-0.,-0.,-1.));
#3993 = DIRECTION('',(0.,-1.,0.));
#3994 = ORIENTED_EDGE('',*,*,#3995,.F.);
#3995 = EDGE_CURVE('',#3996,#3987,#3998,.T.);
#3996 = VERTEX_POINT('',#3997);
#3997 = CARTESIAN_POINT('',(4.75282092395,-16.07979557071,0.));
#3998 = LINE('',#3999,#4000);
#3999 = CARTESIAN_POINT('',(3.89094987764,-14.61461479198,0.));
#4000 = VECTOR('',#4001,1.);
#4001 = DIRECTION('',(0.507020126563,-0.861934215158,0.));
#4002 = ORIENTED_EDGE('',*,*,#4003,.F.);
#4003 = EDGE_CURVE('',#3960,#3996,#4004,.T.);
#4004 = CIRCLE('',#4005,1.);
#4005 = AXIS2_PLACEMENT_3D('',#4006,#4007,#4008);
#4006 = CARTESIAN_POINT('',(3.890886708792,-16.58681569727,0.));
#4007 = DIRECTION('',(-0.,-0.,-1.));
#4008 = DIRECTION('',(0.,-1.,0.));
#4009 = FACE_BOUND('',#4010,.T.);
#4010 = EDGE_LOOP('',(#4011,#4021,#4030,#4038,#4047,#4055));
#4011 = ORIENTED_EDGE('',*,*,#4012,.T.);
#4012 = EDGE_CURVE('',#4013,#4015,#4017,.T.);
#4013 = VERTEX_POINT('',#4014);
#4014 = CARTESIAN_POINT('',(4.752821318544,3.079796241525,0.));
#4015 = VERTEX_POINT('',#4016);
#4016 = CARTESIAN_POINT('',(5.584105807904,4.492979873437,0.));
#4017 = LINE('',#4018,#4019);
#4018 = CARTESIAN_POINT('',(3.890950582993,1.614615991089,0.));
#4019 = VECTOR('',#4020,1.);
#4020 = DIRECTION('',(0.507020126563,0.861934215158,0.));
#4021 = ORIENTED_EDGE('',*,*,#4022,.T.);
#4022 = EDGE_CURVE('',#4015,#4023,#4025,.T.);
#4023 = VERTEX_POINT('',#4024);
#4024 = CARTESIAN_POINT('',(4.722171592746,6.,0.));
#4025 = CIRCLE('',#4026,1.);
#4026 = AXIS2_PLACEMENT_3D('',#4027,#4028,#4029);
#4027 = CARTESIAN_POINT('',(4.722171592746,5.,0.));
#4028 = DIRECTION('',(-0.,0.,1.));
#4029 = DIRECTION('',(0.,-1.,0.));
#4030 = ORIENTED_EDGE('',*,*,#4031,.F.);
#4031 = EDGE_CURVE('',#4032,#4023,#4034,.T.);
#4032 = VERTEX_POINT('',#4033);
#4033 = CARTESIAN_POINT('',(3.059480158048,6.,0.));
#4034 = LINE('',#4035,#4036);
#4035 = CARTESIAN_POINT('',(1.310932925945,6.,0.));
#4036 = VECTOR('',#4037,1.);
#4037 = DIRECTION('',(1.,0.,0.));
#4038 = ORIENTED_EDGE('',*,*,#4039,.F.);
#4039 = EDGE_CURVE('',#4040,#4032,#4042,.T.);
#4040 = VERTEX_POINT('',#4041);
#4041 = CARTESIAN_POINT('',(2.197578583792,4.49292438799,0.));
#4042 = CIRCLE('',#4043,1.);
#4043 = AXIS2_PLACEMENT_3D('',#4044,#4045,#4046);
#4044 = CARTESIAN_POINT('',(3.059480158048,5.,0.));
#4045 = DIRECTION('',(-0.,-0.,-1.));
#4046 = DIRECTION('',(0.,-1.,0.));
#4047 = ORIENTED_EDGE('',*,*,#4048,.F.);
#4048 = EDGE_CURVE('',#4049,#4040,#4051,.T.);
#4049 = VERTEX_POINT('',#4050);
#4050 = CARTESIAN_POINT('',(3.02898552913,3.079740756078,0.));
#4051 = LINE('',#4052,#4053);
#4052 = CARTESIAN_POINT('',(3.890950582993,1.614615991089,0.));
#4053 = VECTOR('',#4054,1.);
#4054 = DIRECTION('',(-0.50707561201,0.861901574256,-0.));
#4055 = ORIENTED_EDGE('',*,*,#4056,.F.);
#4056 = EDGE_CURVE('',#4013,#4049,#4057,.T.);
#4057 = CIRCLE('',#4058,1.);
#4058 = AXIS2_PLACEMENT_3D('',#4059,#4060,#4061);
#4059 = CARTESIAN_POINT('',(3.890887103386,3.586816368088,0.));
#4060 = DIRECTION('',(-0.,-0.,-1.));
#4061 = DIRECTION('',(0.,-1.,0.));
#4062 = FACE_BOUND('',#4063,.T.);
#4063 = EDGE_LOOP('',(#4064,#4074,#4083,#4091,#4100,#4108));
#4064 = ORIENTED_EDGE('',*,*,#4065,.T.);
#4065 = EDGE_CURVE('',#4066,#4068,#4070,.T.);
#4066 = VERTEX_POINT('',#4067);
#4067 = CARTESIAN_POINT('',(-3.02898552913,3.079740756078,0.));
#4068 = VERTEX_POINT('',#4069);
#4069 = CARTESIAN_POINT('',(-2.197578583792,4.49292438799,0.));
#4070 = LINE('',#4071,#4072);
#4071 = CARTESIAN_POINT('',(-3.890950582993,1.614615991089,0.));
#4072 = VECTOR('',#4073,1.);
#4073 = DIRECTION('',(0.50707561201,0.861901574256,0.));
#4074 = ORIENTED_EDGE('',*,*,#4075,.T.);
#4075 = EDGE_CURVE('',#4068,#4076,#4078,.T.);
#4076 = VERTEX_POINT('',#4077);
#4077 = CARTESIAN_POINT('',(-3.059480158048,6.,0.));
#4078 = CIRCLE('',#4079,1.);
#4079 = AXIS2_PLACEMENT_3D('',#4080,#4081,#4082);
#4080 = CARTESIAN_POINT('',(-3.059480158048,5.,0.));
#4081 = DIRECTION('',(-0.,0.,1.));
#4082 = DIRECTION('',(0.,-1.,0.));
#4083 = ORIENTED_EDGE('',*,*,#4084,.F.);
#4084 = EDGE_CURVE('',#4085,#4076,#4087,.T.);
#4085 = VERTEX_POINT('',#4086);
#4086 = CARTESIAN_POINT('',(-4.722171592746,6.,0.));
#4087 = LINE('',#4088,#4089);
#4088 = CARTESIAN_POINT('',(-6.470588235294,6.,0.));
#4089 = VECTOR('',#4090,1.);
#4090 = DIRECTION('',(1.,0.,0.));
#4091 = ORIENTED_EDGE('',*,*,#4092,.F.);
#4092 = EDGE_CURVE('',#4093,#4085,#4095,.T.);
#4093 = VERTEX_POINT('',#4094);
#4094 = CARTESIAN_POINT('',(-5.584105807904,4.492979873437,0.));
#4095 = CIRCLE('',#4096,1.);
#4096 = AXIS2_PLACEMENT_3D('',#4097,#4098,#4099);
#4097 = CARTESIAN_POINT('',(-4.722171592746,5.,0.));
#4098 = DIRECTION('',(-0.,-0.,-1.));
#4099 = DIRECTION('',(0.,-1.,0.));
#4100 = ORIENTED_EDGE('',*,*,#4101,.T.);
#4101 = EDGE_CURVE('',#4093,#4102,#4104,.T.);
#4102 = VERTEX_POINT('',#4103);
#4103 = CARTESIAN_POINT('',(-4.752821318544,3.079796241525,0.));
#4104 = LINE('',#4105,#4106);
#4105 = CARTESIAN_POINT('',(-6.470588235294,6.,0.));
#4106 = VECTOR('',#4107,1.);
#4107 = DIRECTION('',(0.507020126563,-0.861934215158,0.));
#4108 = ORIENTED_EDGE('',*,*,#4109,.F.);
#4109 = EDGE_CURVE('',#4066,#4102,#4110,.T.);
#4110 = CIRCLE('',#4111,1.);
#4111 = AXIS2_PLACEMENT_3D('',#4112,#4113,#4114);
#4112 = CARTESIAN_POINT('',(-3.890887103386,3.586816368088,0.));
#4113 = DIRECTION('',(-0.,-0.,-1.));
#4114 = DIRECTION('',(0.,-1.,0.));
#4115 = FACE_BOUND('',#4116,.T.);
#4116 = EDGE_LOOP('',(#4117,#4127,#4136,#4144,#4153,#4161));
#4117 = ORIENTED_EDGE('',*,*,#4118,.T.);
#4118 = EDGE_CURVE('',#4119,#4121,#4123,.T.);
#4119 = VERTEX_POINT('',#4120);
#4120 = CARTESIAN_POINT('',(-2.197579040387,-17.49292438562,0.));
#4121 = VERTEX_POINT('',#4122);
#4122 = CARTESIAN_POINT('',(-3.028985760713,-16.07974114504,0.));
#4123 = LINE('',#4124,#4125);
#4124 = CARTESIAN_POINT('',(-1.310933375588,-19.,0.));
#4125 = VECTOR('',#4126,1.);
#4126 = DIRECTION('',(-0.507075614373,0.861901572866,-0.));
#4127 = ORIENTED_EDGE('',*,*,#4128,.T.);
#4128 = EDGE_CURVE('',#4121,#4129,#4131,.T.);
#4129 = VERTEX_POINT('',#4130);
#4130 = CARTESIAN_POINT('',(-4.752821548737,-16.07979663285,0.));
#4131 = CIRCLE('',#4132,1.);
#4132 = AXIS2_PLACEMENT_3D('',#4133,#4134,#4135);
#4133 = CARTESIAN_POINT('',(-3.890887333579,-16.58681675941,0.));
#4134 = DIRECTION('',(-0.,0.,1.));
#4135 = DIRECTION('',(0.,-1.,0.));
#4136 = ORIENTED_EDGE('',*,*,#4137,.T.);
#4137 = EDGE_CURVE('',#4129,#4138,#4140,.T.);
#4138 = VERTEX_POINT('',#4139);
#4139 = CARTESIAN_POINT('',(-5.584105807904,-17.49297987343,0.));
#4140 = LINE('',#4141,#4142);
#4141 = CARTESIAN_POINT('',(-3.890950815889,-14.61461638701,0.));
#4142 = VECTOR('',#4143,1.);
#4143 = DIRECTION('',(-0.507020126563,-0.861934215158,0.));
#4144 = ORIENTED_EDGE('',*,*,#4145,.F.);
#4145 = EDGE_CURVE('',#4146,#4138,#4148,.T.);
#4146 = VERTEX_POINT('',#4147);
#4147 = CARTESIAN_POINT('',(-4.722171592746,-19.,0.));
#4148 = CIRCLE('',#4149,1.);
#4149 = AXIS2_PLACEMENT_3D('',#4150,#4151,#4152);
#4150 = CARTESIAN_POINT('',(-4.722171592746,-18.,0.));
#4151 = DIRECTION('',(-0.,-0.,-1.));
#4152 = DIRECTION('',(0.,-1.,0.));
#4153 = ORIENTED_EDGE('',*,*,#4154,.T.);
#4154 = EDGE_CURVE('',#4146,#4155,#4157,.T.);
#4155 = VERTEX_POINT('',#4156);
#4156 = CARTESIAN_POINT('',(-3.059480613253,-19.,0.));
#4157 = LINE('',#4158,#4159);
#4158 = CARTESIAN_POINT('',(-6.470588235294,-19.,0.));
#4159 = VECTOR('',#4160,1.);
#4160 = DIRECTION('',(1.,0.,0.));
#4161 = ORIENTED_EDGE('',*,*,#4162,.F.);
#4162 = EDGE_CURVE('',#4119,#4155,#4163,.T.);
#4163 = CIRCLE('',#4164,1.);
#4164 = AXIS2_PLACEMENT_3D('',#4165,#4166,#4167);
#4165 = CARTESIAN_POINT('',(-3.059480613253,-18.,0.));
#4166 = DIRECTION('',(-0.,-0.,-1.));
#4167 = DIRECTION('',(0.,-1.,0.));
#4168 = FACE_BOUND('',#4169,.T.);
#4169 = EDGE_LOOP('',(#4170,#4180,#4189,#4197,#4206,#4214));
#4170 = ORIENTED_EDGE('',*,*,#4171,.T.);
#4171 = EDGE_CURVE('',#4172,#4174,#4176,.T.);
#4172 = VERTEX_POINT('',#4173);
#4173 = CARTESIAN_POINT('',(-1.693211099982,-15.39238436395,0.));
#4174 = VERTEX_POINT('',#4175);
#4175 = CARTESIAN_POINT('',(-0.861945316038,-16.80560888825,0.));
#4176 = LINE('',#4177,#4178);
#4177 = CARTESIAN_POINT('',(-2.579636532828,-13.88538361298,0.));
#4178 = VECTOR('',#4179,1.);
#4179 = DIRECTION('',(0.507000750968,-0.861945612274,0.));
#4180 = ORIENTED_EDGE('',*,*,#4181,.T.);
#4181 = EDGE_CURVE('',#4174,#4182,#4184,.T.);
#4182 = VERTEX_POINT('',#4183);
#4183 = CARTESIAN_POINT('',(0.861945756215,-16.80560914716,0.));
#4184 = CIRCLE('',#4185,1.);
#4185 = AXIS2_PLACEMENT_3D('',#4186,#4187,#4188);
#4186 = CARTESIAN_POINT('',(2.9623566653E-07,-16.29860813728,0.));
#4187 = DIRECTION('',(-0.,0.,1.));
#4188 = DIRECTION('',(0.,-1.,0.));
#4189 = ORIENTED_EDGE('',*,*,#4190,.F.);
#4190 = EDGE_CURVE('',#4191,#4182,#4193,.T.);
#4191 = VERTEX_POINT('',#4192);
#4192 = CARTESIAN_POINT('',(1.693212111542,-15.39238462287,0.));
#4193 = LINE('',#4194,#4195);
#4194 = CARTESIAN_POINT('',(2.579638305981,-13.88538361298,0.));
#4195 = VECTOR('',#4196,1.);
#4196 = DIRECTION('',(-0.507001009882,-0.861945459979,0.));
#4197 = ORIENTED_EDGE('',*,*,#4198,.F.);
#4198 = EDGE_CURVE('',#4199,#4191,#4201,.T.);
#4199 = VERTEX_POINT('',#4200);
#4200 = CARTESIAN_POINT('',(0.831266651563,-13.88538361298,0.));
#4201 = CIRCLE('',#4202,1.);
#4202 = AXIS2_PLACEMENT_3D('',#4203,#4204,#4205);
#4203 = CARTESIAN_POINT('',(0.831266651563,-14.88538361298,0.));
#4204 = DIRECTION('',(-0.,-0.,-1.));
#4205 = DIRECTION('',(0.,-1.,0.));
#4206 = ORIENTED_EDGE('',*,*,#4207,.F.);
#4207 = EDGE_CURVE('',#4208,#4199,#4210,.T.);
#4208 = VERTEX_POINT('',#4209);
#4209 = CARTESIAN_POINT('',(-0.831265487709,-13.88538361298,0.));
#4210 = LINE('',#4211,#4212);
#4211 = CARTESIAN_POINT('',(-2.579636532828,-13.88538361298,0.));
#4212 = VECTOR('',#4213,1.);
#4213 = DIRECTION('',(1.,0.,0.));
#4214 = ORIENTED_EDGE('',*,*,#4215,.F.);
#4215 = EDGE_CURVE('',#4172,#4208,#4216,.T.);
#4216 = CIRCLE('',#4217,1.);
#4217 = AXIS2_PLACEMENT_3D('',#4218,#4219,#4220);
#4218 = CARTESIAN_POINT('',(-0.831265487709,-14.88538361298,0.));
#4219 = DIRECTION('',(-0.,-0.,-1.));
#4220 = DIRECTION('',(0.,-1.,0.));
#4221 = FACE_BOUND('',#4222,.T.);
#4222 = EDGE_LOOP('',(#4223,#4233,#4242,#4250,#4259,#4267));
#4223 = ORIENTED_EDGE('',*,*,#4224,.T.);
#4224 = EDGE_CURVE('',#4225,#4227,#4229,.T.);
#4225 = VERTEX_POINT('',#4226);
#4226 = CARTESIAN_POINT('',(-0.831264785685,0.885384008911,0.));
#4227 = VERTEX_POINT('',#4228);
#4228 = CARTESIAN_POINT('',(0.831267172415,0.885384008911,0.));
#4229 = LINE('',#4230,#4231);
#4230 = CARTESIAN_POINT('',(-2.579635834188,0.885384008911,0.));
#4231 = VECTOR('',#4232,1.);
#4232 = DIRECTION('',(1.,0.,0.));
#4233 = ORIENTED_EDGE('',*,*,#4234,.T.);
#4234 = EDGE_CURVE('',#4227,#4235,#4237,.T.);
#4235 = VERTEX_POINT('',#4236);
#4236 = CARTESIAN_POINT('',(1.69321247153,2.392385292275,0.));
#4237 = CIRCLE('',#4238,1.);
#4238 = AXIS2_PLACEMENT_3D('',#4239,#4240,#4241);
#4239 = CARTESIAN_POINT('',(0.831267172415,1.885384008911,0.));
#4240 = DIRECTION('',(-0.,0.,1.));
#4241 = DIRECTION('',(0.,-1.,0.));
#4242 = ORIENTED_EDGE('',*,*,#4243,.F.);
#4243 = EDGE_CURVE('',#4244,#4235,#4246,.T.);
#4244 = VERTEX_POINT('',#4245);
#4245 = CARTESIAN_POINT('',(0.861945906609,3.805609146841,0.));
#4246 = LINE('',#4247,#4248);
#4247 = CARTESIAN_POINT('',(0.,5.27099049137,0.));
#4248 = VECTOR('',#4249,1.);
#4249 = DIRECTION('',(0.507001283364,-0.861945299115,0.));
#4250 = ORIENTED_EDGE('',*,*,#4251,.F.);
#4251 = EDGE_CURVE('',#4252,#4244,#4254,.T.);
#4252 = VERTEX_POINT('',#4253);
#4253 = CARTESIAN_POINT('',(-0.861945003934,3.805608615882,0.));
#4254 = CIRCLE('',#4255,1.);
#4255 = AXIS2_PLACEMENT_3D('',#4256,#4257,#4258);
#4256 = CARTESIAN_POINT('',(6.0749385636E-07,3.298607863477,0.));
#4257 = DIRECTION('',(-0.,-0.,-1.));
#4258 = DIRECTION('',(0.,-1.,0.));
#4259 = ORIENTED_EDGE('',*,*,#4260,.F.);
#4260 = EDGE_CURVE('',#4261,#4252,#4263,.T.);
#4261 = VERTEX_POINT('',#4262);
#4262 = CARTESIAN_POINT('',(-1.693210397113,2.392384761317,0.));
#4263 = LINE('',#4264,#4265);
#4264 = CARTESIAN_POINT('',(-2.579635834188,0.885384008911,0.));
#4265 = VECTOR('',#4266,1.);
#4266 = DIRECTION('',(0.507000752406,0.861945611428,0.));
#4267 = ORIENTED_EDGE('',*,*,#4268,.F.);
#4268 = EDGE_CURVE('',#4225,#4261,#4269,.T.);
#4269 = CIRCLE('',#4270,1.);
#4270 = AXIS2_PLACEMENT_3D('',#4271,#4272,#4273);
#4271 = CARTESIAN_POINT('',(-0.831264785685,1.885384008911,0.));
#4272 = DIRECTION('',(-0.,-0.,-1.));
#4273 = DIRECTION('',(0.,-1.,0.));
#4274 = FACE_BOUND('',#4275,.T.);
#4275 = EDGE_LOOP('',(#4276,#4286,#4295,#4303,#4312,#4320));
#4276 = ORIENTED_EDGE('',*,*,#4277,.T.);
#4277 = EDGE_CURVE('',#4278,#4280,#4282,.T.);
#4278 = VERTEX_POINT('',#4279);
#4279 = CARTESIAN_POINT('',(0.861934215158,-3.534711834232,0.));
#4280 = VERTEX_POINT('',#4281);
#4281 = CARTESIAN_POINT('',(1.693155224911,-2.121636117652,0.));
#4282 = LINE('',#4283,#4284);
#4283 = CARTESIAN_POINT('',(0.,-5.,0.));
#4284 = VECTOR('',#4285,1.);
#4285 = DIRECTION('',(0.507020126563,0.861934215158,0.));
#4286 = ORIENTED_EDGE('',*,*,#4287,.T.);
#4287 = EDGE_CURVE('',#4280,#4288,#4290,.T.);
#4288 = VERTEX_POINT('',#4289);
#4289 = CARTESIAN_POINT('',(0.831221009753,-0.614615991089,0.));
#4290 = CIRCLE('',#4291,1.);
#4291 = AXIS2_PLACEMENT_3D('',#4292,#4293,#4294);
#4292 = CARTESIAN_POINT('',(0.831221009753,-1.614615991089,0.));
#4293 = DIRECTION('',(-0.,0.,1.));
#4294 = DIRECTION('',(0.,-1.,0.));
#4295 = ORIENTED_EDGE('',*,*,#4296,.T.);
#4296 = EDGE_CURVE('',#4288,#4297,#4299,.T.);
#4297 = VERTEX_POINT('',#4298);
#4298 = CARTESIAN_POINT('',(-0.831221009753,-0.614615991089,0.));
#4299 = LINE('',#4300,#4301);
#4300 = CARTESIAN_POINT('',(2.579637652301,-0.614615991089,0.));
#4301 = VECTOR('',#4302,1.);
#4302 = DIRECTION('',(-1.,0.,0.));
#4303 = ORIENTED_EDGE('',*,*,#4304,.F.);
#4304 = EDGE_CURVE('',#4305,#4297,#4307,.T.);
#4305 = VERTEX_POINT('',#4306);
#4306 = CARTESIAN_POINT('',(-1.693155224911,-2.121636117652,0.));
#4307 = CIRCLE('',#4308,1.);
#4308 = AXIS2_PLACEMENT_3D('',#4309,#4310,#4311);
#4309 = CARTESIAN_POINT('',(-0.831221009753,-1.614615991089,0.));
#4310 = DIRECTION('',(-0.,-0.,-1.));
#4311 = DIRECTION('',(0.,-1.,0.));
#4312 = ORIENTED_EDGE('',*,*,#4313,.F.);
#4313 = EDGE_CURVE('',#4314,#4305,#4316,.T.);
#4314 = VERTEX_POINT('',#4315);
#4315 = CARTESIAN_POINT('',(-0.861934215158,-3.534711834232,0.));
#4316 = LINE('',#4317,#4318);
#4317 = CARTESIAN_POINT('',(0.,-5.,0.));
#4318 = VECTOR('',#4319,1.);
#4319 = DIRECTION('',(-0.507020126563,0.861934215158,-0.));
#4320 = ORIENTED_EDGE('',*,*,#4321,.F.);
#4321 = EDGE_CURVE('',#4278,#4314,#4322,.T.);
#4322 = CIRCLE('',#4323,1.);
#4323 = AXIS2_PLACEMENT_3D('',#4324,#4325,#4326);
#4324 = CARTESIAN_POINT('',(4.3E-16,-3.027691707668,0.));
#4325 = DIRECTION('',(-0.,-0.,-1.));
#4326 = DIRECTION('',(0.,-1.,0.));
#4327 = FACE_BOUND('',#4328,.T.);
#4328 = EDGE_LOOP('',(#4329,#4339,#4348,#4356,#4365,#4373));
#4329 = ORIENTED_EDGE('',*,*,#4330,.T.);
#4330 = EDGE_CURVE('',#4331,#4333,#4335,.T.);
#4331 = VERTEX_POINT('',#4332);
#4332 = CARTESIAN_POINT('',(-0.831220776857,-12.38538361298,0.));
#4333 = VERTEX_POINT('',#4334);
#4334 = CARTESIAN_POINT('',(0.831220776857,-12.38538361298,0.));
#4335 = LINE('',#4336,#4337);
#4336 = CARTESIAN_POINT('',(-2.579637419405,-12.38538361298,0.));
#4337 = VECTOR('',#4338,1.);
#4338 = DIRECTION('',(1.,0.,0.));
#4339 = ORIENTED_EDGE('',*,*,#4340,.T.);
#4340 = EDGE_CURVE('',#4333,#4341,#4343,.T.);
#4341 = VERTEX_POINT('',#4342);
#4342 = CARTESIAN_POINT('',(1.693154992015,-10.87836348642,0.));
#4343 = CIRCLE('',#4344,1.);
#4344 = AXIS2_PLACEMENT_3D('',#4345,#4346,#4347);
#4345 = CARTESIAN_POINT('',(0.831220776857,-11.38538361298,0.));
#4346 = DIRECTION('',(-0.,0.,1.));
#4347 = DIRECTION('',(0.,-1.,0.));
#4348 = ORIENTED_EDGE('',*,*,#4349,.T.);
#4349 = EDGE_CURVE('',#4341,#4350,#4352,.T.);
#4350 = VERTEX_POINT('',#4351);
#4351 = CARTESIAN_POINT('',(0.861934215158,-9.465288165768,0.));
#4352 = LINE('',#4353,#4354);
#4353 = CARTESIAN_POINT('',(2.579637419405,-12.38538361298,0.));
#4354 = VECTOR('',#4355,1.);
#4355 = DIRECTION('',(-0.507020126563,0.861934215158,-0.));
#4356 = ORIENTED_EDGE('',*,*,#4357,.F.);
#4357 = EDGE_CURVE('',#4358,#4350,#4360,.T.);
#4358 = VERTEX_POINT('',#4359);
#4359 = CARTESIAN_POINT('',(-0.861934215158,-9.465288165768,0.));
#4360 = CIRCLE('',#4361,1.);
#4361 = AXIS2_PLACEMENT_3D('',#4362,#4363,#4364);
#4362 = CARTESIAN_POINT('',(0.,-9.972308292332,0.));
#4363 = DIRECTION('',(-0.,-0.,-1.));
#4364 = DIRECTION('',(0.,-1.,0.));
#4365 = ORIENTED_EDGE('',*,*,#4366,.F.);
#4366 = EDGE_CURVE('',#4367,#4358,#4369,.T.);
#4367 = VERTEX_POINT('',#4368);
#4368 = CARTESIAN_POINT('',(-1.693154992015,-10.87836348642,0.));
#4369 = LINE('',#4370,#4371);
#4370 = CARTESIAN_POINT('',(-2.579637419405,-12.38538361298,0.));
#4371 = VECTOR('',#4372,1.);
#4372 = DIRECTION('',(0.507020126563,0.861934215158,0.));
#4373 = ORIENTED_EDGE('',*,*,#4374,.F.);
#4374 = EDGE_CURVE('',#4331,#4367,#4375,.T.);
#4375 = CIRCLE('',#4376,1.);
#4376 = AXIS2_PLACEMENT_3D('',#4377,#4378,#4379);
#4377 = CARTESIAN_POINT('',(-0.831220776857,-11.38538361298,0.));
#4378 = DIRECTION('',(-0.,-0.,-1.));
#4379 = DIRECTION('',(0.,-1.,0.));
#4380 = PLANE('',#4381);
#4381 = AXIS2_PLACEMENT_3D('',#4382,#4383,#4384);
#4382 = CARTESIAN_POINT('',(2.755799887601E-02,-6.562953654807,0.));
#4383 = DIRECTION('',(-0.,-0.,-1.));
#4384 = DIRECTION('',(-1.,0.,0.));
#4385 = ADVANCED_FACE('',(#4386),#4397,.T.);
#4386 = FACE_BOUND('',#4387,.F.);
#4387 = EDGE_LOOP('',(#4388,#4389,#4390,#4396));
#4388 = ORIENTED_EDGE('',*,*,#141,.F.);
#4389 = ORIENTED_EDGE('',*,*,#2620,.T.);
#4390 = ORIENTED_EDGE('',*,*,#4391,.T.);
#4391 = EDGE_CURVE('',#2621,#158,#4392,.T.);
#4392 = LINE('',#4393,#4394);
#4393 = CARTESIAN_POINT('',(12.988799086687,-21.0742060507,0.2));
#4394 = VECTOR('',#4395,1.);
#4395 = DIRECTION('',(0.699186539427,-0.105537590857,0.707106781187));
#4396 = ORIENTED_EDGE('',*,*,#157,.F.);
#4397 = CONICAL_SURFACE('',#4398,1.,0.785398163397);
#4398 = AXIS2_PLACEMENT_3D('',#4399,#4400,#4401);
#4399 = CARTESIAN_POINT('',(12.,-20.92495335837,0.2));
#4400 = DIRECTION('',(0.,0.,1.));
#4401 = DIRECTION('',(1.,0.,-0.));
#4402 = ADVANCED_FACE('',(#4403),#4428,.F.);
#4403 = FACE_BOUND('',#4404,.F.);
#4404 = EDGE_LOOP('',(#4405,#4406,#4414,#4422));
#4405 = ORIENTED_EDGE('',*,*,#166,.F.);
#4406 = ORIENTED_EDGE('',*,*,#4407,.T.);
#4407 = EDGE_CURVE('',#158,#4408,#4410,.T.);
#4408 = VERTEX_POINT('',#4409);
#4409 = CARTESIAN_POINT('',(9.2568293759,-45.79850538466,0.2));
#4410 = LINE('',#4411,#4412);
#4411 = CARTESIAN_POINT('',(12.988799086687,-21.0742060507,0.2));
#4412 = VECTOR('',#4413,1.);
#4413 = DIRECTION('',(-0.14925269233,-0.988799086687,-0.));
#4414 = ORIENTED_EDGE('',*,*,#4415,.T.);
#4415 = EDGE_CURVE('',#4408,#4416,#4418,.T.);
#4416 = VERTEX_POINT('',#4417);
#4417 = CARTESIAN_POINT('',(9.2568293759,-45.79850538466,1.8));
#4418 = LINE('',#4419,#4420);
#4419 = CARTESIAN_POINT('',(9.2568293759,-45.79850538466,0.));
#4420 = VECTOR('',#4421,1.);
#4421 = DIRECTION('',(0.,0.,1.));
#4422 = ORIENTED_EDGE('',*,*,#4423,.F.);
#4423 = EDGE_CURVE('',#167,#4416,#4424,.T.);
#4424 = LINE('',#4425,#4426);
#4425 = CARTESIAN_POINT('',(12.988799086687,-21.0742060507,1.8));
#4426 = VECTOR('',#4427,1.);
#4427 = DIRECTION('',(-0.14925269233,-0.988799086687,-0.));
#4428 = PLANE('',#4429);
#4429 = AXIS2_PLACEMENT_3D('',#4430,#4431,#4432);
#4430 = CARTESIAN_POINT('',(9.,-47.5,0.));
#4431 = DIRECTION('',(-0.988799086687,0.14925269233,0.));
#4432 = DIRECTION('',(0.14925269233,0.988799086687,0.));
#4433 = ADVANCED_FACE('',(#4434),#4445,.T.);
#4434 = FACE_BOUND('',#4435,.T.);
#4435 = EDGE_LOOP('',(#4436,#4442,#4443,#4444));
#4436 = ORIENTED_EDGE('',*,*,#4437,.F.);
#4437 = EDGE_CURVE('',#466,#241,#4438,.T.);
#4438 = LINE('',#4439,#4440);
#4439 = CARTESIAN_POINT('',(14.75,-16.5,1.8));
#4440 = VECTOR('',#4441,1.);
#4441 = DIRECTION('',(0.707106781187,-5.E-16,-0.707106781187));
#4442 = ORIENTED_EDGE('',*,*,#465,.T.);
#4443 = ORIENTED_EDGE('',*,*,#189,.T.);
#4444 = ORIENTED_EDGE('',*,*,#240,.F.);
#4445 = CONICAL_SURFACE('',#4446,1.75,0.785398163397);
#4446 = AXIS2_PLACEMENT_3D('',#4447,#4448,#4449);
#4447 = CARTESIAN_POINT('',(13.,-16.5,1.8));
#4448 = DIRECTION('',(-0.,-0.,-1.));
#4449 = DIRECTION('',(1.,0.,0.));
#4450 = ADVANCED_FACE('',(#4451),#4462,.T.);
#4451 = FACE_BOUND('',#4452,.F.);
#4452 = EDGE_LOOP('',(#4453,#4459,#4460,#4461));
#4453 = ORIENTED_EDGE('',*,*,#4454,.F.);
#4454 = EDGE_CURVE('',#2603,#267,#4455,.T.);
#4455 = LINE('',#4456,#4457);
#4456 = CARTESIAN_POINT('',(14.75,-16.5,0.2));
#4457 = VECTOR('',#4458,1.);
#4458 = DIRECTION('',(0.707106781187,-5.E-16,0.707106781187));
#4459 = ORIENTED_EDGE('',*,*,#2611,.T.);
#4460 = ORIENTED_EDGE('',*,*,#214,.T.);
#4461 = ORIENTED_EDGE('',*,*,#275,.F.);
#4462 = CONICAL_SURFACE('',#4463,1.75,0.785398163397);
#4463 = AXIS2_PLACEMENT_3D('',#4464,#4465,#4466);
#4464 = CARTESIAN_POINT('',(13.,-16.5,0.2));
#4465 = DIRECTION('',(0.,0.,1.));
#4466 = DIRECTION('',(1.,0.,-0.));
#4467 = ADVANCED_FACE('',(#4468),#4479,.T.);
#4468 = FACE_BOUND('',#4469,.T.);
#4469 = EDGE_LOOP('',(#4470,#4476,#4477,#4478));
#4470 = ORIENTED_EDGE('',*,*,#4471,.F.);
#4471 = EDGE_CURVE('',#475,#250,#4472,.T.);
#4472 = LINE('',#4473,#4474);
#4473 = CARTESIAN_POINT('',(13.636363636364,-14.86980328723,1.8));
#4474 = VECTOR('',#4475,1.);
#4475 = DIRECTION('',(0.257129738613,0.658698943009,-0.707106781187));
#4476 = ORIENTED_EDGE('',*,*,#474,.T.);
#4477 = ORIENTED_EDGE('',*,*,#4437,.T.);
#4478 = ORIENTED_EDGE('',*,*,#249,.F.);
#4479 = CONICAL_SURFACE('',#4480,1.75,0.785398163397);
#4480 = AXIS2_PLACEMENT_3D('',#4481,#4482,#4483);
#4481 = CARTESIAN_POINT('',(13.,-16.5,1.8));
#4482 = DIRECTION('',(-0.,-0.,-1.));
#4483 = DIRECTION('',(0.363636363636,0.931540978724,-0.));
#4484 = ADVANCED_FACE('',(#4485),#4496,.T.);
#4485 = FACE_BOUND('',#4486,.F.);
#4486 = EDGE_LOOP('',(#4487,#4493,#4494,#4495));
#4487 = ORIENTED_EDGE('',*,*,#4488,.F.);
#4488 = EDGE_CURVE('',#2594,#259,#4489,.T.);
#4489 = LINE('',#4490,#4491);
#4490 = CARTESIAN_POINT('',(13.636363636364,-14.86980328723,0.2));
#4491 = VECTOR('',#4492,1.);
#4492 = DIRECTION('',(0.257129738613,0.658698943009,0.707106781187));
#4493 = ORIENTED_EDGE('',*,*,#2602,.T.);
#4494 = ORIENTED_EDGE('',*,*,#4454,.T.);
#4495 = ORIENTED_EDGE('',*,*,#266,.F.);
#4496 = CONICAL_SURFACE('',#4497,1.75,0.785398163397);
#4497 = AXIS2_PLACEMENT_3D('',#4498,#4499,#4500);
#4498 = CARTESIAN_POINT('',(13.,-16.5,0.2));
#4499 = DIRECTION('',(0.,0.,1.));
#4500 = DIRECTION('',(0.363636363636,0.931540978724,-0.));
#4501 = ADVANCED_FACE('',(#4502),#4529,.F.);
#4502 = FACE_BOUND('',#4503,.T.);
#4503 = EDGE_LOOP('',(#4504,#4514,#4521,#4522));
#4504 = ORIENTED_EDGE('',*,*,#4505,.F.);
#4505 = EDGE_CURVE('',#4506,#4508,#4510,.T.);
#4506 = VERTEX_POINT('',#4507);
#4507 = CARTESIAN_POINT('',(13.,-13.93826230851,1.8));
#4508 = VERTEX_POINT('',#4509);
#4509 = CARTESIAN_POINT('',(13.,-13.93826230851,0.2));
#4510 = LINE('',#4511,#4512);
#4511 = CARTESIAN_POINT('',(13.,-13.93826230851,2.));
#4512 = VECTOR('',#4513,1.);
#4513 = DIRECTION('',(-0.,-0.,-1.));
#4514 = ORIENTED_EDGE('',*,*,#4515,.T.);
#4515 = EDGE_CURVE('',#4506,#250,#4516,.T.);
#4516 = CIRCLE('',#4517,1.);
#4517 = AXIS2_PLACEMENT_3D('',#4518,#4519,#4520);
#4518 = CARTESIAN_POINT('',(14.,-13.93826230851,1.8));
#4519 = DIRECTION('',(0.,0.,1.));
#4520 = DIRECTION('',(-1.,0.,0.));
#4521 = ORIENTED_EDGE('',*,*,#258,.T.);
#4522 = ORIENTED_EDGE('',*,*,#4523,.F.);
#4523 = EDGE_CURVE('',#4508,#259,#4524,.T.);
#4524 = CIRCLE('',#4525,1.);
#4525 = AXIS2_PLACEMENT_3D('',#4526,#4527,#4528);
#4526 = CARTESIAN_POINT('',(14.,-13.93826230851,0.2));
#4527 = DIRECTION('',(0.,0.,1.));
#4528 = DIRECTION('',(-1.,-1.78E-15,0.));
#4529 = CYLINDRICAL_SURFACE('',#4530,1.);
#4530 = AXIS2_PLACEMENT_3D('',#4531,#4532,#4533);
#4531 = CARTESIAN_POINT('',(14.,-13.93826230851,2.));
#4532 = DIRECTION('',(-0.,-0.,-1.));
#4533 = DIRECTION('',(-1.,0.,0.));
#4534 = ADVANCED_FACE('',(#4535),#4560,.T.);
#4535 = FACE_BOUND('',#4536,.T.);
#4536 = EDGE_LOOP('',(#4537,#4545,#4546,#4554));
#4537 = ORIENTED_EDGE('',*,*,#4538,.F.);
#4538 = EDGE_CURVE('',#291,#4539,#4541,.T.);
#4539 = VERTEX_POINT('',#4540);
#4540 = CARTESIAN_POINT('',(-13.,-13.93826230851,1.8));
#4541 = LINE('',#4542,#4543);
#4542 = CARTESIAN_POINT('',(-12.9,-13.93826230851,1.9));
#4543 = VECTOR('',#4544,1.);
#4544 = DIRECTION('',(-0.707106781187,0.,-0.707106781187));
#4545 = ORIENTED_EDGE('',*,*,#290,.T.);
#4546 = ORIENTED_EDGE('',*,*,#4547,.T.);
#4547 = EDGE_CURVE('',#293,#4548,#4550,.T.);
#4548 = VERTEX_POINT('',#4549);
#4549 = CARTESIAN_POINT('',(-13.,0.93826230851,1.8));
#4550 = LINE('',#4551,#4552);
#4551 = CARTESIAN_POINT('',(-12.9,0.93826230851,1.9));
#4552 = VECTOR('',#4553,1.);
#4553 = DIRECTION('',(-0.707106781187,0.,-0.707106781187));
#4554 = ORIENTED_EDGE('',*,*,#4555,.F.);
#4555 = EDGE_CURVE('',#4539,#4548,#4556,.T.);
#4556 = LINE('',#4557,#4558);
#4557 = CARTESIAN_POINT('',(-13.,-13.93826230851,1.8));
#4558 = VECTOR('',#4559,1.);
#4559 = DIRECTION('',(0.,1.,0.));
#4560 = PLANE('',#4561);
#4561 = AXIS2_PLACEMENT_3D('',#4562,#4563,#4564);
#4562 = CARTESIAN_POINT('',(-12.9,-13.93826230851,1.9));
#4563 = DIRECTION('',(-0.707106781187,0.,0.707106781187));
#4564 = DIRECTION('',(0.,1.,0.));
#4565 = ADVANCED_FACE('',(#4566),#4585,.F.);
#4566 = FACE_BOUND('',#4567,.T.);
#4567 = EDGE_LOOP('',(#4568,#4576,#4577,#4578));
#4568 = ORIENTED_EDGE('',*,*,#4569,.F.);
#4569 = EDGE_CURVE('',#301,#4570,#4572,.T.);
#4570 = VERTEX_POINT('',#4571);
#4571 = CARTESIAN_POINT('',(-13.63636363636,-14.86980328723,1.8));
#4572 = LINE('',#4573,#4574);
#4573 = CARTESIAN_POINT('',(-13.63636363636,-14.86980328723,1.8));
#4574 = VECTOR('',#4575,1.);
#4575 = DIRECTION('',(-0.257129738613,0.658698943009,-0.707106781187));
#4576 = ORIENTED_EDGE('',*,*,#300,.T.);
#4577 = ORIENTED_EDGE('',*,*,#4538,.T.);
#4578 = ORIENTED_EDGE('',*,*,#4579,.F.);
#4579 = EDGE_CURVE('',#4570,#4539,#4580,.T.);
#4580 = CIRCLE('',#4581,1.);
#4581 = AXIS2_PLACEMENT_3D('',#4582,#4583,#4584);
#4582 = CARTESIAN_POINT('',(-14.,-13.93826230851,1.8));
#4583 = DIRECTION('',(-0.,0.,1.));
#4584 = DIRECTION('',(0.363636363636,-0.931540978724,0.));
#4585 = CONICAL_SURFACE('',#4586,1.,0.785398163397);
#4586 = AXIS2_PLACEMENT_3D('',#4587,#4588,#4589);
#4587 = CARTESIAN_POINT('',(-14.,-13.93826230851,1.8));
#4588 = DIRECTION('',(0.,0.,1.));
#4589 = DIRECTION('',(0.363636363636,-0.931540978724,0.));
#4590 = ADVANCED_FACE('',(#4591),#4610,.F.);
#4591 = FACE_BOUND('',#4592,.T.);
#4592 = EDGE_LOOP('',(#4593,#4594,#4595,#4603));
#4593 = ORIENTED_EDGE('',*,*,#4547,.F.);
#4594 = ORIENTED_EDGE('',*,*,#718,.T.);
#4595 = ORIENTED_EDGE('',*,*,#4596,.T.);
#4596 = EDGE_CURVE('',#710,#4597,#4599,.T.);
#4597 = VERTEX_POINT('',#4598);
#4598 = CARTESIAN_POINT('',(-13.63636363636,1.869803287234,1.8));
#4599 = LINE('',#4600,#4601);
#4600 = CARTESIAN_POINT('',(-13.63636363636,1.869803287234,1.8));
#4601 = VECTOR('',#4602,1.);
#4602 = DIRECTION('',(-0.257129738613,-0.658698943009,-0.707106781187));
#4603 = ORIENTED_EDGE('',*,*,#4604,.F.);
#4604 = EDGE_CURVE('',#4548,#4597,#4605,.T.);
#4605 = CIRCLE('',#4606,1.);
#4606 = AXIS2_PLACEMENT_3D('',#4607,#4608,#4609);
#4607 = CARTESIAN_POINT('',(-14.,0.93826230851,1.8));
#4608 = DIRECTION('',(0.,-0.,1.));
#4609 = DIRECTION('',(1.,2.2E-16,0.));
#4610 = CONICAL_SURFACE('',#4611,1.,0.785398163397);
#4611 = AXIS2_PLACEMENT_3D('',#4612,#4613,#4614);
#4612 = CARTESIAN_POINT('',(-14.,0.93826230851,1.8));
#4613 = DIRECTION('',(0.,0.,1.));
#4614 = DIRECTION('',(1.,2.2E-16,-0.));
#4615 = ADVANCED_FACE('',(#4616),#4635,.T.);
#4616 = FACE_BOUND('',#4617,.T.);
#4617 = EDGE_LOOP('',(#4618,#4626,#4627,#4628));
#4618 = ORIENTED_EDGE('',*,*,#4619,.F.);
#4619 = EDGE_CURVE('',#310,#4620,#4622,.T.);
#4620 = VERTEX_POINT('',#4621);
#4621 = CARTESIAN_POINT('',(-13.63636363636,-18.13019671276,1.8));
#4622 = LINE('',#4623,#4624);
#4623 = CARTESIAN_POINT('',(-13.63636363636,-18.13019671276,1.8));
#4624 = VECTOR('',#4625,1.);
#4625 = DIRECTION('',(-0.257129738613,-0.658698943009,-0.707106781187));
#4626 = ORIENTED_EDGE('',*,*,#309,.T.);
#4627 = ORIENTED_EDGE('',*,*,#4569,.T.);
#4628 = ORIENTED_EDGE('',*,*,#4629,.F.);
#4629 = EDGE_CURVE('',#4620,#4570,#4630,.T.);
#4630 = CIRCLE('',#4631,1.75);
#4631 = AXIS2_PLACEMENT_3D('',#4632,#4633,#4634);
#4632 = CARTESIAN_POINT('',(-13.,-16.5,1.8));
#4633 = DIRECTION('',(-0.,0.,-1.));
#4634 = DIRECTION('',(-0.363636363636,-0.931540978724,0.));
#4635 = CONICAL_SURFACE('',#4636,1.75,0.785398163397);
#4636 = AXIS2_PLACEMENT_3D('',#4637,#4638,#4639);
#4637 = CARTESIAN_POINT('',(-13.,-16.5,1.8));
#4638 = DIRECTION('',(-0.,-0.,-1.));
#4639 = DIRECTION('',(-0.363636363636,-0.931540978724,0.));
#4640 = ADVANCED_FACE('',(#4641),#4660,.T.);
#4641 = FACE_BOUND('',#4642,.T.);
#4642 = EDGE_LOOP('',(#4643,#4644,#4645,#4653));
#4643 = ORIENTED_EDGE('',*,*,#4596,.F.);
#4644 = ORIENTED_EDGE('',*,*,#709,.T.);
#4645 = ORIENTED_EDGE('',*,*,#4646,.T.);
#4646 = EDGE_CURVE('',#701,#4647,#4649,.T.);
#4647 = VERTEX_POINT('',#4648);
#4648 = CARTESIAN_POINT('',(-13.63636363636,5.130196712766,1.8));
#4649 = LINE('',#4650,#4651);
#4650 = CARTESIAN_POINT('',(-13.63636363636,5.130196712766,1.8));
#4651 = VECTOR('',#4652,1.);
#4652 = DIRECTION('',(-0.257129738613,0.658698943009,-0.707106781187));
#4653 = ORIENTED_EDGE('',*,*,#4654,.F.);
#4654 = EDGE_CURVE('',#4597,#4647,#4655,.T.);
#4655 = CIRCLE('',#4656,1.75);
#4656 = AXIS2_PLACEMENT_3D('',#4657,#4658,#4659);
#4657 = CARTESIAN_POINT('',(-13.,3.5,1.8));
#4658 = DIRECTION('',(-0.,0.,-1.));
#4659 = DIRECTION('',(-0.363636363636,-0.931540978724,0.));
#4660 = CONICAL_SURFACE('',#4661,1.75,0.785398163397);
#4661 = AXIS2_PLACEMENT_3D('',#4662,#4663,#4664);
#4662 = CARTESIAN_POINT('',(-13.,3.5,1.8));
#4663 = DIRECTION('',(-0.,-0.,-1.));
#4664 = DIRECTION('',(-0.363636363636,-0.931540978724,0.));
#4665 = ADVANCED_FACE('',(#4666),#4685,.F.);
#4666 = FACE_BOUND('',#4667,.T.);
#4667 = EDGE_LOOP('',(#4668,#4676,#4677,#4678));
#4668 = ORIENTED_EDGE('',*,*,#4669,.F.);
#4669 = EDGE_CURVE('',#319,#4670,#4672,.T.);
#4670 = VERTEX_POINT('',#4671);
#4671 = CARTESIAN_POINT('',(-13.,-19.06173769149,1.8));
#4672 = LINE('',#4673,#4674);
#4673 = CARTESIAN_POINT('',(-12.9,-19.06173769149,1.9));
#4674 = VECTOR('',#4675,1.);
#4675 = DIRECTION('',(-0.707106781187,0.,-0.707106781187));
#4676 = ORIENTED_EDGE('',*,*,#318,.T.);
#4677 = ORIENTED_EDGE('',*,*,#4619,.T.);
#4678 = ORIENTED_EDGE('',*,*,#4679,.F.);
#4679 = EDGE_CURVE('',#4670,#4620,#4680,.T.);
#4680 = CIRCLE('',#4681,1.);
#4681 = AXIS2_PLACEMENT_3D('',#4682,#4683,#4684);
#4682 = CARTESIAN_POINT('',(-14.,-19.06173769149,1.8));
#4683 = DIRECTION('',(0.,0.,1.));
#4684 = DIRECTION('',(1.,0.,-0.));
#4685 = CONICAL_SURFACE('',#4686,1.,0.785398163397);
#4686 = AXIS2_PLACEMENT_3D('',#4687,#4688,#4689);
#4687 = CARTESIAN_POINT('',(-14.,-19.06173769149,1.8));
#4688 = DIRECTION('',(0.,0.,1.));
#4689 = DIRECTION('',(1.,0.,0.));
#4690 = ADVANCED_FACE('',(#4691),#4710,.F.);
#4691 = FACE_BOUND('',#4692,.T.);
#4692 = EDGE_LOOP('',(#4693,#4694,#4695,#4703));
#4693 = ORIENTED_EDGE('',*,*,#4646,.F.);
#4694 = ORIENTED_EDGE('',*,*,#700,.T.);
#4695 = ORIENTED_EDGE('',*,*,#4696,.T.);
#4696 = EDGE_CURVE('',#693,#4697,#4699,.T.);
#4697 = VERTEX_POINT('',#4698);
#4698 = CARTESIAN_POINT('',(-13.,6.06173769149,1.8));
#4699 = LINE('',#4700,#4701);
#4700 = CARTESIAN_POINT('',(-13.,6.06173769149,1.8));
#4701 = VECTOR('',#4702,1.);
#4702 = DIRECTION('',(-0.707106781187,1.36E-15,-0.707106781187));
#4703 = ORIENTED_EDGE('',*,*,#4704,.F.);
#4704 = EDGE_CURVE('',#4647,#4697,#4705,.T.);
#4705 = CIRCLE('',#4706,1.);
#4706 = AXIS2_PLACEMENT_3D('',#4707,#4708,#4709);
#4707 = CARTESIAN_POINT('',(-14.,6.06173769149,1.8));
#4708 = DIRECTION('',(-0.,0.,1.));
#4709 = DIRECTION('',(0.363636363636,-0.931540978724,0.));
#4710 = CONICAL_SURFACE('',#4711,1.,0.785398163397);
#4711 = AXIS2_PLACEMENT_3D('',#4712,#4713,#4714);
#4712 = CARTESIAN_POINT('',(-14.,6.06173769149,1.8));
#4713 = DIRECTION('',(0.,0.,1.));
#4714 = DIRECTION('',(0.363636363636,-0.931540978724,0.));
#4715 = ADVANCED_FACE('',(#4716),#4734,.T.);
#4716 = FACE_BOUND('',#4717,.T.);
#4717 = EDGE_LOOP('',(#4718,#4726,#4727,#4728));
#4718 = ORIENTED_EDGE('',*,*,#4719,.F.);
#4719 = EDGE_CURVE('',#328,#4720,#4722,.T.);
#4720 = VERTEX_POINT('',#4721);
#4721 = CARTESIAN_POINT('',(-13.,-20.92495335837,1.8));
#4722 = LINE('',#4723,#4724);
#4723 = CARTESIAN_POINT('',(-13.,-20.92495335837,1.8));
#4724 = VECTOR('',#4725,1.);
#4725 = DIRECTION('',(-0.707106781187,2.11E-15,-0.707106781187));
#4726 = ORIENTED_EDGE('',*,*,#327,.T.);
#4727 = ORIENTED_EDGE('',*,*,#4669,.T.);
#4728 = ORIENTED_EDGE('',*,*,#4729,.F.);
#4729 = EDGE_CURVE('',#4720,#4670,#4730,.T.);
#4730 = LINE('',#4731,#4732);
#4731 = CARTESIAN_POINT('',(-13.,-20.92495335837,1.8));
#4732 = VECTOR('',#4733,1.);
#4733 = DIRECTION('',(0.,1.,0.));
#4734 = PLANE('',#4735);
#4735 = AXIS2_PLACEMENT_3D('',#4736,#4737,#4738);
#4736 = CARTESIAN_POINT('',(-12.9,-20.92495335837,1.9));
#4737 = DIRECTION('',(-0.707106781187,0.,0.707106781187));
#4738 = DIRECTION('',(0.,1.,0.));
#4739 = ADVANCED_FACE('',(#4740),#4758,.T.);
#4740 = FACE_BOUND('',#4741,.T.);
#4741 = EDGE_LOOP('',(#4742,#4743,#4744,#4752));
#4742 = ORIENTED_EDGE('',*,*,#4696,.F.);
#4743 = ORIENTED_EDGE('',*,*,#692,.T.);
#4744 = ORIENTED_EDGE('',*,*,#4745,.T.);
#4745 = EDGE_CURVE('',#684,#4746,#4748,.T.);
#4746 = VERTEX_POINT('',#4747);
#4747 = CARTESIAN_POINT('',(-13.,29.,1.8));
#4748 = LINE('',#4749,#4750);
#4749 = CARTESIAN_POINT('',(-12.9,29.,1.9));
#4750 = VECTOR('',#4751,1.);
#4751 = DIRECTION('',(-0.707106781187,0.,-0.707106781187));
#4752 = ORIENTED_EDGE('',*,*,#4753,.F.);
#4753 = EDGE_CURVE('',#4697,#4746,#4754,.T.);
#4754 = LINE('',#4755,#4756);
#4755 = CARTESIAN_POINT('',(-13.,6.06173769149,1.8));
#4756 = VECTOR('',#4757,1.);
#4757 = DIRECTION('',(0.,1.,0.));
#4758 = PLANE('',#4759);
#4759 = AXIS2_PLACEMENT_3D('',#4760,#4761,#4762);
#4760 = CARTESIAN_POINT('',(-12.9,6.06173769149,1.9));
#4761 = DIRECTION('',(-0.707106781187,0.,0.707106781187));
#4762 = DIRECTION('',(0.,1.,0.));
#4763 = ADVANCED_FACE('',(#4764),#4783,.T.);
#4764 = FACE_BOUND('',#4765,.T.);
#4765 = EDGE_LOOP('',(#4766,#4774,#4775,#4776));
#4766 = ORIENTED_EDGE('',*,*,#4767,.F.);
#4767 = EDGE_CURVE('',#336,#4768,#4770,.T.);
#4768 = VERTEX_POINT('',#4769);
#4769 = CARTESIAN_POINT('',(-12.98879908668,-21.0742060507,1.8));
#4770 = LINE('',#4771,#4772);
#4771 = CARTESIAN_POINT('',(-12.88991917801,-21.05928078146,1.9));
#4772 = VECTOR('',#4773,1.);
#4773 = DIRECTION('',(-0.699186539427,-0.105537590857,-0.707106781187));
#4774 = ORIENTED_EDGE('',*,*,#335,.T.);
#4775 = ORIENTED_EDGE('',*,*,#4719,.T.);
#4776 = ORIENTED_EDGE('',*,*,#4777,.F.);
#4777 = EDGE_CURVE('',#4768,#4720,#4778,.T.);
#4778 = CIRCLE('',#4779,1.);
#4779 = AXIS2_PLACEMENT_3D('',#4780,#4781,#4782);
#4780 = CARTESIAN_POINT('',(-12.,-20.92495335837,1.8));
#4781 = DIRECTION('',(-0.,0.,-1.));
#4782 = DIRECTION('',(-0.988799086687,-0.14925269233,0.));
#4783 = CONICAL_SURFACE('',#4784,1.,0.785398163397);
#4784 = AXIS2_PLACEMENT_3D('',#4785,#4786,#4787);
#4785 = CARTESIAN_POINT('',(-12.,-20.92495335837,1.8));
#4786 = DIRECTION('',(-0.,-0.,-1.));
#4787 = DIRECTION('',(-0.988799086687,-0.14925269233,0.));
#4788 = ADVANCED_FACE('',(#4789),#4808,.T.);
#4789 = FACE_BOUND('',#4790,.T.);
#4790 = EDGE_LOOP('',(#4791,#4792,#4793,#4801));
#4791 = ORIENTED_EDGE('',*,*,#4745,.F.);
#4792 = ORIENTED_EDGE('',*,*,#683,.T.);
#4793 = ORIENTED_EDGE('',*,*,#4794,.T.);
#4794 = EDGE_CURVE('',#676,#4795,#4797,.T.);
#4795 = VERTEX_POINT('',#4796);
#4796 = CARTESIAN_POINT('',(-11.,31.,1.8));
#4797 = LINE('',#4798,#4799);
#4798 = CARTESIAN_POINT('',(-11.,31.,1.8));
#4799 = VECTOR('',#4800,1.);
#4800 = DIRECTION('',(-4.E-17,0.707106781187,-0.707106781187));
#4801 = ORIENTED_EDGE('',*,*,#4802,.F.);
#4802 = EDGE_CURVE('',#4746,#4795,#4803,.T.);
#4803 = CIRCLE('',#4804,2.);
#4804 = AXIS2_PLACEMENT_3D('',#4805,#4806,#4807);
#4805 = CARTESIAN_POINT('',(-11.,29.,1.8));
#4806 = DIRECTION('',(0.,0.,-1.));
#4807 = DIRECTION('',(-1.,0.,0.));
#4808 = CONICAL_SURFACE('',#4809,2.,0.785398163397);
#4809 = AXIS2_PLACEMENT_3D('',#4810,#4811,#4812);
#4810 = CARTESIAN_POINT('',(-11.,29.,1.8));
#4811 = DIRECTION('',(-0.,-0.,-1.));
#4812 = DIRECTION('',(-1.,0.,0.));
#4813 = ADVANCED_FACE('',(#4814),#4832,.F.);
#4814 = FACE_BOUND('',#4815,.T.);
#4815 = EDGE_LOOP('',(#4816,#4824,#4825,#4826));
#4816 = ORIENTED_EDGE('',*,*,#4817,.F.);
#4817 = EDGE_CURVE('',#345,#4818,#4820,.T.);
#4818 = VERTEX_POINT('',#4819);
#4819 = CARTESIAN_POINT('',(-9.2568293759,-45.79850538466,1.8));
#4820 = LINE('',#4821,#4822);
#4821 = CARTESIAN_POINT('',(-9.2568293759,-45.79850538466,1.8));
#4822 = VECTOR('',#4823,1.);
#4823 = DIRECTION('',(-0.699186539427,-0.105537590857,-0.707106781187));
#4824 = ORIENTED_EDGE('',*,*,#344,.T.);
#4825 = ORIENTED_EDGE('',*,*,#4767,.T.);
#4826 = ORIENTED_EDGE('',*,*,#4827,.F.);
#4827 = EDGE_CURVE('',#4818,#4768,#4828,.T.);
#4828 = LINE('',#4829,#4830);
#4829 = CARTESIAN_POINT('',(-9.2568293759,-45.79850538466,1.8));
#4830 = VECTOR('',#4831,1.);
#4831 = DIRECTION('',(-0.14925269233,0.988799086687,0.));
#4832 = PLANE('',#4833);
#4833 = AXIS2_PLACEMENT_3D('',#4834,#4835,#4836);
#4834 = CARTESIAN_POINT('',(-9.157949467232,-45.78358011542,1.9));
#4835 = DIRECTION('',(0.699186539427,0.105537590857,-0.707106781187));
#4836 = DIRECTION('',(0.14925269233,-0.988799086687,-8.326672684689E-17)
  );
#4837 = ADVANCED_FACE('',(#4838),#4856,.F.);
#4838 = FACE_BOUND('',#4839,.T.);
#4839 = EDGE_LOOP('',(#4840,#4841,#4842,#4850));
#4840 = ORIENTED_EDGE('',*,*,#4794,.F.);
#4841 = ORIENTED_EDGE('',*,*,#675,.T.);
#4842 = ORIENTED_EDGE('',*,*,#4843,.T.);
#4843 = EDGE_CURVE('',#667,#4844,#4846,.T.);
#4844 = VERTEX_POINT('',#4845);
#4845 = CARTESIAN_POINT('',(-9.1,31.,1.8));
#4846 = LINE('',#4847,#4848);
#4847 = CARTESIAN_POINT('',(-9.1,30.9,1.9));
#4848 = VECTOR('',#4849,1.);
#4849 = DIRECTION('',(0.,0.707106781187,-0.707106781187));
#4850 = ORIENTED_EDGE('',*,*,#4851,.F.);
#4851 = EDGE_CURVE('',#4795,#4844,#4852,.T.);
#4852 = LINE('',#4853,#4854);
#4853 = CARTESIAN_POINT('',(-11.,31.,1.8));
#4854 = VECTOR('',#4855,1.);
#4855 = DIRECTION('',(1.,0.,0.));
#4856 = PLANE('',#4857);
#4857 = AXIS2_PLACEMENT_3D('',#4858,#4859,#4860);
#4858 = CARTESIAN_POINT('',(-11.,30.9,1.9));
#4859 = DIRECTION('',(0.,-0.707106781187,-0.707106781187));
#4860 = DIRECTION('',(-1.,-0.,-0.));
#4861 = ADVANCED_FACE('',(#4862),#4881,.T.);
#4862 = FACE_BOUND('',#4863,.T.);
#4863 = EDGE_LOOP('',(#4864,#4872,#4873,#4874));
#4864 = ORIENTED_EDGE('',*,*,#4865,.F.);
#4865 = EDGE_CURVE('',#353,#4866,#4868,.T.);
#4866 = VERTEX_POINT('',#4867);
#4867 = CARTESIAN_POINT('',(-7.279231202527,-47.5,1.8));
#4868 = LINE('',#4869,#4870);
#4869 = CARTESIAN_POINT('',(-7.279231202527,-47.4,1.9));
#4870 = VECTOR('',#4871,1.);
#4871 = DIRECTION('',(-0.,-0.707106781187,-0.707106781187));
#4872 = ORIENTED_EDGE('',*,*,#352,.T.);
#4873 = ORIENTED_EDGE('',*,*,#4817,.T.);
#4874 = ORIENTED_EDGE('',*,*,#4875,.F.);
#4875 = EDGE_CURVE('',#4866,#4818,#4876,.T.);
#4876 = CIRCLE('',#4877,2.);
#4877 = AXIS2_PLACEMENT_3D('',#4878,#4879,#4880);
#4878 = CARTESIAN_POINT('',(-7.279231202527,-45.5,1.8));
#4879 = DIRECTION('',(-0.,0.,-1.));
#4880 = DIRECTION('',(-4.4E-16,-1.,0.));
#4881 = CONICAL_SURFACE('',#4882,2.,0.785398163397);
#4882 = AXIS2_PLACEMENT_3D('',#4883,#4884,#4885);
#4883 = CARTESIAN_POINT('',(-7.279231202527,-45.5,1.8));
#4884 = DIRECTION('',(-0.,-0.,-1.));
#4885 = DIRECTION('',(-4.4E-16,-1.,0.));
#4886 = ADVANCED_FACE('',(#4887),#4906,.T.);
#4887 = FACE_BOUND('',#4888,.T.);
#4888 = EDGE_LOOP('',(#4889,#4890,#4891,#4899));
#4889 = ORIENTED_EDGE('',*,*,#4843,.F.);
#4890 = ORIENTED_EDGE('',*,*,#666,.T.);
#4891 = ORIENTED_EDGE('',*,*,#4892,.T.);
#4892 = EDGE_CURVE('',#658,#4893,#4895,.T.);
#4893 = VERTEX_POINT('',#4894);
#4894 = CARTESIAN_POINT('',(-7.9,30.6,1.8));
#4895 = LINE('',#4896,#4897);
#4896 = CARTESIAN_POINT('',(-7.9,30.6,1.8));
#4897 = VECTOR('',#4898,1.);
#4898 = DIRECTION('',(0.424264068712,0.565685424949,-0.707106781187));
#4899 = ORIENTED_EDGE('',*,*,#4900,.F.);
#4900 = EDGE_CURVE('',#4844,#4893,#4901,.T.);
#4901 = CIRCLE('',#4902,2.);
#4902 = AXIS2_PLACEMENT_3D('',#4903,#4904,#4905);
#4903 = CARTESIAN_POINT('',(-9.1,29.,1.8));
#4904 = DIRECTION('',(0.,0.,-1.));
#4905 = DIRECTION('',(0.,1.,0.));
#4906 = CONICAL_SURFACE('',#4907,2.,0.785398163397);
#4907 = AXIS2_PLACEMENT_3D('',#4908,#4909,#4910);
#4908 = CARTESIAN_POINT('',(-9.1,29.,1.8));
#4909 = DIRECTION('',(-0.,-0.,-1.));
#4910 = DIRECTION('',(0.,1.,-0.));
#4911 = ADVANCED_FACE('',(#4912),#4930,.F.);
#4912 = FACE_BOUND('',#4913,.T.);
#4913 = EDGE_LOOP('',(#4914,#4922,#4923,#4924));
#4914 = ORIENTED_EDGE('',*,*,#4915,.F.);
#4915 = EDGE_CURVE('',#362,#4916,#4918,.T.);
#4916 = VERTEX_POINT('',#4917);
#4917 = CARTESIAN_POINT('',(-5.45,-47.5,1.8));
#4918 = LINE('',#4919,#4920);
#4919 = CARTESIAN_POINT('',(-5.45,-47.5,1.8));
#4920 = VECTOR('',#4921,1.);
#4921 = DIRECTION('',(-4.4E-16,-0.707106781187,-0.707106781187));
#4922 = ORIENTED_EDGE('',*,*,#361,.T.);
#4923 = ORIENTED_EDGE('',*,*,#4865,.T.);
#4924 = ORIENTED_EDGE('',*,*,#4925,.F.);
#4925 = EDGE_CURVE('',#4916,#4866,#4926,.T.);
#4926 = LINE('',#4927,#4928);
#4927 = CARTESIAN_POINT('',(-5.45,-47.5,1.8));
#4928 = VECTOR('',#4929,1.);
#4929 = DIRECTION('',(-1.,-0.,-0.));
#4930 = PLANE('',#4931);
#4931 = AXIS2_PLACEMENT_3D('',#4932,#4933,#4934);
#4932 = CARTESIAN_POINT('',(-5.45,-47.4,1.9));
#4933 = DIRECTION('',(0.,0.707106781187,-0.707106781187));
#4934 = DIRECTION('',(1.,-0.,-0.));
#4935 = ADVANCED_FACE('',(#4936),#4955,.T.);
#4936 = FACE_BOUND('',#4937,.T.);
#4937 = EDGE_LOOP('',(#4938,#4939,#4940,#4948));
#4938 = ORIENTED_EDGE('',*,*,#4892,.F.);
#4939 = ORIENTED_EDGE('',*,*,#657,.T.);
#4940 = ORIENTED_EDGE('',*,*,#4941,.T.);
#4941 = EDGE_CURVE('',#649,#4942,#4944,.T.);
#4942 = VERTEX_POINT('',#4943);
#4943 = CARTESIAN_POINT('',(-6.6,28.,1.8));
#4944 = LINE('',#4945,#4946);
#4945 = CARTESIAN_POINT('',(-6.6,28.,1.8));
#4946 = VECTOR('',#4947,1.);
#4947 = DIRECTION('',(0.707106781187,1.28E-15,-0.707106781187));
#4948 = ORIENTED_EDGE('',*,*,#4949,.F.);
#4949 = EDGE_CURVE('',#4893,#4942,#4950,.T.);
#4950 = CIRCLE('',#4951,3.25);
#4951 = AXIS2_PLACEMENT_3D('',#4952,#4953,#4954);
#4952 = CARTESIAN_POINT('',(-9.85,28.,1.8));
#4953 = DIRECTION('',(0.,0.,-1.));
#4954 = DIRECTION('',(0.6,0.8,0.));
#4955 = CONICAL_SURFACE('',#4956,3.25,0.785398163397);
#4956 = AXIS2_PLACEMENT_3D('',#4957,#4958,#4959);
#4957 = CARTESIAN_POINT('',(-9.85,28.,1.8));
#4958 = DIRECTION('',(-0.,-0.,-1.));
#4959 = DIRECTION('',(0.6,0.8,-0.));
#4960 = ADVANCED_FACE('',(#4961),#4980,.T.);
#4961 = FACE_BOUND('',#4962,.T.);
#4962 = EDGE_LOOP('',(#4963,#4971,#4972,#4973));
#4963 = ORIENTED_EDGE('',*,*,#4964,.F.);
#4964 = EDGE_CURVE('',#370,#4965,#4967,.T.);
#4965 = VERTEX_POINT('',#4966);
#4966 = CARTESIAN_POINT('',(-4.25,-47.1,1.8));
#4967 = LINE('',#4968,#4969);
#4968 = CARTESIAN_POINT('',(-4.25,-47.1,1.8));
#4969 = VECTOR('',#4970,1.);
#4970 = DIRECTION('',(0.424264068712,-0.565685424949,-0.707106781187));
#4971 = ORIENTED_EDGE('',*,*,#369,.T.);
#4972 = ORIENTED_EDGE('',*,*,#4915,.T.);
#4973 = ORIENTED_EDGE('',*,*,#4974,.F.);
#4974 = EDGE_CURVE('',#4965,#4916,#4975,.T.);
#4975 = CIRCLE('',#4976,2.);
#4976 = AXIS2_PLACEMENT_3D('',#4977,#4978,#4979);
#4977 = CARTESIAN_POINT('',(-5.45,-45.5,1.8));
#4978 = DIRECTION('',(0.,-0.,-1.));
#4979 = DIRECTION('',(0.6,-0.8,0.));
#4980 = CONICAL_SURFACE('',#4981,2.,0.785398163397);
#4981 = AXIS2_PLACEMENT_3D('',#4982,#4983,#4984);
#4982 = CARTESIAN_POINT('',(-5.45,-45.5,1.8));
#4983 = DIRECTION('',(-0.,-0.,-1.));
#4984 = DIRECTION('',(0.6,-0.8,0.));
#4985 = ADVANCED_FACE('',(#4986),#5005,.T.);
#4986 = FACE_BOUND('',#4987,.T.);
#4987 = EDGE_LOOP('',(#4988,#4989,#4990,#4998));
#4988 = ORIENTED_EDGE('',*,*,#4941,.F.);
#4989 = ORIENTED_EDGE('',*,*,#648,.T.);
#4990 = ORIENTED_EDGE('',*,*,#4991,.T.);
#4991 = EDGE_CURVE('',#640,#4992,#4994,.T.);
#4992 = VERTEX_POINT('',#4993);
#4993 = CARTESIAN_POINT('',(-6.731422135229,27.085138206417,1.8));
#4994 = LINE('',#4995,#4996);
#4995 = CARTESIAN_POINT('',(-6.731422135229,27.085138206417,1.8));
#4996 = VECTOR('',#4997,1.);
#4997 = DIRECTION('',(0.678513094104,-0.199047685567,-0.707106781187));
#4998 = ORIENTED_EDGE('',*,*,#4999,.F.);
#4999 = EDGE_CURVE('',#4942,#4992,#5000,.T.);
#5000 = CIRCLE('',#5001,3.25);
#5001 = AXIS2_PLACEMENT_3D('',#5002,#5003,#5004);
#5002 = CARTESIAN_POINT('',(-9.85,28.,1.8));
#5003 = DIRECTION('',(0.,0.,-1.));
#5004 = DIRECTION('',(1.,1.09E-15,0.));
#5005 = CONICAL_SURFACE('',#5006,3.25,0.785398163397);
#5006 = AXIS2_PLACEMENT_3D('',#5007,#5008,#5009);
#5007 = CARTESIAN_POINT('',(-9.85,28.,1.8));
#5008 = DIRECTION('',(-0.,-0.,-1.));
#5009 = DIRECTION('',(1.,1.09E-15,-0.));
#5010 = ADVANCED_FACE('',(#5011),#5030,.T.);
#5011 = FACE_BOUND('',#5012,.T.);
#5012 = EDGE_LOOP('',(#5013,#5021,#5022,#5023));
#5013 = ORIENTED_EDGE('',*,*,#5014,.F.);
#5014 = EDGE_CURVE('',#379,#5015,#5017,.T.);
#5015 = VERTEX_POINT('',#5016);
#5016 = CARTESIAN_POINT('',(-2.973075809257,-44.88660091464,1.8));
#5017 = LINE('',#5018,#5019);
#5018 = CARTESIAN_POINT('',(-2.973075809257,-44.88660091464,1.8));
#5019 = VECTOR('',#5020,1.);
#5020 = DIRECTION('',(0.702086146969,-8.411327026304E-02,-0.707106781187
    ));
#5021 = ORIENTED_EDGE('',*,*,#378,.T.);
#5022 = ORIENTED_EDGE('',*,*,#4964,.T.);
#5023 = ORIENTED_EDGE('',*,*,#5024,.F.);
#5024 = EDGE_CURVE('',#5015,#4965,#5025,.T.);
#5025 = CIRCLE('',#5026,3.25);
#5026 = AXIS2_PLACEMENT_3D('',#5027,#5028,#5029);
#5027 = CARTESIAN_POINT('',(-6.2,-44.5,1.8));
#5028 = DIRECTION('',(0.,-0.,-1.));
#5029 = DIRECTION('',(0.992899750998,-0.118954127582,0.));
#5030 = CONICAL_SURFACE('',#5031,3.25,0.785398163397);
#5031 = AXIS2_PLACEMENT_3D('',#5032,#5033,#5034);
#5032 = CARTESIAN_POINT('',(-6.2,-44.5,1.8));
#5033 = DIRECTION('',(-0.,-0.,-1.));
#5034 = DIRECTION('',(0.992899750998,-0.118954127582,0.));
#5035 = ADVANCED_FACE('',(#5036),#5055,.F.);
#5036 = FACE_BOUND('',#5037,.T.);
#5037 = EDGE_LOOP('',(#5038,#5039,#5040,#5048));
#5038 = ORIENTED_EDGE('',*,*,#4991,.F.);
#5039 = ORIENTED_EDGE('',*,*,#639,.T.);
#5040 = ORIENTED_EDGE('',*,*,#5041,.T.);
#5041 = EDGE_CURVE('',#632,#5042,#5044,.T.);
#5042 = VERTEX_POINT('',#5043);
#5043 = CARTESIAN_POINT('',(-6.471797268637,26.089438222456,1.8));
#5044 = LINE('',#5045,#5046);
#5045 = CARTESIAN_POINT('',(-6.471797268637,26.089438222456,1.8));
#5046 = VECTOR('',#5047,1.);
#5047 = DIRECTION('',(0.494930590372,0.505018525119,-0.707106781187));
#5048 = ORIENTED_EDGE('',*,*,#5049,.F.);
#5049 = EDGE_CURVE('',#4992,#5042,#5050,.T.);
#5050 = CIRCLE('',#5051,1.);
#5051 = AXIS2_PLACEMENT_3D('',#5052,#5053,#5054);
#5052 = CARTESIAN_POINT('',(-5.771859715299,26.803642269929,1.8));
#5053 = DIRECTION('',(0.,0.,1.));
#5054 = DIRECTION('',(-0.95956241993,0.281495936487,0.));
#5055 = CONICAL_SURFACE('',#5056,1.,0.785398163397);
#5056 = AXIS2_PLACEMENT_3D('',#5057,#5058,#5059);
#5057 = CARTESIAN_POINT('',(-5.771859715299,26.803642269929,1.8));
#5058 = DIRECTION('',(0.,0.,1.));
#5059 = DIRECTION('',(-0.95956241993,0.281495936487,0.));
#5060 = ADVANCED_FACE('',(#5061),#5080,.F.);
#5061 = FACE_BOUND('',#5062,.T.);
#5062 = EDGE_LOOP('',(#5063,#5071,#5072,#5073));
#5063 = ORIENTED_EDGE('',*,*,#5064,.F.);
#5064 = EDGE_CURVE('',#388,#5065,#5067,.T.);
#5065 = VERTEX_POINT('',#5066);
#5066 = CARTESIAN_POINT('',(-1.98017605826,-44.00555504222,1.8));
#5067 = LINE('',#5068,#5069);
#5068 = CARTESIAN_POINT('',(-1.98017605826,-43.90555504222,1.9));
#5069 = VECTOR('',#5070,1.);
#5070 = DIRECTION('',(-0.,-0.707106781187,-0.707106781187));
#5071 = ORIENTED_EDGE('',*,*,#387,.T.);
#5072 = ORIENTED_EDGE('',*,*,#5014,.T.);
#5073 = ORIENTED_EDGE('',*,*,#5074,.F.);
#5074 = EDGE_CURVE('',#5065,#5015,#5075,.T.);
#5075 = CIRCLE('',#5076,1.);
#5076 = AXIS2_PLACEMENT_3D('',#5077,#5078,#5079);
#5077 = CARTESIAN_POINT('',(-1.98017605826,-45.00555504222,1.8));
#5078 = DIRECTION('',(0.,-0.,1.));
#5079 = DIRECTION('',(4.4E-16,1.,0.));
#5080 = CONICAL_SURFACE('',#5081,1.,0.785398163397);
#5081 = AXIS2_PLACEMENT_3D('',#5082,#5083,#5084);
#5082 = CARTESIAN_POINT('',(-1.98017605826,-45.00555504222,1.8));
#5083 = DIRECTION('',(0.,0.,1.));
#5084 = DIRECTION('',(4.4E-16,1.,-0.));
#5085 = ADVANCED_FACE('',(#5086),#5104,.T.);
#5086 = FACE_BOUND('',#5087,.T.);
#5087 = EDGE_LOOP('',(#5088,#5089,#5090,#5098));
#5088 = ORIENTED_EDGE('',*,*,#5041,.F.);
#5089 = ORIENTED_EDGE('',*,*,#631,.T.);
#5090 = ORIENTED_EDGE('',*,*,#5091,.T.);
#5091 = EDGE_CURVE('',#623,#5092,#5094,.T.);
#5092 = VERTEX_POINT('',#5093);
#5093 = CARTESIAN_POINT('',(-5.583033618702,25.218427960288,1.8));
#5094 = LINE('',#5095,#5096);
#5095 = CARTESIAN_POINT('',(-5.653027374035,25.14700755554,1.9));
#5096 = VECTOR('',#5097,1.);
#5097 = DIRECTION('',(0.494930590372,0.505018525119,-0.707106781187));
#5098 = ORIENTED_EDGE('',*,*,#5099,.F.);
#5099 = EDGE_CURVE('',#5042,#5092,#5100,.T.);
#5100 = LINE('',#5101,#5102);
#5101 = CARTESIAN_POINT('',(-6.471797268637,26.089438222456,1.8));
#5102 = VECTOR('',#5103,1.);
#5103 = DIRECTION('',(0.714204047473,-0.699937553338,0.));
#5104 = PLANE('',#5105);
#5105 = AXIS2_PLACEMENT_3D('',#5106,#5107,#5108);
#5106 = CARTESIAN_POINT('',(-6.541791023971,26.018017817709,1.9));
#5107 = DIRECTION('',(0.494930590372,0.505018525119,0.707106781187));
#5108 = DIRECTION('',(0.714204047473,-0.699937553338,2.22044604925E-16)
  );
#5109 = ADVANCED_FACE('',(#5110),#5128,.F.);
#5110 = FACE_BOUND('',#5111,.T.);
#5111 = EDGE_LOOP('',(#5112,#5120,#5121,#5122));
#5112 = ORIENTED_EDGE('',*,*,#5113,.F.);
#5113 = EDGE_CURVE('',#397,#5114,#5116,.T.);
#5114 = VERTEX_POINT('',#5115);
#5115 = CARTESIAN_POINT('',(1.98017605826,-44.00555504222,1.8));
#5116 = LINE('',#5117,#5118);
#5117 = CARTESIAN_POINT('',(1.98017605826,-44.00555504222,1.8));
#5118 = VECTOR('',#5119,1.);
#5119 = DIRECTION('',(-4.9E-16,-0.707106781187,-0.707106781187));
#5120 = ORIENTED_EDGE('',*,*,#396,.T.);
#5121 = ORIENTED_EDGE('',*,*,#5064,.T.);
#5122 = ORIENTED_EDGE('',*,*,#5123,.F.);
#5123 = EDGE_CURVE('',#5114,#5065,#5124,.T.);
#5124 = LINE('',#5125,#5126);
#5125 = CARTESIAN_POINT('',(1.98017605826,-44.00555504222,1.8));
#5126 = VECTOR('',#5127,1.);
#5127 = DIRECTION('',(-1.,0.,0.));
#5128 = PLANE('',#5129);
#5129 = AXIS2_PLACEMENT_3D('',#5130,#5131,#5132);
#5130 = CARTESIAN_POINT('',(1.98017605826,-43.90555504222,1.9));
#5131 = DIRECTION('',(0.,0.707106781187,-0.707106781187));
#5132 = DIRECTION('',(1.,-0.,-0.));
#5133 = ADVANCED_FACE('',(#5134),#5153,.F.);
#5134 = FACE_BOUND('',#5135,.T.);
#5135 = EDGE_LOOP('',(#5136,#5137,#5138,#5146));
#5136 = ORIENTED_EDGE('',*,*,#5091,.F.);
#5137 = ORIENTED_EDGE('',*,*,#622,.T.);
#5138 = ORIENTED_EDGE('',*,*,#5139,.T.);
#5139 = EDGE_CURVE('',#615,#5140,#5142,.T.);
#5140 = VERTEX_POINT('',#5141);
#5141 = CARTESIAN_POINT('',(-4.883096065364,24.932632007761,1.8));
#5142 = LINE('',#5143,#5144);
#5143 = CARTESIAN_POINT('',(-4.883096065364,24.932632007761,1.8));
#5144 = VECTOR('',#5145,1.);
#5145 = DIRECTION('',(2.94E-15,0.707106781187,-0.707106781187));
#5146 = ORIENTED_EDGE('',*,*,#5147,.F.);
#5147 = EDGE_CURVE('',#5092,#5140,#5148,.T.);
#5148 = CIRCLE('',#5149,1.);
#5149 = AXIS2_PLACEMENT_3D('',#5150,#5151,#5152);
#5150 = CARTESIAN_POINT('',(-4.883096065364,25.932632007761,1.8));
#5151 = DIRECTION('',(0.,0.,1.));
#5152 = DIRECTION('',(-0.699937553338,-0.714204047473,0.));
#5153 = CONICAL_SURFACE('',#5154,1.,0.785398163397);
#5154 = AXIS2_PLACEMENT_3D('',#5155,#5156,#5157);
#5155 = CARTESIAN_POINT('',(-4.883096065364,25.932632007761,1.8));
#5156 = DIRECTION('',(0.,0.,1.));
#5157 = DIRECTION('',(-0.699937553338,-0.714204047473,0.));
#5158 = ADVANCED_FACE('',(#5159),#5178,.F.);
#5159 = FACE_BOUND('',#5160,.T.);
#5160 = EDGE_LOOP('',(#5161,#5169,#5170,#5171));
#5161 = ORIENTED_EDGE('',*,*,#5162,.F.);
#5162 = EDGE_CURVE('',#405,#5163,#5165,.T.);
#5163 = VERTEX_POINT('',#5164);
#5164 = CARTESIAN_POINT('',(2.973075809257,-44.88660091464,1.8));
#5165 = LINE('',#5166,#5167);
#5166 = CARTESIAN_POINT('',(2.973075809257,-44.88660091464,1.8));
#5167 = VECTOR('',#5168,1.);
#5168 = DIRECTION('',(-0.702086146969,-8.411327026304E-02,
    -0.707106781187));
#5169 = ORIENTED_EDGE('',*,*,#404,.T.);
#5170 = ORIENTED_EDGE('',*,*,#5113,.T.);
#5171 = ORIENTED_EDGE('',*,*,#5172,.F.);
#5172 = EDGE_CURVE('',#5163,#5114,#5173,.T.);
#5173 = CIRCLE('',#5174,1.);
#5174 = AXIS2_PLACEMENT_3D('',#5175,#5176,#5177);
#5175 = CARTESIAN_POINT('',(1.98017605826,-45.00555504222,1.8));
#5176 = DIRECTION('',(0.,-0.,1.));
#5177 = DIRECTION('',(0.992899750998,0.118954127582,0.));
#5178 = CONICAL_SURFACE('',#5179,1.,0.785398163397);
#5179 = AXIS2_PLACEMENT_3D('',#5180,#5181,#5182);
#5180 = CARTESIAN_POINT('',(1.98017605826,-45.00555504222,1.8));
#5181 = DIRECTION('',(0.,0.,1.));
#5182 = DIRECTION('',(0.992899750998,0.118954127582,-0.));
#5183 = ADVANCED_FACE('',(#5184),#5202,.F.);
#5184 = FACE_BOUND('',#5185,.T.);
#5185 = EDGE_LOOP('',(#5186,#5187,#5188,#5196));
#5186 = ORIENTED_EDGE('',*,*,#5139,.F.);
#5187 = ORIENTED_EDGE('',*,*,#614,.T.);
#5188 = ORIENTED_EDGE('',*,*,#5189,.T.);
#5189 = EDGE_CURVE('',#606,#5190,#5192,.T.);
#5190 = VERTEX_POINT('',#5191);
#5191 = CARTESIAN_POINT('',(4.883096065364,24.932632007761,1.8));
#5192 = LINE('',#5193,#5194);
#5193 = CARTESIAN_POINT('',(4.883096065364,24.832632007761,1.9));
#5194 = VECTOR('',#5195,1.);
#5195 = DIRECTION('',(0.,0.707106781187,-0.707106781187));
#5196 = ORIENTED_EDGE('',*,*,#5197,.F.);
#5197 = EDGE_CURVE('',#5140,#5190,#5198,.T.);
#5198 = LINE('',#5199,#5200);
#5199 = CARTESIAN_POINT('',(-4.883096065364,24.932632007761,1.8));
#5200 = VECTOR('',#5201,1.);
#5201 = DIRECTION('',(1.,0.,0.));
#5202 = PLANE('',#5203);
#5203 = AXIS2_PLACEMENT_3D('',#5204,#5205,#5206);
#5204 = CARTESIAN_POINT('',(-4.883096065364,24.832632007761,1.9));
#5205 = DIRECTION('',(0.,-0.707106781187,-0.707106781187));
#5206 = DIRECTION('',(-1.,-0.,-0.));
#5207 = ADVANCED_FACE('',(#5208),#5227,.T.);
#5208 = FACE_BOUND('',#5209,.T.);
#5209 = EDGE_LOOP('',(#5210,#5218,#5219,#5220));
#5210 = ORIENTED_EDGE('',*,*,#5211,.F.);
#5211 = EDGE_CURVE('',#414,#5212,#5214,.T.);
#5212 = VERTEX_POINT('',#5213);
#5213 = CARTESIAN_POINT('',(4.25,-47.1,1.8));
#5214 = LINE('',#5215,#5216);
#5215 = CARTESIAN_POINT('',(4.25,-47.1,1.8));
#5216 = VECTOR('',#5217,1.);
#5217 = DIRECTION('',(-0.424264068712,-0.565685424949,-0.707106781187));
#5218 = ORIENTED_EDGE('',*,*,#413,.T.);
#5219 = ORIENTED_EDGE('',*,*,#5162,.T.);
#5220 = ORIENTED_EDGE('',*,*,#5221,.F.);
#5221 = EDGE_CURVE('',#5212,#5163,#5222,.T.);
#5222 = CIRCLE('',#5223,3.25);
#5223 = AXIS2_PLACEMENT_3D('',#5224,#5225,#5226);
#5224 = CARTESIAN_POINT('',(6.2,-44.5,1.8));
#5225 = DIRECTION('',(-0.,0.,-1.));
#5226 = DIRECTION('',(-0.6,-0.8,0.));
#5227 = CONICAL_SURFACE('',#5228,3.25,0.785398163397);
#5228 = AXIS2_PLACEMENT_3D('',#5229,#5230,#5231);
#5229 = CARTESIAN_POINT('',(6.2,-44.5,1.8));
#5230 = DIRECTION('',(-0.,-0.,-1.));
#5231 = DIRECTION('',(-0.6,-0.8,0.));
#5232 = ADVANCED_FACE('',(#5233),#5252,.F.);
#5233 = FACE_BOUND('',#5234,.T.);
#5234 = EDGE_LOOP('',(#5235,#5236,#5237,#5245));
#5235 = ORIENTED_EDGE('',*,*,#5189,.F.);
#5236 = ORIENTED_EDGE('',*,*,#605,.T.);
#5237 = ORIENTED_EDGE('',*,*,#5238,.T.);
#5238 = EDGE_CURVE('',#598,#5239,#5241,.T.);
#5239 = VERTEX_POINT('',#5240);
#5240 = CARTESIAN_POINT('',(5.583033618702,25.218427960288,1.8));
#5241 = LINE('',#5242,#5243);
#5242 = CARTESIAN_POINT('',(5.583033618702,25.218427960288,1.8));
#5243 = VECTOR('',#5244,1.);
#5244 = DIRECTION('',(-0.494930590372,0.505018525119,-0.707106781187));
#5245 = ORIENTED_EDGE('',*,*,#5246,.F.);
#5246 = EDGE_CURVE('',#5190,#5239,#5247,.T.);
#5247 = CIRCLE('',#5248,1.);
#5248 = AXIS2_PLACEMENT_3D('',#5249,#5250,#5251);
#5249 = CARTESIAN_POINT('',(4.883096065364,25.932632007761,1.8));
#5250 = DIRECTION('',(0.,0.,1.));
#5251 = DIRECTION('',(-8.9E-16,-1.,0.));
#5252 = CONICAL_SURFACE('',#5253,1.,0.785398163397);
#5253 = AXIS2_PLACEMENT_3D('',#5254,#5255,#5256);
#5254 = CARTESIAN_POINT('',(4.883096065364,25.932632007761,1.8));
#5255 = DIRECTION('',(0.,0.,1.));
#5256 = DIRECTION('',(-8.9E-16,-1.,0.));
#5257 = ADVANCED_FACE('',(#5258),#5277,.T.);
#5258 = FACE_BOUND('',#5259,.T.);
#5259 = EDGE_LOOP('',(#5260,#5268,#5269,#5270));
#5260 = ORIENTED_EDGE('',*,*,#5261,.F.);
#5261 = EDGE_CURVE('',#423,#5262,#5264,.T.);
#5262 = VERTEX_POINT('',#5263);
#5263 = CARTESIAN_POINT('',(5.45,-47.5,1.8));
#5264 = LINE('',#5265,#5266);
#5265 = CARTESIAN_POINT('',(5.45,-47.4,1.9));
#5266 = VECTOR('',#5267,1.);
#5267 = DIRECTION('',(-0.,-0.707106781187,-0.707106781187));
#5268 = ORIENTED_EDGE('',*,*,#422,.T.);
#5269 = ORIENTED_EDGE('',*,*,#5211,.T.);
#5270 = ORIENTED_EDGE('',*,*,#5271,.F.);
#5271 = EDGE_CURVE('',#5262,#5212,#5272,.T.);
#5272 = CIRCLE('',#5273,2.);
#5273 = AXIS2_PLACEMENT_3D('',#5274,#5275,#5276);
#5274 = CARTESIAN_POINT('',(5.45,-45.5,1.8));
#5275 = DIRECTION('',(-0.,-0.,-1.));
#5276 = DIRECTION('',(0.,-1.,0.));
#5277 = CONICAL_SURFACE('',#5278,2.,0.785398163397);
#5278 = AXIS2_PLACEMENT_3D('',#5279,#5280,#5281);
#5279 = CARTESIAN_POINT('',(5.45,-45.5,1.8));
#5280 = DIRECTION('',(-0.,-0.,-1.));
#5281 = DIRECTION('',(0.,-1.,0.));
#5282 = ADVANCED_FACE('',(#5283),#5301,.F.);
#5283 = FACE_BOUND('',#5284,.T.);
#5284 = EDGE_LOOP('',(#5285,#5286,#5287,#5295));
#5285 = ORIENTED_EDGE('',*,*,#5238,.F.);
#5286 = ORIENTED_EDGE('',*,*,#597,.T.);
#5287 = ORIENTED_EDGE('',*,*,#5288,.T.);
#5288 = EDGE_CURVE('',#589,#5289,#5291,.T.);
#5289 = VERTEX_POINT('',#5290);
#5290 = CARTESIAN_POINT('',(6.471797268637,26.089438222456,1.8));
#5291 = LINE('',#5292,#5293);
#5292 = CARTESIAN_POINT('',(6.541791023971,26.018017817709,1.9));
#5293 = VECTOR('',#5294,1.);
#5294 = DIRECTION('',(-0.494930590372,0.505018525119,-0.707106781187));
#5295 = ORIENTED_EDGE('',*,*,#5296,.F.);
#5296 = EDGE_CURVE('',#5239,#5289,#5297,.T.);
#5297 = LINE('',#5298,#5299);
#5298 = CARTESIAN_POINT('',(5.583033618702,25.218427960288,1.8));
#5299 = VECTOR('',#5300,1.);
#5300 = DIRECTION('',(0.714204047473,0.699937553338,0.));
#5301 = PLANE('',#5302);
#5302 = AXIS2_PLACEMENT_3D('',#5303,#5304,#5305);
#5303 = CARTESIAN_POINT('',(5.653027374035,25.14700755554,1.9));
#5304 = DIRECTION('',(0.494930590372,-0.505018525119,-0.707106781187));
#5305 = DIRECTION('',(-0.714204047473,-0.699937553338,2.775557561563E-17
    ));
#5306 = ADVANCED_FACE('',(#5307),#5325,.F.);
#5307 = FACE_BOUND('',#5308,.T.);
#5308 = EDGE_LOOP('',(#5309,#5317,#5318,#5319));
#5309 = ORIENTED_EDGE('',*,*,#5310,.F.);
#5310 = EDGE_CURVE('',#432,#5311,#5313,.T.);
#5311 = VERTEX_POINT('',#5312);
#5312 = CARTESIAN_POINT('',(7.279231202527,-47.5,1.8));
#5313 = LINE('',#5314,#5315);
#5314 = CARTESIAN_POINT('',(7.279231202527,-47.5,1.8));
#5315 = VECTOR('',#5316,1.);
#5316 = DIRECTION('',(0.,-0.707106781187,-0.707106781187));
#5317 = ORIENTED_EDGE('',*,*,#431,.T.);
#5318 = ORIENTED_EDGE('',*,*,#5261,.T.);
#5319 = ORIENTED_EDGE('',*,*,#5320,.F.);
#5320 = EDGE_CURVE('',#5311,#5262,#5321,.T.);
#5321 = LINE('',#5322,#5323);
#5322 = CARTESIAN_POINT('',(7.279231202527,-47.5,1.8));
#5323 = VECTOR('',#5324,1.);
#5324 = DIRECTION('',(-1.,-0.,-0.));
#5325 = PLANE('',#5326);
#5326 = AXIS2_PLACEMENT_3D('',#5327,#5328,#5329);
#5327 = CARTESIAN_POINT('',(7.279231202527,-47.4,1.9));
#5328 = DIRECTION('',(0.,0.707106781187,-0.707106781187));
#5329 = DIRECTION('',(1.,-0.,-0.));
#5330 = ADVANCED_FACE('',(#5331),#5350,.F.);
#5331 = FACE_BOUND('',#5332,.T.);
#5332 = EDGE_LOOP('',(#5333,#5334,#5335,#5343));
#5333 = ORIENTED_EDGE('',*,*,#5288,.F.);
#5334 = ORIENTED_EDGE('',*,*,#588,.T.);
#5335 = ORIENTED_EDGE('',*,*,#5336,.T.);
#5336 = EDGE_CURVE('',#580,#5337,#5339,.T.);
#5337 = VERTEX_POINT('',#5338);
#5338 = CARTESIAN_POINT('',(6.731422135229,27.085138206417,1.8));
#5339 = LINE('',#5340,#5341);
#5340 = CARTESIAN_POINT('',(6.731422135229,27.085138206417,1.8));
#5341 = VECTOR('',#5342,1.);
#5342 = DIRECTION('',(-0.678513094104,-0.199047685567,-0.707106781187));
#5343 = ORIENTED_EDGE('',*,*,#5344,.F.);
#5344 = EDGE_CURVE('',#5289,#5337,#5345,.T.);
#5345 = CIRCLE('',#5346,1.);
#5346 = AXIS2_PLACEMENT_3D('',#5347,#5348,#5349);
#5347 = CARTESIAN_POINT('',(5.771859715299,26.803642269929,1.8));
#5348 = DIRECTION('',(-0.,0.,1.));
#5349 = DIRECTION('',(0.699937553338,-0.714204047473,0.));
#5350 = CONICAL_SURFACE('',#5351,1.,0.785398163397);
#5351 = AXIS2_PLACEMENT_3D('',#5352,#5353,#5354);
#5352 = CARTESIAN_POINT('',(5.771859715299,26.803642269929,1.8));
#5353 = DIRECTION('',(0.,0.,1.));
#5354 = DIRECTION('',(0.699937553338,-0.714204047473,0.));
#5355 = ADVANCED_FACE('',(#5356),#5373,.T.);
#5356 = FACE_BOUND('',#5357,.T.);
#5357 = EDGE_LOOP('',(#5358,#5364,#5365,#5366));
#5358 = ORIENTED_EDGE('',*,*,#5359,.F.);
#5359 = EDGE_CURVE('',#440,#4416,#5360,.T.);
#5360 = LINE('',#5361,#5362);
#5361 = CARTESIAN_POINT('',(9.157949467232,-45.78358011542,1.9));
#5362 = VECTOR('',#5363,1.);
#5363 = DIRECTION('',(0.699186539427,-0.105537590857,-0.707106781187));
#5364 = ORIENTED_EDGE('',*,*,#439,.T.);
#5365 = ORIENTED_EDGE('',*,*,#5310,.T.);
#5366 = ORIENTED_EDGE('',*,*,#5367,.F.);
#5367 = EDGE_CURVE('',#4416,#5311,#5368,.T.);
#5368 = CIRCLE('',#5369,2.);
#5369 = AXIS2_PLACEMENT_3D('',#5370,#5371,#5372);
#5370 = CARTESIAN_POINT('',(7.279231202527,-45.5,1.8));
#5371 = DIRECTION('',(0.,-0.,-1.));
#5372 = DIRECTION('',(0.988799086687,-0.14925269233,0.));
#5373 = CONICAL_SURFACE('',#5374,2.,0.785398163397);
#5374 = AXIS2_PLACEMENT_3D('',#5375,#5376,#5377);
#5375 = CARTESIAN_POINT('',(7.279231202527,-45.5,1.8));
#5376 = DIRECTION('',(-0.,-0.,-1.));
#5377 = DIRECTION('',(0.988799086687,-0.14925269233,0.));
#5378 = ADVANCED_FACE('',(#5379),#5398,.T.);
#5379 = FACE_BOUND('',#5380,.T.);
#5380 = EDGE_LOOP('',(#5381,#5382,#5383,#5391));
#5381 = ORIENTED_EDGE('',*,*,#5336,.F.);
#5382 = ORIENTED_EDGE('',*,*,#579,.T.);
#5383 = ORIENTED_EDGE('',*,*,#5384,.T.);
#5384 = EDGE_CURVE('',#571,#5385,#5387,.T.);
#5385 = VERTEX_POINT('',#5386);
#5386 = CARTESIAN_POINT('',(6.6,28.,1.8));
#5387 = LINE('',#5388,#5389);
#5388 = CARTESIAN_POINT('',(6.6,28.,1.8));
#5389 = VECTOR('',#5390,1.);
#5390 = DIRECTION('',(-0.707106781187,-4.4E-16,-0.707106781187));
#5391 = ORIENTED_EDGE('',*,*,#5392,.F.);
#5392 = EDGE_CURVE('',#5337,#5385,#5393,.T.);
#5393 = CIRCLE('',#5394,3.25);
#5394 = AXIS2_PLACEMENT_3D('',#5395,#5396,#5397);
#5395 = CARTESIAN_POINT('',(9.85,28.,1.8));
#5396 = DIRECTION('',(-0.,0.,-1.));
#5397 = DIRECTION('',(-0.95956241993,-0.281495936487,0.));
#5398 = CONICAL_SURFACE('',#5399,3.25,0.785398163397);
#5399 = AXIS2_PLACEMENT_3D('',#5400,#5401,#5402);
#5400 = CARTESIAN_POINT('',(9.85,28.,1.8));
#5401 = DIRECTION('',(-0.,-0.,-1.));
#5402 = DIRECTION('',(-0.95956241993,-0.281495936487,0.));
#5403 = ADVANCED_FACE('',(#5404),#5410,.F.);
#5404 = FACE_BOUND('',#5405,.T.);
#5405 = EDGE_LOOP('',(#5406,#5407,#5408,#5409));
#5406 = ORIENTED_EDGE('',*,*,#2333,.F.);
#5407 = ORIENTED_EDGE('',*,*,#448,.T.);
#5408 = ORIENTED_EDGE('',*,*,#5359,.T.);
#5409 = ORIENTED_EDGE('',*,*,#4423,.F.);
#5410 = PLANE('',#5411);
#5411 = AXIS2_PLACEMENT_3D('',#5412,#5413,#5414);
#5412 = CARTESIAN_POINT('',(12.889919178018,-21.05928078146,1.9));
#5413 = DIRECTION('',(-0.699186539427,0.105537590857,-0.707106781187));
#5414 = DIRECTION('',(0.14925269233,0.988799086687,-2.775557561563E-17)
  );
#5415 = ADVANCED_FACE('',(#5416),#5435,.T.);
#5416 = FACE_BOUND('',#5417,.T.);
#5417 = EDGE_LOOP('',(#5418,#5419,#5420,#5428));
#5418 = ORIENTED_EDGE('',*,*,#5384,.F.);
#5419 = ORIENTED_EDGE('',*,*,#570,.T.);
#5420 = ORIENTED_EDGE('',*,*,#5421,.T.);
#5421 = EDGE_CURVE('',#562,#5422,#5424,.T.);
#5422 = VERTEX_POINT('',#5423);
#5423 = CARTESIAN_POINT('',(7.9,30.6,1.8));
#5424 = LINE('',#5425,#5426);
#5425 = CARTESIAN_POINT('',(7.9,30.6,1.8));
#5426 = VECTOR('',#5427,1.);
#5427 = DIRECTION('',(-0.424264068712,0.565685424949,-0.707106781187));
#5428 = ORIENTED_EDGE('',*,*,#5429,.F.);
#5429 = EDGE_CURVE('',#5385,#5422,#5430,.T.);
#5430 = CIRCLE('',#5431,3.25);
#5431 = AXIS2_PLACEMENT_3D('',#5432,#5433,#5434);
#5432 = CARTESIAN_POINT('',(9.85,28.,1.8));
#5433 = DIRECTION('',(0.,0.,-1.));
#5434 = DIRECTION('',(-1.,0.,0.));
#5435 = CONICAL_SURFACE('',#5436,3.25,0.785398163397);
#5436 = AXIS2_PLACEMENT_3D('',#5437,#5438,#5439);
#5437 = CARTESIAN_POINT('',(9.85,28.,1.8));
#5438 = DIRECTION('',(-0.,-0.,-1.));
#5439 = DIRECTION('',(-1.,0.,0.));
#5440 = ADVANCED_FACE('',(#5441),#5460,.T.);
#5441 = FACE_BOUND('',#5442,.T.);
#5442 = EDGE_LOOP('',(#5443,#5444,#5445,#5453));
#5443 = ORIENTED_EDGE('',*,*,#5421,.F.);
#5444 = ORIENTED_EDGE('',*,*,#561,.T.);
#5445 = ORIENTED_EDGE('',*,*,#5446,.T.);
#5446 = EDGE_CURVE('',#554,#5447,#5449,.T.);
#5447 = VERTEX_POINT('',#5448);
#5448 = CARTESIAN_POINT('',(9.1,31.,1.8));
#5449 = LINE('',#5450,#5451);
#5450 = CARTESIAN_POINT('',(9.1,31.,1.8));
#5451 = VECTOR('',#5452,1.);
#5452 = DIRECTION('',(-1.22E-15,0.707106781187,-0.707106781187));
#5453 = ORIENTED_EDGE('',*,*,#5454,.F.);
#5454 = EDGE_CURVE('',#5422,#5447,#5455,.T.);
#5455 = CIRCLE('',#5456,2.);
#5456 = AXIS2_PLACEMENT_3D('',#5457,#5458,#5459);
#5457 = CARTESIAN_POINT('',(9.1,29.,1.8));
#5458 = DIRECTION('',(0.,0.,-1.));
#5459 = DIRECTION('',(-0.6,0.8,0.));
#5460 = CONICAL_SURFACE('',#5461,2.,0.785398163397);
#5461 = AXIS2_PLACEMENT_3D('',#5462,#5463,#5464);
#5462 = CARTESIAN_POINT('',(9.1,29.,1.8));
#5463 = DIRECTION('',(-0.,-0.,-1.));
#5464 = DIRECTION('',(-0.6,0.8,0.));
#5465 = ADVANCED_FACE('',(#5466),#5484,.F.);
#5466 = FACE_BOUND('',#5467,.T.);
#5467 = EDGE_LOOP('',(#5468,#5469,#5470,#5478));
#5468 = ORIENTED_EDGE('',*,*,#5446,.F.);
#5469 = ORIENTED_EDGE('',*,*,#553,.T.);
#5470 = ORIENTED_EDGE('',*,*,#5471,.T.);
#5471 = EDGE_CURVE('',#545,#5472,#5474,.T.);
#5472 = VERTEX_POINT('',#5473);
#5473 = CARTESIAN_POINT('',(11.,31.,1.8));
#5474 = LINE('',#5475,#5476);
#5475 = CARTESIAN_POINT('',(11.,30.9,1.9));
#5476 = VECTOR('',#5477,1.);
#5477 = DIRECTION('',(0.,0.707106781187,-0.707106781187));
#5478 = ORIENTED_EDGE('',*,*,#5479,.F.);
#5479 = EDGE_CURVE('',#5447,#5472,#5480,.T.);
#5480 = LINE('',#5481,#5482);
#5481 = CARTESIAN_POINT('',(9.1,31.,1.8));
#5482 = VECTOR('',#5483,1.);
#5483 = DIRECTION('',(1.,0.,0.));
#5484 = PLANE('',#5485);
#5485 = AXIS2_PLACEMENT_3D('',#5486,#5487,#5488);
#5486 = CARTESIAN_POINT('',(9.1,30.9,1.9));
#5487 = DIRECTION('',(0.,-0.707106781187,-0.707106781187));
#5488 = DIRECTION('',(-1.,-0.,-0.));
#5489 = ADVANCED_FACE('',(#5490),#5509,.T.);
#5490 = FACE_BOUND('',#5491,.T.);
#5491 = EDGE_LOOP('',(#5492,#5493,#5494,#5502));
#5492 = ORIENTED_EDGE('',*,*,#5471,.F.);
#5493 = ORIENTED_EDGE('',*,*,#544,.T.);
#5494 = ORIENTED_EDGE('',*,*,#5495,.T.);
#5495 = EDGE_CURVE('',#537,#5496,#5498,.T.);
#5496 = VERTEX_POINT('',#5497);
#5497 = CARTESIAN_POINT('',(13.,29.,1.8));
#5498 = LINE('',#5499,#5500);
#5499 = CARTESIAN_POINT('',(13.,29.,1.8));
#5500 = VECTOR('',#5501,1.);
#5501 = DIRECTION('',(0.707106781187,4.E-17,-0.707106781187));
#5502 = ORIENTED_EDGE('',*,*,#5503,.F.);
#5503 = EDGE_CURVE('',#5472,#5496,#5504,.T.);
#5504 = CIRCLE('',#5505,2.);
#5505 = AXIS2_PLACEMENT_3D('',#5506,#5507,#5508);
#5506 = CARTESIAN_POINT('',(11.,29.,1.8));
#5507 = DIRECTION('',(0.,0.,-1.));
#5508 = DIRECTION('',(0.,1.,0.));
#5509 = CONICAL_SURFACE('',#5510,2.,0.785398163397);
#5510 = AXIS2_PLACEMENT_3D('',#5511,#5512,#5513);
#5511 = CARTESIAN_POINT('',(11.,29.,1.8));
#5512 = DIRECTION('',(-0.,-0.,-1.));
#5513 = DIRECTION('',(0.,1.,-0.));
#5514 = ADVANCED_FACE('',(#5515),#5533,.T.);
#5515 = FACE_BOUND('',#5516,.T.);
#5516 = EDGE_LOOP('',(#5517,#5518,#5519,#5527));
#5517 = ORIENTED_EDGE('',*,*,#5495,.F.);
#5518 = ORIENTED_EDGE('',*,*,#536,.T.);
#5519 = ORIENTED_EDGE('',*,*,#5520,.T.);
#5520 = EDGE_CURVE('',#528,#5521,#5523,.T.);
#5521 = VERTEX_POINT('',#5522);
#5522 = CARTESIAN_POINT('',(13.,6.06173769149,1.8));
#5523 = LINE('',#5524,#5525);
#5524 = CARTESIAN_POINT('',(12.9,6.06173769149,1.9));
#5525 = VECTOR('',#5526,1.);
#5526 = DIRECTION('',(0.707106781187,0.,-0.707106781187));
#5527 = ORIENTED_EDGE('',*,*,#5528,.F.);
#5528 = EDGE_CURVE('',#5496,#5521,#5529,.T.);
#5529 = LINE('',#5530,#5531);
#5530 = CARTESIAN_POINT('',(13.,29.,1.8));
#5531 = VECTOR('',#5532,1.);
#5532 = DIRECTION('',(-0.,-1.,-0.));
#5533 = PLANE('',#5534);
#5534 = AXIS2_PLACEMENT_3D('',#5535,#5536,#5537);
#5535 = CARTESIAN_POINT('',(12.9,29.,1.9));
#5536 = DIRECTION('',(0.707106781187,0.,0.707106781187));
#5537 = DIRECTION('',(0.,-1.,0.));
#5538 = ADVANCED_FACE('',(#5539),#5558,.F.);
#5539 = FACE_BOUND('',#5540,.T.);
#5540 = EDGE_LOOP('',(#5541,#5542,#5543,#5551));
#5541 = ORIENTED_EDGE('',*,*,#5520,.F.);
#5542 = ORIENTED_EDGE('',*,*,#527,.T.);
#5543 = ORIENTED_EDGE('',*,*,#5544,.T.);
#5544 = EDGE_CURVE('',#519,#5545,#5547,.T.);
#5545 = VERTEX_POINT('',#5546);
#5546 = CARTESIAN_POINT('',(13.636363636364,5.130196712766,1.8));
#5547 = LINE('',#5548,#5549);
#5548 = CARTESIAN_POINT('',(13.636363636364,5.130196712766,1.8));
#5549 = VECTOR('',#5550,1.);
#5550 = DIRECTION('',(0.257129738613,0.658698943009,-0.707106781187));
#5551 = ORIENTED_EDGE('',*,*,#5552,.F.);
#5552 = EDGE_CURVE('',#5521,#5545,#5553,.T.);
#5553 = CIRCLE('',#5554,1.);
#5554 = AXIS2_PLACEMENT_3D('',#5555,#5556,#5557);
#5555 = CARTESIAN_POINT('',(14.,6.06173769149,1.8));
#5556 = DIRECTION('',(0.,0.,1.));
#5557 = DIRECTION('',(-1.,-8.9E-16,0.));
#5558 = CONICAL_SURFACE('',#5559,1.,0.785398163397);
#5559 = AXIS2_PLACEMENT_3D('',#5560,#5561,#5562);
#5560 = CARTESIAN_POINT('',(14.,6.06173769149,1.8));
#5561 = DIRECTION('',(0.,0.,1.));
#5562 = DIRECTION('',(-1.,-8.9E-16,0.));
#5563 = ADVANCED_FACE('',(#5564),#5575,.F.);
#5564 = FACE_BOUND('',#5565,.T.);
#5565 = EDGE_LOOP('',(#5566,#5572,#5573,#5574));
#5566 = ORIENTED_EDGE('',*,*,#5567,.F.);
#5567 = EDGE_CURVE('',#484,#4506,#5568,.T.);
#5568 = LINE('',#5569,#5570);
#5569 = CARTESIAN_POINT('',(12.9,-13.93826230851,1.9));
#5570 = VECTOR('',#5571,1.);
#5571 = DIRECTION('',(0.707106781187,0.,-0.707106781187));
#5572 = ORIENTED_EDGE('',*,*,#483,.T.);
#5573 = ORIENTED_EDGE('',*,*,#4471,.T.);
#5574 = ORIENTED_EDGE('',*,*,#4515,.F.);
#5575 = CONICAL_SURFACE('',#5576,1.,0.785398163397);
#5576 = AXIS2_PLACEMENT_3D('',#5577,#5578,#5579);
#5577 = CARTESIAN_POINT('',(14.,-13.93826230851,1.8));
#5578 = DIRECTION('',(0.,0.,1.));
#5579 = DIRECTION('',(-1.,0.,0.));
#5580 = ADVANCED_FACE('',(#5581),#5600,.T.);
#5581 = FACE_BOUND('',#5582,.T.);
#5582 = EDGE_LOOP('',(#5583,#5584,#5585,#5593));
#5583 = ORIENTED_EDGE('',*,*,#5544,.F.);
#5584 = ORIENTED_EDGE('',*,*,#518,.T.);
#5585 = ORIENTED_EDGE('',*,*,#5586,.T.);
#5586 = EDGE_CURVE('',#510,#5587,#5589,.T.);
#5587 = VERTEX_POINT('',#5588);
#5588 = CARTESIAN_POINT('',(14.75,3.5,1.8));
#5589 = LINE('',#5590,#5591);
#5590 = CARTESIAN_POINT('',(14.75,3.5,1.8));
#5591 = VECTOR('',#5592,1.);
#5592 = DIRECTION('',(0.707106781187,-5.E-16,-0.707106781187));
#5593 = ORIENTED_EDGE('',*,*,#5594,.F.);
#5594 = EDGE_CURVE('',#5545,#5587,#5595,.T.);
#5595 = CIRCLE('',#5596,1.75);
#5596 = AXIS2_PLACEMENT_3D('',#5597,#5598,#5599);
#5597 = CARTESIAN_POINT('',(13.,3.5,1.8));
#5598 = DIRECTION('',(0.,0.,-1.));
#5599 = DIRECTION('',(0.363636363636,0.931540978724,0.));
#5600 = CONICAL_SURFACE('',#5601,1.75,0.785398163397);
#5601 = AXIS2_PLACEMENT_3D('',#5602,#5603,#5604);
#5602 = CARTESIAN_POINT('',(13.,3.5,1.8));
#5603 = DIRECTION('',(-0.,-0.,-1.));
#5604 = DIRECTION('',(0.363636363636,0.931540978724,-0.));
#5605 = ADVANCED_FACE('',(#5606),#5624,.T.);
#5606 = FACE_BOUND('',#5607,.T.);
#5607 = EDGE_LOOP('',(#5608,#5616,#5617,#5618));
#5608 = ORIENTED_EDGE('',*,*,#5609,.F.);
#5609 = EDGE_CURVE('',#493,#5610,#5612,.T.);
#5610 = VERTEX_POINT('',#5611);
#5611 = CARTESIAN_POINT('',(13.,0.93826230851,1.8));
#5612 = LINE('',#5613,#5614);
#5613 = CARTESIAN_POINT('',(13.,0.93826230851,1.8));
#5614 = VECTOR('',#5615,1.);
#5615 = DIRECTION('',(0.707106781187,-5.6E-16,-0.707106781187));
#5616 = ORIENTED_EDGE('',*,*,#492,.T.);
#5617 = ORIENTED_EDGE('',*,*,#5567,.T.);
#5618 = ORIENTED_EDGE('',*,*,#5619,.F.);
#5619 = EDGE_CURVE('',#5610,#4506,#5620,.T.);
#5620 = LINE('',#5621,#5622);
#5621 = CARTESIAN_POINT('',(13.,0.93826230851,1.8));
#5622 = VECTOR('',#5623,1.);
#5623 = DIRECTION('',(-0.,-1.,-0.));
#5624 = PLANE('',#5625);
#5625 = AXIS2_PLACEMENT_3D('',#5626,#5627,#5628);
#5626 = CARTESIAN_POINT('',(12.9,0.93826230851,1.9));
#5627 = DIRECTION('',(0.707106781187,0.,0.707106781187));
#5628 = DIRECTION('',(0.,-1.,0.));
#5629 = ADVANCED_FACE('',(#5630),#5649,.T.);
#5630 = FACE_BOUND('',#5631,.T.);
#5631 = EDGE_LOOP('',(#5632,#5633,#5634,#5642));
#5632 = ORIENTED_EDGE('',*,*,#5586,.F.);
#5633 = ORIENTED_EDGE('',*,*,#509,.T.);
#5634 = ORIENTED_EDGE('',*,*,#5635,.T.);
#5635 = EDGE_CURVE('',#501,#5636,#5638,.T.);
#5636 = VERTEX_POINT('',#5637);
#5637 = CARTESIAN_POINT('',(13.636363636364,1.869803287234,1.8));
#5638 = LINE('',#5639,#5640);
#5639 = CARTESIAN_POINT('',(13.636363636364,1.869803287234,1.8));
#5640 = VECTOR('',#5641,1.);
#5641 = DIRECTION('',(0.257129738613,-0.658698943009,-0.707106781187));
#5642 = ORIENTED_EDGE('',*,*,#5643,.F.);
#5643 = EDGE_CURVE('',#5587,#5636,#5644,.T.);
#5644 = CIRCLE('',#5645,1.75);
#5645 = AXIS2_PLACEMENT_3D('',#5646,#5647,#5648);
#5646 = CARTESIAN_POINT('',(13.,3.5,1.8));
#5647 = DIRECTION('',(0.,-0.,-1.));
#5648 = DIRECTION('',(1.,-7.6E-16,0.));
#5649 = CONICAL_SURFACE('',#5650,1.75,0.785398163397);
#5650 = AXIS2_PLACEMENT_3D('',#5651,#5652,#5653);
#5651 = CARTESIAN_POINT('',(13.,3.5,1.8));
#5652 = DIRECTION('',(-0.,-0.,-1.));
#5653 = DIRECTION('',(1.,-7.6E-16,0.));
#5654 = ADVANCED_FACE('',(#5655),#5667,.F.);
#5655 = FACE_BOUND('',#5656,.T.);
#5656 = EDGE_LOOP('',(#5657,#5658,#5659,#5660));
#5657 = ORIENTED_EDGE('',*,*,#5635,.F.);
#5658 = ORIENTED_EDGE('',*,*,#500,.T.);
#5659 = ORIENTED_EDGE('',*,*,#5609,.T.);
#5660 = ORIENTED_EDGE('',*,*,#5661,.F.);
#5661 = EDGE_CURVE('',#5636,#5610,#5662,.T.);
#5662 = CIRCLE('',#5663,1.);
#5663 = AXIS2_PLACEMENT_3D('',#5664,#5665,#5666);
#5664 = CARTESIAN_POINT('',(14.,0.93826230851,1.8));
#5665 = DIRECTION('',(0.,0.,1.));
#5666 = DIRECTION('',(-0.363636363636,0.931540978724,0.));
#5667 = CONICAL_SURFACE('',#5668,1.,0.785398163397);
#5668 = AXIS2_PLACEMENT_3D('',#5669,#5670,#5671);
#5669 = CARTESIAN_POINT('',(14.,0.93826230851,1.8));
#5670 = DIRECTION('',(0.,0.,1.));
#5671 = DIRECTION('',(-0.363636363636,0.931540978724,0.));
#5672 = ADVANCED_FACE('',(#5673),#5689,.T.);
#5673 = FACE_BOUND('',#5674,.T.);
#5674 = EDGE_LOOP('',(#5675,#5676,#5682,#5683));
#5675 = ORIENTED_EDGE('',*,*,#2785,.F.);
#5676 = ORIENTED_EDGE('',*,*,#5677,.T.);
#5677 = EDGE_CURVE('',#2786,#728,#5678,.T.);
#5678 = LINE('',#5679,#5680);
#5679 = CARTESIAN_POINT('',(7.,0.5,0.));
#5680 = VECTOR('',#5681,1.);
#5681 = DIRECTION('',(0.,0.,1.));
#5682 = ORIENTED_EDGE('',*,*,#727,.T.);
#5683 = ORIENTED_EDGE('',*,*,#5684,.F.);
#5684 = EDGE_CURVE('',#2788,#730,#5685,.T.);
#5685 = LINE('',#5686,#5687);
#5686 = CARTESIAN_POINT('',(7.,-13.5,0.));
#5687 = VECTOR('',#5688,1.);
#5688 = DIRECTION('',(0.,0.,1.));
#5689 = PLANE('',#5690);
#5690 = AXIS2_PLACEMENT_3D('',#5691,#5692,#5693);
#5691 = CARTESIAN_POINT('',(7.,1.5,0.));
#5692 = DIRECTION('',(1.,0.,0.));
#5693 = DIRECTION('',(0.,-1.,0.));
#5694 = ADVANCED_FACE('',(#5695),#5706,.F.);
#5695 = FACE_BOUND('',#5696,.T.);
#5696 = EDGE_LOOP('',(#5697,#5698,#5704,#5705));
#5697 = ORIENTED_EDGE('',*,*,#2846,.T.);
#5698 = ORIENTED_EDGE('',*,*,#5699,.T.);
#5699 = EDGE_CURVE('',#2839,#738,#5700,.T.);
#5700 = LINE('',#5701,#5702);
#5701 = CARTESIAN_POINT('',(8.,1.5,0.));
#5702 = VECTOR('',#5703,1.);
#5703 = DIRECTION('',(0.,0.,1.));
#5704 = ORIENTED_EDGE('',*,*,#737,.F.);
#5705 = ORIENTED_EDGE('',*,*,#5677,.F.);
#5706 = CYLINDRICAL_SURFACE('',#5707,1.);
#5707 = AXIS2_PLACEMENT_3D('',#5708,#5709,#5710);
#5708 = CARTESIAN_POINT('',(8.,0.5,0.));
#5709 = DIRECTION('',(0.,0.,1.));
#5710 = DIRECTION('',(-1.,0.,0.));
#5711 = ADVANCED_FACE('',(#5712),#5723,.T.);
#5712 = FACE_BOUND('',#5713,.T.);
#5713 = EDGE_LOOP('',(#5714,#5715,#5721,#5722));
#5714 = ORIENTED_EDGE('',*,*,#2838,.F.);
#5715 = ORIENTED_EDGE('',*,*,#5716,.T.);
#5716 = EDGE_CURVE('',#2830,#747,#5717,.T.);
#5717 = LINE('',#5718,#5719);
#5718 = CARTESIAN_POINT('',(9.5,1.5,0.));
#5719 = VECTOR('',#5720,1.);
#5720 = DIRECTION('',(0.,0.,1.));
#5721 = ORIENTED_EDGE('',*,*,#746,.T.);
#5722 = ORIENTED_EDGE('',*,*,#5699,.F.);
#5723 = PLANE('',#5724);
#5724 = AXIS2_PLACEMENT_3D('',#5725,#5726,#5727);
#5725 = CARTESIAN_POINT('',(10.5,1.5,0.));
#5726 = DIRECTION('',(0.,-1.,0.));
#5727 = DIRECTION('',(-1.,0.,0.));
#5728 = ADVANCED_FACE('',(#5729),#5740,.F.);
#5729 = FACE_BOUND('',#5730,.F.);
#5730 = EDGE_LOOP('',(#5731,#5732,#5733,#5734));
#5731 = ORIENTED_EDGE('',*,*,#2829,.T.);
#5732 = ORIENTED_EDGE('',*,*,#5716,.T.);
#5733 = ORIENTED_EDGE('',*,*,#754,.F.);
#5734 = ORIENTED_EDGE('',*,*,#5735,.F.);
#5735 = EDGE_CURVE('',#2822,#755,#5736,.T.);
#5736 = LINE('',#5737,#5738);
#5737 = CARTESIAN_POINT('',(10.5,0.5,0.));
#5738 = VECTOR('',#5739,1.);
#5739 = DIRECTION('',(0.,0.,1.));
#5740 = CYLINDRICAL_SURFACE('',#5741,1.);
#5741 = AXIS2_PLACEMENT_3D('',#5742,#5743,#5744);
#5742 = CARTESIAN_POINT('',(9.5,0.5,0.));
#5743 = DIRECTION('',(0.,0.,1.));
#5744 = DIRECTION('',(1.,0.,0.));
#5745 = ADVANCED_FACE('',(#5746),#5757,.T.);
#5746 = FACE_BOUND('',#5747,.T.);
#5747 = EDGE_LOOP('',(#5748,#5749,#5755,#5756));
#5748 = ORIENTED_EDGE('',*,*,#2821,.F.);
#5749 = ORIENTED_EDGE('',*,*,#5750,.T.);
#5750 = EDGE_CURVE('',#2813,#764,#5751,.T.);
#5751 = LINE('',#5752,#5753);
#5752 = CARTESIAN_POINT('',(10.5,-13.5,0.));
#5753 = VECTOR('',#5754,1.);
#5754 = DIRECTION('',(0.,0.,1.));
#5755 = ORIENTED_EDGE('',*,*,#763,.T.);
#5756 = ORIENTED_EDGE('',*,*,#5735,.F.);
#5757 = PLANE('',#5758);
#5758 = AXIS2_PLACEMENT_3D('',#5759,#5760,#5761);
#5759 = CARTESIAN_POINT('',(10.5,-14.5,0.));
#5760 = DIRECTION('',(-1.,0.,0.));
#5761 = DIRECTION('',(0.,1.,0.));
#5762 = ADVANCED_FACE('',(#5763),#5774,.F.);
#5763 = FACE_BOUND('',#5764,.F.);
#5764 = EDGE_LOOP('',(#5765,#5766,#5767,#5768));
#5765 = ORIENTED_EDGE('',*,*,#2812,.T.);
#5766 = ORIENTED_EDGE('',*,*,#5750,.T.);
#5767 = ORIENTED_EDGE('',*,*,#771,.F.);
#5768 = ORIENTED_EDGE('',*,*,#5769,.F.);
#5769 = EDGE_CURVE('',#2805,#772,#5770,.T.);
#5770 = LINE('',#5771,#5772);
#5771 = CARTESIAN_POINT('',(9.5,-14.5,0.));
#5772 = VECTOR('',#5773,1.);
#5773 = DIRECTION('',(0.,0.,1.));
#5774 = CYLINDRICAL_SURFACE('',#5775,1.);
#5775 = AXIS2_PLACEMENT_3D('',#5776,#5777,#5778);
#5776 = CARTESIAN_POINT('',(9.5,-13.5,0.));
#5777 = DIRECTION('',(0.,0.,1.));
#5778 = DIRECTION('',(0.,-1.,0.));
#5779 = ADVANCED_FACE('',(#5780),#5791,.T.);
#5780 = FACE_BOUND('',#5781,.T.);
#5781 = EDGE_LOOP('',(#5782,#5783,#5789,#5790));
#5782 = ORIENTED_EDGE('',*,*,#2804,.F.);
#5783 = ORIENTED_EDGE('',*,*,#5784,.T.);
#5784 = EDGE_CURVE('',#2796,#781,#5785,.T.);
#5785 = LINE('',#5786,#5787);
#5786 = CARTESIAN_POINT('',(8.,-14.5,0.));
#5787 = VECTOR('',#5788,1.);
#5788 = DIRECTION('',(0.,0.,1.));
#5789 = ORIENTED_EDGE('',*,*,#780,.T.);
#5790 = ORIENTED_EDGE('',*,*,#5769,.F.);
#5791 = PLANE('',#5792);
#5792 = AXIS2_PLACEMENT_3D('',#5793,#5794,#5795);
#5793 = CARTESIAN_POINT('',(7.,-14.5,0.));
#5794 = DIRECTION('',(0.,1.,0.));
#5795 = DIRECTION('',(1.,0.,0.));
#5796 = ADVANCED_FACE('',(#5797),#5803,.F.);
#5797 = FACE_BOUND('',#5798,.F.);
#5798 = EDGE_LOOP('',(#5799,#5800,#5801,#5802));
#5799 = ORIENTED_EDGE('',*,*,#2795,.T.);
#5800 = ORIENTED_EDGE('',*,*,#5784,.T.);
#5801 = ORIENTED_EDGE('',*,*,#788,.F.);
#5802 = ORIENTED_EDGE('',*,*,#5684,.F.);
#5803 = CYLINDRICAL_SURFACE('',#5804,1.);
#5804 = AXIS2_PLACEMENT_3D('',#5805,#5806,#5807);
#5805 = CARTESIAN_POINT('',(8.,-13.5,0.));
#5806 = DIRECTION('',(0.,0.,1.));
#5807 = DIRECTION('',(-1.,0.,0.));
#5808 = ADVANCED_FACE('',(#5809),#5825,.T.);
#5809 = FACE_BOUND('',#5810,.T.);
#5810 = EDGE_LOOP('',(#5811,#5812,#5818,#5819));
#5811 = ORIENTED_EDGE('',*,*,#2855,.F.);
#5812 = ORIENTED_EDGE('',*,*,#5813,.T.);
#5813 = EDGE_CURVE('',#2856,#798,#5814,.T.);
#5814 = LINE('',#5815,#5816);
#5815 = CARTESIAN_POINT('',(-10.5,0.5,0.));
#5816 = VECTOR('',#5817,1.);
#5817 = DIRECTION('',(0.,0.,1.));
#5818 = ORIENTED_EDGE('',*,*,#797,.T.);
#5819 = ORIENTED_EDGE('',*,*,#5820,.F.);
#5820 = EDGE_CURVE('',#2858,#800,#5821,.T.);
#5821 = LINE('',#5822,#5823);
#5822 = CARTESIAN_POINT('',(-10.5,-13.5,0.));
#5823 = VECTOR('',#5824,1.);
#5824 = DIRECTION('',(0.,0.,1.));
#5825 = PLANE('',#5826);
#5826 = AXIS2_PLACEMENT_3D('',#5827,#5828,#5829);
#5827 = CARTESIAN_POINT('',(-10.5,1.5,0.));
#5828 = DIRECTION('',(1.,0.,0.));
#5829 = DIRECTION('',(0.,-1.,0.));
#5830 = ADVANCED_FACE('',(#5831),#5842,.F.);
#5831 = FACE_BOUND('',#5832,.T.);
#5832 = EDGE_LOOP('',(#5833,#5834,#5840,#5841));
#5833 = ORIENTED_EDGE('',*,*,#2916,.T.);
#5834 = ORIENTED_EDGE('',*,*,#5835,.T.);
#5835 = EDGE_CURVE('',#2909,#808,#5836,.T.);
#5836 = LINE('',#5837,#5838);
#5837 = CARTESIAN_POINT('',(-9.5,1.5,0.));
#5838 = VECTOR('',#5839,1.);
#5839 = DIRECTION('',(0.,0.,1.));
#5840 = ORIENTED_EDGE('',*,*,#807,.F.);
#5841 = ORIENTED_EDGE('',*,*,#5813,.F.);
#5842 = CYLINDRICAL_SURFACE('',#5843,1.);
#5843 = AXIS2_PLACEMENT_3D('',#5844,#5845,#5846);
#5844 = CARTESIAN_POINT('',(-9.5,0.5,0.));
#5845 = DIRECTION('',(0.,0.,1.));
#5846 = DIRECTION('',(-1.,0.,0.));
#5847 = ADVANCED_FACE('',(#5848),#5859,.T.);
#5848 = FACE_BOUND('',#5849,.T.);
#5849 = EDGE_LOOP('',(#5850,#5851,#5857,#5858));
#5850 = ORIENTED_EDGE('',*,*,#2908,.F.);
#5851 = ORIENTED_EDGE('',*,*,#5852,.T.);
#5852 = EDGE_CURVE('',#2900,#817,#5853,.T.);
#5853 = LINE('',#5854,#5855);
#5854 = CARTESIAN_POINT('',(-8.,1.5,0.));
#5855 = VECTOR('',#5856,1.);
#5856 = DIRECTION('',(0.,0.,1.));
#5857 = ORIENTED_EDGE('',*,*,#816,.T.);
#5858 = ORIENTED_EDGE('',*,*,#5835,.F.);
#5859 = PLANE('',#5860);
#5860 = AXIS2_PLACEMENT_3D('',#5861,#5862,#5863);
#5861 = CARTESIAN_POINT('',(-7.,1.5,0.));
#5862 = DIRECTION('',(0.,-1.,0.));
#5863 = DIRECTION('',(-1.,0.,0.));
#5864 = ADVANCED_FACE('',(#5865),#5876,.F.);
#5865 = FACE_BOUND('',#5866,.F.);
#5866 = EDGE_LOOP('',(#5867,#5868,#5869,#5870));
#5867 = ORIENTED_EDGE('',*,*,#2899,.T.);
#5868 = ORIENTED_EDGE('',*,*,#5852,.T.);
#5869 = ORIENTED_EDGE('',*,*,#824,.F.);
#5870 = ORIENTED_EDGE('',*,*,#5871,.F.);
#5871 = EDGE_CURVE('',#2892,#825,#5872,.T.);
#5872 = LINE('',#5873,#5874);
#5873 = CARTESIAN_POINT('',(-7.,0.5,0.));
#5874 = VECTOR('',#5875,1.);
#5875 = DIRECTION('',(0.,0.,1.));
#5876 = CYLINDRICAL_SURFACE('',#5877,1.);
#5877 = AXIS2_PLACEMENT_3D('',#5878,#5879,#5880);
#5878 = CARTESIAN_POINT('',(-8.,0.5,0.));
#5879 = DIRECTION('',(0.,0.,1.));
#5880 = DIRECTION('',(1.,0.,0.));
#5881 = ADVANCED_FACE('',(#5882),#5893,.T.);
#5882 = FACE_BOUND('',#5883,.T.);
#5883 = EDGE_LOOP('',(#5884,#5885,#5891,#5892));
#5884 = ORIENTED_EDGE('',*,*,#2891,.F.);
#5885 = ORIENTED_EDGE('',*,*,#5886,.T.);
#5886 = EDGE_CURVE('',#2883,#834,#5887,.T.);
#5887 = LINE('',#5888,#5889);
#5888 = CARTESIAN_POINT('',(-7.,-13.5,0.));
#5889 = VECTOR('',#5890,1.);
#5890 = DIRECTION('',(0.,0.,1.));
#5891 = ORIENTED_EDGE('',*,*,#833,.T.);
#5892 = ORIENTED_EDGE('',*,*,#5871,.F.);
#5893 = PLANE('',#5894);
#5894 = AXIS2_PLACEMENT_3D('',#5895,#5896,#5897);
#5895 = CARTESIAN_POINT('',(-7.,-14.5,0.));
#5896 = DIRECTION('',(-1.,0.,0.));
#5897 = DIRECTION('',(0.,1.,0.));
#5898 = ADVANCED_FACE('',(#5899),#5910,.F.);
#5899 = FACE_BOUND('',#5900,.F.);
#5900 = EDGE_LOOP('',(#5901,#5902,#5903,#5904));
#5901 = ORIENTED_EDGE('',*,*,#2882,.T.);
#5902 = ORIENTED_EDGE('',*,*,#5886,.T.);
#5903 = ORIENTED_EDGE('',*,*,#841,.F.);
#5904 = ORIENTED_EDGE('',*,*,#5905,.F.);
#5905 = EDGE_CURVE('',#2875,#842,#5906,.T.);
#5906 = LINE('',#5907,#5908);
#5907 = CARTESIAN_POINT('',(-8.,-14.5,0.));
#5908 = VECTOR('',#5909,1.);
#5909 = DIRECTION('',(0.,0.,1.));
#5910 = CYLINDRICAL_SURFACE('',#5911,1.);
#5911 = AXIS2_PLACEMENT_3D('',#5912,#5913,#5914);
#5912 = CARTESIAN_POINT('',(-8.,-13.5,0.));
#5913 = DIRECTION('',(0.,0.,1.));
#5914 = DIRECTION('',(0.,-1.,0.));
#5915 = ADVANCED_FACE('',(#5916),#5927,.T.);
#5916 = FACE_BOUND('',#5917,.T.);
#5917 = EDGE_LOOP('',(#5918,#5919,#5925,#5926));
#5918 = ORIENTED_EDGE('',*,*,#2874,.F.);
#5919 = ORIENTED_EDGE('',*,*,#5920,.T.);
#5920 = EDGE_CURVE('',#2866,#851,#5921,.T.);
#5921 = LINE('',#5922,#5923);
#5922 = CARTESIAN_POINT('',(-9.5,-14.5,0.));
#5923 = VECTOR('',#5924,1.);
#5924 = DIRECTION('',(0.,0.,1.));
#5925 = ORIENTED_EDGE('',*,*,#850,.T.);
#5926 = ORIENTED_EDGE('',*,*,#5905,.F.);
#5927 = PLANE('',#5928);
#5928 = AXIS2_PLACEMENT_3D('',#5929,#5930,#5931);
#5929 = CARTESIAN_POINT('',(-10.5,-14.5,0.));
#5930 = DIRECTION('',(0.,1.,0.));
#5931 = DIRECTION('',(1.,0.,0.));
#5932 = ADVANCED_FACE('',(#5933),#5939,.F.);
#5933 = FACE_BOUND('',#5934,.F.);
#5934 = EDGE_LOOP('',(#5935,#5936,#5937,#5938));
#5935 = ORIENTED_EDGE('',*,*,#2865,.T.);
#5936 = ORIENTED_EDGE('',*,*,#5920,.T.);
#5937 = ORIENTED_EDGE('',*,*,#858,.F.);
#5938 = ORIENTED_EDGE('',*,*,#5820,.F.);
#5939 = CYLINDRICAL_SURFACE('',#5940,1.);
#5940 = AXIS2_PLACEMENT_3D('',#5941,#5942,#5943);
#5941 = CARTESIAN_POINT('',(-9.5,-13.5,0.));
#5942 = DIRECTION('',(0.,0.,1.));
#5943 = DIRECTION('',(-1.,0.,0.));
#5944 = ADVANCED_FACE('',(#5945),#5964,.F.);
#5945 = FACE_BOUND('',#5946,.F.);
#5946 = EDGE_LOOP('',(#5947,#5955,#5962,#5963));
#5947 = ORIENTED_EDGE('',*,*,#5948,.F.);
#5948 = EDGE_CURVE('',#5949,#868,#5951,.T.);
#5949 = VERTEX_POINT('',#5950);
#5950 = CARTESIAN_POINT('',(-5.15,-44.5,0.85));
#5951 = LINE('',#5952,#5953);
#5952 = CARTESIAN_POINT('',(-5.15,-44.5,0.85));
#5953 = VECTOR('',#5954,1.);
#5954 = DIRECTION('',(0.707106781187,0.,0.707106781187));
#5955 = ORIENTED_EDGE('',*,*,#5956,.T.);
#5956 = EDGE_CURVE('',#5949,#5949,#5957,.T.);
#5957 = CIRCLE('',#5958,1.05);
#5958 = AXIS2_PLACEMENT_3D('',#5959,#5960,#5961);
#5959 = CARTESIAN_POINT('',(-6.2,-44.5,0.85));
#5960 = DIRECTION('',(0.,0.,1.));
#5961 = DIRECTION('',(1.,0.,0.));
#5962 = ORIENTED_EDGE('',*,*,#5948,.T.);
#5963 = ORIENTED_EDGE('',*,*,#867,.F.);
#5964 = CONICAL_SURFACE('',#5965,1.05,0.785398163397);
#5965 = AXIS2_PLACEMENT_3D('',#5966,#5967,#5968);
#5966 = CARTESIAN_POINT('',(-6.2,-44.5,0.85));
#5967 = DIRECTION('',(0.,0.,1.));
#5968 = DIRECTION('',(1.,0.,0.));
#5969 = ADVANCED_FACE('',(#5970),#5989,.F.);
#5970 = FACE_BOUND('',#5971,.F.);
#5971 = EDGE_LOOP('',(#5972,#5980,#5987,#5988));
#5972 = ORIENTED_EDGE('',*,*,#5973,.F.);
#5973 = EDGE_CURVE('',#5974,#879,#5976,.T.);
#5974 = VERTEX_POINT('',#5975);
#5975 = CARTESIAN_POINT('',(7.25,-44.5,0.85));
#5976 = LINE('',#5977,#5978);
#5977 = CARTESIAN_POINT('',(7.25,-44.5,0.85));
#5978 = VECTOR('',#5979,1.);
#5979 = DIRECTION('',(0.707106781187,0.,0.707106781187));
#5980 = ORIENTED_EDGE('',*,*,#5981,.T.);
#5981 = EDGE_CURVE('',#5974,#5974,#5982,.T.);
#5982 = CIRCLE('',#5983,1.05);
#5983 = AXIS2_PLACEMENT_3D('',#5984,#5985,#5986);
#5984 = CARTESIAN_POINT('',(6.2,-44.5,0.85));
#5985 = DIRECTION('',(0.,0.,1.));
#5986 = DIRECTION('',(1.,0.,0.));
#5987 = ORIENTED_EDGE('',*,*,#5973,.T.);
#5988 = ORIENTED_EDGE('',*,*,#878,.F.);
#5989 = CONICAL_SURFACE('',#5990,1.05,0.785398163397);
#5990 = AXIS2_PLACEMENT_3D('',#5991,#5992,#5993);
#5991 = CARTESIAN_POINT('',(6.2,-44.5,0.85));
#5992 = DIRECTION('',(0.,0.,1.));
#5993 = DIRECTION('',(1.,0.,0.));
#5994 = ADVANCED_FACE('',(#5995),#6014,.F.);
#5995 = FACE_BOUND('',#5996,.F.);
#5996 = EDGE_LOOP('',(#5997,#6005,#6012,#6013));
#5997 = ORIENTED_EDGE('',*,*,#5998,.F.);
#5998 = EDGE_CURVE('',#5999,#890,#6001,.T.);
#5999 = VERTEX_POINT('',#6000);
#6000 = CARTESIAN_POINT('',(-8.8,28.,0.85));
#6001 = LINE('',#6002,#6003);
#6002 = CARTESIAN_POINT('',(-8.8,28.,0.85));
#6003 = VECTOR('',#6004,1.);
#6004 = DIRECTION('',(0.707106781187,0.,0.707106781187));
#6005 = ORIENTED_EDGE('',*,*,#6006,.T.);
#6006 = EDGE_CURVE('',#5999,#5999,#6007,.T.);
#6007 = CIRCLE('',#6008,1.05);
#6008 = AXIS2_PLACEMENT_3D('',#6009,#6010,#6011);
#6009 = CARTESIAN_POINT('',(-9.85,28.,0.85));
#6010 = DIRECTION('',(0.,0.,1.));
#6011 = DIRECTION('',(1.,0.,0.));
#6012 = ORIENTED_EDGE('',*,*,#5998,.T.);
#6013 = ORIENTED_EDGE('',*,*,#889,.F.);
#6014 = CONICAL_SURFACE('',#6015,1.05,0.785398163397);
#6015 = AXIS2_PLACEMENT_3D('',#6016,#6017,#6018);
#6016 = CARTESIAN_POINT('',(-9.85,28.,0.85));
#6017 = DIRECTION('',(0.,0.,1.));
#6018 = DIRECTION('',(1.,0.,0.));
#6019 = ADVANCED_FACE('',(#6020),#6039,.F.);
#6020 = FACE_BOUND('',#6021,.F.);
#6021 = EDGE_LOOP('',(#6022,#6030,#6037,#6038));
#6022 = ORIENTED_EDGE('',*,*,#6023,.F.);
#6023 = EDGE_CURVE('',#6024,#901,#6026,.T.);
#6024 = VERTEX_POINT('',#6025);
#6025 = CARTESIAN_POINT('',(10.9,28.,0.85));
#6026 = LINE('',#6027,#6028);
#6027 = CARTESIAN_POINT('',(10.9,28.,0.85));
#6028 = VECTOR('',#6029,1.);
#6029 = DIRECTION('',(0.707106781187,0.,0.707106781187));
#6030 = ORIENTED_EDGE('',*,*,#6031,.T.);
#6031 = EDGE_CURVE('',#6024,#6024,#6032,.T.);
#6032 = CIRCLE('',#6033,1.05);
#6033 = AXIS2_PLACEMENT_3D('',#6034,#6035,#6036);
#6034 = CARTESIAN_POINT('',(9.85,28.,0.85));
#6035 = DIRECTION('',(0.,0.,1.));
#6036 = DIRECTION('',(1.,0.,0.));
#6037 = ORIENTED_EDGE('',*,*,#6023,.T.);
#6038 = ORIENTED_EDGE('',*,*,#900,.F.);
#6039 = CONICAL_SURFACE('',#6040,1.05,0.785398163397);
#6040 = AXIS2_PLACEMENT_3D('',#6041,#6042,#6043);
#6041 = CARTESIAN_POINT('',(9.85,28.,0.85));
#6042 = DIRECTION('',(0.,0.,1.));
#6043 = DIRECTION('',(1.,0.,0.));
#6044 = ADVANCED_FACE('',(#6045),#6061,.F.);
#6045 = FACE_BOUND('',#6046,.F.);
#6046 = EDGE_LOOP('',(#6047,#6048,#6054,#6055));
#6047 = ORIENTED_EDGE('',*,*,#3005,.F.);
#6048 = ORIENTED_EDGE('',*,*,#6049,.T.);
#6049 = EDGE_CURVE('',#3006,#914,#6050,.T.);
#6050 = LINE('',#6051,#6052);
#6051 = CARTESIAN_POINT('',(-7.542594129381,-40.40519728877,0.));
#6052 = VECTOR('',#6053,1.);
#6053 = DIRECTION('',(0.,0.,1.));
#6054 = ORIENTED_EDGE('',*,*,#911,.F.);
#6055 = ORIENTED_EDGE('',*,*,#6056,.F.);
#6056 = EDGE_CURVE('',#2997,#912,#6057,.T.);
#6057 = LINE('',#6058,#6059);
#6058 = CARTESIAN_POINT('',(-9.666115957565,-26.33686517705,0.));
#6059 = VECTOR('',#6060,1.);
#6060 = DIRECTION('',(0.,0.,1.));
#6061 = PLANE('',#6062);
#6062 = AXIS2_PLACEMENT_3D('',#6063,#6064,#6065);
#6063 = CARTESIAN_POINT('',(-7.542594129381,-40.40519728877,0.));
#6064 = DIRECTION('',(-0.988799086687,-0.14925269233,0.));
#6065 = DIRECTION('',(-0.14925269233,0.988799086687,0.));
#6066 = ADVANCED_FACE('',(#6067),#6078,.F.);
#6067 = FACE_BOUND('',#6068,.T.);
#6068 = EDGE_LOOP('',(#6069,#6070,#6076,#6077));
#6069 = ORIENTED_EDGE('',*,*,#2996,.T.);
#6070 = ORIENTED_EDGE('',*,*,#6071,.T.);
#6071 = EDGE_CURVE('',#2989,#922,#6072,.T.);
#6072 = LINE('',#6073,#6074);
#6073 = CARTESIAN_POINT('',(-7.859891179005,-25.61157842474,0.));
#6074 = VECTOR('',#6075,1.);
#6075 = DIRECTION('',(0.,0.,1.));
#6076 = ORIENTED_EDGE('',*,*,#921,.F.);
#6077 = ORIENTED_EDGE('',*,*,#6056,.F.);
#6078 = CYLINDRICAL_SURFACE('',#6079,1.);
#6079 = AXIS2_PLACEMENT_3D('',#6080,#6081,#6082);
#6080 = CARTESIAN_POINT('',(-8.677316870879,-26.18761248472,0.));
#6081 = DIRECTION('',(0.,0.,1.));
#6082 = DIRECTION('',(-0.988799086687,-0.14925269233,0.));
#6083 = ADVANCED_FACE('',(#6084),#6095,.F.);
#6084 = FACE_BOUND('',#6085,.F.);
#6085 = EDGE_LOOP('',(#6086,#6087,#6093,#6094));
#6086 = ORIENTED_EDGE('',*,*,#3013,.F.);
#6087 = ORIENTED_EDGE('',*,*,#6088,.T.);
#6088 = EDGE_CURVE('',#2970,#948,#6089,.T.);
#6089 = LINE('',#6090,#6091);
#6090 = CARTESIAN_POINT('',(-5.736369177284,-40.83197841017,0.));
#6091 = VECTOR('',#6092,1.);
#6092 = DIRECTION('',(0.,0.,1.));
#6093 = ORIENTED_EDGE('',*,*,#955,.T.);
#6094 = ORIENTED_EDGE('',*,*,#6049,.F.);
#6095 = CYLINDRICAL_SURFACE('',#6096,1.);
#6096 = AXIS2_PLACEMENT_3D('',#6097,#6098,#6099);
#6097 = CARTESIAN_POINT('',(-6.553795042695,-40.25594459644,0.));
#6098 = DIRECTION('',(0.,0.,-1.));
#6099 = DIRECTION('',(1.,0.,0.));
#6100 = ADVANCED_FACE('',(#6101),#6112,.T.);
#6101 = FACE_BOUND('',#6102,.T.);
#6102 = EDGE_LOOP('',(#6103,#6104,#6110,#6111));
#6103 = ORIENTED_EDGE('',*,*,#2988,.F.);
#6104 = ORIENTED_EDGE('',*,*,#6105,.T.);
#6105 = EDGE_CURVE('',#2980,#931,#6106,.T.);
#6106 = LINE('',#6107,#6108);
#6107 = CARTESIAN_POINT('',(-1.841203571678,-34.15244470909,0.));
#6108 = VECTOR('',#6109,1.);
#6109 = DIRECTION('',(0.,0.,1.));
#6110 = ORIENTED_EDGE('',*,*,#930,.F.);
#6111 = ORIENTED_EDGE('',*,*,#6071,.F.);
#6112 = PLANE('',#6113);
#6113 = AXIS2_PLACEMENT_3D('',#6114,#6115,#6116);
#6114 = CARTESIAN_POINT('',(-1.435276474494,-34.72847876908,0.));
#6115 = DIRECTION('',(-0.817425691873,-0.576034059987,0.));
#6116 = DIRECTION('',(-0.576034059987,0.817425691873,0.));
#6117 = ADVANCED_FACE('',(#6118),#6129,.T.);
#6118 = FACE_BOUND('',#6119,.T.);
#6119 = EDGE_LOOP('',(#6120,#6121,#6122,#6123));
#6120 = ORIENTED_EDGE('',*,*,#2969,.F.);
#6121 = ORIENTED_EDGE('',*,*,#6088,.T.);
#6122 = ORIENTED_EDGE('',*,*,#947,.F.);
#6123 = ORIENTED_EDGE('',*,*,#6124,.F.);
#6124 = EDGE_CURVE('',#2972,#939,#6125,.T.);
#6125 = LINE('',#6126,#6127);
#6126 = CARTESIAN_POINT('',(-1.841203571678,-35.30451282907,0.));
#6127 = VECTOR('',#6128,1.);
#6128 = DIRECTION('',(0.,0.,1.));
#6129 = PLANE('',#6130);
#6130 = AXIS2_PLACEMENT_3D('',#6131,#6132,#6133);
#6131 = CARTESIAN_POINT('',(-5.736369177284,-40.83197841017,0.));
#6132 = DIRECTION('',(-0.817425691873,0.576034059987,0.));
#6133 = DIRECTION('',(0.576034059987,0.817425691873,0.));
#6134 = ADVANCED_FACE('',(#6135),#6141,.F.);
#6135 = FACE_BOUND('',#6136,.F.);
#6136 = EDGE_LOOP('',(#6137,#6138,#6139,#6140));
#6137 = ORIENTED_EDGE('',*,*,#2979,.T.);
#6138 = ORIENTED_EDGE('',*,*,#6105,.T.);
#6139 = ORIENTED_EDGE('',*,*,#938,.F.);
#6140 = ORIENTED_EDGE('',*,*,#6124,.F.);
#6141 = CYLINDRICAL_SURFACE('',#6142,1.);
#6142 = AXIS2_PLACEMENT_3D('',#6143,#6144,#6145);
#6143 = CARTESIAN_POINT('',(-2.658629263551,-34.72847876908,0.));
#6144 = DIRECTION('',(0.,0.,1.));
#6145 = DIRECTION('',(0.817425691873,-0.576034059987,0.));
#6146 = ADVANCED_FACE('',(#6147),#6163,.F.);
#6147 = FACE_BOUND('',#6148,.F.);
#6148 = EDGE_LOOP('',(#6149,#6150,#6156,#6157));
#6149 = ORIENTED_EDGE('',*,*,#3058,.F.);
#6150 = ORIENTED_EDGE('',*,*,#6151,.T.);
#6151 = EDGE_CURVE('',#3059,#967,#6152,.T.);
#6152 = LINE('',#6153,#6154);
#6153 = CARTESIAN_POINT('',(1.841203571678,-34.15244470909,0.));
#6154 = VECTOR('',#6155,1.);
#6155 = DIRECTION('',(0.,0.,1.));
#6156 = ORIENTED_EDGE('',*,*,#964,.F.);
#6157 = ORIENTED_EDGE('',*,*,#6158,.F.);
#6158 = EDGE_CURVE('',#3050,#965,#6159,.T.);
#6159 = LINE('',#6160,#6161);
#6160 = CARTESIAN_POINT('',(7.859891179005,-25.61157842474,0.));
#6161 = VECTOR('',#6162,1.);
#6162 = DIRECTION('',(0.,0.,1.));
#6163 = PLANE('',#6164);
#6164 = AXIS2_PLACEMENT_3D('',#6165,#6166,#6167);
#6165 = CARTESIAN_POINT('',(1.435276474494,-34.72847876908,0.));
#6166 = DIRECTION('',(-0.817425691873,0.576034059987,0.));
#6167 = DIRECTION('',(0.576034059987,0.817425691873,0.));
#6168 = ADVANCED_FACE('',(#6169),#6180,.F.);
#6169 = FACE_BOUND('',#6170,.T.);
#6170 = EDGE_LOOP('',(#6171,#6172,#6178,#6179));
#6171 = ORIENTED_EDGE('',*,*,#3049,.T.);
#6172 = ORIENTED_EDGE('',*,*,#6173,.T.);
#6173 = EDGE_CURVE('',#3042,#975,#6174,.T.);
#6174 = LINE('',#6175,#6176);
#6175 = CARTESIAN_POINT('',(9.666115957565,-26.33686517705,0.));
#6176 = VECTOR('',#6177,1.);
#6177 = DIRECTION('',(0.,0.,1.));
#6178 = ORIENTED_EDGE('',*,*,#974,.F.);
#6179 = ORIENTED_EDGE('',*,*,#6158,.F.);
#6180 = CYLINDRICAL_SURFACE('',#6181,1.);
#6181 = AXIS2_PLACEMENT_3D('',#6182,#6183,#6184);
#6182 = CARTESIAN_POINT('',(8.677316870879,-26.18761248472,0.));
#6183 = DIRECTION('',(0.,0.,1.));
#6184 = DIRECTION('',(-0.817425691873,0.576034059987,0.));
#6185 = ADVANCED_FACE('',(#6186),#6197,.F.);
#6186 = FACE_BOUND('',#6187,.T.);
#6187 = EDGE_LOOP('',(#6188,#6189,#6190,#6191));
#6188 = ORIENTED_EDGE('',*,*,#3066,.T.);
#6189 = ORIENTED_EDGE('',*,*,#6151,.T.);
#6190 = ORIENTED_EDGE('',*,*,#1008,.F.);
#6191 = ORIENTED_EDGE('',*,*,#6192,.F.);
#6192 = EDGE_CURVE('',#3025,#1001,#6193,.T.);
#6193 = LINE('',#6194,#6195);
#6194 = CARTESIAN_POINT('',(1.841203571678,-35.30451282907,0.));
#6195 = VECTOR('',#6196,1.);
#6196 = DIRECTION('',(0.,0.,1.));
#6197 = CYLINDRICAL_SURFACE('',#6198,1.);
#6198 = AXIS2_PLACEMENT_3D('',#6199,#6200,#6201);
#6199 = CARTESIAN_POINT('',(2.658629263551,-34.72847876908,0.));
#6200 = DIRECTION('',(0.,0.,1.));
#6201 = DIRECTION('',(-0.817425691873,-0.576034059987,0.));
#6202 = ADVANCED_FACE('',(#6203),#6214,.T.);
#6203 = FACE_BOUND('',#6204,.T.);
#6204 = EDGE_LOOP('',(#6205,#6206,#6212,#6213));
#6205 = ORIENTED_EDGE('',*,*,#3041,.F.);
#6206 = ORIENTED_EDGE('',*,*,#6207,.T.);
#6207 = EDGE_CURVE('',#3033,#984,#6208,.T.);
#6208 = LINE('',#6209,#6210);
#6209 = CARTESIAN_POINT('',(7.542594129381,-40.40519728877,0.));
#6210 = VECTOR('',#6211,1.);
#6211 = DIRECTION('',(0.,0.,1.));
#6212 = ORIENTED_EDGE('',*,*,#983,.F.);
#6213 = ORIENTED_EDGE('',*,*,#6173,.F.);
#6214 = PLANE('',#6215);
#6215 = AXIS2_PLACEMENT_3D('',#6216,#6217,#6218);
#6216 = CARTESIAN_POINT('',(7.542594129381,-40.40519728877,0.));
#6217 = DIRECTION('',(-0.988799086687,0.14925269233,0.));
#6218 = DIRECTION('',(0.14925269233,0.988799086687,0.));
#6219 = ADVANCED_FACE('',(#6220),#6231,.F.);
#6220 = FACE_BOUND('',#6221,.F.);
#6221 = EDGE_LOOP('',(#6222,#6223,#6229,#6230));
#6222 = ORIENTED_EDGE('',*,*,#3022,.F.);
#6223 = ORIENTED_EDGE('',*,*,#6224,.T.);
#6224 = EDGE_CURVE('',#3023,#992,#6225,.T.);
#6225 = LINE('',#6226,#6227);
#6226 = CARTESIAN_POINT('',(5.736369350821,-40.83197865643,0.));
#6227 = VECTOR('',#6228,1.);
#6228 = DIRECTION('',(0.,0.,1.));
#6229 = ORIENTED_EDGE('',*,*,#1000,.F.);
#6230 = ORIENTED_EDGE('',*,*,#6192,.F.);
#6231 = PLANE('',#6232);
#6232 = AXIS2_PLACEMENT_3D('',#6233,#6234,#6235);
#6233 = CARTESIAN_POINT('',(5.736369350821,-40.83197865643,0.));
#6234 = DIRECTION('',(-0.817425691873,-0.576034059987,0.));
#6235 = DIRECTION('',(-0.576034059987,0.817425691873,0.));
#6236 = ADVANCED_FACE('',(#6237),#6243,.F.);
#6237 = FACE_BOUND('',#6238,.F.);
#6238 = EDGE_LOOP('',(#6239,#6240,#6241,#6242));
#6239 = ORIENTED_EDGE('',*,*,#3032,.F.);
#6240 = ORIENTED_EDGE('',*,*,#6207,.T.);
#6241 = ORIENTED_EDGE('',*,*,#991,.T.);
#6242 = ORIENTED_EDGE('',*,*,#6224,.F.);
#6243 = CYLINDRICAL_SURFACE('',#6244,1.);
#6244 = AXIS2_PLACEMENT_3D('',#6245,#6246,#6247);
#6245 = CARTESIAN_POINT('',(6.553795042695,-40.25594459644,0.));
#6246 = DIRECTION('',(0.,0.,-1.));
#6247 = DIRECTION('',(1.,0.,0.));
#6248 = ADVANCED_FACE('',(#6249),#6265,.T.);
#6249 = FACE_BOUND('',#6250,.T.);
#6250 = EDGE_LOOP('',(#6251,#6252,#6258,#6259));
#6251 = ORIENTED_EDGE('',*,*,#3094,.F.);
#6252 = ORIENTED_EDGE('',*,*,#6253,.T.);
#6253 = EDGE_CURVE('',#3086,#1018,#6254,.T.);
#6254 = LINE('',#6255,#6256);
#6255 = CARTESIAN_POINT('',(9.582352941176,24.761039510599,0.));
#6256 = VECTOR('',#6257,1.);
#6257 = DIRECTION('',(0.,0.,1.));
#6258 = ORIENTED_EDGE('',*,*,#1017,.T.);
#6259 = ORIENTED_EDGE('',*,*,#6260,.F.);
#6260 = EDGE_CURVE('',#3095,#1020,#6261,.T.);
#6261 = LINE('',#6262,#6263);
#6262 = CARTESIAN_POINT('',(8.872407592498,24.900514061204,0.));
#6263 = VECTOR('',#6264,1.);
#6264 = DIRECTION('',(0.,0.,1.));
#6265 = CYLINDRICAL_SURFACE('',#6266,3.25);
#6266 = AXIS2_PLACEMENT_3D('',#6267,#6268,#6269);
#6267 = CARTESIAN_POINT('',(9.85,28.,0.));
#6268 = DIRECTION('',(0.,0.,-1.));
#6269 = DIRECTION('',(1.,0.,0.));
#6270 = ADVANCED_FACE('',(#6271),#6282,.F.);
#6271 = FACE_BOUND('',#6272,.F.);
#6272 = EDGE_LOOP('',(#6273,#6274,#6275,#6276));
#6273 = ORIENTED_EDGE('',*,*,#3085,.T.);
#6274 = ORIENTED_EDGE('',*,*,#6253,.T.);
#6275 = ORIENTED_EDGE('',*,*,#1028,.F.);
#6276 = ORIENTED_EDGE('',*,*,#6277,.F.);
#6277 = EDGE_CURVE('',#3078,#1029,#6278,.T.);
#6278 = LINE('',#6279,#6280);
#6279 = CARTESIAN_POINT('',(10.5,23.764436283091,0.));
#6280 = VECTOR('',#6281,1.);
#6281 = DIRECTION('',(0.,0.,1.));
#6282 = CYLINDRICAL_SURFACE('',#6283,1.);
#6283 = AXIS2_PLACEMENT_3D('',#6284,#6285,#6286);
#6284 = CARTESIAN_POINT('',(9.5,23.764436283091,0.));
#6285 = DIRECTION('',(0.,0.,1.));
#6286 = DIRECTION('',(1.,0.,0.));
#6287 = ADVANCED_FACE('',(#6288),#6299,.F.);
#6288 = FACE_BOUND('',#6289,.F.);
#6289 = EDGE_LOOP('',(#6290,#6291,#6297,#6298));
#6290 = ORIENTED_EDGE('',*,*,#3103,.T.);
#6291 = ORIENTED_EDGE('',*,*,#6292,.T.);
#6292 = EDGE_CURVE('',#3104,#1072,#6293,.T.);
#6293 = LINE('',#6294,#6295);
#6294 = CARTESIAN_POINT('',(7.871672375313,24.661030127509,0.));
#6295 = VECTOR('',#6296,1.);
#6296 = DIRECTION('',(0.,0.,1.));
#6297 = ORIENTED_EDGE('',*,*,#1079,.F.);
#6298 = ORIENTED_EDGE('',*,*,#6260,.F.);
#6299 = CYLINDRICAL_SURFACE('',#6300,1.);
#6300 = AXIS2_PLACEMENT_3D('',#6301,#6302,#6303);
#6301 = CARTESIAN_POINT('',(8.571609928651,23.946826080036,0.));
#6302 = DIRECTION('',(0.,0.,1.));
#6303 = DIRECTION('',(0.300797663847,0.953687981168,0.));
#6304 = ADVANCED_FACE('',(#6305),#6316,.T.);
#6305 = FACE_BOUND('',#6306,.T.);
#6306 = EDGE_LOOP('',(#6307,#6308,#6314,#6315));
#6307 = ORIENTED_EDGE('',*,*,#3075,.F.);
#6308 = ORIENTED_EDGE('',*,*,#6309,.T.);
#6309 = EDGE_CURVE('',#3076,#1038,#6310,.T.);
#6310 = LINE('',#6311,#6312);
#6311 = CARTESIAN_POINT('',(10.5,11.808592804557,0.));
#6312 = VECTOR('',#6313,1.);
#6313 = DIRECTION('',(0.,0.,1.));
#6314 = ORIENTED_EDGE('',*,*,#1037,.F.);
#6315 = ORIENTED_EDGE('',*,*,#6277,.F.);
#6316 = PLANE('',#6317);
#6317 = AXIS2_PLACEMENT_3D('',#6318,#6319,#6320);
#6318 = CARTESIAN_POINT('',(10.5,9.428408094947,0.));
#6319 = DIRECTION('',(-1.,0.,0.));
#6320 = DIRECTION('',(0.,1.,0.));
#6321 = ADVANCED_FACE('',(#6322),#6333,.F.);
#6322 = FACE_BOUND('',#6323,.F.);
#6323 = EDGE_LOOP('',(#6324,#6325,#6331,#6332));
#6324 = ORIENTED_EDGE('',*,*,#3112,.F.);
#6325 = ORIENTED_EDGE('',*,*,#6326,.T.);
#6326 = EDGE_CURVE('',#3113,#1063,#6327,.T.);
#6327 = LINE('',#6328,#6329);
#6328 = CARTESIAN_POINT('',(2.143046856368,19.046836055234,0.));
#6329 = VECTOR('',#6330,1.);
#6330 = DIRECTION('',(0.,0.,1.));
#6331 = ORIENTED_EDGE('',*,*,#1071,.F.);
#6332 = ORIENTED_EDGE('',*,*,#6292,.F.);
#6333 = PLANE('',#6334);
#6334 = AXIS2_PLACEMENT_3D('',#6335,#6336,#6337);
#6335 = CARTESIAN_POINT('',(1.414285527597,18.332632007761,0.));
#6336 = DIRECTION('',(-0.699937553338,0.714204047473,0.));
#6337 = DIRECTION('',(0.714204047473,0.699937553338,0.));
#6338 = ADVANCED_FACE('',(#6339),#6350,.F.);
#6339 = FACE_BOUND('',#6340,.T.);
#6340 = EDGE_LOOP('',(#6341,#6342,#6348,#6349));
#6341 = ORIENTED_EDGE('',*,*,#3137,.T.);
#6342 = ORIENTED_EDGE('',*,*,#6343,.T.);
#6343 = EDGE_CURVE('',#3130,#1046,#6344,.T.);
#6344 = LINE('',#6345,#6346);
#6345 = CARTESIAN_POINT('',(8.800062446662,11.094388757084,0.));
#6346 = VECTOR('',#6347,1.);
#6347 = DIRECTION('',(0.,0.,1.));
#6348 = ORIENTED_EDGE('',*,*,#1045,.F.);
#6349 = ORIENTED_EDGE('',*,*,#6309,.F.);
#6350 = CYLINDRICAL_SURFACE('',#6351,1.);
#6351 = AXIS2_PLACEMENT_3D('',#6352,#6353,#6354);
#6352 = CARTESIAN_POINT('',(9.5,11.808592804557,0.));
#6353 = DIRECTION('',(0.,0.,1.));
#6354 = DIRECTION('',(1.,0.,0.));
#6355 = ADVANCED_FACE('',(#6356),#6367,.F.);
#6356 = FACE_BOUND('',#6357,.T.);
#6357 = EDGE_LOOP('',(#6358,#6359,#6360,#6361));
#6358 = ORIENTED_EDGE('',*,*,#3120,.T.);
#6359 = ORIENTED_EDGE('',*,*,#6326,.T.);
#6360 = ORIENTED_EDGE('',*,*,#1062,.F.);
#6361 = ORIENTED_EDGE('',*,*,#6362,.F.);
#6362 = EDGE_CURVE('',#3121,#1055,#6363,.T.);
#6363 = LINE('',#6364,#6365);
#6364 = CARTESIAN_POINT('',(2.143046856368,17.618427960288,0.));
#6365 = VECTOR('',#6366,1.);
#6366 = DIRECTION('',(0.,0.,1.));
#6367 = CYLINDRICAL_SURFACE('',#6368,1.);
#6368 = AXIS2_PLACEMENT_3D('',#6369,#6370,#6371);
#6369 = CARTESIAN_POINT('',(2.842984409706,18.332632007761,0.));
#6370 = DIRECTION('',(0.,0.,1.));
#6371 = DIRECTION('',(-0.699937553338,-0.714204047473,0.));
#6372 = ADVANCED_FACE('',(#6373),#6379,.F.);
#6373 = FACE_BOUND('',#6374,.F.);
#6374 = EDGE_LOOP('',(#6375,#6376,#6377,#6378));
#6375 = ORIENTED_EDGE('',*,*,#3129,.F.);
#6376 = ORIENTED_EDGE('',*,*,#6343,.T.);
#6377 = ORIENTED_EDGE('',*,*,#1054,.F.);
#6378 = ORIENTED_EDGE('',*,*,#6362,.F.);
#6379 = PLANE('',#6380);
#6380 = AXIS2_PLACEMENT_3D('',#6381,#6382,#6383);
#6381 = CARTESIAN_POINT('',(10.5,9.428408094947,0.));
#6382 = DIRECTION('',(-0.699937553338,-0.714204047473,0.));
#6383 = DIRECTION('',(-0.714204047473,0.699937553338,0.));
#6384 = ADVANCED_FACE('',(#6385),#6401,.T.);
#6385 = FACE_BOUND('',#6386,.T.);
#6386 = EDGE_LOOP('',(#6387,#6388,#6394,#6395));
#6387 = ORIENTED_EDGE('',*,*,#3146,.F.);
#6388 = ORIENTED_EDGE('',*,*,#6389,.T.);
#6389 = EDGE_CURVE('',#3147,#1089,#6390,.T.);
#6390 = LINE('',#6391,#6392);
#6391 = CARTESIAN_POINT('',(-8.872407592498,24.900514061204,0.));
#6392 = VECTOR('',#6393,1.);
#6393 = DIRECTION('',(0.,0.,1.));
#6394 = ORIENTED_EDGE('',*,*,#1088,.T.);
#6395 = ORIENTED_EDGE('',*,*,#6396,.F.);
#6396 = EDGE_CURVE('',#3149,#1091,#6397,.T.);
#6397 = LINE('',#6398,#6399);
#6398 = CARTESIAN_POINT('',(-9.582352941176,24.761039510599,0.));
#6399 = VECTOR('',#6400,1.);
#6400 = DIRECTION('',(0.,0.,1.));
#6401 = CYLINDRICAL_SURFACE('',#6402,3.25);
#6402 = AXIS2_PLACEMENT_3D('',#6403,#6404,#6405);
#6403 = CARTESIAN_POINT('',(-9.85,28.,0.));
#6404 = DIRECTION('',(0.,0.,-1.));
#6405 = DIRECTION('',(1.,0.,0.));
#6406 = ADVANCED_FACE('',(#6407),#6418,.F.);
#6407 = FACE_BOUND('',#6408,.T.);
#6408 = EDGE_LOOP('',(#6409,#6410,#6416,#6417));
#6409 = ORIENTED_EDGE('',*,*,#3208,.T.);
#6410 = ORIENTED_EDGE('',*,*,#6411,.T.);
#6411 = EDGE_CURVE('',#3201,#1100,#6412,.T.);
#6412 = LINE('',#6413,#6414);
#6413 = CARTESIAN_POINT('',(-7.871672375313,24.661030127509,0.));
#6414 = VECTOR('',#6415,1.);
#6415 = DIRECTION('',(0.,0.,1.));
#6416 = ORIENTED_EDGE('',*,*,#1099,.F.);
#6417 = ORIENTED_EDGE('',*,*,#6389,.F.);
#6418 = CYLINDRICAL_SURFACE('',#6419,1.);
#6419 = AXIS2_PLACEMENT_3D('',#6420,#6421,#6422);
#6420 = CARTESIAN_POINT('',(-8.571609928651,23.946826080036,0.));
#6421 = DIRECTION('',(0.,0.,1.));
#6422 = DIRECTION('',(-0.300797663847,0.953687981168,0.));
#6423 = ADVANCED_FACE('',(#6424),#6435,.F.);
#6424 = FACE_BOUND('',#6425,.F.);
#6425 = EDGE_LOOP('',(#6426,#6427,#6433,#6434));
#6426 = ORIENTED_EDGE('',*,*,#3157,.T.);
#6427 = ORIENTED_EDGE('',*,*,#6428,.T.);
#6428 = EDGE_CURVE('',#3158,#1143,#6429,.T.);
#6429 = LINE('',#6430,#6431);
#6430 = CARTESIAN_POINT('',(-10.5,23.764436283091,0.));
#6431 = VECTOR('',#6432,1.);
#6432 = DIRECTION('',(0.,0.,1.));
#6433 = ORIENTED_EDGE('',*,*,#1150,.F.);
#6434 = ORIENTED_EDGE('',*,*,#6396,.F.);
#6435 = CYLINDRICAL_SURFACE('',#6436,1.);
#6436 = AXIS2_PLACEMENT_3D('',#6437,#6438,#6439);
#6437 = CARTESIAN_POINT('',(-9.5,23.764436283091,0.));
#6438 = DIRECTION('',(0.,0.,1.));
#6439 = DIRECTION('',(-8.235294117647E-02,0.996603227508,0.));
#6440 = ADVANCED_FACE('',(#6441),#6452,.F.);
#6441 = FACE_BOUND('',#6442,.F.);
#6442 = EDGE_LOOP('',(#6443,#6444,#6445,#6446));
#6443 = ORIENTED_EDGE('',*,*,#3200,.F.);
#6444 = ORIENTED_EDGE('',*,*,#6411,.T.);
#6445 = ORIENTED_EDGE('',*,*,#1108,.F.);
#6446 = ORIENTED_EDGE('',*,*,#6447,.F.);
#6447 = EDGE_CURVE('',#3192,#1109,#6448,.T.);
#6448 = LINE('',#6449,#6450);
#6449 = CARTESIAN_POINT('',(-2.143046856368,19.046836055234,0.));
#6450 = VECTOR('',#6451,1.);
#6451 = DIRECTION('',(0.,0.,1.));
#6452 = PLANE('',#6453);
#6453 = AXIS2_PLACEMENT_3D('',#6454,#6455,#6456);
#6454 = CARTESIAN_POINT('',(-8.341383508856,25.121358604715,0.));
#6455 = DIRECTION('',(0.699937553338,0.714204047473,0.));
#6456 = DIRECTION('',(0.714204047473,-0.699937553338,0.));
#6457 = ADVANCED_FACE('',(#6458),#6469,.T.);
#6458 = FACE_BOUND('',#6459,.T.);
#6459 = EDGE_LOOP('',(#6460,#6461,#6462,#6463));
#6460 = ORIENTED_EDGE('',*,*,#3166,.F.);
#6461 = ORIENTED_EDGE('',*,*,#6428,.T.);
#6462 = ORIENTED_EDGE('',*,*,#1142,.F.);
#6463 = ORIENTED_EDGE('',*,*,#6464,.F.);
#6464 = EDGE_CURVE('',#3167,#1134,#6465,.T.);
#6465 = LINE('',#6466,#6467);
#6466 = CARTESIAN_POINT('',(-10.5,11.808592804557,0.));
#6467 = VECTOR('',#6468,1.);
#6468 = DIRECTION('',(0.,0.,1.));
#6469 = PLANE('',#6470);
#6470 = AXIS2_PLACEMENT_3D('',#6471,#6472,#6473);
#6471 = CARTESIAN_POINT('',(-10.5,24.815663334382,0.));
#6472 = DIRECTION('',(1.,0.,0.));
#6473 = DIRECTION('',(0.,-1.,0.));
#6474 = ADVANCED_FACE('',(#6475),#6486,.F.);
#6475 = FACE_BOUND('',#6476,.T.);
#6476 = EDGE_LOOP('',(#6477,#6478,#6484,#6485));
#6477 = ORIENTED_EDGE('',*,*,#3191,.T.);
#6478 = ORIENTED_EDGE('',*,*,#6479,.T.);
#6479 = EDGE_CURVE('',#3184,#1117,#6480,.T.);
#6480 = LINE('',#6481,#6482);
#6481 = CARTESIAN_POINT('',(-2.143046856368,17.618427960288,0.));
#6482 = VECTOR('',#6483,1.);
#6483 = DIRECTION('',(0.,0.,1.));
#6484 = ORIENTED_EDGE('',*,*,#1116,.F.);
#6485 = ORIENTED_EDGE('',*,*,#6447,.F.);
#6486 = CYLINDRICAL_SURFACE('',#6487,1.);
#6487 = AXIS2_PLACEMENT_3D('',#6488,#6489,#6490);
#6488 = CARTESIAN_POINT('',(-2.842984409706,18.332632007761,0.));
#6489 = DIRECTION('',(0.,0.,1.));
#6490 = DIRECTION('',(0.699937553338,0.714204047473,0.));
#6491 = ADVANCED_FACE('',(#6492),#6503,.F.);
#6492 = FACE_BOUND('',#6493,.F.);
#6493 = EDGE_LOOP('',(#6494,#6495,#6501,#6502));
#6494 = ORIENTED_EDGE('',*,*,#3174,.T.);
#6495 = ORIENTED_EDGE('',*,*,#6496,.T.);
#6496 = EDGE_CURVE('',#3175,#1126,#6497,.T.);
#6497 = LINE('',#6498,#6499);
#6498 = CARTESIAN_POINT('',(-8.800062446662,11.094388757084,0.));
#6499 = VECTOR('',#6500,1.);
#6500 = DIRECTION('',(0.,0.,1.));
#6501 = ORIENTED_EDGE('',*,*,#1133,.F.);
#6502 = ORIENTED_EDGE('',*,*,#6464,.F.);
#6503 = CYLINDRICAL_SURFACE('',#6504,1.);
#6504 = AXIS2_PLACEMENT_3D('',#6505,#6506,#6507);
#6505 = CARTESIAN_POINT('',(-9.5,11.808592804557,0.));
#6506 = DIRECTION('',(0.,0.,1.));
#6507 = DIRECTION('',(-1.,0.,0.));
#6508 = ADVANCED_FACE('',(#6509),#6515,.T.);
#6509 = FACE_BOUND('',#6510,.T.);
#6510 = EDGE_LOOP('',(#6511,#6512,#6513,#6514));
#6511 = ORIENTED_EDGE('',*,*,#3183,.F.);
#6512 = ORIENTED_EDGE('',*,*,#6496,.T.);
#6513 = ORIENTED_EDGE('',*,*,#1125,.F.);
#6514 = ORIENTED_EDGE('',*,*,#6479,.F.);
#6515 = PLANE('',#6516);
#6516 = AXIS2_PLACEMENT_3D('',#6517,#6518,#6519);
#6517 = CARTESIAN_POINT('',(-10.5,9.428408094947,0.));
#6518 = DIRECTION('',(-0.699937553338,0.714204047473,0.));
#6519 = DIRECTION('',(0.714204047473,0.699937553338,0.));
#6520 = ADVANCED_FACE('',(#6521),#6537,.T.);
#6521 = FACE_BOUND('',#6522,.T.);
#6522 = EDGE_LOOP('',(#6523,#6524,#6530,#6531));
#6523 = ORIENTED_EDGE('',*,*,#3236,.F.);
#6524 = ORIENTED_EDGE('',*,*,#6525,.T.);
#6525 = EDGE_CURVE('',#3228,#1162,#6526,.T.);
#6526 = LINE('',#6527,#6528);
#6527 = CARTESIAN_POINT('',(3.00605471766,-40.42952098223,0.));
#6528 = VECTOR('',#6529,1.);
#6529 = DIRECTION('',(0.,0.,1.));
#6530 = ORIENTED_EDGE('',*,*,#1159,.F.);
#6531 = ORIENTED_EDGE('',*,*,#6532,.F.);
#6532 = EDGE_CURVE('',#3237,#1160,#6533,.T.);
#6533 = LINE('',#6534,#6535);
#6534 = CARTESIAN_POINT('',(0.817425691873,-37.32372964118,0.));
#6535 = VECTOR('',#6536,1.);
#6536 = DIRECTION('',(0.,0.,1.));
#6537 = PLANE('',#6538);
#6538 = AXIS2_PLACEMENT_3D('',#6539,#6540,#6541);
#6539 = CARTESIAN_POINT('',(4.116674688721,-42.00555504222,0.));
#6540 = DIRECTION('',(-0.817425691873,-0.576034059987,0.));
#6541 = DIRECTION('',(-0.576034059987,0.817425691873,0.));
#6542 = ADVANCED_FACE('',(#6543),#6554,.F.);
#6543 = FACE_BOUND('',#6544,.T.);
#6544 = EDGE_LOOP('',(#6545,#6546,#6547,#6548));
#6545 = ORIENTED_EDGE('',*,*,#3244,.T.);
#6546 = ORIENTED_EDGE('',*,*,#6532,.T.);
#6547 = ORIENTED_EDGE('',*,*,#1203,.F.);
#6548 = ORIENTED_EDGE('',*,*,#6549,.F.);
#6549 = EDGE_CURVE('',#3245,#1196,#6550,.T.);
#6550 = LINE('',#6551,#6552);
#6551 = CARTESIAN_POINT('',(-0.817425691873,-37.32372964118,0.));
#6552 = VECTOR('',#6553,1.);
#6553 = DIRECTION('',(0.,0.,1.));
#6554 = CYLINDRICAL_SURFACE('',#6555,1.);
#6555 = AXIS2_PLACEMENT_3D('',#6556,#6557,#6558);
#6556 = CARTESIAN_POINT('',(0.,-37.89976370117,0.));
#6557 = DIRECTION('',(0.,0.,1.));
#6558 = DIRECTION('',(-0.817425691873,0.576034059987,0.));
#6559 = ADVANCED_FACE('',(#6560),#6571,.F.);
#6560 = FACE_BOUND('',#6561,.F.);
#6561 = EDGE_LOOP('',(#6562,#6563,#6564,#6565));
#6562 = ORIENTED_EDGE('',*,*,#3227,.T.);
#6563 = ORIENTED_EDGE('',*,*,#6525,.T.);
#6564 = ORIENTED_EDGE('',*,*,#1169,.F.);
#6565 = ORIENTED_EDGE('',*,*,#6566,.F.);
#6566 = EDGE_CURVE('',#3220,#1170,#6567,.T.);
#6567 = LINE('',#6568,#6569);
#6568 = CARTESIAN_POINT('',(2.188629025787,-42.00555504222,0.));
#6569 = VECTOR('',#6570,1.);
#6570 = DIRECTION('',(0.,0.,1.));
#6571 = CYLINDRICAL_SURFACE('',#6572,1.);
#6572 = AXIS2_PLACEMENT_3D('',#6573,#6574,#6575);
#6573 = CARTESIAN_POINT('',(2.188629025787,-41.00555504222,0.));
#6574 = DIRECTION('',(0.,0.,1.));
#6575 = DIRECTION('',(0.,-1.,0.));
#6576 = ADVANCED_FACE('',(#6577),#6588,.F.);
#6577 = FACE_BOUND('',#6578,.F.);
#6578 = EDGE_LOOP('',(#6579,#6580,#6586,#6587));
#6579 = ORIENTED_EDGE('',*,*,#3253,.F.);
#6580 = ORIENTED_EDGE('',*,*,#6581,.T.);
#6581 = EDGE_CURVE('',#3254,#1187,#6582,.T.);
#6582 = LINE('',#6583,#6584);
#6583 = CARTESIAN_POINT('',(-3.00605471766,-40.42952098223,0.));
#6584 = VECTOR('',#6585,1.);
#6585 = DIRECTION('',(0.,0.,1.));
#6586 = ORIENTED_EDGE('',*,*,#1195,.F.);
#6587 = ORIENTED_EDGE('',*,*,#6549,.F.);
#6588 = PLANE('',#6589);
#6589 = AXIS2_PLACEMENT_3D('',#6590,#6591,#6592);
#6590 = CARTESIAN_POINT('',(-4.116674688721,-42.00555504222,0.));
#6591 = DIRECTION('',(-0.817425691873,0.576034059987,0.));
#6592 = DIRECTION('',(0.576034059987,0.817425691873,0.));
#6593 = ADVANCED_FACE('',(#6594),#6605,.T.);
#6594 = FACE_BOUND('',#6595,.T.);
#6595 = EDGE_LOOP('',(#6596,#6597,#6603,#6604));
#6596 = ORIENTED_EDGE('',*,*,#3217,.F.);
#6597 = ORIENTED_EDGE('',*,*,#6598,.T.);
#6598 = EDGE_CURVE('',#3218,#1179,#6599,.T.);
#6599 = LINE('',#6600,#6601);
#6600 = CARTESIAN_POINT('',(-2.188629025787,-42.00555504222,0.));
#6601 = VECTOR('',#6602,1.);
#6602 = DIRECTION('',(0.,0.,1.));
#6603 = ORIENTED_EDGE('',*,*,#1178,.F.);
#6604 = ORIENTED_EDGE('',*,*,#6566,.F.);
#6605 = PLANE('',#6606);
#6606 = AXIS2_PLACEMENT_3D('',#6607,#6608,#6609);
#6607 = CARTESIAN_POINT('',(-4.116674688721,-42.00555504222,0.));
#6608 = DIRECTION('',(0.,1.,0.));
#6609 = DIRECTION('',(1.,0.,0.));
#6610 = ADVANCED_FACE('',(#6611),#6617,.F.);
#6611 = FACE_BOUND('',#6612,.T.);
#6612 = EDGE_LOOP('',(#6613,#6614,#6615,#6616));
#6613 = ORIENTED_EDGE('',*,*,#3261,.T.);
#6614 = ORIENTED_EDGE('',*,*,#6581,.T.);
#6615 = ORIENTED_EDGE('',*,*,#1186,.F.);
#6616 = ORIENTED_EDGE('',*,*,#6598,.F.);
#6617 = CYLINDRICAL_SURFACE('',#6618,1.);
#6618 = AXIS2_PLACEMENT_3D('',#6619,#6620,#6621);
#6619 = CARTESIAN_POINT('',(-2.188629025787,-41.00555504222,0.));
#6620 = DIRECTION('',(0.,0.,1.));
#6621 = DIRECTION('',(0.,-1.,0.));
#6622 = ADVANCED_FACE('',(#6623),#6639,.F.);
#6623 = FACE_BOUND('',#6624,.F.);
#6624 = EDGE_LOOP('',(#6625,#6626,#6632,#6633));
#6625 = ORIENTED_EDGE('',*,*,#3359,.F.);
#6626 = ORIENTED_EDGE('',*,*,#6627,.T.);
#6627 = EDGE_CURVE('',#3360,#1215,#6628,.T.);
#6628 = LINE('',#6629,#6630);
#6629 = CARTESIAN_POINT('',(0.817425691873,-22.7119807408,0.));
#6630 = VECTOR('',#6631,1.);
#6631 = DIRECTION('',(0.,0.,1.));
#6632 = ORIENTED_EDGE('',*,*,#1212,.F.);
#6633 = ORIENTED_EDGE('',*,*,#6634,.F.);
#6634 = EDGE_CURVE('',#3351,#1213,#6635,.T.);
#6635 = LINE('',#6636,#6637);
#6636 = CARTESIAN_POINT('',(2.497828932405,-25.0965702589,0.));
#6637 = VECTOR('',#6638,1.);
#6638 = DIRECTION('',(0.,0.,1.));
#6639 = PLANE('',#6640);
#6640 = AXIS2_PLACEMENT_3D('',#6641,#6642,#6643);
#6641 = CARTESIAN_POINT('',(-2.8E-15,-21.55200634319,0.));
#6642 = DIRECTION('',(0.817425691873,0.576034059987,0.));
#6643 = DIRECTION('',(0.576034059987,-0.817425691873,0.));
#6644 = ADVANCED_FACE('',(#6645),#6656,.F.);
#6645 = FACE_BOUND('',#6646,.T.);
#6646 = EDGE_LOOP('',(#6647,#6648,#6654,#6655));
#6647 = ORIENTED_EDGE('',*,*,#3350,.T.);
#6648 = ORIENTED_EDGE('',*,*,#6649,.T.);
#6649 = EDGE_CURVE('',#3343,#1223,#6650,.T.);
#6650 = LINE('',#6651,#6652);
#6651 = CARTESIAN_POINT('',(1.680403240532,-26.67260431889,0.));
#6652 = VECTOR('',#6653,1.);
#6653 = DIRECTION('',(0.,0.,1.));
#6654 = ORIENTED_EDGE('',*,*,#1222,.F.);
#6655 = ORIENTED_EDGE('',*,*,#6634,.F.);
#6656 = CYLINDRICAL_SURFACE('',#6657,1.);
#6657 = AXIS2_PLACEMENT_3D('',#6658,#6659,#6660);
#6658 = CARTESIAN_POINT('',(1.680403240532,-25.67260431889,0.));
#6659 = DIRECTION('',(0.,0.,1.));
#6660 = DIRECTION('',(0.817425691873,0.576034059987,0.));
#6661 = ADVANCED_FACE('',(#6662),#6673,.F.);
#6662 = FACE_BOUND('',#6663,.T.);
#6663 = EDGE_LOOP('',(#6664,#6665,#6666,#6667));
#6664 = ORIENTED_EDGE('',*,*,#3367,.T.);
#6665 = ORIENTED_EDGE('',*,*,#6627,.T.);
#6666 = ORIENTED_EDGE('',*,*,#1256,.F.);
#6667 = ORIENTED_EDGE('',*,*,#6668,.F.);
#6668 = EDGE_CURVE('',#3324,#1249,#6669,.T.);
#6669 = LINE('',#6670,#6671);
#6670 = CARTESIAN_POINT('',(-0.817425691873,-22.7119807408,0.));
#6671 = VECTOR('',#6672,1.);
#6672 = DIRECTION('',(0.,0.,1.));
#6673 = CYLINDRICAL_SURFACE('',#6674,1.);
#6674 = AXIS2_PLACEMENT_3D('',#6675,#6676,#6677);
#6675 = CARTESIAN_POINT('',(-2.8E-15,-23.28801480078,0.));
#6676 = DIRECTION('',(0.,0.,1.));
#6677 = DIRECTION('',(-0.817425691873,0.576034059987,0.));
#6678 = ADVANCED_FACE('',(#6679),#6690,.F.);
#6679 = FACE_BOUND('',#6680,.F.);
#6680 = EDGE_LOOP('',(#6681,#6682,#6683,#6684));
#6681 = ORIENTED_EDGE('',*,*,#3342,.F.);
#6682 = ORIENTED_EDGE('',*,*,#6649,.T.);
#6683 = ORIENTED_EDGE('',*,*,#1231,.F.);
#6684 = ORIENTED_EDGE('',*,*,#6685,.F.);
#6685 = EDGE_CURVE('',#3334,#1232,#6686,.T.);
#6686 = LINE('',#6687,#6688);
#6687 = CARTESIAN_POINT('',(-1.680403240532,-26.67260431889,0.));
#6688 = VECTOR('',#6689,1.);
#6689 = DIRECTION('',(0.,0.,1.));
#6690 = PLANE('',#6691);
#6691 = AXIS2_PLACEMENT_3D('',#6692,#6693,#6694);
#6692 = CARTESIAN_POINT('',(3.608448903466,-26.67260431889,0.));
#6693 = DIRECTION('',(0.,-1.,0.));
#6694 = DIRECTION('',(-1.,0.,0.));
#6695 = ADVANCED_FACE('',(#6696),#6707,.T.);
#6696 = FACE_BOUND('',#6697,.T.);
#6697 = EDGE_LOOP('',(#6698,#6699,#6700,#6701));
#6698 = ORIENTED_EDGE('',*,*,#3323,.F.);
#6699 = ORIENTED_EDGE('',*,*,#6668,.T.);
#6700 = ORIENTED_EDGE('',*,*,#1248,.F.);
#6701 = ORIENTED_EDGE('',*,*,#6702,.F.);
#6702 = EDGE_CURVE('',#3326,#1240,#6703,.T.);
#6703 = LINE('',#6704,#6705);
#6704 = CARTESIAN_POINT('',(-2.497828932405,-25.0965702589,0.));
#6705 = VECTOR('',#6706,1.);
#6706 = DIRECTION('',(0.,0.,1.));
#6707 = PLANE('',#6708);
#6708 = AXIS2_PLACEMENT_3D('',#6709,#6710,#6711);
#6709 = CARTESIAN_POINT('',(-2.8E-15,-21.55200634319,0.));
#6710 = DIRECTION('',(0.817425691873,-0.576034059987,0.));
#6711 = DIRECTION('',(-0.576034059987,-0.817425691873,0.));
#6712 = ADVANCED_FACE('',(#6713),#6719,.F.);
#6713 = FACE_BOUND('',#6714,.F.);
#6714 = EDGE_LOOP('',(#6715,#6716,#6717,#6718));
#6715 = ORIENTED_EDGE('',*,*,#3333,.T.);
#6716 = ORIENTED_EDGE('',*,*,#6685,.T.);
#6717 = ORIENTED_EDGE('',*,*,#1239,.F.);
#6718 = ORIENTED_EDGE('',*,*,#6702,.F.);
#6719 = CYLINDRICAL_SURFACE('',#6720,1.);
#6720 = AXIS2_PLACEMENT_3D('',#6721,#6722,#6723);
#6721 = CARTESIAN_POINT('',(-1.680403240532,-25.67260431889,0.));
#6722 = DIRECTION('',(0.,0.,1.));
#6723 = DIRECTION('',(-0.817425691873,0.576034059987,0.));
#6724 = ADVANCED_FACE('',(#6725),#6741,.F.);
#6725 = FACE_BOUND('',#6726,.F.);
#6726 = EDGE_LOOP('',(#6727,#6728,#6734,#6735));
#6727 = ORIENTED_EDGE('',*,*,#3306,.F.);
#6728 = ORIENTED_EDGE('',*,*,#6729,.T.);
#6729 = EDGE_CURVE('',#3307,#1268,#6730,.T.);
#6730 = LINE('',#6731,#6732);
#6731 = CARTESIAN_POINT('',(-0.817425691873,-32.13322789698,0.));
#6732 = VECTOR('',#6733,1.);
#6733 = DIRECTION('',(0.,0.,1.));
#6734 = ORIENTED_EDGE('',*,*,#1265,.F.);
#6735 = ORIENTED_EDGE('',*,*,#6736,.F.);
#6736 = EDGE_CURVE('',#3298,#1266,#6737,.T.);
#6737 = LINE('',#6738,#6739);
#6738 = CARTESIAN_POINT('',(-2.497828932405,-29.74863837888,0.));
#6739 = VECTOR('',#6740,1.);
#6740 = DIRECTION('',(0.,0.,1.));
#6741 = PLANE('',#6742);
#6742 = AXIS2_PLACEMENT_3D('',#6743,#6744,#6745);
#6743 = CARTESIAN_POINT('',(0.,-33.29320229459,0.));
#6744 = DIRECTION('',(-0.817425691873,-0.576034059987,0.));
#6745 = DIRECTION('',(-0.576034059987,0.817425691873,0.));
#6746 = ADVANCED_FACE('',(#6747),#6758,.F.);
#6747 = FACE_BOUND('',#6748,.T.);
#6748 = EDGE_LOOP('',(#6749,#6750,#6756,#6757));
#6749 = ORIENTED_EDGE('',*,*,#3297,.T.);
#6750 = ORIENTED_EDGE('',*,*,#6751,.T.);
#6751 = EDGE_CURVE('',#3290,#1276,#6752,.T.);
#6752 = LINE('',#6753,#6754);
#6753 = CARTESIAN_POINT('',(-1.680403240532,-28.17260431889,0.));
#6754 = VECTOR('',#6755,1.);
#6755 = DIRECTION('',(0.,0.,1.));
#6756 = ORIENTED_EDGE('',*,*,#1275,.F.);
#6757 = ORIENTED_EDGE('',*,*,#6736,.F.);
#6758 = CYLINDRICAL_SURFACE('',#6759,1.);
#6759 = AXIS2_PLACEMENT_3D('',#6760,#6761,#6762);
#6760 = CARTESIAN_POINT('',(-1.680403240532,-29.17260431889,0.));
#6761 = DIRECTION('',(0.,0.,1.));
#6762 = DIRECTION('',(-0.817425691873,-0.576034059987,0.));
#6763 = ADVANCED_FACE('',(#6764),#6775,.F.);
#6764 = FACE_BOUND('',#6765,.T.);
#6765 = EDGE_LOOP('',(#6766,#6767,#6768,#6769));
#6766 = ORIENTED_EDGE('',*,*,#3314,.T.);
#6767 = ORIENTED_EDGE('',*,*,#6729,.T.);
#6768 = ORIENTED_EDGE('',*,*,#1309,.F.);
#6769 = ORIENTED_EDGE('',*,*,#6770,.F.);
#6770 = EDGE_CURVE('',#3271,#1302,#6771,.T.);
#6771 = LINE('',#6772,#6773);
#6772 = CARTESIAN_POINT('',(0.817425691873,-32.13322789698,0.));
#6773 = VECTOR('',#6774,1.);
#6774 = DIRECTION('',(0.,0.,1.));
#6775 = CYLINDRICAL_SURFACE('',#6776,1.);
#6776 = AXIS2_PLACEMENT_3D('',#6777,#6778,#6779);
#6777 = CARTESIAN_POINT('',(-5.E-16,-31.55719383699,0.));
#6778 = DIRECTION('',(0.,0.,1.));
#6779 = DIRECTION('',(0.817425691873,-0.576034059987,0.));
#6780 = ADVANCED_FACE('',(#6781),#6792,.F.);
#6781 = FACE_BOUND('',#6782,.F.);
#6782 = EDGE_LOOP('',(#6783,#6784,#6785,#6786));
#6783 = ORIENTED_EDGE('',*,*,#3289,.F.);
#6784 = ORIENTED_EDGE('',*,*,#6751,.T.);
#6785 = ORIENTED_EDGE('',*,*,#1284,.F.);
#6786 = ORIENTED_EDGE('',*,*,#6787,.F.);
#6787 = EDGE_CURVE('',#3281,#1285,#6788,.T.);
#6788 = LINE('',#6789,#6790);
#6789 = CARTESIAN_POINT('',(1.680403240532,-28.17260431889,0.));
#6790 = VECTOR('',#6791,1.);
#6791 = DIRECTION('',(0.,0.,1.));
#6792 = PLANE('',#6793);
#6793 = AXIS2_PLACEMENT_3D('',#6794,#6795,#6796);
#6794 = CARTESIAN_POINT('',(-3.608448903466,-28.17260431889,0.));
#6795 = DIRECTION('',(0.,1.,0.));
#6796 = DIRECTION('',(1.,0.,0.));
#6797 = ADVANCED_FACE('',(#6798),#6809,.T.);
#6798 = FACE_BOUND('',#6799,.T.);
#6799 = EDGE_LOOP('',(#6800,#6801,#6802,#6803));
#6800 = ORIENTED_EDGE('',*,*,#3270,.F.);
#6801 = ORIENTED_EDGE('',*,*,#6770,.T.);
#6802 = ORIENTED_EDGE('',*,*,#1301,.F.);
#6803 = ORIENTED_EDGE('',*,*,#6804,.F.);
#6804 = EDGE_CURVE('',#3273,#1293,#6805,.T.);
#6805 = LINE('',#6806,#6807);
#6806 = CARTESIAN_POINT('',(2.497828932405,-29.74863837888,0.));
#6807 = VECTOR('',#6808,1.);
#6808 = DIRECTION('',(0.,0.,1.));
#6809 = PLANE('',#6810);
#6810 = AXIS2_PLACEMENT_3D('',#6811,#6812,#6813);
#6811 = CARTESIAN_POINT('',(0.,-33.29320229459,0.));
#6812 = DIRECTION('',(-0.817425691873,0.576034059987,0.));
#6813 = DIRECTION('',(0.576034059987,0.817425691873,0.));
#6814 = ADVANCED_FACE('',(#6815),#6821,.F.);
#6815 = FACE_BOUND('',#6816,.F.);
#6816 = EDGE_LOOP('',(#6817,#6818,#6819,#6820));
#6817 = ORIENTED_EDGE('',*,*,#3280,.T.);
#6818 = ORIENTED_EDGE('',*,*,#6787,.T.);
#6819 = ORIENTED_EDGE('',*,*,#1292,.F.);
#6820 = ORIENTED_EDGE('',*,*,#6804,.F.);
#6821 = CYLINDRICAL_SURFACE('',#6822,1.);
#6822 = AXIS2_PLACEMENT_3D('',#6823,#6824,#6825);
#6823 = CARTESIAN_POINT('',(1.680403240532,-29.17260431889,0.));
#6824 = DIRECTION('',(0.,0.,1.));
#6825 = DIRECTION('',(0.817425691873,-0.576034059987,0.));
#6826 = ADVANCED_FACE('',(#6827),#6843,.F.);
#6827 = FACE_BOUND('',#6828,.F.);
#6828 = EDGE_LOOP('',(#6829,#6830,#6836,#6837));
#6829 = ORIENTED_EDGE('',*,*,#3412,.F.);
#6830 = ORIENTED_EDGE('',*,*,#6831,.T.);
#6831 = EDGE_CURVE('',#3413,#1321,#6832,.T.);
#6832 = LINE('',#6833,#6834);
#6833 = CARTESIAN_POINT('',(7.552312083072,-22.57603405998,0.));
#6834 = VECTOR('',#6835,1.);
#6835 = DIRECTION('',(0.,0.,1.));
#6836 = ORIENTED_EDGE('',*,*,#1318,.F.);
#6837 = ORIENTED_EDGE('',*,*,#6838,.F.);
#6838 = EDGE_CURVE('',#3404,#1319,#6839,.T.);
#6839 = LINE('',#6840,#6841);
#6840 = CARTESIAN_POINT('',(5.87190884254,-24.96062357809,0.));
#6841 = VECTOR('',#6842,1.);
#6842 = DIRECTION('',(0.,0.,1.));
#6843 = PLANE('',#6844);
#6844 = AXIS2_PLACEMENT_3D('',#6845,#6846,#6847);
#6845 = CARTESIAN_POINT('',(8.662932054133,-21.,0.));
#6846 = DIRECTION('',(0.817425691873,-0.576034059987,0.));
#6847 = DIRECTION('',(-0.576034059987,-0.817425691873,0.));
#6848 = ADVANCED_FACE('',(#6849),#6860,.F.);
#6849 = FACE_BOUND('',#6850,.T.);
#6850 = EDGE_LOOP('',(#6851,#6852,#6858,#6859));
#6851 = ORIENTED_EDGE('',*,*,#3403,.T.);
#6852 = ORIENTED_EDGE('',*,*,#6853,.T.);
#6853 = EDGE_CURVE('',#3396,#1329,#6854,.T.);
#6854 = LINE('',#6855,#6856);
#6855 = CARTESIAN_POINT('',(4.237057458794,-24.96062357809,0.));
#6856 = VECTOR('',#6857,1.);
#6857 = DIRECTION('',(0.,0.,1.));
#6858 = ORIENTED_EDGE('',*,*,#1328,.F.);
#6859 = ORIENTED_EDGE('',*,*,#6838,.F.);
#6860 = CYLINDRICAL_SURFACE('',#6861,1.);
#6861 = AXIS2_PLACEMENT_3D('',#6862,#6863,#6864);
#6862 = CARTESIAN_POINT('',(5.054483150667,-24.3845895181,0.));
#6863 = DIRECTION('',(0.,0.,1.));
#6864 = DIRECTION('',(0.817425691873,-0.576034059987,0.));
#6865 = ADVANCED_FACE('',(#6866),#6877,.F.);
#6866 = FACE_BOUND('',#6867,.T.);
#6867 = EDGE_LOOP('',(#6868,#6869,#6870,#6871));
#6868 = ORIENTED_EDGE('',*,*,#3420,.T.);
#6869 = ORIENTED_EDGE('',*,*,#6831,.T.);
#6870 = ORIENTED_EDGE('',*,*,#1362,.F.);
#6871 = ORIENTED_EDGE('',*,*,#6872,.F.);
#6872 = EDGE_CURVE('',#3377,#1355,#6873,.T.);
#6873 = LINE('',#6874,#6875);
#6874 = CARTESIAN_POINT('',(6.734886391199,-21.,0.));
#6875 = VECTOR('',#6876,1.);
#6876 = DIRECTION('',(0.,0.,1.));
#6877 = CYLINDRICAL_SURFACE('',#6878,1.);
#6878 = AXIS2_PLACEMENT_3D('',#6879,#6880,#6881);
#6879 = CARTESIAN_POINT('',(6.734886391199,-22.,0.));
#6880 = DIRECTION('',(0.,0.,1.));
#6881 = DIRECTION('',(0.,1.,0.));
#6882 = ADVANCED_FACE('',(#6883),#6894,.T.);
#6883 = FACE_BOUND('',#6884,.T.);
#6884 = EDGE_LOOP('',(#6885,#6886,#6892,#6893));
#6885 = ORIENTED_EDGE('',*,*,#3395,.F.);
#6886 = ORIENTED_EDGE('',*,*,#6887,.T.);
#6887 = EDGE_CURVE('',#3387,#1338,#6888,.T.);
#6888 = LINE('',#6889,#6890);
#6889 = CARTESIAN_POINT('',(2.556654218262,-22.57603405998,0.));
#6890 = VECTOR('',#6891,1.);
#6891 = DIRECTION('',(0.,0.,1.));
#6892 = ORIENTED_EDGE('',*,*,#1337,.F.);
#6893 = ORIENTED_EDGE('',*,*,#6853,.F.);
#6894 = PLANE('',#6895);
#6895 = AXIS2_PLACEMENT_3D('',#6896,#6897,#6898);
#6896 = CARTESIAN_POINT('',(1.446034247201,-21.,0.));
#6897 = DIRECTION('',(0.817425691873,0.576034059987,0.));
#6898 = DIRECTION('',(0.576034059987,-0.817425691873,0.));
#6899 = ADVANCED_FACE('',(#6900),#6911,.T.);
#6900 = FACE_BOUND('',#6901,.T.);
#6901 = EDGE_LOOP('',(#6902,#6903,#6904,#6905));
#6902 = ORIENTED_EDGE('',*,*,#3376,.F.);
#6903 = ORIENTED_EDGE('',*,*,#6872,.T.);
#6904 = ORIENTED_EDGE('',*,*,#1354,.F.);
#6905 = ORIENTED_EDGE('',*,*,#6906,.F.);
#6906 = EDGE_CURVE('',#3379,#1346,#6907,.T.);
#6907 = LINE('',#6908,#6909);
#6908 = CARTESIAN_POINT('',(3.374079910135,-21.,0.));
#6909 = VECTOR('',#6910,1.);
#6910 = DIRECTION('',(0.,0.,1.));
#6911 = PLANE('',#6912);
#6912 = AXIS2_PLACEMENT_3D('',#6913,#6914,#6915);
#6913 = CARTESIAN_POINT('',(8.662932054133,-21.,0.));
#6914 = DIRECTION('',(0.,-1.,0.));
#6915 = DIRECTION('',(-1.,0.,0.));
#6916 = ADVANCED_FACE('',(#6917),#6923,.F.);
#6917 = FACE_BOUND('',#6918,.F.);
#6918 = EDGE_LOOP('',(#6919,#6920,#6921,#6922));
#6919 = ORIENTED_EDGE('',*,*,#3386,.T.);
#6920 = ORIENTED_EDGE('',*,*,#6887,.T.);
#6921 = ORIENTED_EDGE('',*,*,#1345,.F.);
#6922 = ORIENTED_EDGE('',*,*,#6906,.F.);
#6923 = CYLINDRICAL_SURFACE('',#6924,1.);
#6924 = AXIS2_PLACEMENT_3D('',#6925,#6926,#6927);
#6925 = CARTESIAN_POINT('',(3.374079910135,-22.,0.));
#6926 = DIRECTION('',(0.,0.,1.));
#6927 = DIRECTION('',(0.,1.,0.));
#6928 = ADVANCED_FACE('',(#6929),#6945,.F.);
#6929 = FACE_BOUND('',#6930,.F.);
#6930 = EDGE_LOOP('',(#6931,#6932,#6938,#6939));
#6931 = ORIENTED_EDGE('',*,*,#3465,.F.);
#6932 = ORIENTED_EDGE('',*,*,#6933,.T.);
#6933 = EDGE_CURVE('',#3466,#1374,#6934,.T.);
#6934 = LINE('',#6935,#6936);
#6935 = CARTESIAN_POINT('',(-6.734886391199,-21.,0.));
#6936 = VECTOR('',#6937,1.);
#6937 = DIRECTION('',(0.,0.,1.));
#6938 = ORIENTED_EDGE('',*,*,#1371,.F.);
#6939 = ORIENTED_EDGE('',*,*,#6940,.F.);
#6940 = EDGE_CURVE('',#3457,#1372,#6941,.T.);
#6941 = LINE('',#6942,#6943);
#6942 = CARTESIAN_POINT('',(-3.374079910135,-21.,0.));
#6943 = VECTOR('',#6944,1.);
#6944 = DIRECTION('',(0.,0.,1.));
#6945 = PLANE('',#6946);
#6946 = AXIS2_PLACEMENT_3D('',#6947,#6948,#6949);
#6947 = CARTESIAN_POINT('',(-8.662932054133,-21.,0.));
#6948 = DIRECTION('',(0.,1.,0.));
#6949 = DIRECTION('',(1.,0.,0.));
#6950 = ADVANCED_FACE('',(#6951),#6962,.F.);
#6951 = FACE_BOUND('',#6952,.T.);
#6952 = EDGE_LOOP('',(#6953,#6954,#6960,#6961));
#6953 = ORIENTED_EDGE('',*,*,#3456,.T.);
#6954 = ORIENTED_EDGE('',*,*,#6955,.T.);
#6955 = EDGE_CURVE('',#3449,#1382,#6956,.T.);
#6956 = LINE('',#6957,#6958);
#6957 = CARTESIAN_POINT('',(-2.556654218262,-22.57603405998,0.));
#6958 = VECTOR('',#6959,1.);
#6959 = DIRECTION('',(0.,0.,1.));
#6960 = ORIENTED_EDGE('',*,*,#1381,.F.);
#6961 = ORIENTED_EDGE('',*,*,#6940,.F.);
#6962 = CYLINDRICAL_SURFACE('',#6963,1.);
#6963 = AXIS2_PLACEMENT_3D('',#6964,#6965,#6966);
#6964 = CARTESIAN_POINT('',(-3.374079910135,-22.,0.));
#6965 = DIRECTION('',(0.,0.,1.));
#6966 = DIRECTION('',(0.,1.,0.));
#6967 = ADVANCED_FACE('',(#6968),#6979,.F.);
#6968 = FACE_BOUND('',#6969,.T.);
#6969 = EDGE_LOOP('',(#6970,#6971,#6972,#6973));
#6970 = ORIENTED_EDGE('',*,*,#3473,.T.);
#6971 = ORIENTED_EDGE('',*,*,#6933,.T.);
#6972 = ORIENTED_EDGE('',*,*,#1415,.F.);
#6973 = ORIENTED_EDGE('',*,*,#6974,.F.);
#6974 = EDGE_CURVE('',#3430,#1408,#6975,.T.);
#6975 = LINE('',#6976,#6977);
#6976 = CARTESIAN_POINT('',(-7.552312083072,-22.57603405998,0.));
#6977 = VECTOR('',#6978,1.);
#6978 = DIRECTION('',(0.,0.,1.));
#6979 = CYLINDRICAL_SURFACE('',#6980,1.);
#6980 = AXIS2_PLACEMENT_3D('',#6981,#6982,#6983);
#6981 = CARTESIAN_POINT('',(-6.734886391199,-22.,0.));
#6982 = DIRECTION('',(0.,0.,1.));
#6983 = DIRECTION('',(-0.817425691873,-0.576034059987,0.));
#6984 = ADVANCED_FACE('',(#6985),#6996,.T.);
#6985 = FACE_BOUND('',#6986,.T.);
#6986 = EDGE_LOOP('',(#6987,#6988,#6994,#6995));
#6987 = ORIENTED_EDGE('',*,*,#3448,.F.);
#6988 = ORIENTED_EDGE('',*,*,#6989,.T.);
#6989 = EDGE_CURVE('',#3440,#1391,#6990,.T.);
#6990 = LINE('',#6991,#6992);
#6991 = CARTESIAN_POINT('',(-4.237057458794,-24.96062357809,0.));
#6992 = VECTOR('',#6993,1.);
#6993 = DIRECTION('',(0.,0.,1.));
#6994 = ORIENTED_EDGE('',*,*,#1390,.F.);
#6995 = ORIENTED_EDGE('',*,*,#6955,.F.);
#6996 = PLANE('',#6997);
#6997 = AXIS2_PLACEMENT_3D('',#6998,#6999,#7000);
#6998 = CARTESIAN_POINT('',(-5.054483150667,-26.12059797569,0.));
#6999 = DIRECTION('',(-0.817425691873,0.576034059987,0.));
#7000 = DIRECTION('',(0.576034059987,0.817425691873,0.));
#7001 = ADVANCED_FACE('',(#7002),#7013,.T.);
#7002 = FACE_BOUND('',#7003,.T.);
#7003 = EDGE_LOOP('',(#7004,#7005,#7006,#7007));
#7004 = ORIENTED_EDGE('',*,*,#3429,.F.);
#7005 = ORIENTED_EDGE('',*,*,#6974,.T.);
#7006 = ORIENTED_EDGE('',*,*,#1407,.F.);
#7007 = ORIENTED_EDGE('',*,*,#7008,.F.);
#7008 = EDGE_CURVE('',#3432,#1399,#7009,.T.);
#7009 = LINE('',#7010,#7011);
#7010 = CARTESIAN_POINT('',(-5.87190884254,-24.96062357809,0.));
#7011 = VECTOR('',#7012,1.);
#7012 = DIRECTION('',(0.,0.,1.));
#7013 = PLANE('',#7014);
#7014 = AXIS2_PLACEMENT_3D('',#7015,#7016,#7017);
#7015 = CARTESIAN_POINT('',(-8.662932054133,-21.,0.));
#7016 = DIRECTION('',(0.817425691873,0.576034059987,0.));
#7017 = DIRECTION('',(0.576034059987,-0.817425691873,0.));
#7018 = ADVANCED_FACE('',(#7019),#7025,.F.);
#7019 = FACE_BOUND('',#7020,.F.);
#7020 = EDGE_LOOP('',(#7021,#7022,#7023,#7024));
#7021 = ORIENTED_EDGE('',*,*,#3439,.T.);
#7022 = ORIENTED_EDGE('',*,*,#6989,.T.);
#7023 = ORIENTED_EDGE('',*,*,#1398,.F.);
#7024 = ORIENTED_EDGE('',*,*,#7008,.F.);
#7025 = CYLINDRICAL_SURFACE('',#7026,1.);
#7026 = AXIS2_PLACEMENT_3D('',#7027,#7028,#7029);
#7027 = CARTESIAN_POINT('',(-5.054483150667,-24.3845895181,0.));
#7028 = DIRECTION('',(0.,0.,1.));
#7029 = DIRECTION('',(-0.817425691873,-0.576034059987,0.));
#7030 = ADVANCED_FACE('',(#7031),#7047,.F.);
#7031 = FACE_BOUND('',#7032,.F.);
#7032 = EDGE_LOOP('',(#7033,#7034,#7040,#7041));
#7033 = ORIENTED_EDGE('',*,*,#3518,.F.);
#7034 = ORIENTED_EDGE('',*,*,#7035,.T.);
#7035 = EDGE_CURVE('',#3519,#1427,#7036,.T.);
#7036 = LINE('',#7037,#7038);
#7037 = CARTESIAN_POINT('',(-1.311757230584,23.432632007761,0.));
#7038 = VECTOR('',#7039,1.);
#7039 = DIRECTION('',(0.,0.,1.));
#7040 = ORIENTED_EDGE('',*,*,#1424,.F.);
#7041 = ORIENTED_EDGE('',*,*,#7042,.F.);
#7042 = EDGE_CURVE('',#3510,#1425,#7043,.T.);
#7043 = LINE('',#7044,#7045);
#7044 = CARTESIAN_POINT('',(1.311757230584,23.432632007761,0.));
#7045 = VECTOR('',#7046,1.);
#7046 = DIRECTION('',(0.,0.,1.));
#7047 = PLANE('',#7048);
#7048 = AXIS2_PLACEMENT_3D('',#7049,#7050,#7051);
#7049 = CARTESIAN_POINT('',(-3.760838636915,23.432632007761,0.));
#7050 = DIRECTION('',(0.,1.,0.));
#7051 = DIRECTION('',(1.,0.,0.));
#7052 = ADVANCED_FACE('',(#7053),#7064,.F.);
#7053 = FACE_BOUND('',#7054,.T.);
#7054 = EDGE_LOOP('',(#7055,#7056,#7062,#7063));
#7055 = ORIENTED_EDGE('',*,*,#3509,.T.);
#7056 = ORIENTED_EDGE('',*,*,#7057,.T.);
#7057 = EDGE_CURVE('',#3502,#1435,#7058,.T.);
#7058 = LINE('',#7059,#7060);
#7059 = CARTESIAN_POINT('',(2.011694783922,21.718427960288,0.));
#7060 = VECTOR('',#7061,1.);
#7061 = DIRECTION('',(0.,0.,1.));
#7062 = ORIENTED_EDGE('',*,*,#1434,.F.);
#7063 = ORIENTED_EDGE('',*,*,#7042,.F.);
#7064 = CYLINDRICAL_SURFACE('',#7065,1.);
#7065 = AXIS2_PLACEMENT_3D('',#7066,#7067,#7068);
#7066 = CARTESIAN_POINT('',(1.311757230584,22.432632007761,0.));
#7067 = DIRECTION('',(0.,0.,1.));
#7068 = DIRECTION('',(0.,1.,0.));
#7069 = ADVANCED_FACE('',(#7070),#7081,.F.);
#7070 = FACE_BOUND('',#7071,.T.);
#7071 = EDGE_LOOP('',(#7072,#7073,#7074,#7075));
#7072 = ORIENTED_EDGE('',*,*,#3526,.T.);
#7073 = ORIENTED_EDGE('',*,*,#7035,.T.);
#7074 = ORIENTED_EDGE('',*,*,#1468,.F.);
#7075 = ORIENTED_EDGE('',*,*,#7076,.F.);
#7076 = EDGE_CURVE('',#3483,#1461,#7077,.T.);
#7077 = LINE('',#7078,#7079);
#7078 = CARTESIAN_POINT('',(-2.011694783922,21.718427960288,0.));
#7079 = VECTOR('',#7080,1.);
#7080 = DIRECTION('',(0.,0.,1.));
#7081 = CYLINDRICAL_SURFACE('',#7082,1.);
#7082 = AXIS2_PLACEMENT_3D('',#7083,#7084,#7085);
#7083 = CARTESIAN_POINT('',(-1.311757230584,22.432632007761,0.));
#7084 = DIRECTION('',(0.,0.,1.));
#7085 = DIRECTION('',(-0.699937553338,-0.714204047473,0.));
#7086 = ADVANCED_FACE('',(#7087),#7098,.F.);
#7087 = FACE_BOUND('',#7088,.F.);
#7088 = EDGE_LOOP('',(#7089,#7090,#7091,#7092));
#7089 = ORIENTED_EDGE('',*,*,#3501,.F.);
#7090 = ORIENTED_EDGE('',*,*,#7057,.T.);
#7091 = ORIENTED_EDGE('',*,*,#1443,.F.);
#7092 = ORIENTED_EDGE('',*,*,#7093,.F.);
#7093 = EDGE_CURVE('',#3493,#1444,#7094,.T.);
#7094 = LINE('',#7095,#7096);
#7095 = CARTESIAN_POINT('',(0.699937553338,20.43287357314,0.));
#7096 = VECTOR('',#7097,1.);
#7097 = DIRECTION('',(0.,0.,1.));
#7098 = PLANE('',#7099);
#7099 = AXIS2_PLACEMENT_3D('',#7100,#7101,#7102);
#7100 = CARTESIAN_POINT('',(3.760838636916,23.432632007761,0.));
#7101 = DIRECTION('',(0.699937553338,-0.714204047473,0.));
#7102 = DIRECTION('',(-0.714204047473,-0.699937553338,0.));
#7103 = ADVANCED_FACE('',(#7104),#7115,.T.);
#7104 = FACE_BOUND('',#7105,.T.);
#7105 = EDGE_LOOP('',(#7106,#7107,#7108,#7109));
#7106 = ORIENTED_EDGE('',*,*,#3482,.F.);
#7107 = ORIENTED_EDGE('',*,*,#7076,.T.);
#7108 = ORIENTED_EDGE('',*,*,#1460,.F.);
#7109 = ORIENTED_EDGE('',*,*,#7110,.F.);
#7110 = EDGE_CURVE('',#3485,#1452,#7111,.T.);
#7111 = LINE('',#7112,#7113);
#7112 = CARTESIAN_POINT('',(-0.699937553338,20.43287357314,0.));
#7113 = VECTOR('',#7114,1.);
#7114 = DIRECTION('',(0.,0.,1.));
#7115 = PLANE('',#7116);
#7116 = AXIS2_PLACEMENT_3D('',#7117,#7118,#7119);
#7117 = CARTESIAN_POINT('',(-3.760838636916,23.432632007761,0.));
#7118 = DIRECTION('',(0.699937553338,0.714204047473,0.));
#7119 = DIRECTION('',(0.714204047473,-0.699937553338,0.));
#7120 = ADVANCED_FACE('',(#7121),#7127,.F.);
#7121 = FACE_BOUND('',#7122,.F.);
#7122 = EDGE_LOOP('',(#7123,#7124,#7125,#7126));
#7123 = ORIENTED_EDGE('',*,*,#3492,.T.);
#7124 = ORIENTED_EDGE('',*,*,#7093,.T.);
#7125 = ORIENTED_EDGE('',*,*,#1451,.F.);
#7126 = ORIENTED_EDGE('',*,*,#7110,.F.);
#7127 = CYLINDRICAL_SURFACE('',#7128,1.);
#7128 = AXIS2_PLACEMENT_3D('',#7129,#7130,#7131);
#7129 = CARTESIAN_POINT('',(1.32E-15,21.147077620613,0.));
#7130 = DIRECTION('',(0.,0.,1.));
#7131 = DIRECTION('',(-0.699937553338,-0.714204047473,0.));
#7132 = ADVANCED_FACE('',(#7133),#7149,.F.);
#7133 = FACE_BOUND('',#7134,.F.);
#7134 = EDGE_LOOP('',(#7135,#7136,#7142,#7143));
#7135 = ORIENTED_EDGE('',*,*,#3571,.F.);
#7136 = ORIENTED_EDGE('',*,*,#7137,.T.);
#7137 = EDGE_CURVE('',#3572,#1480,#7138,.T.);
#7138 = LINE('',#7139,#7140);
#7139 = CARTESIAN_POINT('',(-7.35098104033,9.714204047473,0.));
#7140 = VECTOR('',#7141,1.);
#7141 = DIRECTION('',(0.,0.,1.));
#7142 = ORIENTED_EDGE('',*,*,#1477,.F.);
#7143 = ORIENTED_EDGE('',*,*,#7144,.F.);
#7144 = EDGE_CURVE('',#3563,#1478,#7145,.T.);
#7145 = LINE('',#7146,#7147);
#7146 = CARTESIAN_POINT('',(-6.168405527374,10.873157170329,0.));
#7147 = VECTOR('',#7148,1.);
#7148 = DIRECTION('',(0.,0.,1.));
#7149 = PLANE('',#7150);
#7150 = AXIS2_PLACEMENT_3D('',#7151,#7152,#7153);
#7151 = CARTESIAN_POINT('',(-9.100124893324,8.,0.));
#7152 = DIRECTION('',(-0.699937553338,0.714204047473,0.));
#7153 = DIRECTION('',(0.714204047473,0.699937553338,0.));
#7154 = ADVANCED_FACE('',(#7155),#7166,.F.);
#7155 = FACE_BOUND('',#7156,.T.);
#7156 = EDGE_LOOP('',(#7157,#7158,#7164,#7165));
#7157 = ORIENTED_EDGE('',*,*,#3562,.T.);
#7158 = ORIENTED_EDGE('',*,*,#7159,.T.);
#7159 = EDGE_CURVE('',#3555,#1488,#7160,.T.);
#7160 = LINE('',#7161,#7162);
#7161 = CARTESIAN_POINT('',(-4.768530420699,10.873157170329,0.));
#7162 = VECTOR('',#7163,1.);
#7163 = DIRECTION('',(0.,0.,1.));
#7164 = ORIENTED_EDGE('',*,*,#1487,.F.);
#7165 = ORIENTED_EDGE('',*,*,#7144,.F.);
#7166 = CYLINDRICAL_SURFACE('',#7167,1.);
#7167 = AXIS2_PLACEMENT_3D('',#7168,#7169,#7170);
#7168 = CARTESIAN_POINT('',(-5.468467974037,10.158953122856,0.));
#7169 = DIRECTION('',(0.,0.,1.));
#7170 = DIRECTION('',(-0.699937553338,0.714204047473,0.));
#7171 = ADVANCED_FACE('',(#7172),#7183,.F.);
#7172 = FACE_BOUND('',#7173,.T.);
#7173 = EDGE_LOOP('',(#7174,#7175,#7176,#7177));
#7174 = ORIENTED_EDGE('',*,*,#3579,.T.);
#7175 = ORIENTED_EDGE('',*,*,#7137,.T.);
#7176 = ORIENTED_EDGE('',*,*,#1521,.F.);
#7177 = ORIENTED_EDGE('',*,*,#7178,.F.);
#7178 = EDGE_CURVE('',#3536,#1514,#7179,.T.);
#7179 = LINE('',#7180,#7181);
#7180 = CARTESIAN_POINT('',(-6.651043486992,8.,0.));
#7181 = VECTOR('',#7182,1.);
#7182 = DIRECTION('',(0.,0.,1.));
#7183 = CYLINDRICAL_SURFACE('',#7184,1.);
#7184 = AXIS2_PLACEMENT_3D('',#7185,#7186,#7187);
#7185 = CARTESIAN_POINT('',(-6.651043486992,9.,0.));
#7186 = DIRECTION('',(0.,0.,1.));
#7187 = DIRECTION('',(0.,-1.,0.));
#7188 = ADVANCED_FACE('',(#7189),#7200,.F.);
#7189 = FACE_BOUND('',#7190,.F.);
#7190 = EDGE_LOOP('',(#7191,#7192,#7193,#7194));
#7191 = ORIENTED_EDGE('',*,*,#3554,.F.);
#7192 = ORIENTED_EDGE('',*,*,#7159,.T.);
#7193 = ORIENTED_EDGE('',*,*,#1496,.F.);
#7194 = ORIENTED_EDGE('',*,*,#7195,.F.);
#7195 = EDGE_CURVE('',#3546,#1497,#7196,.T.);
#7196 = LINE('',#7197,#7198);
#7197 = CARTESIAN_POINT('',(-3.585954907743,9.714204047473,0.));
#7198 = VECTOR('',#7199,1.);
#7199 = DIRECTION('',(0.,0.,1.));
#7200 = PLANE('',#7201);
#7201 = AXIS2_PLACEMENT_3D('',#7202,#7203,#7204);
#7202 = CARTESIAN_POINT('',(-5.468467974037,11.559113208111,0.));
#7203 = DIRECTION('',(0.699937553338,0.714204047473,0.));
#7204 = DIRECTION('',(0.714204047473,-0.699937553338,0.));
#7205 = ADVANCED_FACE('',(#7206),#7217,.T.);
#7206 = FACE_BOUND('',#7207,.T.);
#7207 = EDGE_LOOP('',(#7208,#7209,#7210,#7211));
#7208 = ORIENTED_EDGE('',*,*,#3535,.F.);
#7209 = ORIENTED_EDGE('',*,*,#7178,.T.);
#7210 = ORIENTED_EDGE('',*,*,#1513,.F.);
#7211 = ORIENTED_EDGE('',*,*,#7212,.F.);
#7212 = EDGE_CURVE('',#3538,#1505,#7213,.T.);
#7213 = LINE('',#7214,#7215);
#7214 = CARTESIAN_POINT('',(-4.285892461081,8.,0.));
#7215 = VECTOR('',#7216,1.);
#7216 = DIRECTION('',(0.,0.,1.));
#7217 = PLANE('',#7218);
#7218 = AXIS2_PLACEMENT_3D('',#7219,#7220,#7221);
#7219 = CARTESIAN_POINT('',(-9.100124893324,8.,0.));
#7220 = DIRECTION('',(0.,1.,0.));
#7221 = DIRECTION('',(1.,0.,0.));
#7222 = ADVANCED_FACE('',(#7223),#7229,.F.);
#7223 = FACE_BOUND('',#7224,.F.);
#7224 = EDGE_LOOP('',(#7225,#7226,#7227,#7228));
#7225 = ORIENTED_EDGE('',*,*,#3545,.T.);
#7226 = ORIENTED_EDGE('',*,*,#7195,.T.);
#7227 = ORIENTED_EDGE('',*,*,#1504,.F.);
#7228 = ORIENTED_EDGE('',*,*,#7212,.F.);
#7229 = CYLINDRICAL_SURFACE('',#7230,1.);
#7230 = AXIS2_PLACEMENT_3D('',#7231,#7232,#7233);
#7231 = CARTESIAN_POINT('',(-4.285892461081,9.,0.));
#7232 = DIRECTION('',(0.,0.,1.));
#7233 = DIRECTION('',(0.,-1.,0.));
#7234 = ADVANCED_FACE('',(#7235),#7251,.T.);
#7235 = FACE_BOUND('',#7236,.T.);
#7236 = EDGE_LOOP('',(#7237,#7238,#7244,#7245));
#7237 = ORIENTED_EDGE('',*,*,#3660,.F.);
#7238 = ORIENTED_EDGE('',*,*,#7239,.T.);
#7239 = EDGE_CURVE('',#3652,#1533,#7240,.T.);
#7240 = LINE('',#7241,#7242);
#7241 = CARTESIAN_POINT('',(1.882513066294,15.073437319526,0.));
#7242 = VECTOR('',#7243,1.);
#7243 = DIRECTION('',(0.,0.,1.));
#7244 = ORIENTED_EDGE('',*,*,#1530,.F.);
#7245 = ORIENTED_EDGE('',*,*,#7246,.F.);
#7246 = EDGE_CURVE('',#3661,#1531,#7247,.T.);
#7247 = LINE('',#7248,#7249);
#7248 = CARTESIAN_POINT('',(0.699937553338,16.232390442382,0.));
#7249 = VECTOR('',#7250,1.);
#7250 = DIRECTION('',(0.,0.,1.));
#7251 = PLANE('',#7252);
#7252 = AXIS2_PLACEMENT_3D('',#7253,#7254,#7255);
#7253 = CARTESIAN_POINT('',(3.631656919288,13.359233272053,0.));
#7254 = DIRECTION('',(-0.699937553338,-0.714204047473,0.));
#7255 = DIRECTION('',(-0.714204047473,0.699937553338,0.));
#7256 = ADVANCED_FACE('',(#7257),#7268,.F.);
#7257 = FACE_BOUND('',#7258,.T.);
#7258 = EDGE_LOOP('',(#7259,#7260,#7261,#7262));
#7259 = ORIENTED_EDGE('',*,*,#3668,.T.);
#7260 = ORIENTED_EDGE('',*,*,#7246,.T.);
#7261 = ORIENTED_EDGE('',*,*,#1574,.F.);
#7262 = ORIENTED_EDGE('',*,*,#7263,.F.);
#7263 = EDGE_CURVE('',#3669,#1567,#7264,.T.);
#7264 = LINE('',#7265,#7266);
#7265 = CARTESIAN_POINT('',(-0.699937553338,16.232390442382,0.));
#7266 = VECTOR('',#7267,1.);
#7267 = DIRECTION('',(0.,0.,1.));
#7268 = CYLINDRICAL_SURFACE('',#7269,1.);
#7269 = AXIS2_PLACEMENT_3D('',#7270,#7271,#7272);
#7270 = CARTESIAN_POINT('',(-9.8E-16,15.518186394909,0.));
#7271 = DIRECTION('',(0.,0.,1.));
#7272 = DIRECTION('',(-0.699937553338,0.714204047473,0.));
#7273 = ADVANCED_FACE('',(#7274),#7285,.F.);
#7274 = FACE_BOUND('',#7275,.F.);
#7275 = EDGE_LOOP('',(#7276,#7277,#7278,#7279));
#7276 = ORIENTED_EDGE('',*,*,#3651,.T.);
#7277 = ORIENTED_EDGE('',*,*,#7239,.T.);
#7278 = ORIENTED_EDGE('',*,*,#1540,.F.);
#7279 = ORIENTED_EDGE('',*,*,#7280,.F.);
#7280 = EDGE_CURVE('',#3644,#1541,#7281,.T.);
#7281 = LINE('',#7282,#7283);
#7282 = CARTESIAN_POINT('',(1.182575512956,13.359233272053,0.));
#7283 = VECTOR('',#7284,1.);
#7284 = DIRECTION('',(0.,0.,1.));
#7285 = CYLINDRICAL_SURFACE('',#7286,1.);
#7286 = AXIS2_PLACEMENT_3D('',#7287,#7288,#7289);
#7287 = CARTESIAN_POINT('',(1.182575512956,14.359233272053,0.));
#7288 = DIRECTION('',(0.,0.,1.));
#7289 = DIRECTION('',(0.,-1.,0.));
#7290 = ADVANCED_FACE('',(#7291),#7302,.F.);
#7291 = FACE_BOUND('',#7292,.F.);
#7292 = EDGE_LOOP('',(#7293,#7294,#7300,#7301));
#7293 = ORIENTED_EDGE('',*,*,#3677,.F.);
#7294 = ORIENTED_EDGE('',*,*,#7295,.T.);
#7295 = EDGE_CURVE('',#3678,#1558,#7296,.T.);
#7296 = LINE('',#7297,#7298);
#7297 = CARTESIAN_POINT('',(-1.882513066294,15.073437319526,0.));
#7298 = VECTOR('',#7299,1.);
#7299 = DIRECTION('',(0.,0.,1.));
#7300 = ORIENTED_EDGE('',*,*,#1566,.F.);
#7301 = ORIENTED_EDGE('',*,*,#7263,.F.);
#7302 = PLANE('',#7303);
#7303 = AXIS2_PLACEMENT_3D('',#7304,#7305,#7306);
#7304 = CARTESIAN_POINT('',(-3.631656919288,13.359233272053,0.));
#7305 = DIRECTION('',(-0.699937553338,0.714204047473,0.));
#7306 = DIRECTION('',(0.714204047473,0.699937553338,0.));
#7307 = ADVANCED_FACE('',(#7308),#7319,.T.);
#7308 = FACE_BOUND('',#7309,.T.);
#7309 = EDGE_LOOP('',(#7310,#7311,#7317,#7318));
#7310 = ORIENTED_EDGE('',*,*,#3641,.F.);
#7311 = ORIENTED_EDGE('',*,*,#7312,.T.);
#7312 = EDGE_CURVE('',#3642,#1550,#7313,.T.);
#7313 = LINE('',#7314,#7315);
#7314 = CARTESIAN_POINT('',(-1.182575512956,13.359233272053,0.));
#7315 = VECTOR('',#7316,1.);
#7316 = DIRECTION('',(0.,0.,1.));
#7317 = ORIENTED_EDGE('',*,*,#1549,.F.);
#7318 = ORIENTED_EDGE('',*,*,#7280,.F.);
#7319 = PLANE('',#7320);
#7320 = AXIS2_PLACEMENT_3D('',#7321,#7322,#7323);
#7321 = CARTESIAN_POINT('',(-3.631656919288,13.359233272053,0.));
#7322 = DIRECTION('',(0.,1.,0.));
#7323 = DIRECTION('',(1.,0.,0.));
#7324 = ADVANCED_FACE('',(#7325),#7331,.F.);
#7325 = FACE_BOUND('',#7326,.T.);
#7326 = EDGE_LOOP('',(#7327,#7328,#7329,#7330));
#7327 = ORIENTED_EDGE('',*,*,#3685,.T.);
#7328 = ORIENTED_EDGE('',*,*,#7295,.T.);
#7329 = ORIENTED_EDGE('',*,*,#1557,.F.);
#7330 = ORIENTED_EDGE('',*,*,#7312,.F.);
#7331 = CYLINDRICAL_SURFACE('',#7332,1.);
#7332 = AXIS2_PLACEMENT_3D('',#7333,#7334,#7335);
#7333 = CARTESIAN_POINT('',(-1.182575512956,14.359233272053,0.));
#7334 = DIRECTION('',(0.,0.,1.));
#7335 = DIRECTION('',(0.,-1.,0.));
#7336 = ADVANCED_FACE('',(#7337),#7353,.F.);
#7337 = FACE_BOUND('',#7338,.F.);
#7338 = EDGE_LOOP('',(#7339,#7340,#7346,#7347));
#7339 = ORIENTED_EDGE('',*,*,#3607,.F.);
#7340 = ORIENTED_EDGE('',*,*,#7341,.T.);
#7341 = EDGE_CURVE('',#3608,#1586,#7342,.T.);
#7342 = LINE('',#7343,#7344);
#7343 = CARTESIAN_POINT('',(1.882513066294,10.14502922458,0.));
#7344 = VECTOR('',#7345,1.);
#7345 = DIRECTION('',(0.,0.,1.));
#7346 = ORIENTED_EDGE('',*,*,#1583,.F.);
#7347 = ORIENTED_EDGE('',*,*,#7348,.F.);
#7348 = EDGE_CURVE('',#3599,#1584,#7349,.T.);
#7349 = LINE('',#7350,#7351);
#7350 = CARTESIAN_POINT('',(0.699937553338,8.986076101724,0.));
#7351 = VECTOR('',#7352,1.);
#7352 = DIRECTION('',(0.,0.,1.));
#7353 = PLANE('',#7354);
#7354 = AXIS2_PLACEMENT_3D('',#7355,#7356,#7357);
#7355 = CARTESIAN_POINT('',(3.631656919288,11.859233272053,0.));
#7356 = DIRECTION('',(0.699937553338,-0.714204047473,0.));
#7357 = DIRECTION('',(-0.714204047473,-0.699937553338,0.));
#7358 = ADVANCED_FACE('',(#7359),#7370,.F.);
#7359 = FACE_BOUND('',#7360,.F.);
#7360 = EDGE_LOOP('',(#7361,#7362,#7363,#7364));
#7361 = ORIENTED_EDGE('',*,*,#3598,.T.);
#7362 = ORIENTED_EDGE('',*,*,#7348,.T.);
#7363 = ORIENTED_EDGE('',*,*,#1593,.F.);
#7364 = ORIENTED_EDGE('',*,*,#7365,.F.);
#7365 = EDGE_CURVE('',#3591,#1594,#7366,.T.);
#7366 = LINE('',#7367,#7368);
#7367 = CARTESIAN_POINT('',(-0.699937553338,8.986076101724,0.));
#7368 = VECTOR('',#7369,1.);
#7369 = DIRECTION('',(0.,0.,1.));
#7370 = CYLINDRICAL_SURFACE('',#7371,1.);
#7371 = AXIS2_PLACEMENT_3D('',#7372,#7373,#7374);
#7372 = CARTESIAN_POINT('',(3.4E-16,9.700280149197,0.));
#7373 = DIRECTION('',(0.,0.,1.));
#7374 = DIRECTION('',(-0.699937553338,-0.714204047473,0.));
#7375 = ADVANCED_FACE('',(#7376),#7387,.F.);
#7376 = FACE_BOUND('',#7377,.T.);
#7377 = EDGE_LOOP('',(#7378,#7379,#7380,#7381));
#7378 = ORIENTED_EDGE('',*,*,#3615,.T.);
#7379 = ORIENTED_EDGE('',*,*,#7341,.T.);
#7380 = ORIENTED_EDGE('',*,*,#1627,.F.);
#7381 = ORIENTED_EDGE('',*,*,#7382,.F.);
#7382 = EDGE_CURVE('',#3616,#1620,#7383,.T.);
#7383 = LINE('',#7384,#7385);
#7384 = CARTESIAN_POINT('',(1.182575512956,11.859233272053,0.));
#7385 = VECTOR('',#7386,1.);
#7386 = DIRECTION('',(0.,0.,1.));
#7387 = CYLINDRICAL_SURFACE('',#7388,1.);
#7388 = AXIS2_PLACEMENT_3D('',#7389,#7390,#7391);
#7389 = CARTESIAN_POINT('',(1.182575512956,10.859233272053,0.));
#7390 = DIRECTION('',(0.,0.,1.));
#7391 = DIRECTION('',(0.,1.,0.));
#7392 = ADVANCED_FACE('',(#7393),#7404,.T.);
#7393 = FACE_BOUND('',#7394,.T.);
#7394 = EDGE_LOOP('',(#7395,#7396,#7402,#7403));
#7395 = ORIENTED_EDGE('',*,*,#3588,.F.);
#7396 = ORIENTED_EDGE('',*,*,#7397,.T.);
#7397 = EDGE_CURVE('',#3589,#1603,#7398,.T.);
#7398 = LINE('',#7399,#7400);
#7399 = CARTESIAN_POINT('',(-1.882513066294,10.14502922458,0.));
#7400 = VECTOR('',#7401,1.);
#7401 = DIRECTION('',(0.,0.,1.));
#7402 = ORIENTED_EDGE('',*,*,#1602,.F.);
#7403 = ORIENTED_EDGE('',*,*,#7365,.F.);
#7404 = PLANE('',#7405);
#7405 = AXIS2_PLACEMENT_3D('',#7406,#7407,#7408);
#7406 = CARTESIAN_POINT('',(-3.631656919288,11.859233272053,0.));
#7407 = DIRECTION('',(0.699937553338,0.714204047473,0.));
#7408 = DIRECTION('',(0.714204047473,-0.699937553338,0.));
#7409 = ADVANCED_FACE('',(#7410),#7421,.F.);
#7410 = FACE_BOUND('',#7411,.F.);
#7411 = EDGE_LOOP('',(#7412,#7413,#7419,#7420));
#7412 = ORIENTED_EDGE('',*,*,#3624,.F.);
#7413 = ORIENTED_EDGE('',*,*,#7414,.T.);
#7414 = EDGE_CURVE('',#3625,#1611,#7415,.T.);
#7415 = LINE('',#7416,#7417);
#7416 = CARTESIAN_POINT('',(-1.182575512956,11.859233272053,0.));
#7417 = VECTOR('',#7418,1.);
#7418 = DIRECTION('',(0.,0.,1.));
#7419 = ORIENTED_EDGE('',*,*,#1619,.F.);
#7420 = ORIENTED_EDGE('',*,*,#7382,.F.);
#7421 = PLANE('',#7422);
#7422 = AXIS2_PLACEMENT_3D('',#7423,#7424,#7425);
#7423 = CARTESIAN_POINT('',(-3.631656919288,11.859233272053,0.));
#7424 = DIRECTION('',(0.,1.,0.));
#7425 = DIRECTION('',(1.,0.,0.));
#7426 = ADVANCED_FACE('',(#7427),#7433,.F.);
#7427 = FACE_BOUND('',#7428,.T.);
#7428 = EDGE_LOOP('',(#7429,#7430,#7431,#7432));
#7429 = ORIENTED_EDGE('',*,*,#3632,.T.);
#7430 = ORIENTED_EDGE('',*,*,#7414,.T.);
#7431 = ORIENTED_EDGE('',*,*,#1610,.F.);
#7432 = ORIENTED_EDGE('',*,*,#7397,.F.);
#7433 = CYLINDRICAL_SURFACE('',#7434,1.);
#7434 = AXIS2_PLACEMENT_3D('',#7435,#7436,#7437);
#7435 = CARTESIAN_POINT('',(-1.182575512956,10.859233272053,0.));
#7436 = DIRECTION('',(0.,0.,1.));
#7437 = DIRECTION('',(-0.699937553338,-0.714204047473,0.));
#7438 = ADVANCED_FACE('',(#7439),#7455,.F.);
#7439 = FACE_BOUND('',#7440,.F.);
#7440 = EDGE_LOOP('',(#7441,#7442,#7448,#7449));
#7441 = ORIENTED_EDGE('',*,*,#3730,.F.);
#7442 = ORIENTED_EDGE('',*,*,#7443,.T.);
#7443 = EDGE_CURVE('',#3731,#1639,#7444,.T.);
#7444 = LINE('',#7445,#7446);
#7445 = CARTESIAN_POINT('',(3.585954907743,9.714204047473,0.));
#7446 = VECTOR('',#7447,1.);
#7447 = DIRECTION('',(0.,0.,1.));
#7448 = ORIENTED_EDGE('',*,*,#1636,.F.);
#7449 = ORIENTED_EDGE('',*,*,#7450,.F.);
#7450 = EDGE_CURVE('',#3722,#1637,#7451,.T.);
#7451 = LINE('',#7452,#7453);
#7452 = CARTESIAN_POINT('',(4.768530420699,10.873157170329,0.));
#7453 = VECTOR('',#7454,1.);
#7454 = DIRECTION('',(0.,0.,1.));
#7455 = PLANE('',#7456);
#7456 = AXIS2_PLACEMENT_3D('',#7457,#7458,#7459);
#7457 = CARTESIAN_POINT('',(1.836811054749,8.,0.));
#7458 = DIRECTION('',(-0.699937553338,0.714204047473,0.));
#7459 = DIRECTION('',(0.714204047473,0.699937553338,0.));
#7460 = ADVANCED_FACE('',(#7461),#7472,.F.);
#7461 = FACE_BOUND('',#7462,.T.);
#7462 = EDGE_LOOP('',(#7463,#7464,#7470,#7471));
#7463 = ORIENTED_EDGE('',*,*,#3721,.T.);
#7464 = ORIENTED_EDGE('',*,*,#7465,.T.);
#7465 = EDGE_CURVE('',#3714,#1647,#7466,.T.);
#7466 = LINE('',#7467,#7468);
#7467 = CARTESIAN_POINT('',(6.168405527374,10.873157170329,0.));
#7468 = VECTOR('',#7469,1.);
#7469 = DIRECTION('',(0.,0.,1.));
#7470 = ORIENTED_EDGE('',*,*,#1646,.F.);
#7471 = ORIENTED_EDGE('',*,*,#7450,.F.);
#7472 = CYLINDRICAL_SURFACE('',#7473,1.);
#7473 = AXIS2_PLACEMENT_3D('',#7474,#7475,#7476);
#7474 = CARTESIAN_POINT('',(5.468467974036,10.158953122856,0.));
#7475 = DIRECTION('',(0.,0.,1.));
#7476 = DIRECTION('',(-0.699937553338,0.714204047473,0.));
#7477 = ADVANCED_FACE('',(#7478),#7489,.F.);
#7478 = FACE_BOUND('',#7479,.T.);
#7479 = EDGE_LOOP('',(#7480,#7481,#7482,#7483));
#7480 = ORIENTED_EDGE('',*,*,#3738,.T.);
#7481 = ORIENTED_EDGE('',*,*,#7443,.T.);
#7482 = ORIENTED_EDGE('',*,*,#1680,.F.);
#7483 = ORIENTED_EDGE('',*,*,#7484,.F.);
#7484 = EDGE_CURVE('',#3695,#1673,#7485,.T.);
#7485 = LINE('',#7486,#7487);
#7486 = CARTESIAN_POINT('',(4.285892461081,8.,0.));
#7487 = VECTOR('',#7488,1.);
#7488 = DIRECTION('',(0.,0.,1.));
#7489 = CYLINDRICAL_SURFACE('',#7490,1.);
#7490 = AXIS2_PLACEMENT_3D('',#7491,#7492,#7493);
#7491 = CARTESIAN_POINT('',(4.285892461081,9.,0.));
#7492 = DIRECTION('',(0.,0.,1.));
#7493 = DIRECTION('',(0.,-1.,0.));
#7494 = ADVANCED_FACE('',(#7495),#7506,.F.);
#7495 = FACE_BOUND('',#7496,.F.);
#7496 = EDGE_LOOP('',(#7497,#7498,#7499,#7500));
#7497 = ORIENTED_EDGE('',*,*,#3713,.F.);
#7498 = ORIENTED_EDGE('',*,*,#7465,.T.);
#7499 = ORIENTED_EDGE('',*,*,#1655,.F.);
#7500 = ORIENTED_EDGE('',*,*,#7501,.F.);
#7501 = EDGE_CURVE('',#3705,#1656,#7502,.T.);
#7502 = LINE('',#7503,#7504);
#7503 = CARTESIAN_POINT('',(7.35098104033,9.714204047473,0.));
#7504 = VECTOR('',#7505,1.);
#7505 = DIRECTION('',(0.,0.,1.));
#7506 = PLANE('',#7507);
#7507 = AXIS2_PLACEMENT_3D('',#7508,#7509,#7510);
#7508 = CARTESIAN_POINT('',(5.468467974036,11.559113208111,0.));
#7509 = DIRECTION('',(0.699937553338,0.714204047473,0.));
#7510 = DIRECTION('',(0.714204047473,-0.699937553338,0.));
#7511 = ADVANCED_FACE('',(#7512),#7523,.T.);
#7512 = FACE_BOUND('',#7513,.T.);
#7513 = EDGE_LOOP('',(#7514,#7515,#7516,#7517));
#7514 = ORIENTED_EDGE('',*,*,#3694,.F.);
#7515 = ORIENTED_EDGE('',*,*,#7484,.T.);
#7516 = ORIENTED_EDGE('',*,*,#1672,.F.);
#7517 = ORIENTED_EDGE('',*,*,#7518,.F.);
#7518 = EDGE_CURVE('',#3697,#1664,#7519,.T.);
#7519 = LINE('',#7520,#7521);
#7520 = CARTESIAN_POINT('',(6.651043486992,8.,0.));
#7521 = VECTOR('',#7522,1.);
#7522 = DIRECTION('',(0.,0.,1.));
#7523 = PLANE('',#7524);
#7524 = AXIS2_PLACEMENT_3D('',#7525,#7526,#7527);
#7525 = CARTESIAN_POINT('',(1.836811054749,8.,0.));
#7526 = DIRECTION('',(0.,1.,0.));
#7527 = DIRECTION('',(1.,0.,0.));
#7528 = ADVANCED_FACE('',(#7529),#7535,.F.);
#7529 = FACE_BOUND('',#7530,.F.);
#7530 = EDGE_LOOP('',(#7531,#7532,#7533,#7534));
#7531 = ORIENTED_EDGE('',*,*,#3704,.T.);
#7532 = ORIENTED_EDGE('',*,*,#7501,.T.);
#7533 = ORIENTED_EDGE('',*,*,#1663,.F.);
#7534 = ORIENTED_EDGE('',*,*,#7518,.F.);
#7535 = CYLINDRICAL_SURFACE('',#7536,1.);
#7536 = AXIS2_PLACEMENT_3D('',#7537,#7538,#7539);
#7537 = CARTESIAN_POINT('',(6.651043486992,9.,0.));
#7538 = DIRECTION('',(0.,0.,1.));
#7539 = DIRECTION('',(0.,-1.,0.));
#7540 = ADVANCED_FACE('',(#7541),#7557,.F.);
#7541 = FACE_BOUND('',#7542,.F.);
#7542 = EDGE_LOOP('',(#7543,#7544,#7550,#7551));
#7543 = ORIENTED_EDGE('',*,*,#3783,.F.);
#7544 = ORIENTED_EDGE('',*,*,#7545,.T.);
#7545 = EDGE_CURVE('',#3784,#1692,#7546,.T.);
#7546 = LINE('',#7547,#7548);
#7547 = CARTESIAN_POINT('',(3.047454748225,-7.25,0.));
#7548 = VECTOR('',#7549,1.);
#7549 = DIRECTION('',(0.,0.,1.));
#7550 = ORIENTED_EDGE('',*,*,#1689,.F.);
#7551 = ORIENTED_EDGE('',*,*,#7552,.F.);
#7552 = EDGE_CURVE('',#3775,#1690,#7553,.T.);
#7553 = LINE('',#7554,#7555);
#7554 = CARTESIAN_POINT('',(4.,-7.25,0.));
#7555 = VECTOR('',#7556,1.);
#7556 = DIRECTION('',(0.,0.,1.));
#7557 = PLANE('',#7558);
#7558 = AXIS2_PLACEMENT_3D('',#7559,#7560,#7561);
#7559 = CARTESIAN_POINT('',(1.299038105677,-7.25,0.));
#7560 = DIRECTION('',(0.,1.,0.));
#7561 = DIRECTION('',(1.,0.,0.));
#7562 = ADVANCED_FACE('',(#7563),#7574,.F.);
#7563 = FACE_BOUND('',#7564,.T.);
#7564 = EDGE_LOOP('',(#7565,#7566,#7572,#7573));
#7565 = ORIENTED_EDGE('',*,*,#3774,.T.);
#7566 = ORIENTED_EDGE('',*,*,#7567,.T.);
#7567 = EDGE_CURVE('',#3767,#1700,#7568,.T.);
#7568 = LINE('',#7569,#7570);
#7569 = CARTESIAN_POINT('',(5.,-8.25,0.));
#7570 = VECTOR('',#7571,1.);
#7571 = DIRECTION('',(0.,0.,1.));
#7572 = ORIENTED_EDGE('',*,*,#1699,.F.);
#7573 = ORIENTED_EDGE('',*,*,#7552,.F.);
#7574 = CYLINDRICAL_SURFACE('',#7575,1.);
#7575 = AXIS2_PLACEMENT_3D('',#7576,#7577,#7578);
#7576 = CARTESIAN_POINT('',(4.,-8.25,0.));
#7577 = DIRECTION('',(0.,0.,1.));
#7578 = DIRECTION('',(0.,1.,0.));
#7579 = ADVANCED_FACE('',(#7580),#7591,.F.);
#7580 = FACE_BOUND('',#7581,.T.);
#7581 = EDGE_LOOP('',(#7582,#7583,#7584,#7585));
#7582 = ORIENTED_EDGE('',*,*,#3791,.T.);
#7583 = ORIENTED_EDGE('',*,*,#7545,.T.);
#7584 = ORIENTED_EDGE('',*,*,#1733,.F.);
#7585 = ORIENTED_EDGE('',*,*,#7586,.F.);
#7586 = EDGE_CURVE('',#3748,#1726,#7587,.T.);
#7587 = LINE('',#7588,#7589);
#7588 = CARTESIAN_POINT('',(2.185520533067,-8.757020126563,0.));
#7589 = VECTOR('',#7590,1.);
#7590 = DIRECTION('',(0.,0.,1.));
#7591 = CYLINDRICAL_SURFACE('',#7592,1.);
#7592 = AXIS2_PLACEMENT_3D('',#7593,#7594,#7595);
#7593 = CARTESIAN_POINT('',(3.047454748225,-8.25,0.));
#7594 = DIRECTION('',(0.,0.,1.));
#7595 = DIRECTION('',(-0.861934215158,-0.507020126563,0.));
#7596 = ADVANCED_FACE('',(#7597),#7608,.F.);
#7597 = FACE_BOUND('',#7598,.F.);
#7598 = EDGE_LOOP('',(#7599,#7600,#7601,#7602));
#7599 = ORIENTED_EDGE('',*,*,#3766,.F.);
#7600 = ORIENTED_EDGE('',*,*,#7567,.T.);
#7601 = ORIENTED_EDGE('',*,*,#1708,.F.);
#7602 = ORIENTED_EDGE('',*,*,#7603,.F.);
#7603 = EDGE_CURVE('',#3758,#1709,#7604,.T.);
#7604 = LINE('',#7605,#7606);
#7605 = CARTESIAN_POINT('',(5.,-9.869326928018,0.));
#7606 = VECTOR('',#7607,1.);
#7607 = DIRECTION('',(0.,0.,1.));
#7608 = PLANE('',#7609);
#7609 = AXIS2_PLACEMENT_3D('',#7610,#7611,#7612);
#7610 = CARTESIAN_POINT('',(5.,-7.25,0.));
#7611 = DIRECTION('',(1.,0.,0.));
#7612 = DIRECTION('',(0.,-1.,0.));
#7613 = ADVANCED_FACE('',(#7614),#7625,.T.);
#7614 = FACE_BOUND('',#7615,.T.);
#7615 = EDGE_LOOP('',(#7616,#7617,#7618,#7619));
#7616 = ORIENTED_EDGE('',*,*,#3747,.F.);
#7617 = ORIENTED_EDGE('',*,*,#7586,.T.);
#7618 = ORIENTED_EDGE('',*,*,#1725,.F.);
#7619 = ORIENTED_EDGE('',*,*,#7620,.F.);
#7620 = EDGE_CURVE('',#3750,#1717,#7621,.T.);
#7621 = LINE('',#7622,#7623);
#7622 = CARTESIAN_POINT('',(3.138065784842,-10.37634705458,0.));
#7623 = VECTOR('',#7624,1.);
#7624 = DIRECTION('',(0.,0.,1.));
#7625 = PLANE('',#7626);
#7626 = AXIS2_PLACEMENT_3D('',#7627,#7628,#7629);
#7627 = CARTESIAN_POINT('',(1.299038105677,-7.25,0.));
#7628 = DIRECTION('',(0.861934215158,0.507020126563,0.));
#7629 = DIRECTION('',(0.507020126563,-0.861934215158,0.));
#7630 = ADVANCED_FACE('',(#7631),#7637,.F.);
#7631 = FACE_BOUND('',#7632,.F.);
#7632 = EDGE_LOOP('',(#7633,#7634,#7635,#7636));
#7633 = ORIENTED_EDGE('',*,*,#3757,.T.);
#7634 = ORIENTED_EDGE('',*,*,#7603,.T.);
#7635 = ORIENTED_EDGE('',*,*,#1716,.F.);
#7636 = ORIENTED_EDGE('',*,*,#7620,.F.);
#7637 = CYLINDRICAL_SURFACE('',#7638,1.);
#7638 = AXIS2_PLACEMENT_3D('',#7639,#7640,#7641);
#7639 = CARTESIAN_POINT('',(4.,-9.869326928018,0.));
#7640 = DIRECTION('',(0.,0.,1.));
#7641 = DIRECTION('',(-0.861934215158,-0.507020126563,0.));
#7642 = ADVANCED_FACE('',(#7643),#7659,.F.);
#7643 = FACE_BOUND('',#7644,.F.);
#7644 = EDGE_LOOP('',(#7645,#7646,#7652,#7653));
#7645 = ORIENTED_EDGE('',*,*,#3836,.F.);
#7646 = ORIENTED_EDGE('',*,*,#7647,.T.);
#7647 = EDGE_CURVE('',#3837,#1745,#7648,.T.);
#7648 = LINE('',#7649,#7650);
#7649 = CARTESIAN_POINT('',(-3.047454748225,-5.75,0.));
#7650 = VECTOR('',#7651,1.);
#7651 = DIRECTION('',(0.,0.,1.));
#7652 = ORIENTED_EDGE('',*,*,#1742,.F.);
#7653 = ORIENTED_EDGE('',*,*,#7654,.F.);
#7654 = EDGE_CURVE('',#3828,#1743,#7655,.T.);
#7655 = LINE('',#7656,#7657);
#7656 = CARTESIAN_POINT('',(-4.,-5.75,0.));
#7657 = VECTOR('',#7658,1.);
#7658 = DIRECTION('',(0.,0.,1.));
#7659 = PLANE('',#7660);
#7660 = AXIS2_PLACEMENT_3D('',#7661,#7662,#7663);
#7661 = CARTESIAN_POINT('',(-1.299038105677,-5.75,0.));
#7662 = DIRECTION('',(0.,-1.,0.));
#7663 = DIRECTION('',(-1.,0.,0.));
#7664 = ADVANCED_FACE('',(#7665),#7676,.F.);
#7665 = FACE_BOUND('',#7666,.T.);
#7666 = EDGE_LOOP('',(#7667,#7668,#7674,#7675));
#7667 = ORIENTED_EDGE('',*,*,#3827,.T.);
#7668 = ORIENTED_EDGE('',*,*,#7669,.T.);
#7669 = EDGE_CURVE('',#3820,#1753,#7670,.T.);
#7670 = LINE('',#7671,#7672);
#7671 = CARTESIAN_POINT('',(-5.,-4.75,0.));
#7672 = VECTOR('',#7673,1.);
#7673 = DIRECTION('',(0.,0.,1.));
#7674 = ORIENTED_EDGE('',*,*,#1752,.F.);
#7675 = ORIENTED_EDGE('',*,*,#7654,.F.);
#7676 = CYLINDRICAL_SURFACE('',#7677,1.);
#7677 = AXIS2_PLACEMENT_3D('',#7678,#7679,#7680);
#7678 = CARTESIAN_POINT('',(-4.,-4.75,0.));
#7679 = DIRECTION('',(0.,0.,1.));
#7680 = DIRECTION('',(0.,-1.,0.));
#7681 = ADVANCED_FACE('',(#7682),#7693,.F.);
#7682 = FACE_BOUND('',#7683,.T.);
#7683 = EDGE_LOOP('',(#7684,#7685,#7686,#7687));
#7684 = ORIENTED_EDGE('',*,*,#3844,.T.);
#7685 = ORIENTED_EDGE('',*,*,#7647,.T.);
#7686 = ORIENTED_EDGE('',*,*,#1786,.F.);
#7687 = ORIENTED_EDGE('',*,*,#7688,.F.);
#7688 = EDGE_CURVE('',#3801,#1779,#7689,.T.);
#7689 = LINE('',#7690,#7691);
#7690 = CARTESIAN_POINT('',(-2.185520533067,-4.242979873437,0.));
#7691 = VECTOR('',#7692,1.);
#7692 = DIRECTION('',(0.,0.,1.));
#7693 = CYLINDRICAL_SURFACE('',#7694,1.);
#7694 = AXIS2_PLACEMENT_3D('',#7695,#7696,#7697);
#7695 = CARTESIAN_POINT('',(-3.047454748225,-4.75,0.));
#7696 = DIRECTION('',(0.,0.,1.));
#7697 = DIRECTION('',(0.861934215158,0.507020126563,0.));
#7698 = ADVANCED_FACE('',(#7699),#7710,.F.);
#7699 = FACE_BOUND('',#7700,.F.);
#7700 = EDGE_LOOP('',(#7701,#7702,#7703,#7704));
#7701 = ORIENTED_EDGE('',*,*,#3819,.F.);
#7702 = ORIENTED_EDGE('',*,*,#7669,.T.);
#7703 = ORIENTED_EDGE('',*,*,#1761,.F.);
#7704 = ORIENTED_EDGE('',*,*,#7705,.F.);
#7705 = EDGE_CURVE('',#3811,#1762,#7706,.T.);
#7706 = LINE('',#7707,#7708);
#7707 = CARTESIAN_POINT('',(-5.,-3.130673071982,0.));
#7708 = VECTOR('',#7709,1.);
#7709 = DIRECTION('',(0.,0.,1.));
#7710 = PLANE('',#7711);
#7711 = AXIS2_PLACEMENT_3D('',#7712,#7713,#7714);
#7712 = CARTESIAN_POINT('',(-5.,-5.75,0.));
#7713 = DIRECTION('',(-1.,0.,0.));
#7714 = DIRECTION('',(0.,1.,0.));
#7715 = ADVANCED_FACE('',(#7716),#7727,.T.);
#7716 = FACE_BOUND('',#7717,.T.);
#7717 = EDGE_LOOP('',(#7718,#7719,#7720,#7721));
#7718 = ORIENTED_EDGE('',*,*,#3800,.F.);
#7719 = ORIENTED_EDGE('',*,*,#7688,.T.);
#7720 = ORIENTED_EDGE('',*,*,#1778,.F.);
#7721 = ORIENTED_EDGE('',*,*,#7722,.F.);
#7722 = EDGE_CURVE('',#3803,#1770,#7723,.T.);
#7723 = LINE('',#7724,#7725);
#7724 = CARTESIAN_POINT('',(-3.138065784842,-2.623652945419,0.));
#7725 = VECTOR('',#7726,1.);
#7726 = DIRECTION('',(0.,0.,1.));
#7727 = PLANE('',#7728);
#7728 = AXIS2_PLACEMENT_3D('',#7729,#7730,#7731);
#7729 = CARTESIAN_POINT('',(-1.299038105677,-5.75,0.));
#7730 = DIRECTION('',(-0.861934215158,-0.507020126563,0.));
#7731 = DIRECTION('',(-0.507020126563,0.861934215158,0.));
#7732 = ADVANCED_FACE('',(#7733),#7739,.F.);
#7733 = FACE_BOUND('',#7734,.F.);
#7734 = EDGE_LOOP('',(#7735,#7736,#7737,#7738));
#7735 = ORIENTED_EDGE('',*,*,#3810,.T.);
#7736 = ORIENTED_EDGE('',*,*,#7705,.T.);
#7737 = ORIENTED_EDGE('',*,*,#1769,.F.);
#7738 = ORIENTED_EDGE('',*,*,#7722,.F.);
#7739 = CYLINDRICAL_SURFACE('',#7740,1.);
#7740 = AXIS2_PLACEMENT_3D('',#7741,#7742,#7743);
#7741 = CARTESIAN_POINT('',(-4.,-3.130673071982,0.));
#7742 = DIRECTION('',(0.,0.,1.));
#7743 = DIRECTION('',(0.861934215158,0.507020126563,0.));
#7744 = ADVANCED_FACE('',(#7745),#7761,.F.);
#7745 = FACE_BOUND('',#7746,.F.);
#7746 = EDGE_LOOP('',(#7747,#7748,#7754,#7755));
#7747 = ORIENTED_EDGE('',*,*,#3889,.F.);
#7748 = ORIENTED_EDGE('',*,*,#7749,.T.);
#7749 = EDGE_CURVE('',#3890,#1798,#7750,.T.);
#7750 = LINE('',#7751,#7752);
#7751 = CARTESIAN_POINT('',(-2.185520533067,-8.757020126563,0.));
#7752 = VECTOR('',#7753,1.);
#7753 = DIRECTION('',(0.,0.,1.));
#7754 = ORIENTED_EDGE('',*,*,#1795,.F.);
#7755 = ORIENTED_EDGE('',*,*,#7756,.F.);
#7756 = EDGE_CURVE('',#3881,#1796,#7757,.T.);
#7757 = LINE('',#7758,#7759);
#7758 = CARTESIAN_POINT('',(-3.138065784842,-10.37634705458,0.));
#7759 = VECTOR('',#7760,1.);
#7760 = DIRECTION('',(0.,0.,1.));
#7761 = PLANE('',#7762);
#7762 = AXIS2_PLACEMENT_3D('',#7763,#7764,#7765);
#7763 = CARTESIAN_POINT('',(-1.299038105677,-7.25,0.));
#7764 = DIRECTION('',(0.861934215158,-0.507020126563,0.));
#7765 = DIRECTION('',(-0.507020126563,-0.861934215158,0.));
#7766 = ADVANCED_FACE('',(#7767),#7778,.F.);
#7767 = FACE_BOUND('',#7768,.T.);
#7768 = EDGE_LOOP('',(#7769,#7770,#7776,#7777));
#7769 = ORIENTED_EDGE('',*,*,#3880,.T.);
#7770 = ORIENTED_EDGE('',*,*,#7771,.T.);
#7771 = EDGE_CURVE('',#3873,#1806,#7772,.T.);
#7772 = LINE('',#7773,#7774);
#7773 = CARTESIAN_POINT('',(-5.,-9.869326928018,0.));
#7774 = VECTOR('',#7775,1.);
#7775 = DIRECTION('',(0.,0.,1.));
#7776 = ORIENTED_EDGE('',*,*,#1805,.F.);
#7777 = ORIENTED_EDGE('',*,*,#7756,.F.);
#7778 = CYLINDRICAL_SURFACE('',#7779,1.);
#7779 = AXIS2_PLACEMENT_3D('',#7780,#7781,#7782);
#7780 = CARTESIAN_POINT('',(-4.,-9.869326928018,0.));
#7781 = DIRECTION('',(0.,0.,1.));
#7782 = DIRECTION('',(0.861934215158,-0.507020126563,0.));
#7783 = ADVANCED_FACE('',(#7784),#7795,.F.);
#7784 = FACE_BOUND('',#7785,.T.);
#7785 = EDGE_LOOP('',(#7786,#7787,#7788,#7789));
#7786 = ORIENTED_EDGE('',*,*,#3897,.T.);
#7787 = ORIENTED_EDGE('',*,*,#7749,.T.);
#7788 = ORIENTED_EDGE('',*,*,#1839,.F.);
#7789 = ORIENTED_EDGE('',*,*,#7790,.F.);
#7790 = EDGE_CURVE('',#3854,#1832,#7791,.T.);
#7791 = LINE('',#7792,#7793);
#7792 = CARTESIAN_POINT('',(-3.047454748225,-7.25,0.));
#7793 = VECTOR('',#7794,1.);
#7794 = DIRECTION('',(0.,0.,1.));
#7795 = CYLINDRICAL_SURFACE('',#7796,1.);
#7796 = AXIS2_PLACEMENT_3D('',#7797,#7798,#7799);
#7797 = CARTESIAN_POINT('',(-3.047454748225,-8.25,0.));
#7798 = DIRECTION('',(0.,0.,1.));
#7799 = DIRECTION('',(0.,1.,0.));
#7800 = ADVANCED_FACE('',(#7801),#7812,.F.);
#7801 = FACE_BOUND('',#7802,.F.);
#7802 = EDGE_LOOP('',(#7803,#7804,#7805,#7806));
#7803 = ORIENTED_EDGE('',*,*,#3872,.F.);
#7804 = ORIENTED_EDGE('',*,*,#7771,.T.);
#7805 = ORIENTED_EDGE('',*,*,#1814,.F.);
#7806 = ORIENTED_EDGE('',*,*,#7807,.F.);
#7807 = EDGE_CURVE('',#3864,#1815,#7808,.T.);
#7808 = LINE('',#7809,#7810);
#7809 = CARTESIAN_POINT('',(-5.,-8.25,0.));
#7810 = VECTOR('',#7811,1.);
#7811 = DIRECTION('',(0.,0.,1.));
#7812 = PLANE('',#7813);
#7813 = AXIS2_PLACEMENT_3D('',#7814,#7815,#7816);
#7814 = CARTESIAN_POINT('',(-5.,-13.54163522035,0.));
#7815 = DIRECTION('',(-1.,0.,0.));
#7816 = DIRECTION('',(0.,1.,0.));
#7817 = ADVANCED_FACE('',(#7818),#7829,.T.);
#7818 = FACE_BOUND('',#7819,.T.);
#7819 = EDGE_LOOP('',(#7820,#7821,#7822,#7823));
#7820 = ORIENTED_EDGE('',*,*,#3853,.F.);
#7821 = ORIENTED_EDGE('',*,*,#7790,.T.);
#7822 = ORIENTED_EDGE('',*,*,#1831,.F.);
#7823 = ORIENTED_EDGE('',*,*,#7824,.F.);
#7824 = EDGE_CURVE('',#3856,#1823,#7825,.T.);
#7825 = LINE('',#7826,#7827);
#7826 = CARTESIAN_POINT('',(-4.,-7.25,0.));
#7827 = VECTOR('',#7828,1.);
#7828 = DIRECTION('',(0.,0.,1.));
#7829 = PLANE('',#7830);
#7830 = AXIS2_PLACEMENT_3D('',#7831,#7832,#7833);
#7831 = CARTESIAN_POINT('',(-1.299038105677,-7.25,0.));
#7832 = DIRECTION('',(0.,-1.,0.));
#7833 = DIRECTION('',(-1.,0.,0.));
#7834 = ADVANCED_FACE('',(#7835),#7841,.F.);
#7835 = FACE_BOUND('',#7836,.F.);
#7836 = EDGE_LOOP('',(#7837,#7838,#7839,#7840));
#7837 = ORIENTED_EDGE('',*,*,#3863,.T.);
#7838 = ORIENTED_EDGE('',*,*,#7807,.T.);
#7839 = ORIENTED_EDGE('',*,*,#1822,.F.);
#7840 = ORIENTED_EDGE('',*,*,#7824,.F.);
#7841 = CYLINDRICAL_SURFACE('',#7842,1.);
#7842 = AXIS2_PLACEMENT_3D('',#7843,#7844,#7845);
#7843 = CARTESIAN_POINT('',(-4.,-8.25,0.));
#7844 = DIRECTION('',(0.,0.,1.));
#7845 = DIRECTION('',(0.,1.,0.));
#7846 = ADVANCED_FACE('',(#7847),#7863,.T.);
#7847 = FACE_BOUND('',#7848,.T.);
#7848 = EDGE_LOOP('',(#7849,#7850,#7856,#7857));
#7849 = ORIENTED_EDGE('',*,*,#3925,.F.);
#7850 = ORIENTED_EDGE('',*,*,#7851,.T.);
#7851 = EDGE_CURVE('',#3917,#1851,#7852,.T.);
#7852 = LINE('',#7853,#7854);
#7853 = CARTESIAN_POINT('',(5.,-4.75,0.));
#7854 = VECTOR('',#7855,1.);
#7855 = DIRECTION('',(0.,0.,1.));
#7856 = ORIENTED_EDGE('',*,*,#1848,.F.);
#7857 = ORIENTED_EDGE('',*,*,#7858,.F.);
#7858 = EDGE_CURVE('',#3926,#1849,#7859,.T.);
#7859 = LINE('',#7860,#7861);
#7860 = CARTESIAN_POINT('',(5.,-3.130673071982,0.));
#7861 = VECTOR('',#7862,1.);
#7862 = DIRECTION('',(0.,0.,1.));
#7863 = PLANE('',#7864);
#7864 = AXIS2_PLACEMENT_3D('',#7865,#7866,#7867);
#7865 = CARTESIAN_POINT('',(5.,-5.75,0.));
#7866 = DIRECTION('',(-1.,0.,0.));
#7867 = DIRECTION('',(0.,1.,0.));
#7868 = ADVANCED_FACE('',(#7869),#7880,.F.);
#7869 = FACE_BOUND('',#7870,.T.);
#7870 = EDGE_LOOP('',(#7871,#7872,#7873,#7874));
#7871 = ORIENTED_EDGE('',*,*,#3933,.T.);
#7872 = ORIENTED_EDGE('',*,*,#7858,.T.);
#7873 = ORIENTED_EDGE('',*,*,#1892,.F.);
#7874 = ORIENTED_EDGE('',*,*,#7875,.F.);
#7875 = EDGE_CURVE('',#3934,#1885,#7876,.T.);
#7876 = LINE('',#7877,#7878);
#7877 = CARTESIAN_POINT('',(3.138065784842,-2.623652945419,0.));
#7878 = VECTOR('',#7879,1.);
#7879 = DIRECTION('',(0.,0.,1.));
#7880 = CYLINDRICAL_SURFACE('',#7881,1.);
#7881 = AXIS2_PLACEMENT_3D('',#7882,#7883,#7884);
#7882 = CARTESIAN_POINT('',(4.,-3.130673071982,0.));
#7883 = DIRECTION('',(0.,0.,1.));
#7884 = DIRECTION('',(-0.861934215158,0.507020126563,0.));
#7885 = ADVANCED_FACE('',(#7886),#7897,.F.);
#7886 = FACE_BOUND('',#7887,.F.);
#7887 = EDGE_LOOP('',(#7888,#7889,#7890,#7891));
#7888 = ORIENTED_EDGE('',*,*,#3916,.T.);
#7889 = ORIENTED_EDGE('',*,*,#7851,.T.);
#7890 = ORIENTED_EDGE('',*,*,#1858,.F.);
#7891 = ORIENTED_EDGE('',*,*,#7892,.F.);
#7892 = EDGE_CURVE('',#3909,#1859,#7893,.T.);
#7893 = LINE('',#7894,#7895);
#7894 = CARTESIAN_POINT('',(4.,-5.75,0.));
#7895 = VECTOR('',#7896,1.);
#7896 = DIRECTION('',(0.,0.,1.));
#7897 = CYLINDRICAL_SURFACE('',#7898,1.);
#7898 = AXIS2_PLACEMENT_3D('',#7899,#7900,#7901);
#7899 = CARTESIAN_POINT('',(4.,-4.75,0.));
#7900 = DIRECTION('',(0.,0.,1.));
#7901 = DIRECTION('',(0.,-1.,0.));
#7902 = ADVANCED_FACE('',(#7903),#7914,.F.);
#7903 = FACE_BOUND('',#7904,.F.);
#7904 = EDGE_LOOP('',(#7905,#7906,#7912,#7913));
#7905 = ORIENTED_EDGE('',*,*,#3942,.F.);
#7906 = ORIENTED_EDGE('',*,*,#7907,.T.);
#7907 = EDGE_CURVE('',#3943,#1876,#7908,.T.);
#7908 = LINE('',#7909,#7910);
#7909 = CARTESIAN_POINT('',(2.185520533067,-4.242979873437,0.));
#7910 = VECTOR('',#7911,1.);
#7911 = DIRECTION('',(0.,0.,1.));
#7912 = ORIENTED_EDGE('',*,*,#1884,.F.);
#7913 = ORIENTED_EDGE('',*,*,#7875,.F.);
#7914 = PLANE('',#7915);
#7915 = AXIS2_PLACEMENT_3D('',#7916,#7917,#7918);
#7916 = CARTESIAN_POINT('',(1.299038105677,-5.75,0.));
#7917 = DIRECTION('',(-0.861934215158,0.507020126563,0.));
#7918 = DIRECTION('',(0.507020126563,0.861934215158,0.));
#7919 = ADVANCED_FACE('',(#7920),#7931,.T.);
#7920 = FACE_BOUND('',#7921,.T.);
#7921 = EDGE_LOOP('',(#7922,#7923,#7929,#7930));
#7922 = ORIENTED_EDGE('',*,*,#3906,.F.);
#7923 = ORIENTED_EDGE('',*,*,#7924,.T.);
#7924 = EDGE_CURVE('',#3907,#1868,#7925,.T.);
#7925 = LINE('',#7926,#7927);
#7926 = CARTESIAN_POINT('',(3.047454748225,-5.75,0.));
#7927 = VECTOR('',#7928,1.);
#7928 = DIRECTION('',(0.,0.,1.));
#7929 = ORIENTED_EDGE('',*,*,#1867,.F.);
#7930 = ORIENTED_EDGE('',*,*,#7892,.F.);
#7931 = PLANE('',#7932);
#7932 = AXIS2_PLACEMENT_3D('',#7933,#7934,#7935);
#7933 = CARTESIAN_POINT('',(1.299038105677,-5.75,0.));
#7934 = DIRECTION('',(0.,1.,0.));
#7935 = DIRECTION('',(1.,0.,0.));
#7936 = ADVANCED_FACE('',(#7937),#7943,.F.);
#7937 = FACE_BOUND('',#7938,.T.);
#7938 = EDGE_LOOP('',(#7939,#7940,#7941,#7942));
#7939 = ORIENTED_EDGE('',*,*,#3950,.T.);
#7940 = ORIENTED_EDGE('',*,*,#7907,.T.);
#7941 = ORIENTED_EDGE('',*,*,#1875,.F.);
#7942 = ORIENTED_EDGE('',*,*,#7924,.F.);
#7943 = CYLINDRICAL_SURFACE('',#7944,1.);
#7944 = AXIS2_PLACEMENT_3D('',#7945,#7946,#7947);
#7945 = CARTESIAN_POINT('',(3.047454748225,-4.75,0.));
#7946 = DIRECTION('',(0.,0.,1.));
#7947 = DIRECTION('',(0.,-1.,0.));
#7948 = ADVANCED_FACE('',(#7949),#7965,.T.);
#7949 = FACE_BOUND('',#7950,.T.);
#7950 = EDGE_LOOP('',(#7951,#7952,#7958,#7959));
#7951 = ORIENTED_EDGE('',*,*,#3978,.F.);
#7952 = ORIENTED_EDGE('',*,*,#7953,.T.);
#7953 = EDGE_CURVE('',#3970,#1904,#7954,.T.);
#7954 = LINE('',#7955,#7956);
#7955 = CARTESIAN_POINT('',(3.05947996833,-19.,0.));
#7956 = VECTOR('',#7957,1.);
#7957 = DIRECTION('',(0.,0.,1.));
#7958 = ORIENTED_EDGE('',*,*,#1901,.F.);
#7959 = ORIENTED_EDGE('',*,*,#7960,.F.);
#7960 = EDGE_CURVE('',#3979,#1902,#7961,.T.);
#7961 = LINE('',#7962,#7963);
#7962 = CARTESIAN_POINT('',(4.722171592746,-19.,0.));
#7963 = VECTOR('',#7964,1.);
#7964 = DIRECTION('',(0.,0.,1.));
#7965 = PLANE('',#7966);
#7966 = AXIS2_PLACEMENT_3D('',#7967,#7968,#7969);
#7967 = CARTESIAN_POINT('',(1.310933375588,-19.,0.));
#7968 = DIRECTION('',(0.,1.,0.));
#7969 = DIRECTION('',(1.,0.,0.));
#7970 = ADVANCED_FACE('',(#7971),#7982,.F.);
#7971 = FACE_BOUND('',#7972,.T.);
#7972 = EDGE_LOOP('',(#7973,#7974,#7975,#7976));
#7973 = ORIENTED_EDGE('',*,*,#3986,.T.);
#7974 = ORIENTED_EDGE('',*,*,#7960,.T.);
#7975 = ORIENTED_EDGE('',*,*,#1945,.F.);
#7976 = ORIENTED_EDGE('',*,*,#7977,.F.);
#7977 = EDGE_CURVE('',#3987,#1938,#7978,.T.);
#7978 = LINE('',#7979,#7980);
#7979 = CARTESIAN_POINT('',(5.584105807904,-17.49297987343,0.));
#7980 = VECTOR('',#7981,1.);
#7981 = DIRECTION('',(0.,0.,1.));
#7982 = CYLINDRICAL_SURFACE('',#7983,1.);
#7983 = AXIS2_PLACEMENT_3D('',#7984,#7985,#7986);
#7984 = CARTESIAN_POINT('',(4.722171592746,-18.,0.));
#7985 = DIRECTION('',(0.,0.,1.));
#7986 = DIRECTION('',(0.861934215158,0.507020126563,0.));
#7987 = ADVANCED_FACE('',(#7988),#7999,.F.);
#7988 = FACE_BOUND('',#7989,.F.);
#7989 = EDGE_LOOP('',(#7990,#7991,#7992,#7993));
#7990 = ORIENTED_EDGE('',*,*,#3969,.T.);
#7991 = ORIENTED_EDGE('',*,*,#7953,.T.);
#7992 = ORIENTED_EDGE('',*,*,#1911,.F.);
#7993 = ORIENTED_EDGE('',*,*,#7994,.F.);
#7994 = EDGE_CURVE('',#3962,#1912,#7995,.T.);
#7995 = LINE('',#7996,#7997);
#7996 = CARTESIAN_POINT('',(2.197578234266,-17.49292465962,0.));
#7997 = VECTOR('',#7998,1.);
#7998 = DIRECTION('',(0.,0.,1.));
#7999 = CYLINDRICAL_SURFACE('',#8000,1.);
#8000 = AXIS2_PLACEMENT_3D('',#8001,#8002,#8003);
#8001 = CARTESIAN_POINT('',(3.05947996833,-18.,0.));
#8002 = DIRECTION('',(0.,0.,1.));
#8003 = DIRECTION('',(-0.861901734064,0.507075340376,0.));
#8004 = ADVANCED_FACE('',(#8005),#8016,.F.);
#8005 = FACE_BOUND('',#8006,.F.);
#8006 = EDGE_LOOP('',(#8007,#8008,#8014,#8015));
#8007 = ORIENTED_EDGE('',*,*,#3995,.F.);
#8008 = ORIENTED_EDGE('',*,*,#8009,.T.);
#8009 = EDGE_CURVE('',#3996,#1929,#8010,.T.);
#8010 = LINE('',#8011,#8012);
#8011 = CARTESIAN_POINT('',(4.75282092395,-16.07979557071,0.));
#8012 = VECTOR('',#8013,1.);
#8013 = DIRECTION('',(0.,0.,1.));
#8014 = ORIENTED_EDGE('',*,*,#1937,.F.);
#8015 = ORIENTED_EDGE('',*,*,#7977,.F.);
#8016 = PLANE('',#8017);
#8017 = AXIS2_PLACEMENT_3D('',#8018,#8019,#8020);
#8018 = CARTESIAN_POINT('',(3.89094987764,-14.61461479198,0.));
#8019 = DIRECTION('',(0.861934215158,0.507020126563,0.));
#8020 = DIRECTION('',(0.507020126563,-0.861934215158,0.));
#8021 = ADVANCED_FACE('',(#8022),#8033,.T.);
#8022 = FACE_BOUND('',#8023,.T.);
#8023 = EDGE_LOOP('',(#8024,#8025,#8031,#8032));
#8024 = ORIENTED_EDGE('',*,*,#3959,.F.);
#8025 = ORIENTED_EDGE('',*,*,#8026,.T.);
#8026 = EDGE_CURVE('',#3960,#1921,#8027,.T.);
#8027 = LINE('',#8028,#8029);
#8028 = CARTESIAN_POINT('',(3.028984974728,-16.0797403569,0.));
#8029 = VECTOR('',#8030,1.);
#8030 = DIRECTION('',(0.,0.,1.));
#8031 = ORIENTED_EDGE('',*,*,#1920,.F.);
#8032 = ORIENTED_EDGE('',*,*,#7994,.F.);
#8033 = PLANE('',#8034);
#8034 = AXIS2_PLACEMENT_3D('',#8035,#8036,#8037);
#8035 = CARTESIAN_POINT('',(3.89094987764,-14.61461479198,0.));
#8036 = DIRECTION('',(0.861901734064,-0.507075340376,0.));
#8037 = DIRECTION('',(-0.507075340376,-0.861901734064,0.));
#8038 = ADVANCED_FACE('',(#8039),#8045,.F.);
#8039 = FACE_BOUND('',#8040,.T.);
#8040 = EDGE_LOOP('',(#8041,#8042,#8043,#8044));
#8041 = ORIENTED_EDGE('',*,*,#4003,.T.);
#8042 = ORIENTED_EDGE('',*,*,#8009,.T.);
#8043 = ORIENTED_EDGE('',*,*,#1928,.F.);
#8044 = ORIENTED_EDGE('',*,*,#8026,.F.);
#8045 = CYLINDRICAL_SURFACE('',#8046,1.);
#8046 = AXIS2_PLACEMENT_3D('',#8047,#8048,#8049);
#8047 = CARTESIAN_POINT('',(3.890886708792,-16.58681569727,0.));
#8048 = DIRECTION('',(0.,0.,1.));
#8049 = DIRECTION('',(-0.861901734064,0.507075340376,0.));
#8050 = ADVANCED_FACE('',(#8051),#8067,.F.);
#8051 = FACE_BOUND('',#8052,.F.);
#8052 = EDGE_LOOP('',(#8053,#8054,#8060,#8061));
#8053 = ORIENTED_EDGE('',*,*,#4048,.F.);
#8054 = ORIENTED_EDGE('',*,*,#8055,.T.);
#8055 = EDGE_CURVE('',#4049,#1957,#8056,.T.);
#8056 = LINE('',#8057,#8058);
#8057 = CARTESIAN_POINT('',(3.02898552913,3.079740756078,0.));
#8058 = VECTOR('',#8059,1.);
#8059 = DIRECTION('',(0.,0.,1.));
#8060 = ORIENTED_EDGE('',*,*,#1954,.F.);
#8061 = ORIENTED_EDGE('',*,*,#8062,.F.);
#8062 = EDGE_CURVE('',#4040,#1955,#8063,.T.);
#8063 = LINE('',#8064,#8065);
#8064 = CARTESIAN_POINT('',(2.197578583792,4.49292438799,0.));
#8065 = VECTOR('',#8066,1.);
#8066 = DIRECTION('',(0.,0.,1.));
#8067 = PLANE('',#8068);
#8068 = AXIS2_PLACEMENT_3D('',#8069,#8070,#8071);
#8069 = CARTESIAN_POINT('',(3.890950582993,1.614615991089,0.));
#8070 = DIRECTION('',(-0.861901574256,-0.50707561201,0.));
#8071 = DIRECTION('',(-0.50707561201,0.861901574256,0.));
#8072 = ADVANCED_FACE('',(#8073),#8084,.F.);
#8073 = FACE_BOUND('',#8074,.T.);
#8074 = EDGE_LOOP('',(#8075,#8076,#8082,#8083));
#8075 = ORIENTED_EDGE('',*,*,#4039,.T.);
#8076 = ORIENTED_EDGE('',*,*,#8077,.T.);
#8077 = EDGE_CURVE('',#4032,#1965,#8078,.T.);
#8078 = LINE('',#8079,#8080);
#8079 = CARTESIAN_POINT('',(3.059480158048,6.,0.));
#8080 = VECTOR('',#8081,1.);
#8081 = DIRECTION('',(0.,0.,1.));
#8082 = ORIENTED_EDGE('',*,*,#1964,.F.);
#8083 = ORIENTED_EDGE('',*,*,#8062,.F.);
#8084 = CYLINDRICAL_SURFACE('',#8085,1.);
#8085 = AXIS2_PLACEMENT_3D('',#8086,#8087,#8088);
#8086 = CARTESIAN_POINT('',(3.059480158048,5.,0.));
#8087 = DIRECTION('',(0.,0.,1.));
#8088 = DIRECTION('',(-0.861901574256,-0.50707561201,0.));
#8089 = ADVANCED_FACE('',(#8090),#8101,.F.);
#8090 = FACE_BOUND('',#8091,.T.);
#8091 = EDGE_LOOP('',(#8092,#8093,#8094,#8095));
#8092 = ORIENTED_EDGE('',*,*,#4056,.T.);
#8093 = ORIENTED_EDGE('',*,*,#8055,.T.);
#8094 = ORIENTED_EDGE('',*,*,#1998,.F.);
#8095 = ORIENTED_EDGE('',*,*,#8096,.F.);
#8096 = EDGE_CURVE('',#4013,#1991,#8097,.T.);
#8097 = LINE('',#8098,#8099);
#8098 = CARTESIAN_POINT('',(4.752821318544,3.079796241525,0.));
#8099 = VECTOR('',#8100,1.);
#8100 = DIRECTION('',(0.,0.,1.));
#8101 = CYLINDRICAL_SURFACE('',#8102,1.);
#8102 = AXIS2_PLACEMENT_3D('',#8103,#8104,#8105);
#8103 = CARTESIAN_POINT('',(3.890887103386,3.586816368088,0.));
#8104 = DIRECTION('',(0.,0.,1.));
#8105 = DIRECTION('',(0.861934215158,-0.507020126563,0.));
#8106 = ADVANCED_FACE('',(#8107),#8118,.F.);
#8107 = FACE_BOUND('',#8108,.F.);
#8108 = EDGE_LOOP('',(#8109,#8110,#8111,#8112));
#8109 = ORIENTED_EDGE('',*,*,#4031,.F.);
#8110 = ORIENTED_EDGE('',*,*,#8077,.T.);
#8111 = ORIENTED_EDGE('',*,*,#1973,.F.);
#8112 = ORIENTED_EDGE('',*,*,#8113,.F.);
#8113 = EDGE_CURVE('',#4023,#1974,#8114,.T.);
#8114 = LINE('',#8115,#8116);
#8115 = CARTESIAN_POINT('',(4.722171592746,6.,0.));
#8116 = VECTOR('',#8117,1.);
#8117 = DIRECTION('',(0.,0.,1.));
#8118 = PLANE('',#8119);
#8119 = AXIS2_PLACEMENT_3D('',#8120,#8121,#8122);
#8120 = CARTESIAN_POINT('',(1.310932925945,6.,0.));
#8121 = DIRECTION('',(0.,1.,0.));
#8122 = DIRECTION('',(1.,0.,0.));
#8123 = ADVANCED_FACE('',(#8124),#8135,.T.);
#8124 = FACE_BOUND('',#8125,.T.);
#8125 = EDGE_LOOP('',(#8126,#8127,#8128,#8129));
#8126 = ORIENTED_EDGE('',*,*,#4012,.F.);
#8127 = ORIENTED_EDGE('',*,*,#8096,.T.);
#8128 = ORIENTED_EDGE('',*,*,#1990,.F.);
#8129 = ORIENTED_EDGE('',*,*,#8130,.F.);
#8130 = EDGE_CURVE('',#4015,#1982,#8131,.T.);
#8131 = LINE('',#8132,#8133);
#8132 = CARTESIAN_POINT('',(5.584105807904,4.492979873437,0.));
#8133 = VECTOR('',#8134,1.);
#8134 = DIRECTION('',(0.,0.,1.));
#8135 = PLANE('',#8136);
#8136 = AXIS2_PLACEMENT_3D('',#8137,#8138,#8139);
#8137 = CARTESIAN_POINT('',(3.890950582993,1.614615991089,0.));
#8138 = DIRECTION('',(-0.861934215158,0.507020126563,0.));
#8139 = DIRECTION('',(0.507020126563,0.861934215158,0.));
#8140 = ADVANCED_FACE('',(#8141),#8147,.F.);
#8141 = FACE_BOUND('',#8142,.F.);
#8142 = EDGE_LOOP('',(#8143,#8144,#8145,#8146));
#8143 = ORIENTED_EDGE('',*,*,#4022,.T.);
#8144 = ORIENTED_EDGE('',*,*,#8113,.T.);
#8145 = ORIENTED_EDGE('',*,*,#1981,.F.);
#8146 = ORIENTED_EDGE('',*,*,#8130,.F.);
#8147 = CYLINDRICAL_SURFACE('',#8148,1.);
#8148 = AXIS2_PLACEMENT_3D('',#8149,#8150,#8151);
#8149 = CARTESIAN_POINT('',(4.722171592746,5.,0.));
#8150 = DIRECTION('',(0.,0.,1.));
#8151 = DIRECTION('',(0.861934215158,-0.507020126563,0.));
#8152 = ADVANCED_FACE('',(#8153),#8169,.F.);
#8153 = FACE_BOUND('',#8154,.F.);
#8154 = EDGE_LOOP('',(#8155,#8156,#8162,#8163));
#8155 = ORIENTED_EDGE('',*,*,#4084,.F.);
#8156 = ORIENTED_EDGE('',*,*,#8157,.T.);
#8157 = EDGE_CURVE('',#4085,#2010,#8158,.T.);
#8158 = LINE('',#8159,#8160);
#8159 = CARTESIAN_POINT('',(-4.722171592746,6.,0.));
#8160 = VECTOR('',#8161,1.);
#8161 = DIRECTION('',(0.,0.,1.));
#8162 = ORIENTED_EDGE('',*,*,#2007,.F.);
#8163 = ORIENTED_EDGE('',*,*,#8164,.F.);
#8164 = EDGE_CURVE('',#4076,#2008,#8165,.T.);
#8165 = LINE('',#8166,#8167);
#8166 = CARTESIAN_POINT('',(-3.059480158048,6.,0.));
#8167 = VECTOR('',#8168,1.);
#8168 = DIRECTION('',(0.,0.,1.));
#8169 = PLANE('',#8170);
#8170 = AXIS2_PLACEMENT_3D('',#8171,#8172,#8173);
#8171 = CARTESIAN_POINT('',(-6.470588235294,6.,0.));
#8172 = DIRECTION('',(0.,1.,0.));
#8173 = DIRECTION('',(1.,0.,0.));
#8174 = ADVANCED_FACE('',(#8175),#8186,.F.);
#8175 = FACE_BOUND('',#8176,.F.);
#8176 = EDGE_LOOP('',(#8177,#8178,#8179,#8180));
#8177 = ORIENTED_EDGE('',*,*,#4075,.T.);
#8178 = ORIENTED_EDGE('',*,*,#8164,.T.);
#8179 = ORIENTED_EDGE('',*,*,#2017,.F.);
#8180 = ORIENTED_EDGE('',*,*,#8181,.F.);
#8181 = EDGE_CURVE('',#4068,#2018,#8182,.T.);
#8182 = LINE('',#8183,#8184);
#8183 = CARTESIAN_POINT('',(-2.197578583792,4.49292438799,0.));
#8184 = VECTOR('',#8185,1.);
#8185 = DIRECTION('',(0.,0.,1.));
#8186 = CYLINDRICAL_SURFACE('',#8187,1.);
#8187 = AXIS2_PLACEMENT_3D('',#8188,#8189,#8190);
#8188 = CARTESIAN_POINT('',(-3.059480158048,5.,0.));
#8189 = DIRECTION('',(0.,0.,1.));
#8190 = DIRECTION('',(0.861901574256,-0.50707561201,0.));
#8191 = ADVANCED_FACE('',(#8192),#8203,.F.);
#8192 = FACE_BOUND('',#8193,.T.);
#8193 = EDGE_LOOP('',(#8194,#8195,#8196,#8197));
#8194 = ORIENTED_EDGE('',*,*,#4092,.T.);
#8195 = ORIENTED_EDGE('',*,*,#8157,.T.);
#8196 = ORIENTED_EDGE('',*,*,#2051,.F.);
#8197 = ORIENTED_EDGE('',*,*,#8198,.F.);
#8198 = EDGE_CURVE('',#4093,#2044,#8199,.T.);
#8199 = LINE('',#8200,#8201);
#8200 = CARTESIAN_POINT('',(-5.584105807904,4.492979873437,0.));
#8201 = VECTOR('',#8202,1.);
#8202 = DIRECTION('',(0.,0.,1.));
#8203 = CYLINDRICAL_SURFACE('',#8204,1.);
#8204 = AXIS2_PLACEMENT_3D('',#8205,#8206,#8207);
#8205 = CARTESIAN_POINT('',(-4.722171592746,5.,0.));
#8206 = DIRECTION('',(0.,0.,1.));
#8207 = DIRECTION('',(-0.861934215158,-0.507020126563,0.));
#8208 = ADVANCED_FACE('',(#8209),#8220,.T.);
#8209 = FACE_BOUND('',#8210,.T.);
#8210 = EDGE_LOOP('',(#8211,#8212,#8218,#8219));
#8211 = ORIENTED_EDGE('',*,*,#4065,.F.);
#8212 = ORIENTED_EDGE('',*,*,#8213,.T.);
#8213 = EDGE_CURVE('',#4066,#2027,#8214,.T.);
#8214 = LINE('',#8215,#8216);
#8215 = CARTESIAN_POINT('',(-3.02898552913,3.079740756078,0.));
#8216 = VECTOR('',#8217,1.);
#8217 = DIRECTION('',(0.,0.,1.));
#8218 = ORIENTED_EDGE('',*,*,#2026,.F.);
#8219 = ORIENTED_EDGE('',*,*,#8181,.F.);
#8220 = PLANE('',#8221);
#8221 = AXIS2_PLACEMENT_3D('',#8222,#8223,#8224);
#8222 = CARTESIAN_POINT('',(-3.890950582993,1.614615991089,0.));
#8223 = DIRECTION('',(-0.861901574256,0.50707561201,0.));
#8224 = DIRECTION('',(0.50707561201,0.861901574256,0.));
#8225 = ADVANCED_FACE('',(#8226),#8237,.T.);
#8226 = FACE_BOUND('',#8227,.T.);
#8227 = EDGE_LOOP('',(#8228,#8229,#8230,#8231));
#8228 = ORIENTED_EDGE('',*,*,#4101,.F.);
#8229 = ORIENTED_EDGE('',*,*,#8198,.T.);
#8230 = ORIENTED_EDGE('',*,*,#2043,.F.);
#8231 = ORIENTED_EDGE('',*,*,#8232,.F.);
#8232 = EDGE_CURVE('',#4102,#2035,#8233,.T.);
#8233 = LINE('',#8234,#8235);
#8234 = CARTESIAN_POINT('',(-4.752821318544,3.079796241525,0.));
#8235 = VECTOR('',#8236,1.);
#8236 = DIRECTION('',(0.,0.,1.));
#8237 = PLANE('',#8238);
#8238 = AXIS2_PLACEMENT_3D('',#8239,#8240,#8241);
#8239 = CARTESIAN_POINT('',(-6.470588235294,6.,0.));
#8240 = DIRECTION('',(0.861934215158,0.507020126563,0.));
#8241 = DIRECTION('',(0.507020126563,-0.861934215158,0.));
#8242 = ADVANCED_FACE('',(#8243),#8249,.F.);
#8243 = FACE_BOUND('',#8244,.T.);
#8244 = EDGE_LOOP('',(#8245,#8246,#8247,#8248));
#8245 = ORIENTED_EDGE('',*,*,#4109,.T.);
#8246 = ORIENTED_EDGE('',*,*,#8232,.T.);
#8247 = ORIENTED_EDGE('',*,*,#2034,.F.);
#8248 = ORIENTED_EDGE('',*,*,#8213,.F.);
#8249 = CYLINDRICAL_SURFACE('',#8250,1.);
#8250 = AXIS2_PLACEMENT_3D('',#8251,#8252,#8253);
#8251 = CARTESIAN_POINT('',(-3.890887103386,3.586816368088,0.));
#8252 = DIRECTION('',(0.,0.,1.));
#8253 = DIRECTION('',(0.861901574256,-0.50707561201,0.));
#8254 = ADVANCED_FACE('',(#8255),#8271,.T.);
#8255 = FACE_BOUND('',#8256,.T.);
#8256 = EDGE_LOOP('',(#8257,#8258,#8264,#8265));
#8257 = ORIENTED_EDGE('',*,*,#4137,.F.);
#8258 = ORIENTED_EDGE('',*,*,#8259,.T.);
#8259 = EDGE_CURVE('',#4129,#2063,#8260,.T.);
#8260 = LINE('',#8261,#8262);
#8261 = CARTESIAN_POINT('',(-4.752821548737,-16.07979663285,0.));
#8262 = VECTOR('',#8263,1.);
#8263 = DIRECTION('',(0.,0.,1.));
#8264 = ORIENTED_EDGE('',*,*,#2060,.F.);
#8265 = ORIENTED_EDGE('',*,*,#8266,.F.);
#8266 = EDGE_CURVE('',#4138,#2061,#8267,.T.);
#8267 = LINE('',#8268,#8269);
#8268 = CARTESIAN_POINT('',(-5.584105807904,-17.49297987343,0.));
#8269 = VECTOR('',#8270,1.);
#8270 = DIRECTION('',(0.,0.,1.));
#8271 = PLANE('',#8272);
#8272 = AXIS2_PLACEMENT_3D('',#8273,#8274,#8275);
#8273 = CARTESIAN_POINT('',(-3.890950815889,-14.61461638701,0.));
#8274 = DIRECTION('',(0.861934215158,-0.507020126563,0.));
#8275 = DIRECTION('',(-0.507020126563,-0.861934215158,0.));
#8276 = ADVANCED_FACE('',(#8277),#8288,.F.);
#8277 = FACE_BOUND('',#8278,.T.);
#8278 = EDGE_LOOP('',(#8279,#8280,#8281,#8282));
#8279 = ORIENTED_EDGE('',*,*,#4145,.T.);
#8280 = ORIENTED_EDGE('',*,*,#8266,.T.);
#8281 = ORIENTED_EDGE('',*,*,#2104,.F.);
#8282 = ORIENTED_EDGE('',*,*,#8283,.F.);
#8283 = EDGE_CURVE('',#4146,#2097,#8284,.T.);
#8284 = LINE('',#8285,#8286);
#8285 = CARTESIAN_POINT('',(-4.722171592746,-19.,0.));
#8286 = VECTOR('',#8287,1.);
#8287 = DIRECTION('',(0.,0.,1.));
#8288 = CYLINDRICAL_SURFACE('',#8289,1.);
#8289 = AXIS2_PLACEMENT_3D('',#8290,#8291,#8292);
#8290 = CARTESIAN_POINT('',(-4.722171592746,-18.,0.));
#8291 = DIRECTION('',(0.,0.,1.));
#8292 = DIRECTION('',(0.,-1.,0.));
#8293 = ADVANCED_FACE('',(#8294),#8305,.F.);
#8294 = FACE_BOUND('',#8295,.F.);
#8295 = EDGE_LOOP('',(#8296,#8297,#8298,#8299));
#8296 = ORIENTED_EDGE('',*,*,#4128,.T.);
#8297 = ORIENTED_EDGE('',*,*,#8259,.T.);
#8298 = ORIENTED_EDGE('',*,*,#2070,.F.);
#8299 = ORIENTED_EDGE('',*,*,#8300,.F.);
#8300 = EDGE_CURVE('',#4121,#2071,#8301,.T.);
#8301 = LINE('',#8302,#8303);
#8302 = CARTESIAN_POINT('',(-3.028985760713,-16.07974114504,0.));
#8303 = VECTOR('',#8304,1.);
#8304 = DIRECTION('',(0.,0.,1.));
#8305 = CYLINDRICAL_SURFACE('',#8306,1.);
#8306 = AXIS2_PLACEMENT_3D('',#8307,#8308,#8309);
#8307 = CARTESIAN_POINT('',(-3.890887333579,-16.58681675941,0.));
#8308 = DIRECTION('',(0.,0.,1.));
#8309 = DIRECTION('',(0.861901572866,0.507075614373,0.));
#8310 = ADVANCED_FACE('',(#8311),#8322,.T.);
#8311 = FACE_BOUND('',#8312,.T.);
#8312 = EDGE_LOOP('',(#8313,#8314,#8315,#8316));
#8313 = ORIENTED_EDGE('',*,*,#4154,.F.);
#8314 = ORIENTED_EDGE('',*,*,#8283,.T.);
#8315 = ORIENTED_EDGE('',*,*,#2096,.F.);
#8316 = ORIENTED_EDGE('',*,*,#8317,.F.);
#8317 = EDGE_CURVE('',#4155,#2088,#8318,.T.);
#8318 = LINE('',#8319,#8320);
#8319 = CARTESIAN_POINT('',(-3.059480613253,-19.,0.));
#8320 = VECTOR('',#8321,1.);
#8321 = DIRECTION('',(0.,0.,1.));
#8322 = PLANE('',#8323);
#8323 = AXIS2_PLACEMENT_3D('',#8324,#8325,#8326);
#8324 = CARTESIAN_POINT('',(-6.470588235294,-19.,0.));
#8325 = DIRECTION('',(0.,1.,0.));
#8326 = DIRECTION('',(1.,0.,0.));
#8327 = ADVANCED_FACE('',(#8328),#8339,.T.);
#8328 = FACE_BOUND('',#8329,.T.);
#8329 = EDGE_LOOP('',(#8330,#8331,#8337,#8338));
#8330 = ORIENTED_EDGE('',*,*,#4118,.F.);
#8331 = ORIENTED_EDGE('',*,*,#8332,.T.);
#8332 = EDGE_CURVE('',#4119,#2080,#8333,.T.);
#8333 = LINE('',#8334,#8335);
#8334 = CARTESIAN_POINT('',(-2.197579040387,-17.49292438562,0.));
#8335 = VECTOR('',#8336,1.);
#8336 = DIRECTION('',(0.,0.,1.));
#8337 = ORIENTED_EDGE('',*,*,#2079,.F.);
#8338 = ORIENTED_EDGE('',*,*,#8300,.F.);
#8339 = PLANE('',#8340);
#8340 = AXIS2_PLACEMENT_3D('',#8341,#8342,#8343);
#8341 = CARTESIAN_POINT('',(-1.310933375588,-19.,0.));
#8342 = DIRECTION('',(-0.861901572866,-0.507075614373,0.));
#8343 = DIRECTION('',(-0.507075614373,0.861901572866,0.));
#8344 = ADVANCED_FACE('',(#8345),#8351,.F.);
#8345 = FACE_BOUND('',#8346,.T.);
#8346 = EDGE_LOOP('',(#8347,#8348,#8349,#8350));
#8347 = ORIENTED_EDGE('',*,*,#4162,.T.);
#8348 = ORIENTED_EDGE('',*,*,#8317,.T.);
#8349 = ORIENTED_EDGE('',*,*,#2087,.F.);
#8350 = ORIENTED_EDGE('',*,*,#8332,.F.);
#8351 = CYLINDRICAL_SURFACE('',#8352,1.);
#8352 = AXIS2_PLACEMENT_3D('',#8353,#8354,#8355);
#8353 = CARTESIAN_POINT('',(-3.059480613253,-18.,0.));
#8354 = DIRECTION('',(0.,0.,1.));
#8355 = DIRECTION('',(0.861901572866,0.507075614373,0.));
#8356 = ADVANCED_FACE('',(#8357),#8373,.F.);
#8357 = FACE_BOUND('',#8358,.F.);
#8358 = EDGE_LOOP('',(#8359,#8360,#8366,#8367));
#8359 = ORIENTED_EDGE('',*,*,#4207,.F.);
#8360 = ORIENTED_EDGE('',*,*,#8361,.T.);
#8361 = EDGE_CURVE('',#4208,#2116,#8362,.T.);
#8362 = LINE('',#8363,#8364);
#8363 = CARTESIAN_POINT('',(-0.831265487709,-13.88538361298,0.));
#8364 = VECTOR('',#8365,1.);
#8365 = DIRECTION('',(0.,0.,1.));
#8366 = ORIENTED_EDGE('',*,*,#2113,.F.);
#8367 = ORIENTED_EDGE('',*,*,#8368,.F.);
#8368 = EDGE_CURVE('',#4199,#2114,#8369,.T.);
#8369 = LINE('',#8370,#8371);
#8370 = CARTESIAN_POINT('',(0.831266651563,-13.88538361298,0.));
#8371 = VECTOR('',#8372,1.);
#8372 = DIRECTION('',(0.,0.,1.));
#8373 = PLANE('',#8374);
#8374 = AXIS2_PLACEMENT_3D('',#8375,#8376,#8377);
#8375 = CARTESIAN_POINT('',(-2.579636532828,-13.88538361298,0.));
#8376 = DIRECTION('',(0.,1.,0.));
#8377 = DIRECTION('',(1.,0.,0.));
#8378 = ADVANCED_FACE('',(#8379),#8390,.F.);
#8379 = FACE_BOUND('',#8380,.T.);
#8380 = EDGE_LOOP('',(#8381,#8382,#8388,#8389));
#8381 = ORIENTED_EDGE('',*,*,#4198,.T.);
#8382 = ORIENTED_EDGE('',*,*,#8383,.T.);
#8383 = EDGE_CURVE('',#4191,#2124,#8384,.T.);
#8384 = LINE('',#8385,#8386);
#8385 = CARTESIAN_POINT('',(1.693212111542,-15.39238462287,0.));
#8386 = VECTOR('',#8387,1.);
#8387 = DIRECTION('',(0.,0.,1.));
#8388 = ORIENTED_EDGE('',*,*,#2123,.F.);
#8389 = ORIENTED_EDGE('',*,*,#8368,.F.);
#8390 = CYLINDRICAL_SURFACE('',#8391,1.);
#8391 = AXIS2_PLACEMENT_3D('',#8392,#8393,#8394);
#8392 = CARTESIAN_POINT('',(0.831266651563,-14.88538361298,0.));
#8393 = DIRECTION('',(0.,0.,1.));
#8394 = DIRECTION('',(0.,1.,0.));
#8395 = ADVANCED_FACE('',(#8396),#8407,.F.);
#8396 = FACE_BOUND('',#8397,.T.);
#8397 = EDGE_LOOP('',(#8398,#8399,#8400,#8401));
#8398 = ORIENTED_EDGE('',*,*,#4215,.T.);
#8399 = ORIENTED_EDGE('',*,*,#8361,.T.);
#8400 = ORIENTED_EDGE('',*,*,#2157,.F.);
#8401 = ORIENTED_EDGE('',*,*,#8402,.F.);
#8402 = EDGE_CURVE('',#4172,#2150,#8403,.T.);
#8403 = LINE('',#8404,#8405);
#8404 = CARTESIAN_POINT('',(-1.693211099982,-15.39238436395,0.));
#8405 = VECTOR('',#8406,1.);
#8406 = DIRECTION('',(0.,0.,1.));
#8407 = CYLINDRICAL_SURFACE('',#8408,1.);
#8408 = AXIS2_PLACEMENT_3D('',#8409,#8410,#8411);
#8409 = CARTESIAN_POINT('',(-0.831265487709,-14.88538361298,0.));
#8410 = DIRECTION('',(0.,0.,1.));
#8411 = DIRECTION('',(-0.861945612274,-0.507000750968,0.));
#8412 = ADVANCED_FACE('',(#8413),#8424,.F.);
#8413 = FACE_BOUND('',#8414,.F.);
#8414 = EDGE_LOOP('',(#8415,#8416,#8417,#8418));
#8415 = ORIENTED_EDGE('',*,*,#4190,.F.);
#8416 = ORIENTED_EDGE('',*,*,#8383,.T.);
#8417 = ORIENTED_EDGE('',*,*,#2132,.F.);
#8418 = ORIENTED_EDGE('',*,*,#8419,.F.);
#8419 = EDGE_CURVE('',#4182,#2133,#8420,.T.);
#8420 = LINE('',#8421,#8422);
#8421 = CARTESIAN_POINT('',(0.861945756215,-16.80560914716,0.));
#8422 = VECTOR('',#8423,1.);
#8423 = DIRECTION('',(0.,0.,1.));
#8424 = PLANE('',#8425);
#8425 = AXIS2_PLACEMENT_3D('',#8426,#8427,#8428);
#8426 = CARTESIAN_POINT('',(2.579638305981,-13.88538361298,0.));
#8427 = DIRECTION('',(0.861945459979,-0.507001009882,0.));
#8428 = DIRECTION('',(-0.507001009882,-0.861945459979,0.));
#8429 = ADVANCED_FACE('',(#8430),#8441,.T.);
#8430 = FACE_BOUND('',#8431,.T.);
#8431 = EDGE_LOOP('',(#8432,#8433,#8434,#8435));
#8432 = ORIENTED_EDGE('',*,*,#4171,.F.);
#8433 = ORIENTED_EDGE('',*,*,#8402,.T.);
#8434 = ORIENTED_EDGE('',*,*,#2149,.F.);
#8435 = ORIENTED_EDGE('',*,*,#8436,.F.);
#8436 = EDGE_CURVE('',#4174,#2141,#8437,.T.);
#8437 = LINE('',#8438,#8439);
#8438 = CARTESIAN_POINT('',(-0.861945316038,-16.80560888825,0.));
#8439 = VECTOR('',#8440,1.);
#8440 = DIRECTION('',(0.,0.,1.));
#8441 = PLANE('',#8442);
#8442 = AXIS2_PLACEMENT_3D('',#8443,#8444,#8445);
#8443 = CARTESIAN_POINT('',(-2.579636532828,-13.88538361298,0.));
#8444 = DIRECTION('',(0.861945612274,0.507000750968,0.));
#8445 = DIRECTION('',(0.507000750968,-0.861945612274,0.));
#8446 = ADVANCED_FACE('',(#8447),#8453,.F.);
#8447 = FACE_BOUND('',#8448,.F.);
#8448 = EDGE_LOOP('',(#8449,#8450,#8451,#8452));
#8449 = ORIENTED_EDGE('',*,*,#4181,.T.);
#8450 = ORIENTED_EDGE('',*,*,#8419,.T.);
#8451 = ORIENTED_EDGE('',*,*,#2140,.F.);
#8452 = ORIENTED_EDGE('',*,*,#8436,.F.);
#8453 = CYLINDRICAL_SURFACE('',#8454,1.);
#8454 = AXIS2_PLACEMENT_3D('',#8455,#8456,#8457);
#8455 = CARTESIAN_POINT('',(2.9623566653E-07,-16.29860813728,0.));
#8456 = DIRECTION('',(0.,0.,1.));
#8457 = DIRECTION('',(-0.861945612274,-0.507000750968,0.));
#8458 = ADVANCED_FACE('',(#8459),#8475,.F.);
#8459 = FACE_BOUND('',#8460,.F.);
#8460 = EDGE_LOOP('',(#8461,#8462,#8468,#8469));
#8461 = ORIENTED_EDGE('',*,*,#4260,.F.);
#8462 = ORIENTED_EDGE('',*,*,#8463,.T.);
#8463 = EDGE_CURVE('',#4261,#2169,#8464,.T.);
#8464 = LINE('',#8465,#8466);
#8465 = CARTESIAN_POINT('',(-1.693210397113,2.392384761317,0.));
#8466 = VECTOR('',#8467,1.);
#8467 = DIRECTION('',(0.,0.,1.));
#8468 = ORIENTED_EDGE('',*,*,#2166,.F.);
#8469 = ORIENTED_EDGE('',*,*,#8470,.F.);
#8470 = EDGE_CURVE('',#4252,#2167,#8471,.T.);
#8471 = LINE('',#8472,#8473);
#8472 = CARTESIAN_POINT('',(-0.861945003934,3.805608615882,0.));
#8473 = VECTOR('',#8474,1.);
#8474 = DIRECTION('',(0.,0.,1.));
#8475 = PLANE('',#8476);
#8476 = AXIS2_PLACEMENT_3D('',#8477,#8478,#8479);
#8477 = CARTESIAN_POINT('',(-2.579635834188,0.885384008911,0.));
#8478 = DIRECTION('',(-0.861945611428,0.507000752406,0.));
#8479 = DIRECTION('',(0.507000752406,0.861945611428,0.));
#8480 = ADVANCED_FACE('',(#8481),#8492,.F.);
#8481 = FACE_BOUND('',#8482,.T.);
#8482 = EDGE_LOOP('',(#8483,#8484,#8490,#8491));
#8483 = ORIENTED_EDGE('',*,*,#4251,.T.);
#8484 = ORIENTED_EDGE('',*,*,#8485,.T.);
#8485 = EDGE_CURVE('',#4244,#2177,#8486,.T.);
#8486 = LINE('',#8487,#8488);
#8487 = CARTESIAN_POINT('',(0.861945906609,3.805609146841,0.));
#8488 = VECTOR('',#8489,1.);
#8489 = DIRECTION('',(0.,0.,1.));
#8490 = ORIENTED_EDGE('',*,*,#2176,.F.);
#8491 = ORIENTED_EDGE('',*,*,#8470,.F.);
#8492 = CYLINDRICAL_SURFACE('',#8493,1.);
#8493 = AXIS2_PLACEMENT_3D('',#8494,#8495,#8496);
#8494 = CARTESIAN_POINT('',(6.0749385636E-07,3.298607863477,0.));
#8495 = DIRECTION('',(0.,0.,1.));
#8496 = DIRECTION('',(-0.861945611428,0.507000752406,0.));
#8497 = ADVANCED_FACE('',(#8498),#8509,.F.);
#8498 = FACE_BOUND('',#8499,.T.);
#8499 = EDGE_LOOP('',(#8500,#8501,#8502,#8503));
#8500 = ORIENTED_EDGE('',*,*,#4268,.T.);
#8501 = ORIENTED_EDGE('',*,*,#8463,.T.);
#8502 = ORIENTED_EDGE('',*,*,#2210,.F.);
#8503 = ORIENTED_EDGE('',*,*,#8504,.F.);
#8504 = EDGE_CURVE('',#4225,#2203,#8505,.T.);
#8505 = LINE('',#8506,#8507);
#8506 = CARTESIAN_POINT('',(-0.831264785685,0.885384008911,0.));
#8507 = VECTOR('',#8508,1.);
#8508 = DIRECTION('',(0.,0.,1.));
#8509 = CYLINDRICAL_SURFACE('',#8510,1.);
#8510 = AXIS2_PLACEMENT_3D('',#8511,#8512,#8513);
#8511 = CARTESIAN_POINT('',(-0.831264785685,1.885384008911,0.));
#8512 = DIRECTION('',(0.,0.,1.));
#8513 = DIRECTION('',(0.,-1.,0.));
#8514 = ADVANCED_FACE('',(#8515),#8526,.F.);
#8515 = FACE_BOUND('',#8516,.F.);
#8516 = EDGE_LOOP('',(#8517,#8518,#8519,#8520));
#8517 = ORIENTED_EDGE('',*,*,#4243,.F.);
#8518 = ORIENTED_EDGE('',*,*,#8485,.T.);
#8519 = ORIENTED_EDGE('',*,*,#2185,.F.);
#8520 = ORIENTED_EDGE('',*,*,#8521,.F.);
#8521 = EDGE_CURVE('',#4235,#2186,#8522,.T.);
#8522 = LINE('',#8523,#8524);
#8523 = CARTESIAN_POINT('',(1.69321247153,2.392385292275,0.));
#8524 = VECTOR('',#8525,1.);
#8525 = DIRECTION('',(0.,0.,1.));
#8526 = PLANE('',#8527);
#8527 = AXIS2_PLACEMENT_3D('',#8528,#8529,#8530);
#8528 = CARTESIAN_POINT('',(0.,5.27099049137,0.));
#8529 = DIRECTION('',(0.861945299115,0.507001283364,0.));
#8530 = DIRECTION('',(0.507001283364,-0.861945299115,0.));
#8531 = ADVANCED_FACE('',(#8532),#8543,.T.);
#8532 = FACE_BOUND('',#8533,.T.);
#8533 = EDGE_LOOP('',(#8534,#8535,#8536,#8537));
#8534 = ORIENTED_EDGE('',*,*,#4224,.F.);
#8535 = ORIENTED_EDGE('',*,*,#8504,.T.);
#8536 = ORIENTED_EDGE('',*,*,#2202,.F.);
#8537 = ORIENTED_EDGE('',*,*,#8538,.F.);
#8538 = EDGE_CURVE('',#4227,#2194,#8539,.T.);
#8539 = LINE('',#8540,#8541);
#8540 = CARTESIAN_POINT('',(0.831267172415,0.885384008911,0.));
#8541 = VECTOR('',#8542,1.);
#8542 = DIRECTION('',(0.,0.,1.));
#8543 = PLANE('',#8544);
#8544 = AXIS2_PLACEMENT_3D('',#8545,#8546,#8547);
#8545 = CARTESIAN_POINT('',(-2.579635834188,0.885384008911,0.));
#8546 = DIRECTION('',(0.,1.,0.));
#8547 = DIRECTION('',(1.,0.,0.));
#8548 = ADVANCED_FACE('',(#8549),#8555,.F.);
#8549 = FACE_BOUND('',#8550,.F.);
#8550 = EDGE_LOOP('',(#8551,#8552,#8553,#8554));
#8551 = ORIENTED_EDGE('',*,*,#4234,.T.);
#8552 = ORIENTED_EDGE('',*,*,#8521,.T.);
#8553 = ORIENTED_EDGE('',*,*,#2193,.F.);
#8554 = ORIENTED_EDGE('',*,*,#8538,.F.);
#8555 = CYLINDRICAL_SURFACE('',#8556,1.);
#8556 = AXIS2_PLACEMENT_3D('',#8557,#8558,#8559);
#8557 = CARTESIAN_POINT('',(0.831267172415,1.885384008911,0.));
#8558 = DIRECTION('',(0.,0.,1.));
#8559 = DIRECTION('',(0.,-1.,0.));
#8560 = ADVANCED_FACE('',(#8561),#8577,.T.);
#8561 = FACE_BOUND('',#8562,.T.);
#8562 = EDGE_LOOP('',(#8563,#8564,#8570,#8571));
#8563 = ORIENTED_EDGE('',*,*,#4296,.F.);
#8564 = ORIENTED_EDGE('',*,*,#8565,.T.);
#8565 = EDGE_CURVE('',#4288,#2222,#8566,.T.);
#8566 = LINE('',#8567,#8568);
#8567 = CARTESIAN_POINT('',(0.831221009753,-0.614615991089,0.));
#8568 = VECTOR('',#8569,1.);
#8569 = DIRECTION('',(0.,0.,1.));
#8570 = ORIENTED_EDGE('',*,*,#2219,.F.);
#8571 = ORIENTED_EDGE('',*,*,#8572,.F.);
#8572 = EDGE_CURVE('',#4297,#2220,#8573,.T.);
#8573 = LINE('',#8574,#8575);
#8574 = CARTESIAN_POINT('',(-0.831221009753,-0.614615991089,0.));
#8575 = VECTOR('',#8576,1.);
#8576 = DIRECTION('',(0.,0.,1.));
#8577 = PLANE('',#8578);
#8578 = AXIS2_PLACEMENT_3D('',#8579,#8580,#8581);
#8579 = CARTESIAN_POINT('',(2.579637652301,-0.614615991089,0.));
#8580 = DIRECTION('',(0.,-1.,0.));
#8581 = DIRECTION('',(-1.,0.,0.));
#8582 = ADVANCED_FACE('',(#8583),#8594,.F.);
#8583 = FACE_BOUND('',#8584,.T.);
#8584 = EDGE_LOOP('',(#8585,#8586,#8587,#8588));
#8585 = ORIENTED_EDGE('',*,*,#4304,.T.);
#8586 = ORIENTED_EDGE('',*,*,#8572,.T.);
#8587 = ORIENTED_EDGE('',*,*,#2263,.F.);
#8588 = ORIENTED_EDGE('',*,*,#8589,.F.);
#8589 = EDGE_CURVE('',#4305,#2256,#8590,.T.);
#8590 = LINE('',#8591,#8592);
#8591 = CARTESIAN_POINT('',(-1.693155224911,-2.121636117652,0.));
#8592 = VECTOR('',#8593,1.);
#8593 = DIRECTION('',(0.,0.,1.));
#8594 = CYLINDRICAL_SURFACE('',#8595,1.);
#8595 = AXIS2_PLACEMENT_3D('',#8596,#8597,#8598);
#8596 = CARTESIAN_POINT('',(-0.831221009753,-1.614615991089,0.));
#8597 = DIRECTION('',(0.,0.,1.));
#8598 = DIRECTION('',(-0.861934215158,-0.507020126563,0.));
#8599 = ADVANCED_FACE('',(#8600),#8611,.F.);
#8600 = FACE_BOUND('',#8601,.F.);
#8601 = EDGE_LOOP('',(#8602,#8603,#8604,#8605));
#8602 = ORIENTED_EDGE('',*,*,#4287,.T.);
#8603 = ORIENTED_EDGE('',*,*,#8565,.T.);
#8604 = ORIENTED_EDGE('',*,*,#2229,.F.);
#8605 = ORIENTED_EDGE('',*,*,#8606,.F.);
#8606 = EDGE_CURVE('',#4280,#2230,#8607,.T.);
#8607 = LINE('',#8608,#8609);
#8608 = CARTESIAN_POINT('',(1.693155224911,-2.121636117652,0.));
#8609 = VECTOR('',#8610,1.);
#8610 = DIRECTION('',(0.,0.,1.));
#8611 = CYLINDRICAL_SURFACE('',#8612,1.);
#8612 = AXIS2_PLACEMENT_3D('',#8613,#8614,#8615);
#8613 = CARTESIAN_POINT('',(0.831221009753,-1.614615991089,0.));
#8614 = DIRECTION('',(0.,0.,1.));
#8615 = DIRECTION('',(0.861934215158,-0.507020126563,0.));
#8616 = ADVANCED_FACE('',(#8617),#8628,.F.);
#8617 = FACE_BOUND('',#8618,.F.);
#8618 = EDGE_LOOP('',(#8619,#8620,#8626,#8627));
#8619 = ORIENTED_EDGE('',*,*,#4313,.F.);
#8620 = ORIENTED_EDGE('',*,*,#8621,.T.);
#8621 = EDGE_CURVE('',#4314,#2247,#8622,.T.);
#8622 = LINE('',#8623,#8624);
#8623 = CARTESIAN_POINT('',(-0.861934215158,-3.534711834232,0.));
#8624 = VECTOR('',#8625,1.);
#8625 = DIRECTION('',(0.,0.,1.));
#8626 = ORIENTED_EDGE('',*,*,#2255,.F.);
#8627 = ORIENTED_EDGE('',*,*,#8589,.F.);
#8628 = PLANE('',#8629);
#8629 = AXIS2_PLACEMENT_3D('',#8630,#8631,#8632);
#8630 = CARTESIAN_POINT('',(0.,-5.,0.));
#8631 = DIRECTION('',(-0.861934215158,-0.507020126563,0.));
#8632 = DIRECTION('',(-0.507020126563,0.861934215158,0.));
#8633 = ADVANCED_FACE('',(#8634),#8645,.T.);
#8634 = FACE_BOUND('',#8635,.T.);
#8635 = EDGE_LOOP('',(#8636,#8637,#8643,#8644));
#8636 = ORIENTED_EDGE('',*,*,#4277,.F.);
#8637 = ORIENTED_EDGE('',*,*,#8638,.T.);
#8638 = EDGE_CURVE('',#4278,#2239,#8639,.T.);
#8639 = LINE('',#8640,#8641);
#8640 = CARTESIAN_POINT('',(0.861934215158,-3.534711834232,0.));
#8641 = VECTOR('',#8642,1.);
#8642 = DIRECTION('',(0.,0.,1.));
#8643 = ORIENTED_EDGE('',*,*,#2238,.F.);
#8644 = ORIENTED_EDGE('',*,*,#8606,.F.);
#8645 = PLANE('',#8646);
#8646 = AXIS2_PLACEMENT_3D('',#8647,#8648,#8649);
#8647 = CARTESIAN_POINT('',(0.,-5.,0.));
#8648 = DIRECTION('',(-0.861934215158,0.507020126563,0.));
#8649 = DIRECTION('',(0.507020126563,0.861934215158,0.));
#8650 = ADVANCED_FACE('',(#8651),#8657,.F.);
#8651 = FACE_BOUND('',#8652,.T.);
#8652 = EDGE_LOOP('',(#8653,#8654,#8655,#8656));
#8653 = ORIENTED_EDGE('',*,*,#4321,.T.);
#8654 = ORIENTED_EDGE('',*,*,#8621,.T.);
#8655 = ORIENTED_EDGE('',*,*,#2246,.F.);
#8656 = ORIENTED_EDGE('',*,*,#8638,.F.);
#8657 = CYLINDRICAL_SURFACE('',#8658,1.);
#8658 = AXIS2_PLACEMENT_3D('',#8659,#8660,#8661);
#8659 = CARTESIAN_POINT('',(4.3E-16,-3.027691707668,0.));
#8660 = DIRECTION('',(0.,0.,1.));
#8661 = DIRECTION('',(0.861934215158,-0.507020126563,0.));
#8662 = ADVANCED_FACE('',(#8663),#8679,.T.);
#8663 = FACE_BOUND('',#8664,.T.);
#8664 = EDGE_LOOP('',(#8665,#8666,#8672,#8673));
#8665 = ORIENTED_EDGE('',*,*,#4349,.F.);
#8666 = ORIENTED_EDGE('',*,*,#8667,.T.);
#8667 = EDGE_CURVE('',#4341,#2275,#8668,.T.);
#8668 = LINE('',#8669,#8670);
#8669 = CARTESIAN_POINT('',(1.693154992015,-10.87836348642,0.));
#8670 = VECTOR('',#8671,1.);
#8671 = DIRECTION('',(0.,0.,1.));
#8672 = ORIENTED_EDGE('',*,*,#2272,.F.);
#8673 = ORIENTED_EDGE('',*,*,#8674,.F.);
#8674 = EDGE_CURVE('',#4350,#2273,#8675,.T.);
#8675 = LINE('',#8676,#8677);
#8676 = CARTESIAN_POINT('',(0.861934215158,-9.465288165768,0.));
#8677 = VECTOR('',#8678,1.);
#8678 = DIRECTION('',(0.,0.,1.));
#8679 = PLANE('',#8680);
#8680 = AXIS2_PLACEMENT_3D('',#8681,#8682,#8683);
#8681 = CARTESIAN_POINT('',(2.579637419405,-12.38538361298,0.));
#8682 = DIRECTION('',(-0.861934215158,-0.507020126563,0.));
#8683 = DIRECTION('',(-0.507020126563,0.861934215158,0.));
#8684 = ADVANCED_FACE('',(#8685),#8696,.F.);
#8685 = FACE_BOUND('',#8686,.T.);
#8686 = EDGE_LOOP('',(#8687,#8688,#8689,#8690));
#8687 = ORIENTED_EDGE('',*,*,#4357,.T.);
#8688 = ORIENTED_EDGE('',*,*,#8674,.T.);
#8689 = ORIENTED_EDGE('',*,*,#2316,.F.);
#8690 = ORIENTED_EDGE('',*,*,#8691,.F.);
#8691 = EDGE_CURVE('',#4358,#2309,#8692,.T.);
#8692 = LINE('',#8693,#8694);
#8693 = CARTESIAN_POINT('',(-0.861934215158,-9.465288165768,0.));
#8694 = VECTOR('',#8695,1.);
#8695 = DIRECTION('',(0.,0.,1.));
#8696 = CYLINDRICAL_SURFACE('',#8697,1.);
#8697 = AXIS2_PLACEMENT_3D('',#8698,#8699,#8700);
#8698 = CARTESIAN_POINT('',(0.,-9.972308292332,0.));
#8699 = DIRECTION('',(0.,0.,1.));
#8700 = DIRECTION('',(-0.861934215158,0.507020126563,0.));
#8701 = ADVANCED_FACE('',(#8702),#8713,.F.);
#8702 = FACE_BOUND('',#8703,.F.);
#8703 = EDGE_LOOP('',(#8704,#8705,#8706,#8707));
#8704 = ORIENTED_EDGE('',*,*,#4340,.T.);
#8705 = ORIENTED_EDGE('',*,*,#8667,.T.);
#8706 = ORIENTED_EDGE('',*,*,#2282,.F.);
#8707 = ORIENTED_EDGE('',*,*,#8708,.F.);
#8708 = EDGE_CURVE('',#4333,#2283,#8709,.T.);
#8709 = LINE('',#8710,#8711);
#8710 = CARTESIAN_POINT('',(0.831220776857,-12.38538361298,0.));
#8711 = VECTOR('',#8712,1.);
#8712 = DIRECTION('',(0.,0.,1.));
#8713 = CYLINDRICAL_SURFACE('',#8714,1.);
#8714 = AXIS2_PLACEMENT_3D('',#8715,#8716,#8717);
#8715 = CARTESIAN_POINT('',(0.831220776857,-11.38538361298,0.));
#8716 = DIRECTION('',(0.,0.,1.));
#8717 = DIRECTION('',(0.,-1.,0.));
#8718 = ADVANCED_FACE('',(#8719),#8730,.F.);
#8719 = FACE_BOUND('',#8720,.F.);
#8720 = EDGE_LOOP('',(#8721,#8722,#8728,#8729));
#8721 = ORIENTED_EDGE('',*,*,#4366,.F.);
#8722 = ORIENTED_EDGE('',*,*,#8723,.T.);
#8723 = EDGE_CURVE('',#4367,#2300,#8724,.T.);
#8724 = LINE('',#8725,#8726);
#8725 = CARTESIAN_POINT('',(-1.693154992015,-10.87836348642,0.));
#8726 = VECTOR('',#8727,1.);
#8727 = DIRECTION('',(0.,0.,1.));
#8728 = ORIENTED_EDGE('',*,*,#2308,.F.);
#8729 = ORIENTED_EDGE('',*,*,#8691,.F.);
#8730 = PLANE('',#8731);
#8731 = AXIS2_PLACEMENT_3D('',#8732,#8733,#8734);
#8732 = CARTESIAN_POINT('',(-2.579637419405,-12.38538361298,0.));
#8733 = DIRECTION('',(-0.861934215158,0.507020126563,0.));
#8734 = DIRECTION('',(0.507020126563,0.861934215158,0.));
#8735 = ADVANCED_FACE('',(#8736),#8747,.T.);
#8736 = FACE_BOUND('',#8737,.T.);
#8737 = EDGE_LOOP('',(#8738,#8739,#8745,#8746));
#8738 = ORIENTED_EDGE('',*,*,#4330,.F.);
#8739 = ORIENTED_EDGE('',*,*,#8740,.T.);
#8740 = EDGE_CURVE('',#4331,#2292,#8741,.T.);
#8741 = LINE('',#8742,#8743);
#8742 = CARTESIAN_POINT('',(-0.831220776857,-12.38538361298,0.));
#8743 = VECTOR('',#8744,1.);
#8744 = DIRECTION('',(0.,0.,1.));
#8745 = ORIENTED_EDGE('',*,*,#2291,.F.);
#8746 = ORIENTED_EDGE('',*,*,#8708,.F.);
#8747 = PLANE('',#8748);
#8748 = AXIS2_PLACEMENT_3D('',#8749,#8750,#8751);
#8749 = CARTESIAN_POINT('',(-2.579637419405,-12.38538361298,0.));
#8750 = DIRECTION('',(0.,1.,0.));
#8751 = DIRECTION('',(1.,0.,0.));
#8752 = ADVANCED_FACE('',(#8753),#8759,.F.);
#8753 = FACE_BOUND('',#8754,.T.);
#8754 = EDGE_LOOP('',(#8755,#8756,#8757,#8758));
#8755 = ORIENTED_EDGE('',*,*,#4374,.T.);
#8756 = ORIENTED_EDGE('',*,*,#8723,.T.);
#8757 = ORIENTED_EDGE('',*,*,#2299,.F.);
#8758 = ORIENTED_EDGE('',*,*,#8740,.F.);
#8759 = CYLINDRICAL_SURFACE('',#8760,1.);
#8760 = AXIS2_PLACEMENT_3D('',#8761,#8762,#8763);
#8761 = CARTESIAN_POINT('',(-0.831220776857,-11.38538361298,0.));
#8762 = DIRECTION('',(0.,0.,1.));
#8763 = DIRECTION('',(0.,-1.,0.));
#8764 = ADVANCED_FACE('',(#8765),#8790,.T.);
#8765 = FACE_BOUND('',#8766,.F.);
#8766 = EDGE_LOOP('',(#8767,#8775,#8776,#8784));
#8767 = ORIENTED_EDGE('',*,*,#8768,.F.);
#8768 = EDGE_CURVE('',#2349,#8769,#8771,.T.);
#8769 = VERTEX_POINT('',#8770);
#8770 = CARTESIAN_POINT('',(-13.,-13.93826230851,0.2));
#8771 = LINE('',#8772,#8773);
#8772 = CARTESIAN_POINT('',(-12.9,-13.93826230851,0.1));
#8773 = VECTOR('',#8774,1.);
#8774 = DIRECTION('',(-0.707106781187,0.,0.707106781187));
#8775 = ORIENTED_EDGE('',*,*,#2348,.T.);
#8776 = ORIENTED_EDGE('',*,*,#8777,.T.);
#8777 = EDGE_CURVE('',#2351,#8778,#8780,.T.);
#8778 = VERTEX_POINT('',#8779);
#8779 = CARTESIAN_POINT('',(-13.,0.93826230851,0.2));
#8780 = LINE('',#8781,#8782);
#8781 = CARTESIAN_POINT('',(-12.9,0.93826230851,1.E-01));
#8782 = VECTOR('',#8783,1.);
#8783 = DIRECTION('',(-0.707106781187,0.,0.707106781187));
#8784 = ORIENTED_EDGE('',*,*,#8785,.F.);
#8785 = EDGE_CURVE('',#8769,#8778,#8786,.T.);
#8786 = LINE('',#8787,#8788);
#8787 = CARTESIAN_POINT('',(-13.,-13.93826230851,0.2));
#8788 = VECTOR('',#8789,1.);
#8789 = DIRECTION('',(0.,1.,0.));
#8790 = PLANE('',#8791);
#8791 = AXIS2_PLACEMENT_3D('',#8792,#8793,#8794);
#8792 = CARTESIAN_POINT('',(-12.9,-13.93826230851,0.1));
#8793 = DIRECTION('',(-0.707106781187,-0.,-0.707106781187));
#8794 = DIRECTION('',(-0.,-1.,0.));
#8795 = ADVANCED_FACE('',(#8796),#8815,.F.);
#8796 = FACE_BOUND('',#8797,.F.);
#8797 = EDGE_LOOP('',(#8798,#8806,#8807,#8808));
#8798 = ORIENTED_EDGE('',*,*,#8799,.F.);
#8799 = EDGE_CURVE('',#2768,#8800,#8802,.T.);
#8800 = VERTEX_POINT('',#8801);
#8801 = CARTESIAN_POINT('',(-13.63636363636,-14.86980328723,0.2));
#8802 = LINE('',#8803,#8804);
#8803 = CARTESIAN_POINT('',(-13.63636363636,-14.86980328723,0.2));
#8804 = VECTOR('',#8805,1.);
#8805 = DIRECTION('',(-0.257129738613,0.658698943009,0.707106781187));
#8806 = ORIENTED_EDGE('',*,*,#2776,.T.);
#8807 = ORIENTED_EDGE('',*,*,#8768,.T.);
#8808 = ORIENTED_EDGE('',*,*,#8809,.F.);
#8809 = EDGE_CURVE('',#8800,#8769,#8810,.T.);
#8810 = CIRCLE('',#8811,1.);
#8811 = AXIS2_PLACEMENT_3D('',#8812,#8813,#8814);
#8812 = CARTESIAN_POINT('',(-14.,-13.93826230851,0.2));
#8813 = DIRECTION('',(-0.,0.,1.));
#8814 = DIRECTION('',(0.363636363636,-0.931540978724,0.));
#8815 = CONICAL_SURFACE('',#8816,1.,0.785398163397);
#8816 = AXIS2_PLACEMENT_3D('',#8817,#8818,#8819);
#8817 = CARTESIAN_POINT('',(-14.,-13.93826230851,0.2));
#8818 = DIRECTION('',(-0.,-0.,-1.));
#8819 = DIRECTION('',(0.363636363636,-0.931540978724,0.));
#8820 = ADVANCED_FACE('',(#8821),#8840,.F.);
#8821 = FACE_BOUND('',#8822,.F.);
#8822 = EDGE_LOOP('',(#8823,#8824,#8825,#8833));
#8823 = ORIENTED_EDGE('',*,*,#8777,.F.);
#8824 = ORIENTED_EDGE('',*,*,#2358,.T.);
#8825 = ORIENTED_EDGE('',*,*,#8826,.T.);
#8826 = EDGE_CURVE('',#2359,#8827,#8829,.T.);
#8827 = VERTEX_POINT('',#8828);
#8828 = CARTESIAN_POINT('',(-13.63636363636,1.869803287234,0.2));
#8829 = LINE('',#8830,#8831);
#8830 = CARTESIAN_POINT('',(-13.63636363636,1.869803287234,0.2));
#8831 = VECTOR('',#8832,1.);
#8832 = DIRECTION('',(-0.257129738613,-0.658698943009,0.707106781187));
#8833 = ORIENTED_EDGE('',*,*,#8834,.F.);
#8834 = EDGE_CURVE('',#8778,#8827,#8835,.T.);
#8835 = CIRCLE('',#8836,1.);
#8836 = AXIS2_PLACEMENT_3D('',#8837,#8838,#8839);
#8837 = CARTESIAN_POINT('',(-14.,0.93826230851,0.2));
#8838 = DIRECTION('',(0.,-0.,1.));
#8839 = DIRECTION('',(1.,1.11E-15,0.));
#8840 = CONICAL_SURFACE('',#8841,1.,0.785398163397);
#8841 = AXIS2_PLACEMENT_3D('',#8842,#8843,#8844);
#8842 = CARTESIAN_POINT('',(-14.,0.93826230851,0.2));
#8843 = DIRECTION('',(-0.,-0.,-1.));
#8844 = DIRECTION('',(1.,1.11E-15,-0.));
#8845 = ADVANCED_FACE('',(#8846),#8865,.T.);
#8846 = FACE_BOUND('',#8847,.F.);
#8847 = EDGE_LOOP('',(#8848,#8856,#8857,#8858));
#8848 = ORIENTED_EDGE('',*,*,#8849,.F.);
#8849 = EDGE_CURVE('',#2759,#8850,#8852,.T.);
#8850 = VERTEX_POINT('',#8851);
#8851 = CARTESIAN_POINT('',(-13.63636363636,-18.13019671276,0.2));
#8852 = LINE('',#8853,#8854);
#8853 = CARTESIAN_POINT('',(-13.63636363636,-18.13019671276,0.2));
#8854 = VECTOR('',#8855,1.);
#8855 = DIRECTION('',(-0.257129738613,-0.658698943009,0.707106781187));
#8856 = ORIENTED_EDGE('',*,*,#2767,.T.);
#8857 = ORIENTED_EDGE('',*,*,#8799,.T.);
#8858 = ORIENTED_EDGE('',*,*,#8859,.F.);
#8859 = EDGE_CURVE('',#8850,#8800,#8860,.T.);
#8860 = CIRCLE('',#8861,1.75);
#8861 = AXIS2_PLACEMENT_3D('',#8862,#8863,#8864);
#8862 = CARTESIAN_POINT('',(-13.,-16.5,0.2));
#8863 = DIRECTION('',(0.,0.,-1.));
#8864 = DIRECTION('',(-0.363636363636,-0.931540978724,-0.));
#8865 = CONICAL_SURFACE('',#8866,1.75,0.785398163397);
#8866 = AXIS2_PLACEMENT_3D('',#8867,#8868,#8869);
#8867 = CARTESIAN_POINT('',(-13.,-16.5,0.2));
#8868 = DIRECTION('',(0.,0.,1.));
#8869 = DIRECTION('',(-0.363636363636,-0.931540978724,0.));
#8870 = ADVANCED_FACE('',(#8871),#8890,.T.);
#8871 = FACE_BOUND('',#8872,.F.);
#8872 = EDGE_LOOP('',(#8873,#8874,#8875,#8883));
#8873 = ORIENTED_EDGE('',*,*,#8826,.F.);
#8874 = ORIENTED_EDGE('',*,*,#2367,.T.);
#8875 = ORIENTED_EDGE('',*,*,#8876,.T.);
#8876 = EDGE_CURVE('',#2368,#8877,#8879,.T.);
#8877 = VERTEX_POINT('',#8878);
#8878 = CARTESIAN_POINT('',(-13.63636363636,5.130196712766,0.2));
#8879 = LINE('',#8880,#8881);
#8880 = CARTESIAN_POINT('',(-13.63636363636,5.130196712766,0.2));
#8881 = VECTOR('',#8882,1.);
#8882 = DIRECTION('',(-0.257129738613,0.658698943009,0.707106781187));
#8883 = ORIENTED_EDGE('',*,*,#8884,.F.);
#8884 = EDGE_CURVE('',#8827,#8877,#8885,.T.);
#8885 = CIRCLE('',#8886,1.75);
#8886 = AXIS2_PLACEMENT_3D('',#8887,#8888,#8889);
#8887 = CARTESIAN_POINT('',(-13.,3.5,0.2));
#8888 = DIRECTION('',(0.,0.,-1.));
#8889 = DIRECTION('',(-0.363636363636,-0.931540978724,-0.));
#8890 = CONICAL_SURFACE('',#8891,1.75,0.785398163397);
#8891 = AXIS2_PLACEMENT_3D('',#8892,#8893,#8894);
#8892 = CARTESIAN_POINT('',(-13.,3.5,0.2));
#8893 = DIRECTION('',(0.,0.,1.));
#8894 = DIRECTION('',(-0.363636363636,-0.931540978724,0.));
#8895 = ADVANCED_FACE('',(#8896),#8915,.F.);
#8896 = FACE_BOUND('',#8897,.F.);
#8897 = EDGE_LOOP('',(#8898,#8906,#8907,#8908));
#8898 = ORIENTED_EDGE('',*,*,#8899,.F.);
#8899 = EDGE_CURVE('',#2751,#8900,#8902,.T.);
#8900 = VERTEX_POINT('',#8901);
#8901 = CARTESIAN_POINT('',(-13.,-19.06173769149,0.2));
#8902 = LINE('',#8903,#8904);
#8903 = CARTESIAN_POINT('',(-12.9,-19.06173769149,0.1));
#8904 = VECTOR('',#8905,1.);
#8905 = DIRECTION('',(-0.707106781187,0.,0.707106781187));
#8906 = ORIENTED_EDGE('',*,*,#2758,.T.);
#8907 = ORIENTED_EDGE('',*,*,#8849,.T.);
#8908 = ORIENTED_EDGE('',*,*,#8909,.F.);
#8909 = EDGE_CURVE('',#8900,#8850,#8910,.T.);
#8910 = CIRCLE('',#8911,1.);
#8911 = AXIS2_PLACEMENT_3D('',#8912,#8913,#8914);
#8912 = CARTESIAN_POINT('',(-14.,-19.06173769149,0.2));
#8913 = DIRECTION('',(0.,0.,1.));
#8914 = DIRECTION('',(1.,0.,-0.));
#8915 = CONICAL_SURFACE('',#8916,1.,0.785398163397);
#8916 = AXIS2_PLACEMENT_3D('',#8917,#8918,#8919);
#8917 = CARTESIAN_POINT('',(-14.,-19.06173769149,0.2));
#8918 = DIRECTION('',(-0.,-0.,-1.));
#8919 = DIRECTION('',(1.,0.,-0.));
#8920 = ADVANCED_FACE('',(#8921),#8940,.F.);
#8921 = FACE_BOUND('',#8922,.F.);
#8922 = EDGE_LOOP('',(#8923,#8924,#8925,#8933));
#8923 = ORIENTED_EDGE('',*,*,#8876,.F.);
#8924 = ORIENTED_EDGE('',*,*,#2376,.T.);
#8925 = ORIENTED_EDGE('',*,*,#8926,.T.);
#8926 = EDGE_CURVE('',#2377,#8927,#8929,.T.);
#8927 = VERTEX_POINT('',#8928);
#8928 = CARTESIAN_POINT('',(-13.,6.06173769149,0.2));
#8929 = LINE('',#8930,#8931);
#8930 = CARTESIAN_POINT('',(-13.,6.06173769149,0.2));
#8931 = VECTOR('',#8932,1.);
#8932 = DIRECTION('',(-0.707106781187,1.36E-15,0.707106781187));
#8933 = ORIENTED_EDGE('',*,*,#8934,.F.);
#8934 = EDGE_CURVE('',#8877,#8927,#8935,.T.);
#8935 = CIRCLE('',#8936,1.);
#8936 = AXIS2_PLACEMENT_3D('',#8937,#8938,#8939);
#8937 = CARTESIAN_POINT('',(-14.,6.06173769149,0.2));
#8938 = DIRECTION('',(-0.,0.,1.));
#8939 = DIRECTION('',(0.363636363636,-0.931540978724,0.));
#8940 = CONICAL_SURFACE('',#8941,1.,0.785398163397);
#8941 = AXIS2_PLACEMENT_3D('',#8942,#8943,#8944);
#8942 = CARTESIAN_POINT('',(-14.,6.06173769149,0.2));
#8943 = DIRECTION('',(-0.,-0.,-1.));
#8944 = DIRECTION('',(0.363636363636,-0.931540978724,0.));
#8945 = ADVANCED_FACE('',(#8946),#8964,.T.);
#8946 = FACE_BOUND('',#8947,.F.);
#8947 = EDGE_LOOP('',(#8948,#8956,#8957,#8958));
#8948 = ORIENTED_EDGE('',*,*,#8949,.F.);
#8949 = EDGE_CURVE('',#2742,#8950,#8952,.T.);
#8950 = VERTEX_POINT('',#8951);
#8951 = CARTESIAN_POINT('',(-13.,-20.92495335837,0.2));
#8952 = LINE('',#8953,#8954);
#8953 = CARTESIAN_POINT('',(-13.,-20.92495335837,0.2));
#8954 = VECTOR('',#8955,1.);
#8955 = DIRECTION('',(-0.707106781187,2.11E-15,0.707106781187));
#8956 = ORIENTED_EDGE('',*,*,#2750,.T.);
#8957 = ORIENTED_EDGE('',*,*,#8899,.T.);
#8958 = ORIENTED_EDGE('',*,*,#8959,.F.);
#8959 = EDGE_CURVE('',#8950,#8900,#8960,.T.);
#8960 = LINE('',#8961,#8962);
#8961 = CARTESIAN_POINT('',(-13.,-20.92495335837,0.2));
#8962 = VECTOR('',#8963,1.);
#8963 = DIRECTION('',(0.,1.,0.));
#8964 = PLANE('',#8965);
#8965 = AXIS2_PLACEMENT_3D('',#8966,#8967,#8968);
#8966 = CARTESIAN_POINT('',(-12.9,-20.92495335837,0.1));
#8967 = DIRECTION('',(-0.707106781187,-0.,-0.707106781187));
#8968 = DIRECTION('',(-0.,-1.,0.));
#8969 = ADVANCED_FACE('',(#8970),#8988,.T.);
#8970 = FACE_BOUND('',#8971,.F.);
#8971 = EDGE_LOOP('',(#8972,#8973,#8974,#8982));
#8972 = ORIENTED_EDGE('',*,*,#8926,.F.);
#8973 = ORIENTED_EDGE('',*,*,#2385,.T.);
#8974 = ORIENTED_EDGE('',*,*,#8975,.T.);
#8975 = EDGE_CURVE('',#2386,#8976,#8978,.T.);
#8976 = VERTEX_POINT('',#8977);
#8977 = CARTESIAN_POINT('',(-13.,29.,0.2));
#8978 = LINE('',#8979,#8980);
#8979 = CARTESIAN_POINT('',(-12.9,29.,1.E-01));
#8980 = VECTOR('',#8981,1.);
#8981 = DIRECTION('',(-0.707106781187,0.,0.707106781187));
#8982 = ORIENTED_EDGE('',*,*,#8983,.F.);
#8983 = EDGE_CURVE('',#8927,#8976,#8984,.T.);
#8984 = LINE('',#8985,#8986);
#8985 = CARTESIAN_POINT('',(-13.,6.06173769149,0.2));
#8986 = VECTOR('',#8987,1.);
#8987 = DIRECTION('',(0.,1.,0.));
#8988 = PLANE('',#8989);
#8989 = AXIS2_PLACEMENT_3D('',#8990,#8991,#8992);
#8990 = CARTESIAN_POINT('',(-12.9,6.06173769149,0.1));
#8991 = DIRECTION('',(-0.707106781187,-0.,-0.707106781187));
#8992 = DIRECTION('',(-0.,-1.,0.));
#8993 = ADVANCED_FACE('',(#8994),#9013,.T.);
#8994 = FACE_BOUND('',#8995,.F.);
#8995 = EDGE_LOOP('',(#8996,#9004,#9005,#9006));
#8996 = ORIENTED_EDGE('',*,*,#8997,.F.);
#8997 = EDGE_CURVE('',#2734,#8998,#9000,.T.);
#8998 = VERTEX_POINT('',#8999);
#8999 = CARTESIAN_POINT('',(-12.98879908668,-21.0742060507,0.2));
#9000 = LINE('',#9001,#9002);
#9001 = CARTESIAN_POINT('',(-12.88991917801,-21.05928078146,0.1));
#9002 = VECTOR('',#9003,1.);
#9003 = DIRECTION('',(-0.699186539427,-0.105537590857,0.707106781187));
#9004 = ORIENTED_EDGE('',*,*,#2741,.T.);
#9005 = ORIENTED_EDGE('',*,*,#8949,.T.);
#9006 = ORIENTED_EDGE('',*,*,#9007,.F.);
#9007 = EDGE_CURVE('',#8998,#8950,#9008,.T.);
#9008 = CIRCLE('',#9009,1.);
#9009 = AXIS2_PLACEMENT_3D('',#9010,#9011,#9012);
#9010 = CARTESIAN_POINT('',(-12.,-20.92495335837,0.2));
#9011 = DIRECTION('',(0.,0.,-1.));
#9012 = DIRECTION('',(-0.988799086687,-0.14925269233,-0.));
#9013 = CONICAL_SURFACE('',#9014,1.,0.785398163397);
#9014 = AXIS2_PLACEMENT_3D('',#9015,#9016,#9017);
#9015 = CARTESIAN_POINT('',(-12.,-20.92495335837,0.2));
#9016 = DIRECTION('',(0.,0.,1.));
#9017 = DIRECTION('',(-0.988799086687,-0.14925269233,0.));
#9018 = ADVANCED_FACE('',(#9019),#9038,.T.);
#9019 = FACE_BOUND('',#9020,.F.);
#9020 = EDGE_LOOP('',(#9021,#9022,#9023,#9031));
#9021 = ORIENTED_EDGE('',*,*,#8975,.F.);
#9022 = ORIENTED_EDGE('',*,*,#2393,.T.);
#9023 = ORIENTED_EDGE('',*,*,#9024,.T.);
#9024 = EDGE_CURVE('',#2394,#9025,#9027,.T.);
#9025 = VERTEX_POINT('',#9026);
#9026 = CARTESIAN_POINT('',(-11.,31.,0.2));
#9027 = LINE('',#9028,#9029);
#9028 = CARTESIAN_POINT('',(-11.,31.,0.2));
#9029 = VECTOR('',#9030,1.);
#9030 = DIRECTION('',(-4.E-17,0.707106781187,0.707106781187));
#9031 = ORIENTED_EDGE('',*,*,#9032,.F.);
#9032 = EDGE_CURVE('',#8976,#9025,#9033,.T.);
#9033 = CIRCLE('',#9034,2.);
#9034 = AXIS2_PLACEMENT_3D('',#9035,#9036,#9037);
#9035 = CARTESIAN_POINT('',(-11.,29.,0.2));
#9036 = DIRECTION('',(0.,0.,-1.));
#9037 = DIRECTION('',(-1.,0.,0.));
#9038 = CONICAL_SURFACE('',#9039,2.,0.785398163397);
#9039 = AXIS2_PLACEMENT_3D('',#9040,#9041,#9042);
#9040 = CARTESIAN_POINT('',(-11.,29.,0.2));
#9041 = DIRECTION('',(0.,0.,1.));
#9042 = DIRECTION('',(-1.,0.,0.));
#9043 = ADVANCED_FACE('',(#9044),#9062,.F.);
#9044 = FACE_BOUND('',#9045,.F.);
#9045 = EDGE_LOOP('',(#9046,#9054,#9055,#9056));
#9046 = ORIENTED_EDGE('',*,*,#9047,.F.);
#9047 = EDGE_CURVE('',#2725,#9048,#9050,.T.);
#9048 = VERTEX_POINT('',#9049);
#9049 = CARTESIAN_POINT('',(-9.2568293759,-45.79850538466,0.2));
#9050 = LINE('',#9051,#9052);
#9051 = CARTESIAN_POINT('',(-9.2568293759,-45.79850538466,0.2));
#9052 = VECTOR('',#9053,1.);
#9053 = DIRECTION('',(-0.699186539427,-0.105537590857,0.707106781187));
#9054 = ORIENTED_EDGE('',*,*,#2733,.T.);
#9055 = ORIENTED_EDGE('',*,*,#8997,.T.);
#9056 = ORIENTED_EDGE('',*,*,#9057,.F.);
#9057 = EDGE_CURVE('',#9048,#8998,#9058,.T.);
#9058 = LINE('',#9059,#9060);
#9059 = CARTESIAN_POINT('',(-9.2568293759,-45.79850538466,0.2));
#9060 = VECTOR('',#9061,1.);
#9061 = DIRECTION('',(-0.14925269233,0.988799086687,0.));
#9062 = PLANE('',#9063);
#9063 = AXIS2_PLACEMENT_3D('',#9064,#9065,#9066);
#9064 = CARTESIAN_POINT('',(-9.157949467232,-45.78358011542,0.1));
#9065 = DIRECTION('',(0.699186539427,0.105537590857,0.707106781187));
#9066 = DIRECTION('',(-0.14925269233,0.988799086687,6.938893903907E-17)
  );
#9067 = ADVANCED_FACE('',(#9068),#9086,.F.);
#9068 = FACE_BOUND('',#9069,.F.);
#9069 = EDGE_LOOP('',(#9070,#9071,#9072,#9080));
#9070 = ORIENTED_EDGE('',*,*,#9024,.F.);
#9071 = ORIENTED_EDGE('',*,*,#2402,.T.);
#9072 = ORIENTED_EDGE('',*,*,#9073,.T.);
#9073 = EDGE_CURVE('',#2403,#9074,#9076,.T.);
#9074 = VERTEX_POINT('',#9075);
#9075 = CARTESIAN_POINT('',(-9.1,31.,0.2));
#9076 = LINE('',#9077,#9078);
#9077 = CARTESIAN_POINT('',(-9.1,30.9,0.1));
#9078 = VECTOR('',#9079,1.);
#9079 = DIRECTION('',(0.,0.707106781187,0.707106781187));
#9080 = ORIENTED_EDGE('',*,*,#9081,.F.);
#9081 = EDGE_CURVE('',#9025,#9074,#9082,.T.);
#9082 = LINE('',#9083,#9084);
#9083 = CARTESIAN_POINT('',(-11.,31.,0.2));
#9084 = VECTOR('',#9085,1.);
#9085 = DIRECTION('',(1.,0.,0.));
#9086 = PLANE('',#9087);
#9087 = AXIS2_PLACEMENT_3D('',#9088,#9089,#9090);
#9088 = CARTESIAN_POINT('',(-11.,30.9,0.1));
#9089 = DIRECTION('',(0.,-0.707106781187,0.707106781187));
#9090 = DIRECTION('',(1.,0.,0.));
#9091 = ADVANCED_FACE('',(#9092),#9111,.T.);
#9092 = FACE_BOUND('',#9093,.F.);
#9093 = EDGE_LOOP('',(#9094,#9102,#9103,#9104));
#9094 = ORIENTED_EDGE('',*,*,#9095,.F.);
#9095 = EDGE_CURVE('',#2717,#9096,#9098,.T.);
#9096 = VERTEX_POINT('',#9097);
#9097 = CARTESIAN_POINT('',(-7.279231202527,-47.5,0.2));
#9098 = LINE('',#9099,#9100);
#9099 = CARTESIAN_POINT('',(-7.279231202527,-47.4,0.1));
#9100 = VECTOR('',#9101,1.);
#9101 = DIRECTION('',(0.,-0.707106781187,0.707106781187));
#9102 = ORIENTED_EDGE('',*,*,#2724,.T.);
#9103 = ORIENTED_EDGE('',*,*,#9047,.T.);
#9104 = ORIENTED_EDGE('',*,*,#9105,.F.);
#9105 = EDGE_CURVE('',#9096,#9048,#9106,.T.);
#9106 = CIRCLE('',#9107,2.);
#9107 = AXIS2_PLACEMENT_3D('',#9108,#9109,#9110);
#9108 = CARTESIAN_POINT('',(-7.279231202527,-45.5,0.2));
#9109 = DIRECTION('',(0.,0.,-1.));
#9110 = DIRECTION('',(-4.4E-16,-1.,-0.));
#9111 = CONICAL_SURFACE('',#9112,2.,0.785398163397);
#9112 = AXIS2_PLACEMENT_3D('',#9113,#9114,#9115);
#9113 = CARTESIAN_POINT('',(-7.279231202527,-45.5,0.2));
#9114 = DIRECTION('',(0.,0.,1.));
#9115 = DIRECTION('',(-4.4E-16,-1.,0.));
#9116 = ADVANCED_FACE('',(#9117),#9136,.T.);
#9117 = FACE_BOUND('',#9118,.F.);
#9118 = EDGE_LOOP('',(#9119,#9120,#9121,#9129));
#9119 = ORIENTED_EDGE('',*,*,#9073,.F.);
#9120 = ORIENTED_EDGE('',*,*,#2410,.T.);
#9121 = ORIENTED_EDGE('',*,*,#9122,.T.);
#9122 = EDGE_CURVE('',#2411,#9123,#9125,.T.);
#9123 = VERTEX_POINT('',#9124);
#9124 = CARTESIAN_POINT('',(-7.9,30.6,0.2));
#9125 = LINE('',#9126,#9127);
#9126 = CARTESIAN_POINT('',(-7.9,30.6,0.2));
#9127 = VECTOR('',#9128,1.);
#9128 = DIRECTION('',(0.424264068712,0.565685424949,0.707106781187));
#9129 = ORIENTED_EDGE('',*,*,#9130,.F.);
#9130 = EDGE_CURVE('',#9074,#9123,#9131,.T.);
#9131 = CIRCLE('',#9132,2.);
#9132 = AXIS2_PLACEMENT_3D('',#9133,#9134,#9135);
#9133 = CARTESIAN_POINT('',(-9.1,29.,0.2));
#9134 = DIRECTION('',(0.,0.,-1.));
#9135 = DIRECTION('',(0.,1.,0.));
#9136 = CONICAL_SURFACE('',#9137,2.,0.785398163397);
#9137 = AXIS2_PLACEMENT_3D('',#9138,#9139,#9140);
#9138 = CARTESIAN_POINT('',(-9.1,29.,0.2));
#9139 = DIRECTION('',(0.,0.,1.));
#9140 = DIRECTION('',(0.,1.,0.));
#9141 = ADVANCED_FACE('',(#9142),#9160,.F.);
#9142 = FACE_BOUND('',#9143,.F.);
#9143 = EDGE_LOOP('',(#9144,#9152,#9153,#9154));
#9144 = ORIENTED_EDGE('',*,*,#9145,.F.);
#9145 = EDGE_CURVE('',#2708,#9146,#9148,.T.);
#9146 = VERTEX_POINT('',#9147);
#9147 = CARTESIAN_POINT('',(-5.45,-47.5,0.2));
#9148 = LINE('',#9149,#9150);
#9149 = CARTESIAN_POINT('',(-5.45,-47.5,0.2));
#9150 = VECTOR('',#9151,1.);
#9151 = DIRECTION('',(-4.4E-16,-0.707106781187,0.707106781187));
#9152 = ORIENTED_EDGE('',*,*,#2716,.T.);
#9153 = ORIENTED_EDGE('',*,*,#9095,.T.);
#9154 = ORIENTED_EDGE('',*,*,#9155,.F.);
#9155 = EDGE_CURVE('',#9146,#9096,#9156,.T.);
#9156 = LINE('',#9157,#9158);
#9157 = CARTESIAN_POINT('',(-5.45,-47.5,0.2));
#9158 = VECTOR('',#9159,1.);
#9159 = DIRECTION('',(-1.,-0.,-0.));
#9160 = PLANE('',#9161);
#9161 = AXIS2_PLACEMENT_3D('',#9162,#9163,#9164);
#9162 = CARTESIAN_POINT('',(-5.45,-47.4,0.1));
#9163 = DIRECTION('',(0.,0.707106781187,0.707106781187));
#9164 = DIRECTION('',(-1.,0.,0.));
#9165 = ADVANCED_FACE('',(#9166),#9185,.T.);
#9166 = FACE_BOUND('',#9167,.F.);
#9167 = EDGE_LOOP('',(#9168,#9169,#9170,#9178));
#9168 = ORIENTED_EDGE('',*,*,#9122,.F.);
#9169 = ORIENTED_EDGE('',*,*,#2419,.T.);
#9170 = ORIENTED_EDGE('',*,*,#9171,.T.);
#9171 = EDGE_CURVE('',#2420,#9172,#9174,.T.);
#9172 = VERTEX_POINT('',#9173);
#9173 = CARTESIAN_POINT('',(-6.6,28.,0.2));
#9174 = LINE('',#9175,#9176);
#9175 = CARTESIAN_POINT('',(-6.6,28.,0.2));
#9176 = VECTOR('',#9177,1.);
#9177 = DIRECTION('',(0.707106781187,1.28E-15,0.707106781187));
#9178 = ORIENTED_EDGE('',*,*,#9179,.F.);
#9179 = EDGE_CURVE('',#9123,#9172,#9180,.T.);
#9180 = CIRCLE('',#9181,3.25);
#9181 = AXIS2_PLACEMENT_3D('',#9182,#9183,#9184);
#9182 = CARTESIAN_POINT('',(-9.85,28.,0.2));
#9183 = DIRECTION('',(0.,0.,-1.));
#9184 = DIRECTION('',(0.6,0.8,0.));
#9185 = CONICAL_SURFACE('',#9186,3.25,0.785398163397);
#9186 = AXIS2_PLACEMENT_3D('',#9187,#9188,#9189);
#9187 = CARTESIAN_POINT('',(-9.85,28.,0.2));
#9188 = DIRECTION('',(0.,0.,1.));
#9189 = DIRECTION('',(0.6,0.8,-0.));
#9190 = ADVANCED_FACE('',(#9191),#9210,.T.);
#9191 = FACE_BOUND('',#9192,.F.);
#9192 = EDGE_LOOP('',(#9193,#9201,#9202,#9203));
#9193 = ORIENTED_EDGE('',*,*,#9194,.F.);
#9194 = EDGE_CURVE('',#2699,#9195,#9197,.T.);
#9195 = VERTEX_POINT('',#9196);
#9196 = CARTESIAN_POINT('',(-4.25,-47.1,0.2));
#9197 = LINE('',#9198,#9199);
#9198 = CARTESIAN_POINT('',(-4.25,-47.1,0.2));
#9199 = VECTOR('',#9200,1.);
#9200 = DIRECTION('',(0.424264068712,-0.565685424949,0.707106781187));
#9201 = ORIENTED_EDGE('',*,*,#2707,.T.);
#9202 = ORIENTED_EDGE('',*,*,#9145,.T.);
#9203 = ORIENTED_EDGE('',*,*,#9204,.F.);
#9204 = EDGE_CURVE('',#9195,#9146,#9205,.T.);
#9205 = CIRCLE('',#9206,2.);
#9206 = AXIS2_PLACEMENT_3D('',#9207,#9208,#9209);
#9207 = CARTESIAN_POINT('',(-5.45,-45.5,0.2));
#9208 = DIRECTION('',(0.,0.,-1.));
#9209 = DIRECTION('',(0.6,-0.8,0.));
#9210 = CONICAL_SURFACE('',#9211,2.,0.785398163397);
#9211 = AXIS2_PLACEMENT_3D('',#9212,#9213,#9214);
#9212 = CARTESIAN_POINT('',(-5.45,-45.5,0.2));
#9213 = DIRECTION('',(0.,0.,1.));
#9214 = DIRECTION('',(0.6,-0.8,0.));
#9215 = ADVANCED_FACE('',(#9216),#9235,.T.);
#9216 = FACE_BOUND('',#9217,.F.);
#9217 = EDGE_LOOP('',(#9218,#9219,#9220,#9228));
#9218 = ORIENTED_EDGE('',*,*,#9171,.F.);
#9219 = ORIENTED_EDGE('',*,*,#2428,.T.);
#9220 = ORIENTED_EDGE('',*,*,#9221,.T.);
#9221 = EDGE_CURVE('',#2429,#9222,#9224,.T.);
#9222 = VERTEX_POINT('',#9223);
#9223 = CARTESIAN_POINT('',(-6.731422135229,27.085138206417,0.2));
#9224 = LINE('',#9225,#9226);
#9225 = CARTESIAN_POINT('',(-6.731422135229,27.085138206417,0.2));
#9226 = VECTOR('',#9227,1.);
#9227 = DIRECTION('',(0.678513094104,-0.199047685567,0.707106781187));
#9228 = ORIENTED_EDGE('',*,*,#9229,.F.);
#9229 = EDGE_CURVE('',#9172,#9222,#9230,.T.);
#9230 = CIRCLE('',#9231,3.25);
#9231 = AXIS2_PLACEMENT_3D('',#9232,#9233,#9234);
#9232 = CARTESIAN_POINT('',(-9.85,28.,0.2));
#9233 = DIRECTION('',(0.,0.,-1.));
#9234 = DIRECTION('',(1.,1.09E-15,0.));
#9235 = CONICAL_SURFACE('',#9236,3.25,0.785398163397);
#9236 = AXIS2_PLACEMENT_3D('',#9237,#9238,#9239);
#9237 = CARTESIAN_POINT('',(-9.85,28.,0.2));
#9238 = DIRECTION('',(0.,0.,1.));
#9239 = DIRECTION('',(1.,1.09E-15,-0.));
#9240 = ADVANCED_FACE('',(#9241),#9260,.T.);
#9241 = FACE_BOUND('',#9242,.F.);
#9242 = EDGE_LOOP('',(#9243,#9251,#9252,#9253));
#9243 = ORIENTED_EDGE('',*,*,#9244,.F.);
#9244 = EDGE_CURVE('',#2690,#9245,#9247,.T.);
#9245 = VERTEX_POINT('',#9246);
#9246 = CARTESIAN_POINT('',(-2.973075809257,-44.88660091464,0.2));
#9247 = LINE('',#9248,#9249);
#9248 = CARTESIAN_POINT('',(-2.973075809257,-44.88660091464,0.2));
#9249 = VECTOR('',#9250,1.);
#9250 = DIRECTION('',(0.702086146969,-8.411327026304E-02,0.707106781187)
  );
#9251 = ORIENTED_EDGE('',*,*,#2698,.T.);
#9252 = ORIENTED_EDGE('',*,*,#9194,.T.);
#9253 = ORIENTED_EDGE('',*,*,#9254,.F.);
#9254 = EDGE_CURVE('',#9245,#9195,#9255,.T.);
#9255 = CIRCLE('',#9256,3.25);
#9256 = AXIS2_PLACEMENT_3D('',#9257,#9258,#9259);
#9257 = CARTESIAN_POINT('',(-6.2,-44.5,0.2));
#9258 = DIRECTION('',(0.,0.,-1.));
#9259 = DIRECTION('',(0.992899750998,-0.118954127582,0.));
#9260 = CONICAL_SURFACE('',#9261,3.25,0.785398163397);
#9261 = AXIS2_PLACEMENT_3D('',#9262,#9263,#9264);
#9262 = CARTESIAN_POINT('',(-6.2,-44.5,0.2));
#9263 = DIRECTION('',(0.,0.,1.));
#9264 = DIRECTION('',(0.992899750998,-0.118954127582,0.));
#9265 = ADVANCED_FACE('',(#9266),#9285,.F.);
#9266 = FACE_BOUND('',#9267,.F.);
#9267 = EDGE_LOOP('',(#9268,#9269,#9270,#9278));
#9268 = ORIENTED_EDGE('',*,*,#9221,.F.);
#9269 = ORIENTED_EDGE('',*,*,#2437,.T.);
#9270 = ORIENTED_EDGE('',*,*,#9271,.T.);
#9271 = EDGE_CURVE('',#2438,#9272,#9274,.T.);
#9272 = VERTEX_POINT('',#9273);
#9273 = CARTESIAN_POINT('',(-6.471797268637,26.089438222456,0.2));
#9274 = LINE('',#9275,#9276);
#9275 = CARTESIAN_POINT('',(-6.471797268637,26.089438222456,0.2));
#9276 = VECTOR('',#9277,1.);
#9277 = DIRECTION('',(0.494930590372,0.505018525119,0.707106781187));
#9278 = ORIENTED_EDGE('',*,*,#9279,.F.);
#9279 = EDGE_CURVE('',#9222,#9272,#9280,.T.);
#9280 = CIRCLE('',#9281,1.);
#9281 = AXIS2_PLACEMENT_3D('',#9282,#9283,#9284);
#9282 = CARTESIAN_POINT('',(-5.771859715299,26.803642269929,0.2));
#9283 = DIRECTION('',(0.,0.,1.));
#9284 = DIRECTION('',(-0.95956241993,0.281495936487,0.));
#9285 = CONICAL_SURFACE('',#9286,1.,0.785398163397);
#9286 = AXIS2_PLACEMENT_3D('',#9287,#9288,#9289);
#9287 = CARTESIAN_POINT('',(-5.771859715299,26.803642269929,0.2));
#9288 = DIRECTION('',(-0.,-0.,-1.));
#9289 = DIRECTION('',(-0.95956241993,0.281495936487,0.));
#9290 = ADVANCED_FACE('',(#9291),#9310,.F.);
#9291 = FACE_BOUND('',#9292,.F.);
#9292 = EDGE_LOOP('',(#9293,#9301,#9302,#9303));
#9293 = ORIENTED_EDGE('',*,*,#9294,.F.);
#9294 = EDGE_CURVE('',#2682,#9295,#9297,.T.);
#9295 = VERTEX_POINT('',#9296);
#9296 = CARTESIAN_POINT('',(-1.98017605826,-44.00555504222,0.2));
#9297 = LINE('',#9298,#9299);
#9298 = CARTESIAN_POINT('',(-1.98017605826,-43.90555504222,0.1));
#9299 = VECTOR('',#9300,1.);
#9300 = DIRECTION('',(0.,-0.707106781187,0.707106781187));
#9301 = ORIENTED_EDGE('',*,*,#2689,.T.);
#9302 = ORIENTED_EDGE('',*,*,#9244,.T.);
#9303 = ORIENTED_EDGE('',*,*,#9304,.F.);
#9304 = EDGE_CURVE('',#9295,#9245,#9305,.T.);
#9305 = CIRCLE('',#9306,1.);
#9306 = AXIS2_PLACEMENT_3D('',#9307,#9308,#9309);
#9307 = CARTESIAN_POINT('',(-1.98017605826,-45.00555504222,0.2));
#9308 = DIRECTION('',(0.,-0.,1.));
#9309 = DIRECTION('',(2.2E-16,1.,0.));
#9310 = CONICAL_SURFACE('',#9311,1.,0.785398163397);
#9311 = AXIS2_PLACEMENT_3D('',#9312,#9313,#9314);
#9312 = CARTESIAN_POINT('',(-1.98017605826,-45.00555504222,0.2));
#9313 = DIRECTION('',(-0.,-0.,-1.));
#9314 = DIRECTION('',(2.2E-16,1.,-0.));
#9315 = ADVANCED_FACE('',(#9316),#9334,.T.);
#9316 = FACE_BOUND('',#9317,.F.);
#9317 = EDGE_LOOP('',(#9318,#9319,#9320,#9328));
#9318 = ORIENTED_EDGE('',*,*,#9271,.F.);
#9319 = ORIENTED_EDGE('',*,*,#2446,.T.);
#9320 = ORIENTED_EDGE('',*,*,#9321,.T.);
#9321 = EDGE_CURVE('',#2447,#9322,#9324,.T.);
#9322 = VERTEX_POINT('',#9323);
#9323 = CARTESIAN_POINT('',(-5.583033618702,25.218427960288,0.2));
#9324 = LINE('',#9325,#9326);
#9325 = CARTESIAN_POINT('',(-5.653027374035,25.14700755554,0.1));
#9326 = VECTOR('',#9327,1.);
#9327 = DIRECTION('',(0.494930590372,0.505018525119,0.707106781187));
#9328 = ORIENTED_EDGE('',*,*,#9329,.F.);
#9329 = EDGE_CURVE('',#9272,#9322,#9330,.T.);
#9330 = LINE('',#9331,#9332);
#9331 = CARTESIAN_POINT('',(-6.471797268637,26.089438222456,0.2));
#9332 = VECTOR('',#9333,1.);
#9333 = DIRECTION('',(0.714204047473,-0.699937553338,0.));
#9334 = PLANE('',#9335);
#9335 = AXIS2_PLACEMENT_3D('',#9336,#9337,#9338);
#9336 = CARTESIAN_POINT('',(-6.541791023971,26.018017817709,0.1));
#9337 = DIRECTION('',(0.494930590372,0.505018525119,-0.707106781187));
#9338 = DIRECTION('',(-0.714204047473,0.699937553338,-0.));
#9339 = ADVANCED_FACE('',(#9340),#9358,.F.);
#9340 = FACE_BOUND('',#9341,.F.);
#9341 = EDGE_LOOP('',(#9342,#9350,#9351,#9352));
#9342 = ORIENTED_EDGE('',*,*,#9343,.F.);
#9343 = EDGE_CURVE('',#2673,#9344,#9346,.T.);
#9344 = VERTEX_POINT('',#9345);
#9345 = CARTESIAN_POINT('',(1.98017605826,-44.00555504222,0.2));
#9346 = LINE('',#9347,#9348);
#9347 = CARTESIAN_POINT('',(1.98017605826,-44.00555504222,0.2));
#9348 = VECTOR('',#9349,1.);
#9349 = DIRECTION('',(-5.E-16,-0.707106781187,0.707106781187));
#9350 = ORIENTED_EDGE('',*,*,#2681,.T.);
#9351 = ORIENTED_EDGE('',*,*,#9294,.T.);
#9352 = ORIENTED_EDGE('',*,*,#9353,.F.);
#9353 = EDGE_CURVE('',#9344,#9295,#9354,.T.);
#9354 = LINE('',#9355,#9356);
#9355 = CARTESIAN_POINT('',(1.98017605826,-44.00555504222,0.2));
#9356 = VECTOR('',#9357,1.);
#9357 = DIRECTION('',(-1.,-0.,-0.));
#9358 = PLANE('',#9359);
#9359 = AXIS2_PLACEMENT_3D('',#9360,#9361,#9362);
#9360 = CARTESIAN_POINT('',(1.98017605826,-43.90555504222,0.1));
#9361 = DIRECTION('',(0.,0.707106781187,0.707106781187));
#9362 = DIRECTION('',(-1.,0.,0.));
#9363 = ADVANCED_FACE('',(#9364),#9383,.F.);
#9364 = FACE_BOUND('',#9365,.F.);
#9365 = EDGE_LOOP('',(#9366,#9367,#9368,#9376));
#9366 = ORIENTED_EDGE('',*,*,#9321,.F.);
#9367 = ORIENTED_EDGE('',*,*,#2454,.T.);
#9368 = ORIENTED_EDGE('',*,*,#9369,.T.);
#9369 = EDGE_CURVE('',#2455,#9370,#9372,.T.);
#9370 = VERTEX_POINT('',#9371);
#9371 = CARTESIAN_POINT('',(-4.883096065364,24.932632007761,0.2));
#9372 = LINE('',#9373,#9374);
#9373 = CARTESIAN_POINT('',(-4.883096065364,24.932632007761,0.2));
#9374 = VECTOR('',#9375,1.);
#9375 = DIRECTION('',(2.94E-15,0.707106781187,0.707106781187));
#9376 = ORIENTED_EDGE('',*,*,#9377,.F.);
#9377 = EDGE_CURVE('',#9322,#9370,#9378,.T.);
#9378 = CIRCLE('',#9379,1.);
#9379 = AXIS2_PLACEMENT_3D('',#9380,#9381,#9382);
#9380 = CARTESIAN_POINT('',(-4.883096065364,25.932632007761,0.2));
#9381 = DIRECTION('',(0.,0.,1.));
#9382 = DIRECTION('',(-0.699937553338,-0.714204047473,0.));
#9383 = CONICAL_SURFACE('',#9384,1.,0.785398163397);
#9384 = AXIS2_PLACEMENT_3D('',#9385,#9386,#9387);
#9385 = CARTESIAN_POINT('',(-4.883096065364,25.932632007761,0.2));
#9386 = DIRECTION('',(-0.,-0.,-1.));
#9387 = DIRECTION('',(-0.699937553338,-0.714204047473,0.));
#9388 = ADVANCED_FACE('',(#9389),#9408,.F.);
#9389 = FACE_BOUND('',#9390,.F.);
#9390 = EDGE_LOOP('',(#9391,#9399,#9400,#9401));
#9391 = ORIENTED_EDGE('',*,*,#9392,.F.);
#9392 = EDGE_CURVE('',#2664,#9393,#9395,.T.);
#9393 = VERTEX_POINT('',#9394);
#9394 = CARTESIAN_POINT('',(2.973075809257,-44.88660091464,0.2));
#9395 = LINE('',#9396,#9397);
#9396 = CARTESIAN_POINT('',(2.973075809257,-44.88660091464,0.2));
#9397 = VECTOR('',#9398,1.);
#9398 = DIRECTION('',(-0.702086146969,-8.411327026304E-02,0.707106781187
    ));
#9399 = ORIENTED_EDGE('',*,*,#2672,.T.);
#9400 = ORIENTED_EDGE('',*,*,#9343,.T.);
#9401 = ORIENTED_EDGE('',*,*,#9402,.F.);
#9402 = EDGE_CURVE('',#9393,#9344,#9403,.T.);
#9403 = CIRCLE('',#9404,1.);
#9404 = AXIS2_PLACEMENT_3D('',#9405,#9406,#9407);
#9405 = CARTESIAN_POINT('',(1.98017605826,-45.00555504222,0.2));
#9406 = DIRECTION('',(0.,-0.,1.));
#9407 = DIRECTION('',(0.992899750998,0.118954127582,0.));
#9408 = CONICAL_SURFACE('',#9409,1.,0.785398163397);
#9409 = AXIS2_PLACEMENT_3D('',#9410,#9411,#9412);
#9410 = CARTESIAN_POINT('',(1.98017605826,-45.00555504222,0.2));
#9411 = DIRECTION('',(-0.,-0.,-1.));
#9412 = DIRECTION('',(0.992899750998,0.118954127582,-0.));
#9413 = ADVANCED_FACE('',(#9414),#9432,.F.);
#9414 = FACE_BOUND('',#9415,.F.);
#9415 = EDGE_LOOP('',(#9416,#9417,#9418,#9426));
#9416 = ORIENTED_EDGE('',*,*,#9369,.F.);
#9417 = ORIENTED_EDGE('',*,*,#2463,.T.);
#9418 = ORIENTED_EDGE('',*,*,#9419,.T.);
#9419 = EDGE_CURVE('',#2464,#9420,#9422,.T.);
#9420 = VERTEX_POINT('',#9421);
#9421 = CARTESIAN_POINT('',(4.883096065364,24.932632007761,0.2));
#9422 = LINE('',#9423,#9424);
#9423 = CARTESIAN_POINT('',(4.883096065364,24.832632007761,0.1));
#9424 = VECTOR('',#9425,1.);
#9425 = DIRECTION('',(0.,0.707106781187,0.707106781187));
#9426 = ORIENTED_EDGE('',*,*,#9427,.F.);
#9427 = EDGE_CURVE('',#9370,#9420,#9428,.T.);
#9428 = LINE('',#9429,#9430);
#9429 = CARTESIAN_POINT('',(-4.883096065364,24.932632007761,0.2));
#9430 = VECTOR('',#9431,1.);
#9431 = DIRECTION('',(1.,0.,0.));
#9432 = PLANE('',#9433);
#9433 = AXIS2_PLACEMENT_3D('',#9434,#9435,#9436);
#9434 = CARTESIAN_POINT('',(-4.883096065364,24.832632007761,0.1));
#9435 = DIRECTION('',(0.,-0.707106781187,0.707106781187));
#9436 = DIRECTION('',(1.,0.,0.));
#9437 = ADVANCED_FACE('',(#9438),#9457,.T.);
#9438 = FACE_BOUND('',#9439,.F.);
#9439 = EDGE_LOOP('',(#9440,#9448,#9449,#9450));
#9440 = ORIENTED_EDGE('',*,*,#9441,.F.);
#9441 = EDGE_CURVE('',#2655,#9442,#9444,.T.);
#9442 = VERTEX_POINT('',#9443);
#9443 = CARTESIAN_POINT('',(4.25,-47.1,0.2));
#9444 = LINE('',#9445,#9446);
#9445 = CARTESIAN_POINT('',(4.25,-47.1,0.2));
#9446 = VECTOR('',#9447,1.);
#9447 = DIRECTION('',(-0.424264068712,-0.565685424949,0.707106781187));
#9448 = ORIENTED_EDGE('',*,*,#2663,.T.);
#9449 = ORIENTED_EDGE('',*,*,#9392,.T.);
#9450 = ORIENTED_EDGE('',*,*,#9451,.F.);
#9451 = EDGE_CURVE('',#9442,#9393,#9452,.T.);
#9452 = CIRCLE('',#9453,3.25);
#9453 = AXIS2_PLACEMENT_3D('',#9454,#9455,#9456);
#9454 = CARTESIAN_POINT('',(6.2,-44.5,0.2));
#9455 = DIRECTION('',(0.,0.,-1.));
#9456 = DIRECTION('',(-0.6,-0.8,-0.));
#9457 = CONICAL_SURFACE('',#9458,3.25,0.785398163397);
#9458 = AXIS2_PLACEMENT_3D('',#9459,#9460,#9461);
#9459 = CARTESIAN_POINT('',(6.2,-44.5,0.2));
#9460 = DIRECTION('',(0.,0.,1.));
#9461 = DIRECTION('',(-0.6,-0.8,0.));
#9462 = ADVANCED_FACE('',(#9463),#9482,.F.);
#9463 = FACE_BOUND('',#9464,.F.);
#9464 = EDGE_LOOP('',(#9465,#9466,#9467,#9475));
#9465 = ORIENTED_EDGE('',*,*,#9419,.F.);
#9466 = ORIENTED_EDGE('',*,*,#2471,.T.);
#9467 = ORIENTED_EDGE('',*,*,#9468,.T.);
#9468 = EDGE_CURVE('',#2472,#9469,#9471,.T.);
#9469 = VERTEX_POINT('',#9470);
#9470 = CARTESIAN_POINT('',(5.583033618702,25.218427960288,0.2));
#9471 = LINE('',#9472,#9473);
#9472 = CARTESIAN_POINT('',(5.583033618702,25.218427960288,0.2));
#9473 = VECTOR('',#9474,1.);
#9474 = DIRECTION('',(-0.494930590372,0.505018525119,0.707106781187));
#9475 = ORIENTED_EDGE('',*,*,#9476,.F.);
#9476 = EDGE_CURVE('',#9420,#9469,#9477,.T.);
#9477 = CIRCLE('',#9478,1.);
#9478 = AXIS2_PLACEMENT_3D('',#9479,#9480,#9481);
#9479 = CARTESIAN_POINT('',(4.883096065364,25.932632007761,0.2));
#9480 = DIRECTION('',(-0.,0.,1.));
#9481 = DIRECTION('',(0.,-1.,0.));
#9482 = CONICAL_SURFACE('',#9483,1.,0.785398163397);
#9483 = AXIS2_PLACEMENT_3D('',#9484,#9485,#9486);
#9484 = CARTESIAN_POINT('',(4.883096065364,25.932632007761,0.2));
#9485 = DIRECTION('',(-0.,-0.,-1.));
#9486 = DIRECTION('',(0.,-1.,0.));
#9487 = ADVANCED_FACE('',(#9488),#9507,.T.);
#9488 = FACE_BOUND('',#9489,.F.);
#9489 = EDGE_LOOP('',(#9490,#9498,#9499,#9500));
#9490 = ORIENTED_EDGE('',*,*,#9491,.F.);
#9491 = EDGE_CURVE('',#2647,#9492,#9494,.T.);
#9492 = VERTEX_POINT('',#9493);
#9493 = CARTESIAN_POINT('',(5.45,-47.5,0.2));
#9494 = LINE('',#9495,#9496);
#9495 = CARTESIAN_POINT('',(5.45,-47.4,0.1));
#9496 = VECTOR('',#9497,1.);
#9497 = DIRECTION('',(0.,-0.707106781187,0.707106781187));
#9498 = ORIENTED_EDGE('',*,*,#2654,.T.);
#9499 = ORIENTED_EDGE('',*,*,#9441,.T.);
#9500 = ORIENTED_EDGE('',*,*,#9501,.F.);
#9501 = EDGE_CURVE('',#9492,#9442,#9502,.T.);
#9502 = CIRCLE('',#9503,2.);
#9503 = AXIS2_PLACEMENT_3D('',#9504,#9505,#9506);
#9504 = CARTESIAN_POINT('',(5.45,-45.5,0.2));
#9505 = DIRECTION('',(0.,0.,-1.));
#9506 = DIRECTION('',(0.,-1.,0.));
#9507 = CONICAL_SURFACE('',#9508,2.,0.785398163397);
#9508 = AXIS2_PLACEMENT_3D('',#9509,#9510,#9511);
#9509 = CARTESIAN_POINT('',(5.45,-45.5,0.2));
#9510 = DIRECTION('',(0.,0.,1.));
#9511 = DIRECTION('',(0.,-1.,0.));
#9512 = ADVANCED_FACE('',(#9513),#9531,.F.);
#9513 = FACE_BOUND('',#9514,.F.);
#9514 = EDGE_LOOP('',(#9515,#9516,#9517,#9525));
#9515 = ORIENTED_EDGE('',*,*,#9468,.F.);
#9516 = ORIENTED_EDGE('',*,*,#2480,.T.);
#9517 = ORIENTED_EDGE('',*,*,#9518,.T.);
#9518 = EDGE_CURVE('',#2481,#9519,#9521,.T.);
#9519 = VERTEX_POINT('',#9520);
#9520 = CARTESIAN_POINT('',(6.471797268637,26.089438222456,0.2));
#9521 = LINE('',#9522,#9523);
#9522 = CARTESIAN_POINT('',(6.541791023971,26.018017817709,0.1));
#9523 = VECTOR('',#9524,1.);
#9524 = DIRECTION('',(-0.494930590372,0.505018525119,0.707106781187));
#9525 = ORIENTED_EDGE('',*,*,#9526,.F.);
#9526 = EDGE_CURVE('',#9469,#9519,#9527,.T.);
#9527 = LINE('',#9528,#9529);
#9528 = CARTESIAN_POINT('',(5.583033618702,25.218427960288,0.2));
#9529 = VECTOR('',#9530,1.);
#9530 = DIRECTION('',(0.714204047473,0.699937553338,0.));
#9531 = PLANE('',#9532);
#9532 = AXIS2_PLACEMENT_3D('',#9533,#9534,#9535);
#9533 = CARTESIAN_POINT('',(5.653027374035,25.14700755554,0.1));
#9534 = DIRECTION('',(0.494930590372,-0.505018525119,0.707106781187));
#9535 = DIRECTION('',(0.714204047473,0.699937553338,-8.326672684689E-17)
  );
#9536 = ADVANCED_FACE('',(#9537),#9555,.F.);
#9537 = FACE_BOUND('',#9538,.F.);
#9538 = EDGE_LOOP('',(#9539,#9547,#9548,#9549));
#9539 = ORIENTED_EDGE('',*,*,#9540,.F.);
#9540 = EDGE_CURVE('',#2638,#9541,#9543,.T.);
#9541 = VERTEX_POINT('',#9542);
#9542 = CARTESIAN_POINT('',(7.279231202527,-47.5,0.2));
#9543 = LINE('',#9544,#9545);
#9544 = CARTESIAN_POINT('',(7.279231202527,-47.5,0.2));
#9545 = VECTOR('',#9546,1.);
#9546 = DIRECTION('',(0.,-0.707106781187,0.707106781187));
#9547 = ORIENTED_EDGE('',*,*,#2646,.T.);
#9548 = ORIENTED_EDGE('',*,*,#9491,.T.);
#9549 = ORIENTED_EDGE('',*,*,#9550,.F.);
#9550 = EDGE_CURVE('',#9541,#9492,#9551,.T.);
#9551 = LINE('',#9552,#9553);
#9552 = CARTESIAN_POINT('',(7.279231202527,-47.5,0.2));
#9553 = VECTOR('',#9554,1.);
#9554 = DIRECTION('',(-1.,-0.,-0.));
#9555 = PLANE('',#9556);
#9556 = AXIS2_PLACEMENT_3D('',#9557,#9558,#9559);
#9557 = CARTESIAN_POINT('',(7.279231202527,-47.4,0.1));
#9558 = DIRECTION('',(0.,0.707106781187,0.707106781187));
#9559 = DIRECTION('',(-1.,0.,0.));
#9560 = ADVANCED_FACE('',(#9561),#9580,.F.);
#9561 = FACE_BOUND('',#9562,.F.);
#9562 = EDGE_LOOP('',(#9563,#9564,#9565,#9573));
#9563 = ORIENTED_EDGE('',*,*,#9518,.F.);
#9564 = ORIENTED_EDGE('',*,*,#2488,.T.);
#9565 = ORIENTED_EDGE('',*,*,#9566,.T.);
#9566 = EDGE_CURVE('',#2489,#9567,#9569,.T.);
#9567 = VERTEX_POINT('',#9568);
#9568 = CARTESIAN_POINT('',(6.731422135229,27.085138206417,0.2));
#9569 = LINE('',#9570,#9571);
#9570 = CARTESIAN_POINT('',(6.731422135229,27.085138206417,0.2));
#9571 = VECTOR('',#9572,1.);
#9572 = DIRECTION('',(-0.678513094104,-0.199047685567,0.707106781187));
#9573 = ORIENTED_EDGE('',*,*,#9574,.F.);
#9574 = EDGE_CURVE('',#9519,#9567,#9575,.T.);
#9575 = CIRCLE('',#9576,1.);
#9576 = AXIS2_PLACEMENT_3D('',#9577,#9578,#9579);
#9577 = CARTESIAN_POINT('',(5.771859715299,26.803642269929,0.2));
#9578 = DIRECTION('',(-0.,0.,1.));
#9579 = DIRECTION('',(0.699937553338,-0.714204047473,0.));
#9580 = CONICAL_SURFACE('',#9581,1.,0.785398163397);
#9581 = AXIS2_PLACEMENT_3D('',#9582,#9583,#9584);
#9582 = CARTESIAN_POINT('',(5.771859715299,26.803642269929,0.2));
#9583 = DIRECTION('',(-0.,-0.,-1.));
#9584 = DIRECTION('',(0.699937553338,-0.714204047473,0.));
#9585 = ADVANCED_FACE('',(#9586),#9603,.T.);
#9586 = FACE_BOUND('',#9587,.F.);
#9587 = EDGE_LOOP('',(#9588,#9594,#9595,#9596));
#9588 = ORIENTED_EDGE('',*,*,#9589,.F.);
#9589 = EDGE_CURVE('',#2630,#4408,#9590,.T.);
#9590 = LINE('',#9591,#9592);
#9591 = CARTESIAN_POINT('',(9.157949467232,-45.78358011542,0.1));
#9592 = VECTOR('',#9593,1.);
#9593 = DIRECTION('',(0.699186539427,-0.105537590857,0.707106781187));
#9594 = ORIENTED_EDGE('',*,*,#2637,.T.);
#9595 = ORIENTED_EDGE('',*,*,#9540,.T.);
#9596 = ORIENTED_EDGE('',*,*,#9597,.F.);
#9597 = EDGE_CURVE('',#4408,#9541,#9598,.T.);
#9598 = CIRCLE('',#9599,2.);
#9599 = AXIS2_PLACEMENT_3D('',#9600,#9601,#9602);
#9600 = CARTESIAN_POINT('',(7.279231202527,-45.5,0.2));
#9601 = DIRECTION('',(0.,0.,-1.));
#9602 = DIRECTION('',(0.988799086687,-0.14925269233,0.));
#9603 = CONICAL_SURFACE('',#9604,2.,0.785398163397);
#9604 = AXIS2_PLACEMENT_3D('',#9605,#9606,#9607);
#9605 = CARTESIAN_POINT('',(7.279231202527,-45.5,0.2));
#9606 = DIRECTION('',(0.,0.,1.));
#9607 = DIRECTION('',(0.988799086687,-0.14925269233,0.));
#9608 = ADVANCED_FACE('',(#9609),#9628,.T.);
#9609 = FACE_BOUND('',#9610,.F.);
#9610 = EDGE_LOOP('',(#9611,#9612,#9613,#9621));
#9611 = ORIENTED_EDGE('',*,*,#9566,.F.);
#9612 = ORIENTED_EDGE('',*,*,#2497,.T.);
#9613 = ORIENTED_EDGE('',*,*,#9614,.T.);
#9614 = EDGE_CURVE('',#2498,#9615,#9617,.T.);
#9615 = VERTEX_POINT('',#9616);
#9616 = CARTESIAN_POINT('',(6.6,28.,0.2));
#9617 = LINE('',#9618,#9619);
#9618 = CARTESIAN_POINT('',(6.6,28.,0.2));
#9619 = VECTOR('',#9620,1.);
#9620 = DIRECTION('',(-0.707106781187,-4.4E-16,0.707106781187));
#9621 = ORIENTED_EDGE('',*,*,#9622,.F.);
#9622 = EDGE_CURVE('',#9567,#9615,#9623,.T.);
#9623 = CIRCLE('',#9624,3.25);
#9624 = AXIS2_PLACEMENT_3D('',#9625,#9626,#9627);
#9625 = CARTESIAN_POINT('',(9.85,28.,0.2));
#9626 = DIRECTION('',(0.,0.,-1.));
#9627 = DIRECTION('',(-0.95956241993,-0.281495936487,-0.));
#9628 = CONICAL_SURFACE('',#9629,3.25,0.785398163397);
#9629 = AXIS2_PLACEMENT_3D('',#9630,#9631,#9632);
#9630 = CARTESIAN_POINT('',(9.85,28.,0.2));
#9631 = DIRECTION('',(0.,0.,1.));
#9632 = DIRECTION('',(-0.95956241993,-0.281495936487,0.));
#9633 = ADVANCED_FACE('',(#9634),#9640,.F.);
#9634 = FACE_BOUND('',#9635,.F.);
#9635 = EDGE_LOOP('',(#9636,#9637,#9638,#9639));
#9636 = ORIENTED_EDGE('',*,*,#4391,.F.);
#9637 = ORIENTED_EDGE('',*,*,#2629,.T.);
#9638 = ORIENTED_EDGE('',*,*,#9589,.T.);
#9639 = ORIENTED_EDGE('',*,*,#4407,.F.);
#9640 = PLANE('',#9641);
#9641 = AXIS2_PLACEMENT_3D('',#9642,#9643,#9644);
#9642 = CARTESIAN_POINT('',(12.889919178018,-21.05928078146,0.1));
#9643 = DIRECTION('',(-0.699186539427,0.105537590857,0.707106781187));
#9644 = DIRECTION('',(-0.14925269233,-0.988799086687,2.775557561563E-17)
  );
#9645 = ADVANCED_FACE('',(#9646),#9665,.T.);
#9646 = FACE_BOUND('',#9647,.F.);
#9647 = EDGE_LOOP('',(#9648,#9649,#9650,#9658));
#9648 = ORIENTED_EDGE('',*,*,#9614,.F.);
#9649 = ORIENTED_EDGE('',*,*,#2506,.T.);
#9650 = ORIENTED_EDGE('',*,*,#9651,.T.);
#9651 = EDGE_CURVE('',#2507,#9652,#9654,.T.);
#9652 = VERTEX_POINT('',#9653);
#9653 = CARTESIAN_POINT('',(7.9,30.6,0.2));
#9654 = LINE('',#9655,#9656);
#9655 = CARTESIAN_POINT('',(7.9,30.6,0.2));
#9656 = VECTOR('',#9657,1.);
#9657 = DIRECTION('',(-0.424264068712,0.565685424949,0.707106781187));
#9658 = ORIENTED_EDGE('',*,*,#9659,.F.);
#9659 = EDGE_CURVE('',#9615,#9652,#9660,.T.);
#9660 = CIRCLE('',#9661,3.25);
#9661 = AXIS2_PLACEMENT_3D('',#9662,#9663,#9664);
#9662 = CARTESIAN_POINT('',(9.85,28.,0.2));
#9663 = DIRECTION('',(0.,0.,-1.));
#9664 = DIRECTION('',(-1.,0.,0.));
#9665 = CONICAL_SURFACE('',#9666,3.25,0.785398163397);
#9666 = AXIS2_PLACEMENT_3D('',#9667,#9668,#9669);
#9667 = CARTESIAN_POINT('',(9.85,28.,0.2));
#9668 = DIRECTION('',(0.,0.,1.));
#9669 = DIRECTION('',(-1.,0.,0.));
#9670 = ADVANCED_FACE('',(#9671),#9690,.T.);
#9671 = FACE_BOUND('',#9672,.F.);
#9672 = EDGE_LOOP('',(#9673,#9674,#9675,#9683));
#9673 = ORIENTED_EDGE('',*,*,#9651,.F.);
#9674 = ORIENTED_EDGE('',*,*,#2515,.T.);
#9675 = ORIENTED_EDGE('',*,*,#9676,.T.);
#9676 = EDGE_CURVE('',#2516,#9677,#9679,.T.);
#9677 = VERTEX_POINT('',#9678);
#9678 = CARTESIAN_POINT('',(9.1,31.,0.2));
#9679 = LINE('',#9680,#9681);
#9680 = CARTESIAN_POINT('',(9.1,31.,0.2));
#9681 = VECTOR('',#9682,1.);
#9682 = DIRECTION('',(-1.22E-15,0.707106781187,0.707106781187));
#9683 = ORIENTED_EDGE('',*,*,#9684,.F.);
#9684 = EDGE_CURVE('',#9652,#9677,#9685,.T.);
#9685 = CIRCLE('',#9686,2.);
#9686 = AXIS2_PLACEMENT_3D('',#9687,#9688,#9689);
#9687 = CARTESIAN_POINT('',(9.1,29.,0.2));
#9688 = DIRECTION('',(0.,0.,-1.));
#9689 = DIRECTION('',(-0.6,0.8,0.));
#9690 = CONICAL_SURFACE('',#9691,2.,0.785398163397);
#9691 = AXIS2_PLACEMENT_3D('',#9692,#9693,#9694);
#9692 = CARTESIAN_POINT('',(9.1,29.,0.2));
#9693 = DIRECTION('',(0.,0.,1.));
#9694 = DIRECTION('',(-0.6,0.8,0.));
#9695 = ADVANCED_FACE('',(#9696),#9714,.F.);
#9696 = FACE_BOUND('',#9697,.F.);
#9697 = EDGE_LOOP('',(#9698,#9699,#9700,#9708));
#9698 = ORIENTED_EDGE('',*,*,#9676,.F.);
#9699 = ORIENTED_EDGE('',*,*,#2524,.T.);
#9700 = ORIENTED_EDGE('',*,*,#9701,.T.);
#9701 = EDGE_CURVE('',#2525,#9702,#9704,.T.);
#9702 = VERTEX_POINT('',#9703);
#9703 = CARTESIAN_POINT('',(11.,31.,0.2));
#9704 = LINE('',#9705,#9706);
#9705 = CARTESIAN_POINT('',(11.,30.9,0.1));
#9706 = VECTOR('',#9707,1.);
#9707 = DIRECTION('',(0.,0.707106781187,0.707106781187));
#9708 = ORIENTED_EDGE('',*,*,#9709,.F.);
#9709 = EDGE_CURVE('',#9677,#9702,#9710,.T.);
#9710 = LINE('',#9711,#9712);
#9711 = CARTESIAN_POINT('',(9.1,31.,0.2));
#9712 = VECTOR('',#9713,1.);
#9713 = DIRECTION('',(1.,0.,0.));
#9714 = PLANE('',#9715);
#9715 = AXIS2_PLACEMENT_3D('',#9716,#9717,#9718);
#9716 = CARTESIAN_POINT('',(9.1,30.9,0.1));
#9717 = DIRECTION('',(0.,-0.707106781187,0.707106781187));
#9718 = DIRECTION('',(1.,0.,0.));
#9719 = ADVANCED_FACE('',(#9720),#9739,.T.);
#9720 = FACE_BOUND('',#9721,.F.);
#9721 = EDGE_LOOP('',(#9722,#9723,#9724,#9732));
#9722 = ORIENTED_EDGE('',*,*,#9701,.F.);
#9723 = ORIENTED_EDGE('',*,*,#2532,.T.);
#9724 = ORIENTED_EDGE('',*,*,#9725,.T.);
#9725 = EDGE_CURVE('',#2533,#9726,#9728,.T.);
#9726 = VERTEX_POINT('',#9727);
#9727 = CARTESIAN_POINT('',(13.,29.,0.2));
#9728 = LINE('',#9729,#9730);
#9729 = CARTESIAN_POINT('',(13.,29.,0.2));
#9730 = VECTOR('',#9731,1.);
#9731 = DIRECTION('',(0.707106781187,4.E-17,0.707106781187));
#9732 = ORIENTED_EDGE('',*,*,#9733,.F.);
#9733 = EDGE_CURVE('',#9702,#9726,#9734,.T.);
#9734 = CIRCLE('',#9735,2.);
#9735 = AXIS2_PLACEMENT_3D('',#9736,#9737,#9738);
#9736 = CARTESIAN_POINT('',(11.,29.,0.2));
#9737 = DIRECTION('',(0.,0.,-1.));
#9738 = DIRECTION('',(0.,1.,0.));
#9739 = CONICAL_SURFACE('',#9740,2.,0.785398163397);
#9740 = AXIS2_PLACEMENT_3D('',#9741,#9742,#9743);
#9741 = CARTESIAN_POINT('',(11.,29.,0.2));
#9742 = DIRECTION('',(0.,0.,1.));
#9743 = DIRECTION('',(0.,1.,0.));
#9744 = ADVANCED_FACE('',(#9745),#9763,.T.);
#9745 = FACE_BOUND('',#9746,.F.);
#9746 = EDGE_LOOP('',(#9747,#9748,#9749,#9757));
#9747 = ORIENTED_EDGE('',*,*,#9725,.F.);
#9748 = ORIENTED_EDGE('',*,*,#2541,.T.);
#9749 = ORIENTED_EDGE('',*,*,#9750,.T.);
#9750 = EDGE_CURVE('',#2542,#9751,#9753,.T.);
#9751 = VERTEX_POINT('',#9752);
#9752 = CARTESIAN_POINT('',(13.,6.06173769149,0.2));
#9753 = LINE('',#9754,#9755);
#9754 = CARTESIAN_POINT('',(12.9,6.06173769149,1.E-01));
#9755 = VECTOR('',#9756,1.);
#9756 = DIRECTION('',(0.707106781187,0.,0.707106781187));
#9757 = ORIENTED_EDGE('',*,*,#9758,.F.);
#9758 = EDGE_CURVE('',#9726,#9751,#9759,.T.);
#9759 = LINE('',#9760,#9761);
#9760 = CARTESIAN_POINT('',(13.,29.,0.2));
#9761 = VECTOR('',#9762,1.);
#9762 = DIRECTION('',(0.,-1.,0.));
#9763 = PLANE('',#9764);
#9764 = AXIS2_PLACEMENT_3D('',#9765,#9766,#9767);
#9765 = CARTESIAN_POINT('',(12.9,29.,0.1));
#9766 = DIRECTION('',(0.707106781187,0.,-0.707106781187));
#9767 = DIRECTION('',(-0.,1.,-0.));
#9768 = ADVANCED_FACE('',(#9769),#9788,.F.);
#9769 = FACE_BOUND('',#9770,.F.);
#9770 = EDGE_LOOP('',(#9771,#9772,#9773,#9781));
#9771 = ORIENTED_EDGE('',*,*,#9750,.F.);
#9772 = ORIENTED_EDGE('',*,*,#2549,.T.);
#9773 = ORIENTED_EDGE('',*,*,#9774,.T.);
#9774 = EDGE_CURVE('',#2550,#9775,#9777,.T.);
#9775 = VERTEX_POINT('',#9776);
#9776 = CARTESIAN_POINT('',(13.636363636364,5.130196712766,0.2));
#9777 = LINE('',#9778,#9779);
#9778 = CARTESIAN_POINT('',(13.636363636364,5.130196712766,0.2));
#9779 = VECTOR('',#9780,1.);
#9780 = DIRECTION('',(0.257129738613,0.658698943009,0.707106781187));
#9781 = ORIENTED_EDGE('',*,*,#9782,.F.);
#9782 = EDGE_CURVE('',#9751,#9775,#9783,.T.);
#9783 = CIRCLE('',#9784,1.);
#9784 = AXIS2_PLACEMENT_3D('',#9785,#9786,#9787);
#9785 = CARTESIAN_POINT('',(14.,6.06173769149,0.2));
#9786 = DIRECTION('',(0.,0.,1.));
#9787 = DIRECTION('',(-1.,-8.9E-16,0.));
#9788 = CONICAL_SURFACE('',#9789,1.,0.785398163397);
#9789 = AXIS2_PLACEMENT_3D('',#9790,#9791,#9792);
#9790 = CARTESIAN_POINT('',(14.,6.06173769149,0.2));
#9791 = DIRECTION('',(-0.,-0.,-1.));
#9792 = DIRECTION('',(-1.,-8.9E-16,0.));
#9793 = ADVANCED_FACE('',(#9794),#9805,.F.);
#9794 = FACE_BOUND('',#9795,.F.);
#9795 = EDGE_LOOP('',(#9796,#9802,#9803,#9804));
#9796 = ORIENTED_EDGE('',*,*,#9797,.F.);
#9797 = EDGE_CURVE('',#2586,#4508,#9798,.T.);
#9798 = LINE('',#9799,#9800);
#9799 = CARTESIAN_POINT('',(12.9,-13.93826230851,1.E-01));
#9800 = VECTOR('',#9801,1.);
#9801 = DIRECTION('',(0.707106781187,0.,0.707106781187));
#9802 = ORIENTED_EDGE('',*,*,#2593,.T.);
#9803 = ORIENTED_EDGE('',*,*,#4488,.T.);
#9804 = ORIENTED_EDGE('',*,*,#4523,.F.);
#9805 = CONICAL_SURFACE('',#9806,1.,0.785398163397);
#9806 = AXIS2_PLACEMENT_3D('',#9807,#9808,#9809);
#9807 = CARTESIAN_POINT('',(14.,-13.93826230851,0.2));
#9808 = DIRECTION('',(-0.,-0.,-1.));
#9809 = DIRECTION('',(-1.,-1.78E-15,0.));
#9810 = ADVANCED_FACE('',(#9811),#9830,.T.);
#9811 = FACE_BOUND('',#9812,.F.);
#9812 = EDGE_LOOP('',(#9813,#9814,#9815,#9823));
#9813 = ORIENTED_EDGE('',*,*,#9774,.F.);
#9814 = ORIENTED_EDGE('',*,*,#2558,.T.);
#9815 = ORIENTED_EDGE('',*,*,#9816,.T.);
#9816 = EDGE_CURVE('',#2559,#9817,#9819,.T.);
#9817 = VERTEX_POINT('',#9818);
#9818 = CARTESIAN_POINT('',(14.75,3.5,0.2));
#9819 = LINE('',#9820,#9821);
#9820 = CARTESIAN_POINT('',(14.75,3.5,0.2));
#9821 = VECTOR('',#9822,1.);
#9822 = DIRECTION('',(0.707106781187,-5.E-16,0.707106781187));
#9823 = ORIENTED_EDGE('',*,*,#9824,.F.);
#9824 = EDGE_CURVE('',#9775,#9817,#9825,.T.);
#9825 = CIRCLE('',#9826,1.75);
#9826 = AXIS2_PLACEMENT_3D('',#9827,#9828,#9829);
#9827 = CARTESIAN_POINT('',(13.,3.5,0.2));
#9828 = DIRECTION('',(0.,0.,-1.));
#9829 = DIRECTION('',(0.363636363636,0.931540978724,0.));
#9830 = CONICAL_SURFACE('',#9831,1.75,0.785398163397);
#9831 = AXIS2_PLACEMENT_3D('',#9832,#9833,#9834);
#9832 = CARTESIAN_POINT('',(13.,3.5,0.2));
#9833 = DIRECTION('',(0.,0.,1.));
#9834 = DIRECTION('',(0.363636363636,0.931540978724,-0.));
#9835 = ADVANCED_FACE('',(#9836),#9854,.T.);
#9836 = FACE_BOUND('',#9837,.F.);
#9837 = EDGE_LOOP('',(#9838,#9846,#9847,#9848));
#9838 = ORIENTED_EDGE('',*,*,#9839,.F.);
#9839 = EDGE_CURVE('',#2577,#9840,#9842,.T.);
#9840 = VERTEX_POINT('',#9841);
#9841 = CARTESIAN_POINT('',(13.,0.93826230851,0.2));
#9842 = LINE('',#9843,#9844);
#9843 = CARTESIAN_POINT('',(13.,0.93826230851,0.2));
#9844 = VECTOR('',#9845,1.);
#9845 = DIRECTION('',(0.707106781187,-5.6E-16,0.707106781187));
#9846 = ORIENTED_EDGE('',*,*,#2585,.T.);
#9847 = ORIENTED_EDGE('',*,*,#9797,.T.);
#9848 = ORIENTED_EDGE('',*,*,#9849,.F.);
#9849 = EDGE_CURVE('',#9840,#4508,#9850,.T.);
#9850 = LINE('',#9851,#9852);
#9851 = CARTESIAN_POINT('',(13.,0.93826230851,0.2));
#9852 = VECTOR('',#9853,1.);
#9853 = DIRECTION('',(0.,-1.,0.));
#9854 = PLANE('',#9855);
#9855 = AXIS2_PLACEMENT_3D('',#9856,#9857,#9858);
#9856 = CARTESIAN_POINT('',(12.9,0.93826230851,0.1));
#9857 = DIRECTION('',(0.707106781187,0.,-0.707106781187));
#9858 = DIRECTION('',(-0.,1.,-0.));
#9859 = ADVANCED_FACE('',(#9860),#9879,.T.);
#9860 = FACE_BOUND('',#9861,.F.);
#9861 = EDGE_LOOP('',(#9862,#9863,#9864,#9872));
#9862 = ORIENTED_EDGE('',*,*,#9816,.F.);
#9863 = ORIENTED_EDGE('',*,*,#2567,.T.);
#9864 = ORIENTED_EDGE('',*,*,#9865,.T.);
#9865 = EDGE_CURVE('',#2568,#9866,#9868,.T.);
#9866 = VERTEX_POINT('',#9867);
#9867 = CARTESIAN_POINT('',(13.636363636364,1.869803287234,0.2));
#9868 = LINE('',#9869,#9870);
#9869 = CARTESIAN_POINT('',(13.636363636364,1.869803287234,0.2));
#9870 = VECTOR('',#9871,1.);
#9871 = DIRECTION('',(0.257129738613,-0.658698943009,0.707106781187));
#9872 = ORIENTED_EDGE('',*,*,#9873,.F.);
#9873 = EDGE_CURVE('',#9817,#9866,#9874,.T.);
#9874 = CIRCLE('',#9875,1.75);
#9875 = AXIS2_PLACEMENT_3D('',#9876,#9877,#9878);
#9876 = CARTESIAN_POINT('',(13.,3.5,0.2));
#9877 = DIRECTION('',(0.,0.,-1.));
#9878 = DIRECTION('',(1.,-7.6E-16,0.));
#9879 = CONICAL_SURFACE('',#9880,1.75,0.785398163397);
#9880 = AXIS2_PLACEMENT_3D('',#9881,#9882,#9883);
#9881 = CARTESIAN_POINT('',(13.,3.5,0.2));
#9882 = DIRECTION('',(0.,0.,1.));
#9883 = DIRECTION('',(1.,-7.6E-16,0.));
#9884 = ADVANCED_FACE('',(#9885),#9897,.F.);
#9885 = FACE_BOUND('',#9886,.F.);
#9886 = EDGE_LOOP('',(#9887,#9888,#9889,#9890));
#9887 = ORIENTED_EDGE('',*,*,#9865,.F.);
#9888 = ORIENTED_EDGE('',*,*,#2576,.T.);
#9889 = ORIENTED_EDGE('',*,*,#9839,.T.);
#9890 = ORIENTED_EDGE('',*,*,#9891,.F.);
#9891 = EDGE_CURVE('',#9866,#9840,#9892,.T.);
#9892 = CIRCLE('',#9893,1.);
#9893 = AXIS2_PLACEMENT_3D('',#9894,#9895,#9896);
#9894 = CARTESIAN_POINT('',(14.,0.93826230851,0.2));
#9895 = DIRECTION('',(0.,0.,1.));
#9896 = DIRECTION('',(-0.363636363636,0.931540978724,0.));
#9897 = CONICAL_SURFACE('',#9898,1.,0.785398163397);
#9898 = AXIS2_PLACEMENT_3D('',#9899,#9900,#9901);
#9899 = CARTESIAN_POINT('',(14.,0.93826230851,0.2));
#9900 = DIRECTION('',(-0.,-0.,-1.));
#9901 = DIRECTION('',(-0.363636363636,0.931540978724,0.));
#9902 = ADVANCED_FACE('',(#9903),#9914,.F.);
#9903 = FACE_BOUND('',#9904,.T.);
#9904 = EDGE_LOOP('',(#9905,#9911,#9912,#9913));
#9905 = ORIENTED_EDGE('',*,*,#9906,.T.);
#9906 = EDGE_CURVE('',#2926,#5999,#9907,.T.);
#9907 = LINE('',#9908,#9909);
#9908 = CARTESIAN_POINT('',(-8.8,28.,0.));
#9909 = VECTOR('',#9910,1.);
#9910 = DIRECTION('',(0.,0.,1.));
#9911 = ORIENTED_EDGE('',*,*,#6006,.T.);
#9912 = ORIENTED_EDGE('',*,*,#9906,.F.);
#9913 = ORIENTED_EDGE('',*,*,#2925,.F.);
#9914 = CYLINDRICAL_SURFACE('',#9915,1.05);
#9915 = AXIS2_PLACEMENT_3D('',#9916,#9917,#9918);
#9916 = CARTESIAN_POINT('',(-9.85,28.,0.));
#9917 = DIRECTION('',(-0.,-0.,-1.));
#9918 = DIRECTION('',(1.,0.,0.));
#9919 = ADVANCED_FACE('',(#9920),#9931,.F.);
#9920 = FACE_BOUND('',#9921,.T.);
#9921 = EDGE_LOOP('',(#9922,#9928,#9929,#9930));
#9922 = ORIENTED_EDGE('',*,*,#9923,.T.);
#9923 = EDGE_CURVE('',#2937,#6024,#9924,.T.);
#9924 = LINE('',#9925,#9926);
#9925 = CARTESIAN_POINT('',(10.9,28.,0.));
#9926 = VECTOR('',#9927,1.);
#9927 = DIRECTION('',(0.,0.,1.));
#9928 = ORIENTED_EDGE('',*,*,#6031,.T.);
#9929 = ORIENTED_EDGE('',*,*,#9923,.F.);
#9930 = ORIENTED_EDGE('',*,*,#2936,.F.);
#9931 = CYLINDRICAL_SURFACE('',#9932,1.05);
#9932 = AXIS2_PLACEMENT_3D('',#9933,#9934,#9935);
#9933 = CARTESIAN_POINT('',(9.85,28.,0.));
#9934 = DIRECTION('',(-0.,-0.,-1.));
#9935 = DIRECTION('',(1.,0.,0.));
#9936 = ADVANCED_FACE('',(#9937),#9948,.F.);
#9937 = FACE_BOUND('',#9938,.T.);
#9938 = EDGE_LOOP('',(#9939,#9945,#9946,#9947));
#9939 = ORIENTED_EDGE('',*,*,#9940,.T.);
#9940 = EDGE_CURVE('',#2948,#5949,#9941,.T.);
#9941 = LINE('',#9942,#9943);
#9942 = CARTESIAN_POINT('',(-5.15,-44.5,0.));
#9943 = VECTOR('',#9944,1.);
#9944 = DIRECTION('',(0.,0.,1.));
#9945 = ORIENTED_EDGE('',*,*,#5956,.T.);
#9946 = ORIENTED_EDGE('',*,*,#9940,.F.);
#9947 = ORIENTED_EDGE('',*,*,#2947,.F.);
#9948 = CYLINDRICAL_SURFACE('',#9949,1.05);
#9949 = AXIS2_PLACEMENT_3D('',#9950,#9951,#9952);
#9950 = CARTESIAN_POINT('',(-6.2,-44.5,0.));
#9951 = DIRECTION('',(-0.,-0.,-1.));
#9952 = DIRECTION('',(1.,0.,0.));
#9953 = ADVANCED_FACE('',(#9954),#9965,.F.);
#9954 = FACE_BOUND('',#9955,.T.);
#9955 = EDGE_LOOP('',(#9956,#9962,#9963,#9964));
#9956 = ORIENTED_EDGE('',*,*,#9957,.T.);
#9957 = EDGE_CURVE('',#2959,#5974,#9958,.T.);
#9958 = LINE('',#9959,#9960);
#9959 = CARTESIAN_POINT('',(7.25,-44.5,0.));
#9960 = VECTOR('',#9961,1.);
#9961 = DIRECTION('',(0.,0.,1.));
#9962 = ORIENTED_EDGE('',*,*,#5981,.T.);
#9963 = ORIENTED_EDGE('',*,*,#9957,.F.);
#9964 = ORIENTED_EDGE('',*,*,#2958,.F.);
#9965 = CYLINDRICAL_SURFACE('',#9966,1.05);
#9966 = AXIS2_PLACEMENT_3D('',#9967,#9968,#9969);
#9967 = CARTESIAN_POINT('',(6.2,-44.5,0.));
#9968 = DIRECTION('',(-0.,-0.,-1.));
#9969 = DIRECTION('',(1.,0.,0.));
#9970 = ADVANCED_FACE('',(#9971),#9982,.T.);
#9971 = FACE_BOUND('',#9972,.T.);
#9972 = EDGE_LOOP('',(#9973,#9979,#9980,#9981));
#9973 = ORIENTED_EDGE('',*,*,#9974,.F.);
#9974 = EDGE_CURVE('',#9541,#5311,#9975,.T.);
#9975 = LINE('',#9976,#9977);
#9976 = CARTESIAN_POINT('',(7.279231202527,-47.5,0.));
#9977 = VECTOR('',#9978,1.);
#9978 = DIRECTION('',(0.,0.,1.));
#9979 = ORIENTED_EDGE('',*,*,#9597,.F.);
#9980 = ORIENTED_EDGE('',*,*,#4415,.T.);
#9981 = ORIENTED_EDGE('',*,*,#5367,.T.);
#9982 = CYLINDRICAL_SURFACE('',#9983,2.);
#9983 = AXIS2_PLACEMENT_3D('',#9984,#9985,#9986);
#9984 = CARTESIAN_POINT('',(7.279231202527,-45.5,0.));
#9985 = DIRECTION('',(0.,0.,1.));
#9986 = DIRECTION('',(0.,-1.,0.));
#9987 = ADVANCED_FACE('',(#9988),#9999,.T.);
#9988 = FACE_BOUND('',#9989,.T.);
#9989 = EDGE_LOOP('',(#9990,#9996,#9997,#9998));
#9990 = ORIENTED_EDGE('',*,*,#9991,.F.);
#9991 = EDGE_CURVE('',#5610,#9840,#9992,.T.);
#9992 = LINE('',#9993,#9994);
#9993 = CARTESIAN_POINT('',(13.,0.93826230851,2.));
#9994 = VECTOR('',#9995,1.);
#9995 = DIRECTION('',(-0.,-0.,-1.));
#9996 = ORIENTED_EDGE('',*,*,#5619,.T.);
#9997 = ORIENTED_EDGE('',*,*,#4505,.T.);
#9998 = ORIENTED_EDGE('',*,*,#9849,.F.);
#9999 = PLANE('',#10000);
#10000 = AXIS2_PLACEMENT_3D('',#10001,#10002,#10003);
#10001 = CARTESIAN_POINT('',(13.,5.,1.));
#10002 = DIRECTION('',(1.,0.,0.));
#10003 = DIRECTION('',(0.,0.,1.));
#10004 = ADVANCED_FACE('',(#10005),#10021,.T.);
#10005 = FACE_BOUND('',#10006,.T.);
#10006 = EDGE_LOOP('',(#10007,#10013,#10014,#10020));
#10007 = ORIENTED_EDGE('',*,*,#10008,.F.);
#10008 = EDGE_CURVE('',#4539,#8769,#10009,.T.);
#10009 = LINE('',#10010,#10011);
#10010 = CARTESIAN_POINT('',(-13.,-13.93826230851,2.));
#10011 = VECTOR('',#10012,1.);
#10012 = DIRECTION('',(-0.,-0.,-1.));
#10013 = ORIENTED_EDGE('',*,*,#4555,.T.);
#10014 = ORIENTED_EDGE('',*,*,#10015,.T.);
#10015 = EDGE_CURVE('',#4548,#8778,#10016,.T.);
#10016 = LINE('',#10017,#10018);
#10017 = CARTESIAN_POINT('',(-13.,0.93826230851,2.));
#10018 = VECTOR('',#10019,1.);
#10019 = DIRECTION('',(-0.,-0.,-1.));
#10020 = ORIENTED_EDGE('',*,*,#8785,.F.);
#10021 = PLANE('',#10022);
#10022 = AXIS2_PLACEMENT_3D('',#10023,#10024,#10025);
#10023 = CARTESIAN_POINT('',(-13.,5.,1.));
#10024 = DIRECTION('',(-1.,-0.,-0.));
#10025 = DIRECTION('',(0.,0.,-1.));
#10026 = ADVANCED_FACE('',(#10027),#10038,.F.);
#10027 = FACE_BOUND('',#10028,.T.);
#10028 = EDGE_LOOP('',(#10029,#10035,#10036,#10037));
#10029 = ORIENTED_EDGE('',*,*,#10030,.F.);
#10030 = EDGE_CURVE('',#4570,#8800,#10031,.T.);
#10031 = LINE('',#10032,#10033);
#10032 = CARTESIAN_POINT('',(-13.63636363636,-14.86980328723,2.));
#10033 = VECTOR('',#10034,1.);
#10034 = DIRECTION('',(-0.,-0.,-1.));
#10035 = ORIENTED_EDGE('',*,*,#4579,.T.);
#10036 = ORIENTED_EDGE('',*,*,#10008,.T.);
#10037 = ORIENTED_EDGE('',*,*,#8809,.F.);
#10038 = CYLINDRICAL_SURFACE('',#10039,1.);
#10039 = AXIS2_PLACEMENT_3D('',#10040,#10041,#10042);
#10040 = CARTESIAN_POINT('',(-14.,-13.93826230851,2.));
#10041 = DIRECTION('',(-0.,-0.,-1.));
#10042 = DIRECTION('',(0.363636363636,-0.931540978724,0.));
#10043 = ADVANCED_FACE('',(#10044),#10055,.F.);
#10044 = FACE_BOUND('',#10045,.T.);
#10045 = EDGE_LOOP('',(#10046,#10047,#10048,#10054));
#10046 = ORIENTED_EDGE('',*,*,#10015,.F.);
#10047 = ORIENTED_EDGE('',*,*,#4604,.T.);
#10048 = ORIENTED_EDGE('',*,*,#10049,.T.);
#10049 = EDGE_CURVE('',#4597,#8827,#10050,.T.);
#10050 = LINE('',#10051,#10052);
#10051 = CARTESIAN_POINT('',(-13.63636363636,1.869803287234,2.));
#10052 = VECTOR('',#10053,1.);
#10053 = DIRECTION('',(-0.,-0.,-1.));
#10054 = ORIENTED_EDGE('',*,*,#8834,.F.);
#10055 = CYLINDRICAL_SURFACE('',#10056,1.);
#10056 = AXIS2_PLACEMENT_3D('',#10057,#10058,#10059);
#10057 = CARTESIAN_POINT('',(-14.,0.93826230851,2.));
#10058 = DIRECTION('',(-0.,-0.,-1.));
#10059 = DIRECTION('',(1.,0.,0.));
#10060 = ADVANCED_FACE('',(#10061),#10072,.T.);
#10061 = FACE_BOUND('',#10062,.F.);
#10062 = EDGE_LOOP('',(#10063,#10064,#10065,#10071));
#10063 = ORIENTED_EDGE('',*,*,#10030,.F.);
#10064 = ORIENTED_EDGE('',*,*,#4629,.F.);
#10065 = ORIENTED_EDGE('',*,*,#10066,.T.);
#10066 = EDGE_CURVE('',#4620,#8850,#10067,.T.);
#10067 = LINE('',#10068,#10069);
#10068 = CARTESIAN_POINT('',(-13.63636363636,-18.13019671276,2.));
#10069 = VECTOR('',#10070,1.);
#10070 = DIRECTION('',(-0.,-0.,-1.));
#10071 = ORIENTED_EDGE('',*,*,#8859,.T.);
#10072 = CYLINDRICAL_SURFACE('',#10073,1.75);
#10073 = AXIS2_PLACEMENT_3D('',#10074,#10075,#10076);
#10074 = CARTESIAN_POINT('',(-13.,-16.5,0.));
#10075 = DIRECTION('',(-0.,-0.,-1.));
#10076 = DIRECTION('',(1.,0.,0.));
#10077 = ADVANCED_FACE('',(#10078),#10089,.T.);
#10078 = FACE_BOUND('',#10079,.F.);
#10079 = EDGE_LOOP('',(#10080,#10086,#10087,#10088));
#10080 = ORIENTED_EDGE('',*,*,#10081,.F.);
#10081 = EDGE_CURVE('',#4647,#8877,#10082,.T.);
#10082 = LINE('',#10083,#10084);
#10083 = CARTESIAN_POINT('',(-13.63636363636,5.130196712766,2.));
#10084 = VECTOR('',#10085,1.);
#10085 = DIRECTION('',(-0.,-0.,-1.));
#10086 = ORIENTED_EDGE('',*,*,#4654,.F.);
#10087 = ORIENTED_EDGE('',*,*,#10049,.T.);
#10088 = ORIENTED_EDGE('',*,*,#8884,.T.);
#10089 = CYLINDRICAL_SURFACE('',#10090,1.75);
#10090 = AXIS2_PLACEMENT_3D('',#10091,#10092,#10093);
#10091 = CARTESIAN_POINT('',(-13.,3.5,0.));
#10092 = DIRECTION('',(-0.,-0.,-1.));
#10093 = DIRECTION('',(1.,0.,0.));
#10094 = ADVANCED_FACE('',(#10095),#10106,.F.);
#10095 = FACE_BOUND('',#10096,.T.);
#10096 = EDGE_LOOP('',(#10097,#10103,#10104,#10105));
#10097 = ORIENTED_EDGE('',*,*,#10098,.F.);
#10098 = EDGE_CURVE('',#4670,#8900,#10099,.T.);
#10099 = LINE('',#10100,#10101);
#10100 = CARTESIAN_POINT('',(-13.,-19.06173769149,2.));
#10101 = VECTOR('',#10102,1.);
#10102 = DIRECTION('',(-0.,-0.,-1.));
#10103 = ORIENTED_EDGE('',*,*,#4679,.T.);
#10104 = ORIENTED_EDGE('',*,*,#10066,.T.);
#10105 = ORIENTED_EDGE('',*,*,#8909,.F.);
#10106 = CYLINDRICAL_SURFACE('',#10107,1.);
#10107 = AXIS2_PLACEMENT_3D('',#10108,#10109,#10110);
#10108 = CARTESIAN_POINT('',(-14.,-19.06173769149,2.));
#10109 = DIRECTION('',(-0.,-0.,-1.));
#10110 = DIRECTION('',(1.,0.,0.));
#10111 = ADVANCED_FACE('',(#10112),#10123,.F.);
#10112 = FACE_BOUND('',#10113,.T.);
#10113 = EDGE_LOOP('',(#10114,#10115,#10116,#10122));
#10114 = ORIENTED_EDGE('',*,*,#10081,.F.);
#10115 = ORIENTED_EDGE('',*,*,#4704,.T.);
#10116 = ORIENTED_EDGE('',*,*,#10117,.T.);
#10117 = EDGE_CURVE('',#4697,#8927,#10118,.T.);
#10118 = LINE('',#10119,#10120);
#10119 = CARTESIAN_POINT('',(-13.,6.06173769149,2.));
#10120 = VECTOR('',#10121,1.);
#10121 = DIRECTION('',(-0.,-0.,-1.));
#10122 = ORIENTED_EDGE('',*,*,#8934,.F.);
#10123 = CYLINDRICAL_SURFACE('',#10124,1.);
#10124 = AXIS2_PLACEMENT_3D('',#10125,#10126,#10127);
#10125 = CARTESIAN_POINT('',(-14.,6.06173769149,2.));
#10126 = DIRECTION('',(-0.,-0.,-1.));
#10127 = DIRECTION('',(0.363636363636,-0.931540978724,0.));
#10128 = ADVANCED_FACE('',(#10129),#10140,.T.);
#10129 = FACE_BOUND('',#10130,.T.);
#10130 = EDGE_LOOP('',(#10131,#10137,#10138,#10139));
#10131 = ORIENTED_EDGE('',*,*,#10132,.T.);
#10132 = EDGE_CURVE('',#8950,#4720,#10133,.T.);
#10133 = LINE('',#10134,#10135);
#10134 = CARTESIAN_POINT('',(-13.,-20.92495335837,0.));
#10135 = VECTOR('',#10136,1.);
#10136 = DIRECTION('',(0.,0.,1.));
#10137 = ORIENTED_EDGE('',*,*,#4729,.T.);
#10138 = ORIENTED_EDGE('',*,*,#10098,.T.);
#10139 = ORIENTED_EDGE('',*,*,#8959,.F.);
#10140 = PLANE('',#10141);
#10141 = AXIS2_PLACEMENT_3D('',#10142,#10143,#10144);
#10142 = CARTESIAN_POINT('',(-13.,5.,1.));
#10143 = DIRECTION('',(-1.,-0.,-0.));
#10144 = DIRECTION('',(0.,0.,-1.));
#10145 = ADVANCED_FACE('',(#10146),#10157,.T.);
#10146 = FACE_BOUND('',#10147,.T.);
#10147 = EDGE_LOOP('',(#10148,#10149,#10150,#10156));
#10148 = ORIENTED_EDGE('',*,*,#10117,.F.);
#10149 = ORIENTED_EDGE('',*,*,#4753,.T.);
#10150 = ORIENTED_EDGE('',*,*,#10151,.F.);
#10151 = EDGE_CURVE('',#8976,#4746,#10152,.T.);
#10152 = LINE('',#10153,#10154);
#10153 = CARTESIAN_POINT('',(-13.,29.,0.));
#10154 = VECTOR('',#10155,1.);
#10155 = DIRECTION('',(0.,0.,1.));
#10156 = ORIENTED_EDGE('',*,*,#8983,.F.);
#10157 = PLANE('',#10158);
#10158 = AXIS2_PLACEMENT_3D('',#10159,#10160,#10161);
#10159 = CARTESIAN_POINT('',(-13.,5.,1.));
#10160 = DIRECTION('',(-1.,-0.,-0.));
#10161 = DIRECTION('',(0.,0.,-1.));
#10162 = ADVANCED_FACE('',(#10163),#10174,.T.);
#10163 = FACE_BOUND('',#10164,.F.);
#10164 = EDGE_LOOP('',(#10165,#10171,#10172,#10173));
#10165 = ORIENTED_EDGE('',*,*,#10166,.F.);
#10166 = EDGE_CURVE('',#8998,#4768,#10167,.T.);
#10167 = LINE('',#10168,#10169);
#10168 = CARTESIAN_POINT('',(-12.98879908668,-21.0742060507,0.));
#10169 = VECTOR('',#10170,1.);
#10170 = DIRECTION('',(0.,0.,1.));
#10171 = ORIENTED_EDGE('',*,*,#9007,.T.);
#10172 = ORIENTED_EDGE('',*,*,#10132,.T.);
#10173 = ORIENTED_EDGE('',*,*,#4777,.F.);
#10174 = CYLINDRICAL_SURFACE('',#10175,1.);
#10175 = AXIS2_PLACEMENT_3D('',#10176,#10177,#10178);
#10176 = CARTESIAN_POINT('',(-12.,-20.92495335837,0.));
#10177 = DIRECTION('',(0.,0.,1.));
#10178 = DIRECTION('',(-0.988799086687,-0.14925269233,0.));
#10179 = ADVANCED_FACE('',(#10180),#10191,.T.);
#10180 = FACE_BOUND('',#10181,.T.);
#10181 = EDGE_LOOP('',(#10182,#10188,#10189,#10190));
#10182 = ORIENTED_EDGE('',*,*,#10183,.F.);
#10183 = EDGE_CURVE('',#9025,#4795,#10184,.T.);
#10184 = LINE('',#10185,#10186);
#10185 = CARTESIAN_POINT('',(-11.,31.,0.));
#10186 = VECTOR('',#10187,1.);
#10187 = DIRECTION('',(0.,0.,1.));
#10188 = ORIENTED_EDGE('',*,*,#9032,.F.);
#10189 = ORIENTED_EDGE('',*,*,#10151,.T.);
#10190 = ORIENTED_EDGE('',*,*,#4802,.T.);
#10191 = CYLINDRICAL_SURFACE('',#10192,2.);
#10192 = AXIS2_PLACEMENT_3D('',#10193,#10194,#10195);
#10193 = CARTESIAN_POINT('',(-11.,29.,0.));
#10194 = DIRECTION('',(0.,0.,1.));
#10195 = DIRECTION('',(0.,1.,0.));
#10196 = ADVANCED_FACE('',(#10197),#10208,.F.);
#10197 = FACE_BOUND('',#10198,.F.);
#10198 = EDGE_LOOP('',(#10199,#10200,#10201,#10207));
#10199 = ORIENTED_EDGE('',*,*,#10166,.T.);
#10200 = ORIENTED_EDGE('',*,*,#4827,.F.);
#10201 = ORIENTED_EDGE('',*,*,#10202,.F.);
#10202 = EDGE_CURVE('',#9048,#4818,#10203,.T.);
#10203 = LINE('',#10204,#10205);
#10204 = CARTESIAN_POINT('',(-9.2568293759,-45.79850538466,0.));
#10205 = VECTOR('',#10206,1.);
#10206 = DIRECTION('',(0.,0.,1.));
#10207 = ORIENTED_EDGE('',*,*,#9057,.T.);
#10208 = PLANE('',#10209);
#10209 = AXIS2_PLACEMENT_3D('',#10210,#10211,#10212);
#10210 = CARTESIAN_POINT('',(-13.,-21.,0.));
#10211 = DIRECTION('',(0.988799086687,0.14925269233,0.));
#10212 = DIRECTION('',(0.14925269233,-0.988799086687,0.));
#10213 = ADVANCED_FACE('',(#10214),#10225,.F.);
#10214 = FACE_BOUND('',#10215,.F.);
#10215 = EDGE_LOOP('',(#10216,#10222,#10223,#10224));
#10216 = ORIENTED_EDGE('',*,*,#10217,.T.);
#10217 = EDGE_CURVE('',#9074,#4844,#10218,.T.);
#10218 = LINE('',#10219,#10220);
#10219 = CARTESIAN_POINT('',(-9.1,31.,0.));
#10220 = VECTOR('',#10221,1.);
#10221 = DIRECTION('',(0.,0.,1.));
#10222 = ORIENTED_EDGE('',*,*,#4851,.F.);
#10223 = ORIENTED_EDGE('',*,*,#10183,.F.);
#10224 = ORIENTED_EDGE('',*,*,#9081,.T.);
#10225 = PLANE('',#10226);
#10226 = AXIS2_PLACEMENT_3D('',#10227,#10228,#10229);
#10227 = CARTESIAN_POINT('',(-6.6,31.,0.));
#10228 = DIRECTION('',(0.,-1.,0.));
#10229 = DIRECTION('',(-1.,0.,0.));
#10230 = ADVANCED_FACE('',(#10231),#10242,.T.);
#10231 = FACE_BOUND('',#10232,.T.);
#10232 = EDGE_LOOP('',(#10233,#10234,#10235,#10241));
#10233 = ORIENTED_EDGE('',*,*,#10202,.F.);
#10234 = ORIENTED_EDGE('',*,*,#9105,.F.);
#10235 = ORIENTED_EDGE('',*,*,#10236,.T.);
#10236 = EDGE_CURVE('',#9096,#4866,#10237,.T.);
#10237 = LINE('',#10238,#10239);
#10238 = CARTESIAN_POINT('',(-7.279231202527,-47.5,0.));
#10239 = VECTOR('',#10240,1.);
#10240 = DIRECTION('',(0.,0.,1.));
#10241 = ORIENTED_EDGE('',*,*,#4875,.T.);
#10242 = CYLINDRICAL_SURFACE('',#10243,2.);
#10243 = AXIS2_PLACEMENT_3D('',#10244,#10245,#10246);
#10244 = CARTESIAN_POINT('',(-7.279231202527,-45.5,0.));
#10245 = DIRECTION('',(0.,0.,1.));
#10246 = DIRECTION('',(-0.988799086687,-0.14925269233,0.));
#10247 = ADVANCED_FACE('',(#10248),#10259,.T.);
#10248 = FACE_BOUND('',#10249,.F.);
#10249 = EDGE_LOOP('',(#10250,#10251,#10252,#10258));
#10250 = ORIENTED_EDGE('',*,*,#10217,.F.);
#10251 = ORIENTED_EDGE('',*,*,#9130,.T.);
#10252 = ORIENTED_EDGE('',*,*,#10253,.T.);
#10253 = EDGE_CURVE('',#9123,#4893,#10254,.T.);
#10254 = LINE('',#10255,#10256);
#10255 = CARTESIAN_POINT('',(-7.9,30.6,0.));
#10256 = VECTOR('',#10257,1.);
#10257 = DIRECTION('',(0.,0.,1.));
#10258 = ORIENTED_EDGE('',*,*,#4900,.F.);
#10259 = CYLINDRICAL_SURFACE('',#10260,2.);
#10260 = AXIS2_PLACEMENT_3D('',#10261,#10262,#10263);
#10261 = CARTESIAN_POINT('',(-9.1,29.,0.));
#10262 = DIRECTION('',(0.,0.,1.));
#10263 = DIRECTION('',(0.,1.,0.));
#10264 = ADVANCED_FACE('',(#10265),#10276,.F.);
#10265 = FACE_BOUND('',#10266,.F.);
#10266 = EDGE_LOOP('',(#10267,#10273,#10274,#10275));
#10267 = ORIENTED_EDGE('',*,*,#10268,.T.);
#10268 = EDGE_CURVE('',#4916,#9146,#10269,.T.);
#10269 = LINE('',#10270,#10271);
#10270 = CARTESIAN_POINT('',(-5.45,-47.5,2.));
#10271 = VECTOR('',#10272,1.);
#10272 = DIRECTION('',(0.,0.,-1.));
#10273 = ORIENTED_EDGE('',*,*,#9155,.T.);
#10274 = ORIENTED_EDGE('',*,*,#10236,.T.);
#10275 = ORIENTED_EDGE('',*,*,#4925,.F.);
#10276 = PLANE('',#10277);
#10277 = AXIS2_PLACEMENT_3D('',#10278,#10279,#10280);
#10278 = CARTESIAN_POINT('',(-9.,-47.5,0.));
#10279 = DIRECTION('',(0.,1.,0.));
#10280 = DIRECTION('',(1.,0.,0.));
#10281 = ADVANCED_FACE('',(#10282),#10295,.T.);
#10282 = FACE_BOUND('',#10283,.T.);
#10283 = EDGE_LOOP('',(#10284,#10290,#10291,#10292,#10293,#10294));
#10284 = ORIENTED_EDGE('',*,*,#10285,.F.);
#10285 = EDGE_CURVE('',#9222,#4992,#10286,.T.);
#10286 = LINE('',#10287,#10288);
#10287 = CARTESIAN_POINT('',(-6.731422135229,27.085138206417,0.));
#10288 = VECTOR('',#10289,1.);
#10289 = DIRECTION('',(0.,0.,1.));
#10290 = ORIENTED_EDGE('',*,*,#9229,.F.);
#10291 = ORIENTED_EDGE('',*,*,#9179,.F.);
#10292 = ORIENTED_EDGE('',*,*,#10253,.T.);
#10293 = ORIENTED_EDGE('',*,*,#4949,.T.);
#10294 = ORIENTED_EDGE('',*,*,#4999,.T.);
#10295 = CYLINDRICAL_SURFACE('',#10296,3.25);
#10296 = AXIS2_PLACEMENT_3D('',#10297,#10298,#10299);
#10297 = CARTESIAN_POINT('',(-9.85,28.,0.));
#10298 = DIRECTION('',(0.,0.,-1.));
#10299 = DIRECTION('',(1.,0.,0.));
#10300 = ADVANCED_FACE('',(#10301),#10312,.T.);
#10301 = FACE_BOUND('',#10302,.T.);
#10302 = EDGE_LOOP('',(#10303,#10309,#10310,#10311));
#10303 = ORIENTED_EDGE('',*,*,#10304,.F.);
#10304 = EDGE_CURVE('',#4965,#9195,#10305,.T.);
#10305 = LINE('',#10306,#10307);
#10306 = CARTESIAN_POINT('',(-4.25,-47.1,2.));
#10307 = VECTOR('',#10308,1.);
#10308 = DIRECTION('',(0.,0.,-1.));
#10309 = ORIENTED_EDGE('',*,*,#4974,.T.);
#10310 = ORIENTED_EDGE('',*,*,#10268,.T.);
#10311 = ORIENTED_EDGE('',*,*,#9204,.F.);
#10312 = CYLINDRICAL_SURFACE('',#10313,2.);
#10313 = AXIS2_PLACEMENT_3D('',#10314,#10315,#10316);
#10314 = CARTESIAN_POINT('',(-5.45,-45.5,2.));
#10315 = DIRECTION('',(0.,0.,-1.));
#10316 = DIRECTION('',(0.6,-0.8,0.));
#10317 = ADVANCED_FACE('',(#10318),#10329,.T.);
#10318 = FACE_BOUND('',#10319,.T.);
#10319 = EDGE_LOOP('',(#10320,#10326,#10327,#10328));
#10320 = ORIENTED_EDGE('',*,*,#10321,.T.);
#10321 = EDGE_CURVE('',#9245,#5015,#10322,.T.);
#10322 = LINE('',#10323,#10324);
#10323 = CARTESIAN_POINT('',(-2.973075809257,-44.88660091464,0.));
#10324 = VECTOR('',#10325,1.);
#10325 = DIRECTION('',(0.,0.,1.));
#10326 = ORIENTED_EDGE('',*,*,#5024,.T.);
#10327 = ORIENTED_EDGE('',*,*,#10304,.T.);
#10328 = ORIENTED_EDGE('',*,*,#9254,.F.);
#10329 = CYLINDRICAL_SURFACE('',#10330,3.25);
#10330 = AXIS2_PLACEMENT_3D('',#10331,#10332,#10333);
#10331 = CARTESIAN_POINT('',(-6.2,-44.5,0.));
#10332 = DIRECTION('',(0.,0.,-1.));
#10333 = DIRECTION('',(1.,0.,0.));
#10334 = ADVANCED_FACE('',(#10335),#10346,.F.);
#10335 = FACE_BOUND('',#10336,.F.);
#10336 = EDGE_LOOP('',(#10337,#10338,#10339,#10345));
#10337 = ORIENTED_EDGE('',*,*,#10285,.F.);
#10338 = ORIENTED_EDGE('',*,*,#9279,.T.);
#10339 = ORIENTED_EDGE('',*,*,#10340,.T.);
#10340 = EDGE_CURVE('',#9272,#5042,#10341,.T.);
#10341 = LINE('',#10342,#10343);
#10342 = CARTESIAN_POINT('',(-6.471797268637,26.089438222456,0.));
#10343 = VECTOR('',#10344,1.);
#10344 = DIRECTION('',(0.,0.,1.));
#10345 = ORIENTED_EDGE('',*,*,#5049,.F.);
#10346 = CYLINDRICAL_SURFACE('',#10347,1.);
#10347 = AXIS2_PLACEMENT_3D('',#10348,#10349,#10350);
#10348 = CARTESIAN_POINT('',(-5.771859715299,26.803642269929,0.));
#10349 = DIRECTION('',(0.,0.,1.));
#10350 = DIRECTION('',(-0.95956241993,0.281495936487,0.));
#10351 = ADVANCED_FACE('',(#10352),#10363,.F.);
#10352 = FACE_BOUND('',#10353,.F.);
#10353 = EDGE_LOOP('',(#10354,#10360,#10361,#10362));
#10354 = ORIENTED_EDGE('',*,*,#10355,.F.);
#10355 = EDGE_CURVE('',#9295,#5065,#10356,.T.);
#10356 = LINE('',#10357,#10358);
#10357 = CARTESIAN_POINT('',(-1.98017605826,-44.00555504222,0.));
#10358 = VECTOR('',#10359,1.);
#10359 = DIRECTION('',(0.,0.,1.));
#10360 = ORIENTED_EDGE('',*,*,#9304,.T.);
#10361 = ORIENTED_EDGE('',*,*,#10321,.T.);
#10362 = ORIENTED_EDGE('',*,*,#5074,.F.);
#10363 = CYLINDRICAL_SURFACE('',#10364,1.);
#10364 = AXIS2_PLACEMENT_3D('',#10365,#10366,#10367);
#10365 = CARTESIAN_POINT('',(-1.98017605826,-45.00555504222,0.));
#10366 = DIRECTION('',(0.,0.,1.));
#10367 = DIRECTION('',(0.,1.,0.));
#10368 = ADVANCED_FACE('',(#10369),#10380,.T.);
#10369 = FACE_BOUND('',#10370,.T.);
#10370 = EDGE_LOOP('',(#10371,#10372,#10373,#10379));
#10371 = ORIENTED_EDGE('',*,*,#10340,.T.);
#10372 = ORIENTED_EDGE('',*,*,#5099,.T.);
#10373 = ORIENTED_EDGE('',*,*,#10374,.F.);
#10374 = EDGE_CURVE('',#9322,#5092,#10375,.T.);
#10375 = LINE('',#10376,#10377);
#10376 = CARTESIAN_POINT('',(-5.583033618702,25.218427960288,0.));
#10377 = VECTOR('',#10378,1.);
#10378 = DIRECTION('',(0.,0.,1.));
#10379 = ORIENTED_EDGE('',*,*,#9329,.F.);
#10380 = PLANE('',#10381);
#10381 = AXIS2_PLACEMENT_3D('',#10382,#10383,#10384);
#10382 = CARTESIAN_POINT('',(-6.94150840218,26.549766699662,0.));
#10383 = DIRECTION('',(0.699937553338,0.714204047473,0.));
#10384 = DIRECTION('',(0.714204047473,-0.699937553338,0.));
#10385 = ADVANCED_FACE('',(#10386),#10397,.F.);
#10386 = FACE_BOUND('',#10387,.F.);
#10387 = EDGE_LOOP('',(#10388,#10389,#10390,#10396));
#10388 = ORIENTED_EDGE('',*,*,#10355,.T.);
#10389 = ORIENTED_EDGE('',*,*,#5123,.F.);
#10390 = ORIENTED_EDGE('',*,*,#10391,.F.);
#10391 = EDGE_CURVE('',#9344,#5114,#10392,.T.);
#10392 = LINE('',#10393,#10394);
#10393 = CARTESIAN_POINT('',(1.98017605826,-44.00555504222,0.));
#10394 = VECTOR('',#10395,1.);
#10395 = DIRECTION('',(0.,0.,1.));
#10396 = ORIENTED_EDGE('',*,*,#9353,.T.);
#10397 = PLANE('',#10398);
#10398 = AXIS2_PLACEMENT_3D('',#10399,#10400,#10401);
#10399 = CARTESIAN_POINT('',(-2.987831856249,-44.00555504222,0.));
#10400 = DIRECTION('',(0.,1.,0.));
#10401 = DIRECTION('',(1.,0.,0.));
#10402 = ADVANCED_FACE('',(#10403),#10414,.F.);
#10403 = FACE_BOUND('',#10404,.F.);
#10404 = EDGE_LOOP('',(#10405,#10406,#10407,#10413));
#10405 = ORIENTED_EDGE('',*,*,#10374,.F.);
#10406 = ORIENTED_EDGE('',*,*,#9377,.T.);
#10407 = ORIENTED_EDGE('',*,*,#10408,.T.);
#10408 = EDGE_CURVE('',#9370,#5140,#10409,.T.);
#10409 = LINE('',#10410,#10411);
#10410 = CARTESIAN_POINT('',(-4.883096065364,24.932632007761,0.));
#10411 = VECTOR('',#10412,1.);
#10412 = DIRECTION('',(0.,0.,1.));
#10413 = ORIENTED_EDGE('',*,*,#5147,.F.);
#10414 = CYLINDRICAL_SURFACE('',#10415,1.);
#10415 = AXIS2_PLACEMENT_3D('',#10416,#10417,#10418);
#10416 = CARTESIAN_POINT('',(-4.883096065364,25.932632007761,0.));
#10417 = DIRECTION('',(0.,0.,1.));
#10418 = DIRECTION('',(-0.699937553338,-0.714204047473,0.));
#10419 = ADVANCED_FACE('',(#10420),#10431,.F.);
#10420 = FACE_BOUND('',#10421,.F.);
#10421 = EDGE_LOOP('',(#10422,#10428,#10429,#10430));
#10422 = ORIENTED_EDGE('',*,*,#10423,.F.);
#10423 = EDGE_CURVE('',#9393,#5163,#10424,.T.);
#10424 = LINE('',#10425,#10426);
#10425 = CARTESIAN_POINT('',(2.973075809257,-44.88660091464,0.));
#10426 = VECTOR('',#10427,1.);
#10427 = DIRECTION('',(0.,0.,1.));
#10428 = ORIENTED_EDGE('',*,*,#9402,.T.);
#10429 = ORIENTED_EDGE('',*,*,#10391,.T.);
#10430 = ORIENTED_EDGE('',*,*,#5172,.F.);
#10431 = CYLINDRICAL_SURFACE('',#10432,1.);
#10432 = AXIS2_PLACEMENT_3D('',#10433,#10434,#10435);
#10433 = CARTESIAN_POINT('',(1.98017605826,-45.00555504222,0.));
#10434 = DIRECTION('',(0.,0.,1.));
#10435 = DIRECTION('',(0.992899750998,0.118954127582,0.));
#10436 = ADVANCED_FACE('',(#10437),#10448,.F.);
#10437 = FACE_BOUND('',#10438,.F.);
#10438 = EDGE_LOOP('',(#10439,#10445,#10446,#10447));
#10439 = ORIENTED_EDGE('',*,*,#10440,.T.);
#10440 = EDGE_CURVE('',#9420,#5190,#10441,.T.);
#10441 = LINE('',#10442,#10443);
#10442 = CARTESIAN_POINT('',(4.883096065364,24.932632007761,0.));
#10443 = VECTOR('',#10444,1.);
#10444 = DIRECTION('',(0.,0.,1.));
#10445 = ORIENTED_EDGE('',*,*,#5197,.F.);
#10446 = ORIENTED_EDGE('',*,*,#10408,.F.);
#10447 = ORIENTED_EDGE('',*,*,#9427,.T.);
#10448 = PLANE('',#10449);
#10449 = AXIS2_PLACEMENT_3D('',#10450,#10451,#10452);
#10450 = CARTESIAN_POINT('',(5.29141242325,24.932632007761,0.));
#10451 = DIRECTION('',(0.,-1.,0.));
#10452 = DIRECTION('',(-1.,0.,0.));
#10453 = ADVANCED_FACE('',(#10454),#10465,.T.);
#10454 = FACE_BOUND('',#10455,.T.);
#10455 = EDGE_LOOP('',(#10456,#10457,#10458,#10464));
#10456 = ORIENTED_EDGE('',*,*,#10423,.F.);
#10457 = ORIENTED_EDGE('',*,*,#9451,.F.);
#10458 = ORIENTED_EDGE('',*,*,#10459,.F.);
#10459 = EDGE_CURVE('',#5212,#9442,#10460,.T.);
#10460 = LINE('',#10461,#10462);
#10461 = CARTESIAN_POINT('',(4.25,-47.1,2.));
#10462 = VECTOR('',#10463,1.);
#10463 = DIRECTION('',(0.,0.,-1.));
#10464 = ORIENTED_EDGE('',*,*,#5221,.T.);
#10465 = CYLINDRICAL_SURFACE('',#10466,3.25);
#10466 = AXIS2_PLACEMENT_3D('',#10467,#10468,#10469);
#10467 = CARTESIAN_POINT('',(6.2,-44.5,0.));
#10468 = DIRECTION('',(0.,0.,-1.));
#10469 = DIRECTION('',(1.,0.,0.));
#10470 = ADVANCED_FACE('',(#10471),#10482,.F.);
#10471 = FACE_BOUND('',#10472,.F.);
#10472 = EDGE_LOOP('',(#10473,#10474,#10475,#10481));
#10473 = ORIENTED_EDGE('',*,*,#10440,.F.);
#10474 = ORIENTED_EDGE('',*,*,#9476,.T.);
#10475 = ORIENTED_EDGE('',*,*,#10476,.T.);
#10476 = EDGE_CURVE('',#9469,#5239,#10477,.T.);
#10477 = LINE('',#10478,#10479);
#10478 = CARTESIAN_POINT('',(5.583033618702,25.218427960288,0.));
#10479 = VECTOR('',#10480,1.);
#10480 = DIRECTION('',(0.,0.,1.));
#10481 = ORIENTED_EDGE('',*,*,#5246,.F.);
#10482 = CYLINDRICAL_SURFACE('',#10483,1.);
#10483 = AXIS2_PLACEMENT_3D('',#10484,#10485,#10486);
#10484 = CARTESIAN_POINT('',(4.883096065364,25.932632007761,0.));
#10485 = DIRECTION('',(0.,0.,1.));
#10486 = DIRECTION('',(0.,-1.,0.));
#10487 = ADVANCED_FACE('',(#10488),#10499,.T.);
#10488 = FACE_BOUND('',#10489,.T.);
#10489 = EDGE_LOOP('',(#10490,#10496,#10497,#10498));
#10490 = ORIENTED_EDGE('',*,*,#10491,.F.);
#10491 = EDGE_CURVE('',#5262,#9492,#10492,.T.);
#10492 = LINE('',#10493,#10494);
#10493 = CARTESIAN_POINT('',(5.45,-47.5,2.));
#10494 = VECTOR('',#10495,1.);
#10495 = DIRECTION('',(0.,0.,-1.));
#10496 = ORIENTED_EDGE('',*,*,#5271,.T.);
#10497 = ORIENTED_EDGE('',*,*,#10459,.T.);
#10498 = ORIENTED_EDGE('',*,*,#9501,.F.);
#10499 = CYLINDRICAL_SURFACE('',#10500,2.);
#10500 = AXIS2_PLACEMENT_3D('',#10501,#10502,#10503);
#10501 = CARTESIAN_POINT('',(5.45,-45.5,2.));
#10502 = DIRECTION('',(0.,0.,-1.));
#10503 = DIRECTION('',(0.,-1.,0.));
#10504 = ADVANCED_FACE('',(#10505),#10516,.F.);
#10505 = FACE_BOUND('',#10506,.F.);
#10506 = EDGE_LOOP('',(#10507,#10513,#10514,#10515));
#10507 = ORIENTED_EDGE('',*,*,#10508,.T.);
#10508 = EDGE_CURVE('',#9519,#5289,#10509,.T.);
#10509 = LINE('',#10510,#10511);
#10510 = CARTESIAN_POINT('',(6.471797268637,26.089438222456,0.));
#10511 = VECTOR('',#10512,1.);
#10512 = DIRECTION('',(0.,0.,1.));
#10513 = ORIENTED_EDGE('',*,*,#5296,.F.);
#10514 = ORIENTED_EDGE('',*,*,#10476,.F.);
#10515 = ORIENTED_EDGE('',*,*,#9526,.T.);
#10516 = PLANE('',#10517);
#10517 = AXIS2_PLACEMENT_3D('',#10518,#10519,#10520);
#10518 = CARTESIAN_POINT('',(6.94150840218,26.549766699662,0.));
#10519 = DIRECTION('',(0.699937553338,-0.714204047473,0.));
#10520 = DIRECTION('',(-0.714204047473,-0.699937553338,0.));
#10521 = ADVANCED_FACE('',(#10522),#10528,.F.);
#10522 = FACE_BOUND('',#10523,.F.);
#10523 = EDGE_LOOP('',(#10524,#10525,#10526,#10527));
#10524 = ORIENTED_EDGE('',*,*,#10491,.F.);
#10525 = ORIENTED_EDGE('',*,*,#5320,.F.);
#10526 = ORIENTED_EDGE('',*,*,#9974,.F.);
#10527 = ORIENTED_EDGE('',*,*,#9550,.T.);
#10528 = PLANE('',#10529);
#10529 = AXIS2_PLACEMENT_3D('',#10530,#10531,#10532);
#10530 = CARTESIAN_POINT('',(-9.,-47.5,0.));
#10531 = DIRECTION('',(0.,1.,0.));
#10532 = DIRECTION('',(1.,0.,0.));
#10533 = ADVANCED_FACE('',(#10534),#10545,.F.);
#10534 = FACE_BOUND('',#10535,.F.);
#10535 = EDGE_LOOP('',(#10536,#10537,#10538,#10544));
#10536 = ORIENTED_EDGE('',*,*,#10508,.F.);
#10537 = ORIENTED_EDGE('',*,*,#9574,.T.);
#10538 = ORIENTED_EDGE('',*,*,#10539,.T.);
#10539 = EDGE_CURVE('',#9567,#5337,#10540,.T.);
#10540 = LINE('',#10541,#10542);
#10541 = CARTESIAN_POINT('',(6.731422135229,27.085138206417,0.));
#10542 = VECTOR('',#10543,1.);
#10543 = DIRECTION('',(0.,0.,1.));
#10544 = ORIENTED_EDGE('',*,*,#5344,.F.);
#10545 = CYLINDRICAL_SURFACE('',#10546,1.);
#10546 = AXIS2_PLACEMENT_3D('',#10547,#10548,#10549);
#10547 = CARTESIAN_POINT('',(5.771859715299,26.803642269929,0.));
#10548 = DIRECTION('',(0.,0.,1.));
#10549 = DIRECTION('',(0.699937553338,-0.714204047473,0.));
#10550 = ADVANCED_FACE('',(#10551),#10564,.T.);
#10551 = FACE_BOUND('',#10552,.T.);
#10552 = EDGE_LOOP('',(#10553,#10554,#10555,#10556,#10562,#10563));
#10553 = ORIENTED_EDGE('',*,*,#10539,.T.);
#10554 = ORIENTED_EDGE('',*,*,#5392,.T.);
#10555 = ORIENTED_EDGE('',*,*,#5429,.T.);
#10556 = ORIENTED_EDGE('',*,*,#10557,.F.);
#10557 = EDGE_CURVE('',#9652,#5422,#10558,.T.);
#10558 = LINE('',#10559,#10560);
#10559 = CARTESIAN_POINT('',(7.9,30.6,0.));
#10560 = VECTOR('',#10561,1.);
#10561 = DIRECTION('',(0.,0.,1.));
#10562 = ORIENTED_EDGE('',*,*,#9659,.F.);
#10563 = ORIENTED_EDGE('',*,*,#9622,.F.);
#10564 = CYLINDRICAL_SURFACE('',#10565,3.25);
#10565 = AXIS2_PLACEMENT_3D('',#10566,#10567,#10568);
#10566 = CARTESIAN_POINT('',(9.85,28.,0.));
#10567 = DIRECTION('',(0.,0.,-1.));
#10568 = DIRECTION('',(1.,0.,0.));
#10569 = ADVANCED_FACE('',(#10570),#10581,.T.);
#10570 = FACE_BOUND('',#10571,.F.);
#10571 = EDGE_LOOP('',(#10572,#10573,#10574,#10580));
#10572 = ORIENTED_EDGE('',*,*,#10557,.F.);
#10573 = ORIENTED_EDGE('',*,*,#9684,.T.);
#10574 = ORIENTED_EDGE('',*,*,#10575,.T.);
#10575 = EDGE_CURVE('',#9677,#5447,#10576,.T.);
#10576 = LINE('',#10577,#10578);
#10577 = CARTESIAN_POINT('',(9.1,31.,0.));
#10578 = VECTOR('',#10579,1.);
#10579 = DIRECTION('',(0.,0.,1.));
#10580 = ORIENTED_EDGE('',*,*,#5454,.F.);
#10581 = CYLINDRICAL_SURFACE('',#10582,2.);
#10582 = AXIS2_PLACEMENT_3D('',#10583,#10584,#10585);
#10583 = CARTESIAN_POINT('',(9.1,29.,0.));
#10584 = DIRECTION('',(0.,0.,1.));
#10585 = DIRECTION('',(-0.6,0.8,0.));
#10586 = ADVANCED_FACE('',(#10587),#10598,.F.);
#10587 = FACE_BOUND('',#10588,.F.);
#10588 = EDGE_LOOP('',(#10589,#10590,#10591,#10597));
#10589 = ORIENTED_EDGE('',*,*,#10575,.F.);
#10590 = ORIENTED_EDGE('',*,*,#9709,.T.);
#10591 = ORIENTED_EDGE('',*,*,#10592,.T.);
#10592 = EDGE_CURVE('',#9702,#5472,#10593,.T.);
#10593 = LINE('',#10594,#10595);
#10594 = CARTESIAN_POINT('',(11.,31.,0.));
#10595 = VECTOR('',#10596,1.);
#10596 = DIRECTION('',(0.,0.,1.));
#10597 = ORIENTED_EDGE('',*,*,#5479,.F.);
#10598 = PLANE('',#10599);
#10599 = AXIS2_PLACEMENT_3D('',#10600,#10601,#10602);
#10600 = CARTESIAN_POINT('',(13.,31.,0.));
#10601 = DIRECTION('',(0.,-1.,0.));
#10602 = DIRECTION('',(-1.,0.,0.));
#10603 = ADVANCED_FACE('',(#10604),#10615,.T.);
#10604 = FACE_BOUND('',#10605,.F.);
#10605 = EDGE_LOOP('',(#10606,#10607,#10608,#10614));
#10606 = ORIENTED_EDGE('',*,*,#10592,.F.);
#10607 = ORIENTED_EDGE('',*,*,#9733,.T.);
#10608 = ORIENTED_EDGE('',*,*,#10609,.T.);
#10609 = EDGE_CURVE('',#9726,#5496,#10610,.T.);
#10610 = LINE('',#10611,#10612);
#10611 = CARTESIAN_POINT('',(13.,29.,0.));
#10612 = VECTOR('',#10613,1.);
#10613 = DIRECTION('',(0.,0.,1.));
#10614 = ORIENTED_EDGE('',*,*,#5503,.F.);
#10615 = CYLINDRICAL_SURFACE('',#10616,2.);
#10616 = AXIS2_PLACEMENT_3D('',#10617,#10618,#10619);
#10617 = CARTESIAN_POINT('',(11.,29.,0.));
#10618 = DIRECTION('',(0.,0.,1.));
#10619 = DIRECTION('',(0.,1.,0.));
#10620 = ADVANCED_FACE('',(#10621),#10632,.T.);
#10621 = FACE_BOUND('',#10622,.T.);
#10622 = EDGE_LOOP('',(#10623,#10629,#10630,#10631));
#10623 = ORIENTED_EDGE('',*,*,#10624,.T.);
#10624 = EDGE_CURVE('',#5521,#9751,#10625,.T.);
#10625 = LINE('',#10626,#10627);
#10626 = CARTESIAN_POINT('',(13.,6.06173769149,2.));
#10627 = VECTOR('',#10628,1.);
#10628 = DIRECTION('',(-0.,-0.,-1.));
#10629 = ORIENTED_EDGE('',*,*,#9758,.F.);
#10630 = ORIENTED_EDGE('',*,*,#10609,.T.);
#10631 = ORIENTED_EDGE('',*,*,#5528,.T.);
#10632 = PLANE('',#10633);
#10633 = AXIS2_PLACEMENT_3D('',#10634,#10635,#10636);
#10634 = CARTESIAN_POINT('',(13.,5.,1.));
#10635 = DIRECTION('',(1.,0.,0.));
#10636 = DIRECTION('',(0.,0.,1.));
#10637 = ADVANCED_FACE('',(#10638),#10649,.F.);
#10638 = FACE_BOUND('',#10639,.T.);
#10639 = EDGE_LOOP('',(#10640,#10641,#10642,#10648));
#10640 = ORIENTED_EDGE('',*,*,#10624,.F.);
#10641 = ORIENTED_EDGE('',*,*,#5552,.T.);
#10642 = ORIENTED_EDGE('',*,*,#10643,.T.);
#10643 = EDGE_CURVE('',#5545,#9775,#10644,.T.);
#10644 = LINE('',#10645,#10646);
#10645 = CARTESIAN_POINT('',(13.636363636364,5.130196712766,2.));
#10646 = VECTOR('',#10647,1.);
#10647 = DIRECTION('',(-0.,-0.,-1.));
#10648 = ORIENTED_EDGE('',*,*,#9782,.F.);
#10649 = CYLINDRICAL_SURFACE('',#10650,1.);
#10650 = AXIS2_PLACEMENT_3D('',#10651,#10652,#10653);
#10651 = CARTESIAN_POINT('',(14.,6.06173769149,2.));
#10652 = DIRECTION('',(-0.,-0.,-1.));
#10653 = DIRECTION('',(-1.,0.,0.));
#10654 = ADVANCED_FACE('',(#10655),#10668,.T.);
#10655 = FACE_BOUND('',#10656,.F.);
#10656 = EDGE_LOOP('',(#10657,#10663,#10664,#10665,#10666,#10667));
#10657 = ORIENTED_EDGE('',*,*,#10658,.F.);
#10658 = EDGE_CURVE('',#5636,#9866,#10659,.T.);
#10659 = LINE('',#10660,#10661);
#10660 = CARTESIAN_POINT('',(13.636363636364,1.869803287234,2.));
#10661 = VECTOR('',#10662,1.);
#10662 = DIRECTION('',(-0.,-0.,-1.));
#10663 = ORIENTED_EDGE('',*,*,#5643,.F.);
#10664 = ORIENTED_EDGE('',*,*,#5594,.F.);
#10665 = ORIENTED_EDGE('',*,*,#10643,.T.);
#10666 = ORIENTED_EDGE('',*,*,#9824,.T.);
#10667 = ORIENTED_EDGE('',*,*,#9873,.T.);
#10668 = CYLINDRICAL_SURFACE('',#10669,1.75);
#10669 = AXIS2_PLACEMENT_3D('',#10670,#10671,#10672);
#10670 = CARTESIAN_POINT('',(13.,3.5,0.));
#10671 = DIRECTION('',(-0.,-0.,-1.));
#10672 = DIRECTION('',(1.,0.,0.));
#10673 = ADVANCED_FACE('',(#10674),#10680,.F.);
#10674 = FACE_BOUND('',#10675,.F.);
#10675 = EDGE_LOOP('',(#10676,#10677,#10678,#10679));
#10676 = ORIENTED_EDGE('',*,*,#9991,.F.);
#10677 = ORIENTED_EDGE('',*,*,#5661,.F.);
#10678 = ORIENTED_EDGE('',*,*,#10658,.T.);
#10679 = ORIENTED_EDGE('',*,*,#9891,.T.);
#10680 = CYLINDRICAL_SURFACE('',#10681,1.);
#10681 = AXIS2_PLACEMENT_3D('',#10682,#10683,#10684);
#10682 = CARTESIAN_POINT('',(14.,0.93826230851,2.));
#10683 = DIRECTION('',(-0.,-0.,-1.));
#10684 = DIRECTION('',(-1.,0.,0.));
#10685 = ( GEOMETRIC_REPRESENTATION_CONTEXT(3) 
GLOBAL_UNCERTAINTY_ASSIGNED_CONTEXT((#10689)) 
GLOBAL_UNIT_ASSIGNED_CONTEXT((#10686,#10687,#10688)) 
REPRESENTATION_CONTEXT('Context #1',
  '3D Context with UNIT and UNCERTAINTY') );
#10686 = ( LENGTH_UNIT() NAMED_UNIT(*) SI_UNIT(.MILLI.,.METRE.) );
#10687 = ( NAMED_UNIT(*) PLANE_ANGLE_UNIT() SI_UNIT($,.RADIAN.) );
#10688 = ( NAMED_UNIT(*) SI_UNIT($,.STERADIAN.) SOLID_ANGLE_UNIT() );
#10689 = UNCERTAINTY_MEASURE_WITH_UNIT(LENGTH_MEASURE(1.E-05),#10686,
  'distance_accuracy_value','confusion accuracy');
#10690 = PRODUCT_RELATED_PRODUCT_CATEGORY('part',$,(#7));
#10691 = MECHANICAL_DESIGN_GEOMETRIC_PRESENTATION_REPRESENTATION('',(
    #10692),#10685);
#10692 = STYLED_ITEM('color',(#10693),#15);
#10693 = PRESENTATION_STYLE_ASSIGNMENT((#10694,#10702));
#10694 = SURFACE_STYLE_USAGE(.BOTH.,#10695);
#10695 = SURFACE_SIDE_STYLE('',(#10696,#10700));
#10696 = SURFACE_STYLE_FILL_AREA(#10697);
#10697 = FILL_AREA_STYLE('',(#10698));
#10698 = FILL_AREA_STYLE_COLOUR('',#10699);
#10699 = COLOUR_RGB('',0.447058818107,0.474509808674,0.501960817233);
#10700 = SURFACE_STYLE_RENDERING_WITH_PROPERTIES(.NORMAL_SHADING.,#10699
  ,(#10701));
#10701 = SURFACE_STYLE_TRANSPARENT(0.699999988079);
#10702 = CURVE_STYLE('',#10703,POSITIVE_LENGTH_MEASURE(0.1),#10704);
#10703 = DRAUGHTING_PRE_DEFINED_CURVE_FONT('continuous');
#10704 = COLOUR_RGB('',9.803921802644E-02,9.803921802644E-02,
  9.803921802644E-02);
ENDSEC;
END-ISO-10303-21;
